world,scenario,model,origin_day,future_scenario,input_sha256,cohort_id,source_id,birth_day,origin_age,target_role,target_age,n_leads,acquisition_cost,mean,mean_mcse,q025,q10,median,q90,q975,p_positive180,p_payback425,p_no_payback425,draws,true_margin,coverage95,coverage80,crps_per_lead,mae_per_lead,brier,decision_loss_per_lead
demo-fixed_price-884000,fixed_price,static_hierarchy,35,hold_current,b8b180477309e6a8ea557a04fcd75631cd80b839d0d51f27f9b180400754f4c4,established_a-b000,established_a,0,35,first,180,100,18.0,8.134850432346237,0.31789568162676723,0.40438417046869013,2.4822417140458146,7.8043367877455285,14.748608054014348,19.480841374879304,0.9765625,0.98046875,0.01953125,256,4.86853277136029,1.0,1.0,0.01767959323260083,0.03266317660985947,0.00054931640625,
demo-fixed_price-884000,fixed_price,static_hierarchy,35,hold_current,b8b180477309e6a8ea557a04fcd75631cd80b839d0d51f27f9b180400754f4c4,established_a-b028,established_a,28,7,newest,180,100,18.0,5.616544296906486,0.6101808228277099,-8.531279187433592,-4.014892728040152,4.052133996463512,16.864787886814746,25.20617530669995,0.70703125,0.75390625,0.24609375,256,6.6019706443972614,1.0,1.0,0.02214785730254337,0.009854263474907752,0.0858306884765625,
demo-fixed_price-884000,fixed_price,static_hierarchy,35,hold_current,b8b180477309e6a8ea557a04fcd75631cd80b839d0d51f27f9b180400754f4c4,established_a-b042,established_a,42,-7,next_purchase,180,100,18.0,8.11495453915197,0.8015998850140215,-9.429604085606606,-4.142973731812915,5.700115623590767,22.036489707847156,40.655212290019755,0.73046875,0.77734375,0.22265625,256,12.816799049790479,1.0,1.0,0.04169136718606806,0.04701844510638509,0.0726470947265625,0.0
demo-fixed_price-884000,fixed_price,static_hierarchy,35,hold_current,b8b180477309e6a8ea557a04fcd75631cd80b839d0d51f27f9b180400754f4c4,established_b-b000,established_b,0,35,first,180,100,24.0,45.79691413111165,0.5687501103792268,31.817556552240497,35.52840079335497,44.81239810704641,58.22485475262022,65.8514110628346,1.0,1.0,0.0,256,46.06630763156813,1.0,1.0,0.021810645868996996,0.002693935004564807,0.0,
demo-fixed_price-884000,fixed_price,static_hierarchy,35,hold_current,b8b180477309e6a8ea557a04fcd75631cd80b839d0d51f27f9b180400754f4c4,established_b-b028,established_b,28,7,newest,180,100,24.0,36.907791751452535,1.1224964928596324,8.153337212211886,14.487631964625198,35.68149728724434,58.7584983379455,77.73860216233392,0.99609375,0.99609375,0.00390625,256,34.819909910645514,1.0,1.0,0.03976828661613334,0.020878818408070217,1.52587890625e-05,
demo-fixed_price-884000,fixed_price,static_hierarchy,35,hold_current,b8b180477309e6a8ea557a04fcd75631cd80b839d0d51f27f9b180400754f4c4,established_b-b042,established_b,42,-7,next_purchase,180,100,24.0,40.87291268534071,1.4114863760792082,6.518171377222518,17.755905404250775,36.71448735057105,68.21602035355455,104.01740519204566,0.99609375,0.99609375,0.00390625,256,29.84856687096039,1.0,1.0,0.055956283551129964,0.11024345814380318,1.52587890625e-05,0.0
demo-fixed_price-884000,fixed_price,dynamic_hierarchy,35,hold_current,b8b180477309e6a8ea557a04fcd75631cd80b839d0d51f27f9b180400754f4c4,established_a-b000,established_a,0,35,first,180,100,18.0,8.663507302584943,0.38963266558678533,-1.0595639333185884,1.6150509446017054,8.289814797384341,16.305385029802768,22.15843634019999,0.95703125,0.9765625,0.0234375,256,4.86853277136029,1.0,1.0,0.02043960091552467,0.03794974531224653,0.0018463134765625,
demo-fixed_price-884000,fixed_price,dynamic_hierarchy,35,hold_current,b8b180477309e6a8ea557a04fcd75631cd80b839d0d51f27f9b180400754f4c4,established_a-b028,established_a,28,7,newest,180,100,18.0,6.675705606420076,0.6378207719264004,-8.102018397994158,-5.172167285366929,5.2556397262715215,20.077324771939608,32.43624395985586,0.7421875,0.79296875,0.20703125,256,6.6019706443972614,1.0,1.0,0.02202325190781771,0.0007373496202281427,0.06646728515625,
demo-fixed_price-884000,fixed_price,dynamic_hierarchy,35,hold_current,b8b180477309e6a8ea557a04fcd75631cd80b839d0d51f27f9b180400754f4c4,established_a-b042,established_a,42,-7,next_purchase,180,100,18.0,9.322944040025654,0.8411236842296819,-8.423411382317736,-5.0704890592661815,7.796241523647648,26.322635381798815,43.46583565995356,0.7421875,0.77734375,0.22265625,256,12.816799049790479,1.0,1.0,0.03811764362064336,0.034938550097648256,0.06646728515625,0.0
demo-fixed_price-884000,fixed_price,dynamic_hierarchy,35,hold_current,b8b180477309e6a8ea557a04fcd75631cd80b839d0d51f27f9b180400754f4c4,established_b-b000,established_b,0,35,first,180,100,24.0,46.00745595663034,0.7786342337948295,25.239320074403807,32.31578887973937,44.582125836201115,62.58117354737719,76.32120590748448,1.0,1.0,0.0,256,46.06630763156813,1.0,1.0,0.02822064234438171,0.0005885167493779165,0.0,
demo-fixed_price-884000,fixed_price,dynamic_hierarchy,35,hold_current,b8b180477309e6a8ea557a04fcd75631cd80b839d0d51f27f9b180400754f4c4,established_b-b028,established_b,28,7,newest,180,100,24.0,36.756340872182,1.3689209647321132,2.4383710864703576,15.41145413108882,32.64237370699942,64.53495740320771,87.1585959265413,0.98046875,0.984375,0.015625,256,34.819909910645514,1.0,1.0,0.04611822607944127,0.019364309615364873,0.0003814697265625,
demo-fixed_price-884000,fixed_price,dynamic_hierarchy,35,hold_current,b8b180477309e6a8ea557a04fcd75631cd80b839d0d51f27f9b180400754f4c4,established_b-b042,established_b,42,-7,next_purchase,180,100,24.0,40.904979000603255,1.7866427987160063,0.6597933623444852,10.009009542812883,35.95738900794542,77.82359206472803,104.23847006296474,0.98046875,0.98046875,0.01953125,256,29.84856687096039,1.0,1.0,0.069530810196342,0.11056412129642865,0.0003814697265625,0.0
demo-fixed_price-884000,fixed_price,static_hierarchy,63,hold_current,cd55a104657fcd5a882686de44b21fe0be54bf2e8ccf7888cfa5d43da79c7815,established_a-b000,established_a,0,63,first,180,100,18.0,6.690323515729107,0.20421093144828129,1.7401549679644388,2.894879996427905,6.158611575908054,11.075382201289777,14.301364011083695,1.0,1.0,0.0,256,4.86853277136029,1.0,1.0,0.009730937594974383,0.018217907443688165,0.0,
demo-fixed_price-884000,fixed_price,static_hierarchy,63,hold_current,cd55a104657fcd5a882686de44b21fe0be54bf2e8ccf7888cfa5d43da79c7815,established_a-b056,established_a,56,7,newest,180,100,18.0,2.4403557702295107,0.39960400354765696,-7.95488902182485,-4.788991152282651,1.3652307084160373,10.508918128016175,17.213488980904827,0.60546875,0.6953125,0.3046875,256,-4.780314886444415,1.0,1.0,0.04140205731591961,0.07220670656673926,0.3665924072265625,
demo-fixed_price-884000,fixed_price,static_hierarchy,63,hold_current,cd55a104657fcd5a882686de44b21fe0be54bf2e8ccf7888cfa5d43da79c7815,established_a-b070,established_a,70,-7,next_purchase,180,100,18.0,5.9839035034800405,0.43486678117042127,-3.9670744704801457,-1.8013709460239955,4.889429832325366,14.696260725894362,22.75925417568979,0.8125,0.86328125,0.13671875,256,-3.2196297831436467,1.0,0.0,0.055790115448495034,0.09203533286623687,0.66015625,0.03219629783143647
demo-fixed_price-884000,fixed_price,static_hierarchy,63,hold_current,cd55a104657fcd5a882686de44b21fe0be54bf2e8ccf7888cfa5d43da79c7815,established_b-b000,established_b,0,63,first,180,100,24.0,44.80024442648415,0.35292662160990673,34.36947059909554,38.03340494649746,44.15001753384843,52.1830250519065,56.98677454296924,1.0,1.0,0.0,256,46.06630763156813,1.0,1.0,0.0154698419683608,0.012660632050839808,0.0,
demo-fixed_price-884000,fixed_price,static_hierarchy,63,hold_current,cd55a104657fcd5a882686de44b21fe0be54bf2e8ccf7888cfa5d43da79c7815,established_b-b056,established_b,56,7,newest,180,100,24.0,35.714842301620806,0.7775119527249412,14.662009661866296,20.34647767646006,35.082284518592246,52.127650835582116,62.694321363493856,1.0,1.0,0.0,256,47.17759288661939,1.0,1.0,0.07320007898519991,0.11462750584998581,0.0,
demo-fixed_price-884000,fixed_price,static_hierarchy,63,hold_current,cd55a104657fcd5a882686de44b21fe0be54bf2e8ccf7888cfa5d43da79c7815,established_b-b070,established_b,70,-7,next_purchase,180,100,24.0,39.627377205410056,0.8234246767416771,17.692322091090496,23.846451654081168,37.38468026812265,56.19590911071916,70.0625232167977,1.0,1.0,0.0,256,34.91216431074442,1.0,1.0,0.03177130874399758,0.04715212894665633,0.0,0.0
demo-fixed_price-884000,fixed_price,dynamic_hierarchy,63,hold_current,cd55a104657fcd5a882686de44b21fe0be54bf2e8ccf7888cfa5d43da79c7815,established_a-b000,established_a,0,63,first,180,100,18.0,6.358938932967143,0.22484500337872654,0.8087394158582195,1.9714664300005396,6.185453964308092,10.364220506108607,15.082220803944896,0.98828125,1.0,0.0,256,4.86853277136029,1.0,1.0,0.009766294447792716,0.014904061616068524,0.0001373291015625,
demo-fixed_price-884000,fixed_price,dynamic_hierarchy,63,hold_current,cd55a104657fcd5a882686de44b21fe0be54bf2e8ccf7888cfa5d43da79c7815,established_a-b056,established_a,56,7,newest,180,100,18.0,2.0275707270151555,0.38905473355916814,-8.642767240423465,-6.209797728266568,1.6111444942605164,10.144928501061377,15.333116051778179,0.62890625,0.68359375,0.31640625,256,-4.780314886444415,1.0,1.0,0.04057125375135862,0.0680788561345957,0.3955230712890625,
demo-fixed_price-884000,fixed_price,dynamic_hierarchy,63,hold_current,cd55a104657fcd5a882686de44b21fe0be54bf2e8ccf7888cfa5d43da79c7815,established_a-b070,established_a,70,-7,next_purchase,180,100,18.0,6.0083179906019035,0.48564181870809164,-7.551676246559138,-3.45956316915586,5.770324779383904,15.799170687362267,22.80875141373462,0.7890625,0.80859375,0.19140625,256,-3.2196297831436467,1.0,1.0,0.05517858372675767,0.0922794777374555,0.62261962890625,0.03219629783143647
demo-fixed_price-884000,fixed_price,dynamic_hierarchy,63,hold_current,cd55a104657fcd5a882686de44b21fe0be54bf2e8ccf7888cfa5d43da79c7815,established_b-b000,established_b,0,63,first,180,100,24.0,44.4019965268772,0.4117219183867652,32.59260177635891,36.91927977525245,44.16179806158565,53.022507074297884,59.309116547376824,1.0,1.0,0.0,256,46.06630763156813,1.0,1.0,0.017321532389581566,0.016643111046909312,0.0,
demo-fixed_price-884000,fixed_price,dynamic_hierarchy,63,hold_current,cd55a104657fcd5a882686de44b21fe0be54bf2e8ccf7888cfa5d43da79c7815,established_b-b056,established_b,56,7,newest,180,100,24.0,33.54968497449337,0.8239474945938434,10.229140881668275,17.488614057404515,33.165407776658554,49.91883820419078,59.70385075999515,1.0,1.0,0.0,256,47.17759288661939,1.0,1.0,0.08694661105585474,0.1362790791212602,0.0,
demo-fixed_price-884000,fixed_price,dynamic_hierarchy,63,hold_current,cd55a104657fcd5a882686de44b21fe0be54bf2e8ccf7888cfa5d43da79c7815,established_b-b070,established_b,70,-7,next_purchase,180,100,24.0,38.01663099045822,1.0193302139749554,10.100886611723288,20.43691139365744,36.10969832345583,59.395669525010476,79.04758032401423,1.0,1.0,0.0,256,34.91216431074442,1.0,1.0,0.036019401190092865,0.03104466679713795,0.0,0.0
demo-fixed_price-884000,fixed_price,static_hierarchy,91,hold_current,63c464275bb077483bf1a5f79548c642a5f3ccf04db1b92f65c76a2d190fb131,established_a-b000,established_a,0,91,first,180,100,18.0,6.339004542677523,0.14642800708620676,2.3288973938350055,3.619628640518359,6.14793741033397,9.564510931759816,11.56442349149762,1.0,1.0,0.0,256,4.86853277136029,1.0,1.0,0.008059422421414551,0.014704717713172322,0.0,
demo-fixed_price-884000,fixed_price,static_hierarchy,91,hold_current,63c464275bb077483bf1a5f79548c642a5f3ccf04db1b92f65c76a2d190fb131,established_a-b084,established_a,84,7,newest,180,100,18.0,2.731596741461092,0.33682181952947443,-6.269071160896817,-3.95458133167777,2.367381001554609,10.294841340644489,14.89708094850134,0.6796875,0.7578125,0.2421875,256,-5.790364930614635,1.0,0.0,0.05580690429811641,0.08521961672075727,0.46197509765625,
demo-fixed_price-884000,fixed_price,static_hierarchy,91,hold_current,63c464275bb077483bf1a5f79548c642a5f3ccf04db1b92f65c76a2d190fb131,established_a-b098,established_a,98,-7,next_purchase,180,100,18.0,7.983879083760566,0.4260982502701581,-2.406101947989205,-0.06809280027757403,7.205180785881636,16.80936913097278,22.045736368572054,0.89453125,0.94140625,0.05859375,256,9.08824608571323,1.0,1.0,0.018260195935012217,0.011043670019526637,0.0111236572265625,0.0
demo-fixed_price-884000,fixed_price,static_hierarchy,91,hold_current,63c464275bb077483bf1a5f79548c642a5f3ccf04db1b92f65c76a2d190fb131,established_b-b000,established_b,0,91,first,180,100,24.0,48.01753533030417,0.2676897488191589,41.29119724781731,43.11702095634035,47.716087066742055,53.60570792962943,57.0749670485512,1.0,1.0,0.0,256,46.06630763156813,1.0,1.0,0.012542528536197901,0.019512276987360407,0.0,
demo-fixed_price-884000,fixed_price,static_hierarchy,91,hold_current,63c464275bb077483bf1a5f79548c642a5f3ccf04db1b92f65c76a2d190fb131,established_b-b084,established_b,84,7,newest,180,100,24.0,35.85860888811116,0.739317270491264,15.548471238954992,21.755113815363686,33.885289454922756,51.40092229922475,61.16953429022577,1.0,1.0,0.0,256,62.72927797728313,0.0,0.0,0.20537619273602684,0.26870669089171967,0.0,
demo-fixed_price-884000,fixed_price,static_hierarchy,91,hold_current,63c464275bb077483bf1a5f79548c642a5f3ccf04db1b92f65c76a2d190fb131,established_b-b098,established_b,98,-7,next_purchase,180,100,24.0,41.510507866916385,0.7803766198281453,18.992859183180517,24.840122825020853,40.32068879309958,58.054587888346504,64.87042941933232,1.0,1.0,0.0,256,41.48668964377424,1.0,1.0,0.03087793354708281,0.00023818223142143324,0.0,0.0
demo-fixed_price-884000,fixed_price,dynamic_hierarchy,91,hold_current,63c464275bb077483bf1a5f79548c642a5f3ccf04db1b92f65c76a2d190fb131,established_a-b000,established_a,0,91,first,180,100,18.0,6.782147092319054,0.17967434100811058,2.254308514779834,3.5645700881090914,6.458388080986168,10.177795878398225,13.436552645705396,1.0,1.0,0.0,256,4.86853277136029,1.0,1.0,0.0102687433390681,0.019136143209587633,0.0,
demo-fixed_price-884000,fixed_price,dynamic_hierarchy,91,hold_current,63c464275bb077483bf1a5f79548c642a5f3ccf04db1b92f65c76a2d190fb131,established_a-b084,established_a,84,7,newest,180,100,18.0,4.353380374265618,0.40705153218451645,-6.185802034681495,-3.6006773819286835,3.6568902423334553,13.08475182533942,17.341868779793366,0.75390625,0.80078125,0.19921875,256,-5.790364930614635,1.0,0.0,0.06685991662351212,0.10143745304880253,0.5683746337890625,
demo-fixed_price-884000,fixed_price,dynamic_hierarchy,91,hold_current,63c464275bb077483bf1a5f79548c642a5f3ccf04db1b92f65c76a2d190fb131,established_a-b098,established_a,98,-7,next_purchase,180,100,18.0,9.298246913397564,0.5611034787203204,-3.7094602375952688,-0.5072586252650808,8.067729151035946,20.152259477671826,30.283882239722637,0.87890625,0.9140625,0.0859375,256,9.08824608571323,1.0,1.0,0.017552968021599353,0.002100008276843344,0.0146636962890625,0.0
demo-fixed_price-884000,fixed_price,dynamic_hierarchy,91,hold_current,63c464275bb077483bf1a5f79548c642a5f3ccf04db1b92f65c76a2d190fb131,established_b-b000,established_b,0,91,first,180,100,24.0,48.271239999822185,0.3038585570272472,39.89123015877842,42.37125126308912,47.811460603925575,55.28407646074393,57.788402624209304,1.0,1.0,0.0,256,46.06630763156813,1.0,1.0,0.014099005820313888,0.02204932368254056,0.0,
demo-fixed_price-884000,fixed_price,dynamic_hierarchy,91,hold_current,63c464275bb077483bf1a5f79548c642a5f3ccf04db1b92f65c76a2d190fb131,established_b-b084,established_b,84,7,newest,180,100,24.0,37.799278007257726,0.8287607755432189,14.866159127797667,18.977413045130106,37.9524667587931,54.45640838800137,65.04705376655058,0.99609375,0.99609375,0.00390625,256,62.72927797728313,1.0,0.0,0.17702012175653833,0.24929999970025407,1.52587890625e-05,
demo-fixed_price-884000,fixed_price,dynamic_hierarchy,91,hold_current,63c464275bb077483bf1a5f79548c642a5f3ccf04db1b92f65c76a2d190fb131,established_b-b098,established_b,98,-7,next_purchase,180,100,24.0,41.519466656500114,1.0565738117792867,15.28465342957096,21.5490922475312,39.34727889423799,63.041270468240995,80.76653232246403,1.0,1.0,0.0,256,41.48668964377424,1.0,1.0,0.039343016535484415,0.0003277701272587308,0.0,0.0
demo-fixed_price-884000,fixed_price,static_hierarchy,119,hold_current,921f05608aef3e5b51196624365c3750b6f9d119ac78eba6844b6f7bea9a1c84,established_a-b000,established_a,0,119,first,180,100,18.0,6.800905299239737,0.11906980433970038,4.057844568548363,4.611405257996948,6.4841511196635295,9.276099289108943,11.322523368702369,1.0,1.0,0.0,256,4.86853277136029,1.0,1.0,0.01037201097246965,0.019323725278794467,0.0,
demo-fixed_price-884000,fixed_price,static_hierarchy,119,hold_current,921f05608aef3e5b51196624365c3750b6f9d119ac78eba6844b6f7bea9a1c84,established_a-b112,established_a,112,7,newest,180,100,18.0,5.965939898973635,0.39118292217190914,-4.728227396965404,-0.6746061187601011,5.149485965711181,14.981962334180487,20.72621131365377,0.8671875,0.90234375,0.09765625,256,7.540895956814886,1.0,1.0,0.01733230002777598,0.01574956057841251,0.01763916015625,
demo-fixed_price-884000,fixed_price,static_hierarchy,119,hold_current,921f05608aef3e5b51196624365c3750b6f9d119ac78eba6844b6f7bea9a1c84,established_a-b126,established_a,126,-7,next_purchase,180,100,18.0,7.6532276149205325,0.43359548378647234,-4.346822793509464,-0.5535609588676689,7.691541197846943,16.375969166463314,21.84268988169546,0.87890625,0.90625,0.09375,256,-1.1984988005456783,1.0,0.0,0.05403682648544747,0.0885172641546621,0.7724761962890625,0.011984988005456783
demo-fixed_price-884000,fixed_price,static_hierarchy,119,hold_current,921f05608aef3e5b51196624365c3750b6f9d119ac78eba6844b6f7bea9a1c84,established_b-b000,established_b,0,119,first,180,100,24.0,47.42476387075615,0.20567435491535557,41.18961510171714,43.26644994974536,47.33964655675346,51.884836020547034,53.245006827014784,1.0,1.0,0.0,256,46.06630763156813,1.0,1.0,0.010462644618089047,0.013584562391880226,0.0,
demo-fixed_price-884000,fixed_price,static_hierarchy,119,hold_current,921f05608aef3e5b51196624365c3750b6f9d119ac78eba6844b6f7bea9a1c84,established_b-b112,established_b,112,7,newest,180,100,24.0,31.331952122013607,0.7161149624690617,11.114269868040289,17.210970668553745,31.151498889651958,46.6476201544375,53.99695584828115,1.0,1.0,0.0,256,38.81353406240208,1.0,1.0,0.04741471091649206,0.0748158194038847,0.0,
demo-fixed_price-884000,fixed_price,static_hierarchy,119,hold_current,921f05608aef3e5b51196624365c3750b6f9d119ac78eba6844b6f7bea9a1c84,established_b-b126,established_b,126,-7,next_purchase,180,100,24.0,42.16296285706244,0.9539192674650944,17.180147156386724,25.741770917393616,40.21285108802812,60.85376405965407,77.37624761441302,1.0,1.0,0.0,256,16.728264766332806,0.0,0.0,0.1748140878498782,0.25434698090729635,0.0,0.0
demo-fixed_price-884000,fixed_price,dynamic_hierarchy,119,hold_current,921f05608aef3e5b51196624365c3750b6f9d119ac78eba6844b6f7bea9a1c84,established_a-b000,established_a,0,119,first,180,100,18.0,7.107518302788634,0.11326279346958894,3.9751663297474655,4.850053251505473,6.92967469449661,9.498257118681073,10.703714424455862,1.0,1.0,0.0,256,4.86853277136029,1.0,1.0,0.01359124014998089,0.022389855314283436,0.0,
demo-fixed_price-884000,fixed_price,dynamic_hierarchy,119,hold_current,921f05608aef3e5b51196624365c3750b6f9d119ac78eba6844b6f7bea9a1c84,established_a-b112,established_a,112,7,newest,180,100,18.0,6.242937061061231,0.47667481650506377,-6.110727266969772,-2.3209314337188918,5.233320999282327,15.45856336545216,22.72171650253324,0.8046875,0.84375,0.15625,256,7.540895956814886,1.0,1.0,0.019775168654736507,0.012979588957536547,0.03814697265625,
demo-fixed_price-884000,fixed_price,dynamic_hierarchy,119,hold_current,921f05608aef3e5b51196624365c3750b6f9d119ac78eba6844b6f7bea9a1c84,established_a-b126,established_a,126,-7,next_purchase,180,100,18.0,7.96858405540566,0.47391418762987003,-5.179172591135645,-1.9338190677698854,8.147980939555634,17.212248206650866,24.466135830818462,0.8359375,0.87109375,0.12890625,256,-1.1984988005456783,1.0,1.0,0.055172847598183035,0.09167082855951339,0.69879150390625,0.011984988005456783
demo-fixed_price-884000,fixed_price,dynamic_hierarchy,119,hold_current,921f05608aef3e5b51196624365c3750b6f9d119ac78eba6844b6f7bea9a1c84,established_b-b000,established_b,0,119,first,180,100,24.0,47.3288745779818,0.21900140366882842,41.933115434764034,43.381767504713046,46.71528379612478,52.228529114399784,54.76519848019116,1.0,1.0,0.0,256,46.06630763156813,1.0,1.0,0.008333925535518727,0.012625669464136706,0.0,
demo-fixed_price-884000,fixed_price,dynamic_hierarchy,119,hold_current,921f05608aef3e5b51196624365c3750b6f9d119ac78eba6844b6f7bea9a1c84,established_b-b112,established_b,112,7,newest,180,100,24.0,30.60776851617991,0.8412383757908474,9.162193962560028,14.189344202701772,29.44787420424935,47.20737250288813,57.87297539150569,1.0,1.0,0.0,256,38.81353406240208,1.0,1.0,0.05526601401546247,0.08205765546222167,0.0,
demo-fixed_price-884000,fixed_price,dynamic_hierarchy,119,hold_current,921f05608aef3e5b51196624365c3750b6f9d119ac78eba6844b6f7bea9a1c84,established_b-b126,established_b,126,-7,next_purchase,180,100,24.0,42.24721955398702,1.0178380102390252,15.318249809208998,23.00652774186275,40.05782211810718,63.154230735285324,79.92085915289071,1.0,1.0,0.0,256,16.728264766332806,1.0,0.0,0.16805226614100527,0.2551895478765422,0.0,0.0
demo-fixed_price-884000,fixed_price,dynamic_hierarchy,119,fixed_price,921f05608aef3e5b51196624365c3750b6f9d119ac78eba6844b6f7bea9a1c84,established_a-b000,established_a,0,119,first,180,100,18.0,6.883576844550152,0.12169665063892456,3.96237982434578,4.642651268336133,6.5774114140015705,9.635318663030604,10.90413147766992,1.0,1.0,0.0,256,4.86853277136029,1.0,1.0,0.010912964259863345,0.020150440731898617,0.0,
demo-fixed_price-884000,fixed_price,dynamic_hierarchy,119,fixed_price,921f05608aef3e5b51196624365c3750b6f9d119ac78eba6844b6f7bea9a1c84,established_a-b112,established_a,112,7,newest,180,100,18.0,5.832730059088522,0.40457081843868464,-5.207209676808718,-2.160689759547263,5.129669585404907,15.039054792057417,20.175235405674126,0.81640625,0.87109375,0.12890625,256,7.540895956814886,1.0,1.0,0.018248918876053174,0.017081658977263638,0.0337066650390625,
demo-fixed_price-884000,fixed_price,dynamic_hierarchy,119,fixed_price,921f05608aef3e5b51196624365c3750b6f9d119ac78eba6844b6f7bea9a1c84,established_a-b126,established_a,126,-7,next_purchase,180,100,18.0,8.272298919768069,0.48574002515956316,-3.8987075492890266,-0.9140588321058054,7.570864622281164,16.70542762766339,26.16547009651635,0.87109375,0.89453125,0.10546875,256,-1.1984988005456783,1.0,0.0,0.0564673397245924,0.09470797720313748,0.7588043212890625,0.011984988005456783
demo-fixed_price-884000,fixed_price,dynamic_hierarchy,119,fixed_price,921f05608aef3e5b51196624365c3750b6f9d119ac78eba6844b6f7bea9a1c84,established_b-b000,established_b,0,119,first,180,100,24.0,47.58591945649415,0.24197453139347352,41.17679871472144,43.018222414740016,47.22935594203113,52.902750312914186,56.552548280281556,1.0,1.0,0.0,256,46.06630763156813,1.0,1.0,0.01031653537773599,0.015196118249260237,0.0,
demo-fixed_price-884000,fixed_price,dynamic_hierarchy,119,fixed_price,921f05608aef3e5b51196624365c3750b6f9d119ac78eba6844b6f7bea9a1c84,established_b-b112,established_b,112,7,newest,180,100,24.0,30.896094926728978,0.8371666253639586,6.2974932499807945,15.258544365658459,29.56124672393384,47.29035932478733,61.606592575612154,1.0,1.0,0.0,256,38.81353406240208,1.0,1.0,0.05202610888374171,0.07917439135673099,0.0,
demo-fixed_price-884000,fixed_price,dynamic_hierarchy,119,fixed_price,921f05608aef3e5b51196624365c3750b6f9d119ac78eba6844b6f7bea9a1c84,established_b-b126,established_b,126,-7,next_purchase,180,100,24.0,43.53169527780213,1.08152730958651,11.502417607300114,23.455687656016757,41.53599737220185,65.78937526714543,83.78053160236864,1.0,1.0,0.0,256,16.728264766332806,1.0,0.0,0.18066542882415526,0.2680343051146932,0.0,0.0
demo-fixed_price-884000,fixed_price,dynamic_hierarchy,119,continue_recent_trend,921f05608aef3e5b51196624365c3750b6f9d119ac78eba6844b6f7bea9a1c84,established_a-b000,established_a,0,119,first,180,100,18.0,7.059133551471353,0.1253339249134579,3.7420074926725997,4.574774492716028,6.970790556287213,9.553128094733358,11.332228644119294,1.0,1.0,0.0,256,4.86853277136029,1.0,1.0,0.012582229148379533,0.021906007801110627,0.0,
demo-fixed_price-884000,fixed_price,dynamic_hierarchy,119,continue_recent_trend,921f05608aef3e5b51196624365c3750b6f9d119ac78eba6844b6f7bea9a1c84,established_a-b112,established_a,112,7,newest,180,100,18.0,5.51012328836131,0.5558338366171808,-7.120347779407573,-4.336936897305069,4.465942756179569,15.985086330910619,22.88789378320647,0.72265625,0.75390625,0.24609375,256,7.540895956814886,1.0,1.0,0.023231953755947696,0.02030772668453576,0.0769195556640625,
demo-fixed_price-884000,fixed_price,dynamic_hierarchy,119,continue_recent_trend,921f05608aef3e5b51196624365c3750b6f9d119ac78eba6844b6f7bea9a1c84,established_a-b126,established_a,126,-7,next_purchase,180,100,18.0,7.097841900950401,0.6312620912082982,-7.90123826876843,-3.9540768252657292,5.95892931813426,17.61404313539904,26.28476468491686,0.78125,0.8046875,0.1953125,256,-1.1984988005456783,1.0,1.0,0.044845959998294466,0.0829634070149608,0.6103515625,0.011984988005456783
demo-fixed_price-884000,fixed_price,dynamic_hierarchy,119,continue_recent_trend,921f05608aef3e5b51196624365c3750b6f9d119ac78eba6844b6f7bea9a1c84,established_b-b000,established_b,0,119,first,180,100,24.0,47.30211138150479,0.22666464779147996,41.577845621774514,42.67411664925502,47.180755225385816,52.0132199570866,54.93274964115699,1.0,1.0,0.0,256,46.06630763156813,1.0,1.0,0.00979246833216428,0.012358037499366575,0.0,
demo-fixed_price-884000,fixed_price,dynamic_hierarchy,119,continue_recent_trend,921f05608aef3e5b51196624365c3750b6f9d119ac78eba6844b6f7bea9a1c84,established_b-b112,established_b,112,7,newest,180,100,24.0,29.75984614895105,1.073937550093595,3.360168153152238,11.48312849463635,27.214968177203115,50.84068902917778,65.64744743266994,0.99609375,0.99609375,0.00390625,256,38.81353406240208,1.0,1.0,0.06770637807793504,0.09053687913451029,1.52587890625e-05,
demo-fixed_price-884000,fixed_price,dynamic_hierarchy,119,continue_recent_trend,921f05608aef3e5b51196624365c3750b6f9d119ac78eba6844b6f7bea9a1c84,established_b-b126,established_b,126,-7,next_purchase,180,100,24.0,39.94499346238594,1.2768392942319449,8.152804299027565,16.735573539146152,36.88109472680053,60.85591433202597,81.83225743183961,1.0,1.0,0.0,256,16.728264766332806,1.0,0.0,0.1361471497962815,0.23216728696053132,0.0,0.0
demo-cpc_squeeze-884000,cpc_squeeze,static_hierarchy,35,hold_current,b8b180477309e6a8ea557a04fcd75631cd80b839d0d51f27f9b180400754f4c4,established_a-b000,established_a,0,35,first,180,100,18.0,8.134850432346237,0.31789568162676723,0.40438417046869013,2.4822417140458146,7.8043367877455285,14.748608054014348,19.480841374879304,0.9765625,0.98046875,0.01953125,256,1.6134421428794912,1.0,0.0,0.03909007755082529,0.06521408289466746,0.00054931640625,
demo-cpc_squeeze-884000,cpc_squeeze,static_hierarchy,35,hold_current,b8b180477309e6a8ea557a04fcd75631cd80b839d0d51f27f9b180400754f4c4,established_a-b028,established_a,28,7,newest,180,100,18.0,5.616544296906486,0.6101808228277099,-8.531279187433592,-4.014892728040152,4.052133996463512,16.864787886814746,25.20617530669995,0.70703125,0.75390625,0.24609375,256,0.06314042797193178,1.0,1.0,0.027710138299971012,0.05553403868934555,0.0858306884765625,
demo-cpc_squeeze-884000,cpc_squeeze,static_hierarchy,35,hold_current,b8b180477309e6a8ea557a04fcd75631cd80b839d0d51f27f9b180400754f4c4,established_a-b042,established_a,42,-7,next_purchase,180,100,18.0,8.11495453915197,0.8015998850140215,-9.429604085606606,-4.142973731812915,5.700115623590767,22.036489707847156,40.655212290019755,0.73046875,0.77734375,0.22265625,256,3.093525168072812,1.0,1.0,0.02701233541780491,0.05021429371079158,0.0726470947265625,0.0
demo-cpc_squeeze-884000,cpc_squeeze,static_hierarchy,35,hold_current,b8b180477309e6a8ea557a04fcd75631cd80b839d0d51f27f9b180400754f4c4,established_b-b000,established_b,0,35,first,180,100,24.0,45.79691413111165,0.5687501103792268,31.817556552240497,35.52840079335497,44.81239810704641,58.22485475262022,65.8514110628346,1.0,1.0,0.0,256,36.21392675813992,1.0,1.0,0.05300983316059394,0.0958298737297173,0.0,
demo-cpc_squeeze-884000,cpc_squeeze,static_hierarchy,35,hold_current,b8b180477309e6a8ea557a04fcd75631cd80b839d0d51f27f9b180400754f4c4,established_b-b028,established_b,28,7,newest,180,100,24.0,36.907791751452535,1.1224964928596324,8.153337212211886,14.487631964625198,35.68149728724434,58.7584983379455,77.73860216233392,0.99609375,0.99609375,0.00390625,256,20.69287305611698,1.0,1.0,0.08926620682941327,0.16214918695335556,1.52587890625e-05,
demo-cpc_squeeze-884000,cpc_squeeze,static_hierarchy,35,hold_current,b8b180477309e6a8ea557a04fcd75631cd80b839d0d51f27f9b180400754f4c4,established_b-b042,established_b,42,-7,next_purchase,180,100,24.0,40.87291268534071,1.4114863760792082,6.518171377222518,17.755905404250775,36.71448735057105,68.21602035355455,104.01740519204566,0.99609375,0.99609375,0.00390625,256,13.888809206014894,1.0,0.0,0.16028516206307994,0.26984103479325816,1.52587890625e-05,0.0
demo-cpc_squeeze-884000,cpc_squeeze,dynamic_hierarchy,35,hold_current,b8b180477309e6a8ea557a04fcd75631cd80b839d0d51f27f9b180400754f4c4,established_a-b000,established_a,0,35,first,180,100,18.0,8.663507302584943,0.38963266558678533,-1.0595639333185884,1.6150509446017054,8.289814797384341,16.305385029802768,22.15843634019999,0.95703125,0.9765625,0.0234375,256,1.6134421428794912,1.0,0.0,0.04020625341005973,0.07050065159705451,0.0018463134765625,
demo-cpc_squeeze-884000,cpc_squeeze,dynamic_hierarchy,35,hold_current,b8b180477309e6a8ea557a04fcd75631cd80b839d0d51f27f9b180400754f4c4,established_a-b028,established_a,28,7,newest,180,100,18.0,6.675705606420076,0.6378207719264004,-8.102018397994158,-5.172167285366929,5.2556397262715215,20.077324771939608,32.43624395985586,0.7421875,0.79296875,0.20703125,256,0.06314042797193178,1.0,1.0,0.03400477933343375,0.06612565178448145,0.06646728515625,
demo-cpc_squeeze-884000,cpc_squeeze,dynamic_hierarchy,35,hold_current,b8b180477309e6a8ea557a04fcd75631cd80b839d0d51f27f9b180400754f4c4,established_a-b042,established_a,42,-7,next_purchase,180,100,18.0,9.322944040025654,0.8411236842296819,-8.423411382317736,-5.0704890592661815,7.796241523647648,26.322635381798815,43.46583565995356,0.7421875,0.77734375,0.22265625,256,3.093525168072812,1.0,1.0,0.03327047436719734,0.062294188719528416,0.06646728515625,0.0
demo-cpc_squeeze-884000,cpc_squeeze,dynamic_hierarchy,35,hold_current,b8b180477309e6a8ea557a04fcd75631cd80b839d0d51f27f9b180400754f4c4,established_b-b000,established_b,0,35,first,180,100,24.0,46.00745595663034,0.7786342337948295,25.239320074403807,32.31578887973937,44.582125836201115,62.58117354737719,76.32120590748448,1.0,1.0,0.0,256,36.21392675813992,1.0,1.0,0.05100332883111323,0.09793529198490418,0.0,
demo-cpc_squeeze-884000,cpc_squeeze,dynamic_hierarchy,35,hold_current,b8b180477309e6a8ea557a04fcd75631cd80b839d0d51f27f9b180400754f4c4,established_b-b028,established_b,28,7,newest,180,100,24.0,36.756340872182,1.3689209647321132,2.4383710864703576,15.41145413108882,32.64237370699942,64.53495740320771,87.1585959265413,0.98046875,0.984375,0.015625,256,20.69287305611698,1.0,1.0,0.07701904009817667,0.16063467816065022,0.0003814697265625,
demo-cpc_squeeze-884000,cpc_squeeze,dynamic_hierarchy,35,hold_current,b8b180477309e6a8ea557a04fcd75631cd80b839d0d51f27f9b180400754f4c4,established_b-b042,established_b,42,-7,next_purchase,180,100,24.0,40.904979000603255,1.7866427987160063,0.6597933623444852,10.009009542812883,35.95738900794542,77.82359206472803,104.23847006296474,0.98046875,0.98046875,0.01953125,256,13.888809206014894,1.0,1.0,0.13853694497087113,0.2701616979458836,0.0003814697265625,0.0
demo-cpc_squeeze-884000,cpc_squeeze,static_hierarchy,63,hold_current,74ecba7486b6658eee2daa08118f41a5d9bce0f2cd18333f8ca11d9507f1550b,established_a-b000,established_a,0,63,first,180,100,18.0,6.568256955723321,0.2029672511821813,1.6481381120417953,2.7958316104334067,6.03968642149742,10.926535959735405,14.132853795137517,1.0,1.0,0.0,256,1.6134421428794912,0.0,0.0,0.031887617796126366,0.049548148128438295,0.0,
demo-cpc_squeeze-884000,cpc_squeeze,static_hierarchy,63,hold_current,74ecba7486b6658eee2daa08118f41a5d9bce0f2cd18333f8ca11d9507f1550b,established_a-b056,established_a,56,7,newest,180,100,18.0,2.2590451996072707,0.3967135768948064,-8.060657100442302,-4.9177412751180345,1.1918122615515827,10.269125922148445,16.925017353408847,0.57421875,0.68359375,0.31640625,256,-10.732036212022129,0.0,0.0,0.09522790724470374,0.129910814116294,0.3297271728515625,
demo-cpc_squeeze-884000,cpc_squeeze,static_hierarchy,63,hold_current,74ecba7486b6658eee2daa08118f41a5d9bce0f2cd18333f8ca11d9507f1550b,established_a-b070,established_a,70,-7,next_purchase,180,100,18.0,5.776793126212112,0.4317199731900545,-4.101806952686973,-1.9518031335271342,4.69042934110599,14.426072545535655,22.43054054714655,0.80078125,0.85546875,0.14453125,256,-10.926499448721085,0.0,0.0,0.12970403485187285,0.16703292574933198,0.6412506103515625,0.10926499448721085
demo-cpc_squeeze-884000,cpc_squeeze,static_hierarchy,63,hold_current,74ecba7486b6658eee2daa08118f41a5d9bce0f2cd18333f8ca11d9507f1550b,established_b-b000,established_b,0,63,first,180,100,24.0,44.523175923672184,0.3509106116197083,34.1516124882866,37.79467122012494,43.87644598034968,51.86371855410039,56.64008985451899,1.0,1.0,0.0,256,36.21392675813992,1.0,0.0,0.05360003473779489,0.08309249165532265,0.0,
demo-cpc_squeeze-884000,cpc_squeeze,static_hierarchy,63,hold_current,74ecba7486b6658eee2daa08118f41a5d9bce0f2cd18333f8ca11d9507f1550b,established_b-b056,established_b,56,7,newest,180,100,24.0,35.19430709112771,0.7712490190561314,14.312367096002529,19.950933872703377,34.567287921530905,51.47488406048019,61.955952856604405,1.0,1.0,0.0,256,22.297572151574872,1.0,1.0,0.07354552455716033,0.1289673493955284,0.0,
demo-cpc_squeeze-884000,cpc_squeeze,static_hierarchy,63,hold_current,74ecba7486b6658eee2daa08118f41a5d9bce0f2cd18333f8ca11d9507f1550b,established_b-b070,established_b,70,-7,next_purchase,180,100,24.0,39.07490378983533,0.8167174185364401,17.31824989173468,23.422626699318727,36.85117890589251,55.51021623644571,69.2645133080697,1.0,1.0,0.0,256,10.346023700536294,0.0,0.0,0.21572936622775918,0.2872888008929904,0.0,0.0
demo-cpc_squeeze-884000,cpc_squeeze,dynamic_hierarchy,63,hold_current,74ecba7486b6658eee2daa08118f41a5d9bce0f2cd18333f8ca11d9507f1550b,established_a-b000,established_a,0,63,first,180,100,18.0,6.289391601224928,0.23188098221159661,0.5331149519901359,1.9240237054295477,5.847396636508471,11.084414434420488,14.788112638045865,0.9765625,1.0,0.0,256,1.6134421428794912,1.0,0.0,0.02761733469117478,0.04675949458345437,0.00054931640625,
demo-cpc_squeeze-884000,cpc_squeeze,dynamic_hierarchy,63,hold_current,74ecba7486b6658eee2daa08118f41a5d9bce0f2cd18333f8ca11d9507f1550b,established_a-b056,established_a,56,7,newest,180,100,18.0,1.8733460154430122,0.4098066340140105,-9.308011312769809,-5.9232470120882645,1.2499137786838883,9.351035948477088,17.01323683292143,0.609375,0.67578125,0.32421875,256,-10.732036212022129,0.0,0.0,0.09016962214646941,0.1260538222746514,0.371337890625,
demo-cpc_squeeze-884000,cpc_squeeze,dynamic_hierarchy,63,hold_current,74ecba7486b6658eee2daa08118f41a5d9bce0f2cd18333f8ca11d9507f1550b,established_a-b070,established_a,70,-7,next_purchase,180,100,18.0,5.998822958504905,0.5227700227342005,-7.539904802547587,-4.040160961666243,4.834230506342045,16.914210970827106,24.83966034695724,0.76953125,0.80078125,0.19921875,256,-10.926499448721085,0.0,0.0,0.12287594173406244,0.1692532240722599,0.5921783447265625,0.10926499448721085
demo-cpc_squeeze-884000,cpc_squeeze,dynamic_hierarchy,63,hold_current,74ecba7486b6658eee2daa08118f41a5d9bce0f2cd18333f8ca11d9507f1550b,established_b-b000,established_b,0,63,first,180,100,24.0,44.305003938433074,0.43205646954357685,31.7136557893378,36.30158030387072,43.97970626526317,53.029378222147386,58.46011423114134,1.0,1.0,0.0,256,36.21392675813992,1.0,0.0,0.048487363673243654,0.08091077180293155,0.0,
demo-cpc_squeeze-884000,cpc_squeeze,dynamic_hierarchy,63,hold_current,74ecba7486b6658eee2daa08118f41a5d9bce0f2cd18333f8ca11d9507f1550b,established_b-b056,established_b,56,7,newest,180,100,24.0,33.675718049647095,0.8931521463327067,8.181360735455641,17.092018966903296,32.46344178206728,54.243422095818055,65.76821910999425,1.0,1.0,0.0,256,22.297572151574872,1.0,1.0,0.062395249749019575,0.11378145898072223,0.0,
demo-cpc_squeeze-884000,cpc_squeeze,dynamic_hierarchy,63,hold_current,74ecba7486b6658eee2daa08118f41a5d9bce0f2cd18333f8ca11d9507f1550b,established_b-b070,established_b,70,-7,next_purchase,180,100,24.0,37.13595198309776,1.0192578066286984,11.197115117555342,17.177869375124978,35.720426704711315,58.86731304680638,75.65380126221565,1.0,1.0,0.0,256,10.346023700536294,0.0,0.0,0.18035574503221638,0.2678992828256147,0.0,0.0
demo-cpc_squeeze-884000,cpc_squeeze,static_hierarchy,91,hold_current,1448eca5b77c4647a74ec1b94d71022829f50827a73f70376e0bfe95f3ea4e2d,established_a-b000,established_a,0,91,first,180,100,18.0,5.091589532476112,0.135742534243092,1.3740712384193112,2.5705411905603786,4.9143874922951625,8.081458612493282,9.9357506773094,1.0,1.0,0.0,256,1.6134421428794912,1.0,0.0,0.023014595073823543,0.034781473895966204,0.0,
demo-cpc_squeeze-884000,cpc_squeeze,static_hierarchy,91,hold_current,1448eca5b77c4647a74ec1b94d71022829f50827a73f70376e0bfe95f3ea4e2d,established_a-b084,established_a,84,7,newest,180,100,18.0,0.4887793799018576,0.3069134371159392,-7.712767491512288,-5.604216039744552,0.15657416836152827,7.380709345898309,11.574081909252978,0.5078125,0.58203125,0.41796875,256,-12.761578506356315,0.0,0.0,0.10503580513694341,0.1325035788625817,0.25787353515625,
demo-cpc_squeeze-884000,cpc_squeeze,static_hierarchy,91,hold_current,1448eca5b77c4647a74ec1b94d71022829f50827a73f70376e0bfe95f3ea4e2d,established_a-b098,established_a,98,-7,next_purchase,180,100,18.0,5.274647794149224,0.3882624155085941,-4.1932901157642615,-2.0625933009858484,4.565205678026981,13.315245401331234,18.088153101006238,0.79296875,0.859375,0.140625,256,-5.487996673459779,0.0,0.0,0.07341106460182098,0.10762644467609003,0.6287994384765625,0.054879966734597795
demo-cpc_squeeze-884000,cpc_squeeze,static_hierarchy,91,hold_current,1448eca5b77c4647a74ec1b94d71022829f50827a73f70376e0bfe95f3ea4e2d,established_b-b000,established_b,0,91,first,180,100,24.0,44.72002462638238,0.250956146976617,38.41416886648302,40.12588598930471,44.437380326437875,49.9589472220227,53.211303964943426,1.0,1.0,0.0,256,36.21392675813992,0.0,0.0,0.06257172105947177,0.08506097868242463,0.0,
demo-cpc_squeeze-884000,cpc_squeeze,static_hierarchy,91,hold_current,1448eca5b77c4647a74ec1b94d71022829f50827a73f70376e0bfe95f3ea4e2d,established_b-b084,established_b,84,7,newest,180,100,24.0,30.206177894470905,0.6744078507654655,11.67939326150795,17.340983102507376,28.405677253466713,44.38440753577224,53.29572832893545,1.0,1.0,0.0,256,23.42436790966877,1.0,1.0,0.036452560590926913,0.06781809984802134,0.0,
demo-cpc_squeeze-884000,cpc_squeeze,static_hierarchy,91,hold_current,1448eca5b77c4647a74ec1b94d71022829f50827a73f70376e0bfe95f3ea4e2d,established_b-b098,established_b,98,-7,next_purchase,180,100,24.0,35.361889467671396,0.7118656092027186,14.82133895231783,20.154838356274325,34.27626004513054,50.45369781463295,56.67138482167678,1.0,1.0,0.0,256,9.146655134022012,0.0,0.0,0.1979528119806755,0.26215234333649384,0.0,0.0
demo-cpc_squeeze-884000,cpc_squeeze,dynamic_hierarchy,91,hold_current,1448eca5b77c4647a74ec1b94d71022829f50827a73f70376e0bfe95f3ea4e2d,established_a-b000,established_a,0,91,first,180,100,18.0,4.843245197854054,0.15548048937070735,0.8571257705631576,2.1244658130835212,4.446339178197306,7.965070015793735,11.021744993599427,0.99609375,1.0,0.0,256,1.6134421428794912,1.0,0.0,0.0197468329253241,0.03229803054974562,1.52587890625e-05,
demo-cpc_squeeze-884000,cpc_squeeze,dynamic_hierarchy,91,hold_current,1448eca5b77c4647a74ec1b94d71022829f50827a73f70376e0bfe95f3ea4e2d,established_a-b084,established_a,84,7,newest,180,100,18.0,0.06674236382015053,0.40860851328766074,-10.170683717556008,-7.354379266403634,-0.42691911012515327,7.904807366863416,14.495435448320773,0.4765625,0.53125,0.46875,256,-12.761578506356315,0.0,0.0,0.0926349370768373,0.12828320870176466,0.22711181640625,
demo-cpc_squeeze-884000,cpc_squeeze,dynamic_hierarchy,91,hold_current,1448eca5b77c4647a74ec1b94d71022829f50827a73f70376e0bfe95f3ea4e2d,established_a-b098,established_a,98,-7,next_purchase,180,100,18.0,4.616166066735934,0.4948119306562472,-7.392962471906551,-4.05843048100512,3.409937774771933,14.676983029699485,24.485498411842556,0.71484375,0.76171875,0.23828125,256,-5.487996673459779,1.0,0.0,0.06069181701748006,0.10104162740195713,0.5110015869140625,0.054879966734597795
demo-cpc_squeeze-884000,cpc_squeeze,dynamic_hierarchy,91,hold_current,1448eca5b77c4647a74ec1b94d71022829f50827a73f70376e0bfe95f3ea4e2d,established_b-b000,established_b,0,91,first,180,100,24.0,43.369330013345476,0.29787971570832067,36.03244432939082,37.67453647174412,42.6953931524024,49.99318457117417,53.67340159910826,1.0,1.0,0.0,256,36.21392675813992,1.0,0.0,0.04584404096096762,0.07155403255205556,0.0,
demo-cpc_squeeze-884000,cpc_squeeze,dynamic_hierarchy,91,hold_current,1448eca5b77c4647a74ec1b94d71022829f50827a73f70376e0bfe95f3ea4e2d,established_b-b084,established_b,84,7,newest,180,100,24.0,27.25320192521585,0.813993632923093,5.730732511372963,12.1505562332284,25.785975468465498,44.231382383543206,59.87845400454317,1.0,1.0,0.0,256,23.42436790966877,1.0,1.0,0.03175878143141151,0.03828834015547081,0.0,
demo-cpc_squeeze-884000,cpc_squeeze,dynamic_hierarchy,91,hold_current,1448eca5b77c4647a74ec1b94d71022829f50827a73f70376e0bfe95f3ea4e2d,established_b-b098,established_b,98,-7,next_purchase,180,100,24.0,30.800061556955246,1.013632333057863,6.073021942810129,12.663525671952282,29.665995772072975,53.89167440647257,68.256607761642,0.99609375,0.99609375,0.00390625,256,9.146655134022012,1.0,0.0,0.13232809309990987,0.21653406422933233,1.52587890625e-05,0.0
demo-cpc_squeeze-884000,cpc_squeeze,static_hierarchy,119,hold_current,5592aef137a7aa56cf0525f09eac106dddd3b4174631e2e7b0d040a29160846d,established_a-b000,established_a,0,119,first,180,100,18.0,4.123048447241024,0.09785718970408529,1.8252613518441225,2.2565688493657277,3.9700713716063465,6.080515230486581,8.120250421055754,1.0,1.0,0.0,256,1.6134421428794912,0.0,0.0,0.016645046474313394,0.02509606304361532,0.0,
demo-cpc_squeeze-884000,cpc_squeeze,static_hierarchy,119,hold_current,5592aef137a7aa56cf0525f09eac106dddd3b4174631e2e7b0d040a29160846d,established_a-b112,established_a,112,7,newest,180,100,18.0,0.3977822987035948,0.3165610298177937,-8.270926404887812,-5.639075131567159,0.25208477356905945,6.408095112515996,12.110909035900631,0.52734375,0.57421875,0.42578125,256,-6.78156858355358,1.0,0.0,0.04615844588851914,0.07179350882257174,0.2780914306640625,
demo-cpc_squeeze-884000,cpc_squeeze,static_hierarchy,119,hold_current,5592aef137a7aa56cf0525f09eac106dddd3b4174631e2e7b0d040a29160846d,established_a-b126,established_a,126,-7,next_purchase,180,100,18.0,1.8938351437830034,0.3537643555554559,-7.964232663549417,-4.486101771726016,2.1462502654157642,8.882969284002654,14.132364331867633,0.59765625,0.67578125,0.32421875,256,-11.633850497896265,0.0,0.0,0.10381929848340707,0.13527685641679268,0.3571929931640625,0.11633850497896266
demo-cpc_squeeze-884000,cpc_squeeze,static_hierarchy,119,hold_current,5592aef137a7aa56cf0525f09eac106dddd3b4174631e2e7b0d040a29160846d,established_b-b000,established_b,0,119,first,180,100,24.0,41.446752708405505,0.17879611339897936,36.37786831662337,37.87141683623304,41.43294738644916,45.12684720357573,47.12022806036646,1.0,1.0,0.0,256,36.21392675813992,0.0,0.0,0.03633065895588409,0.052328259502655856,0.0,
demo-cpc_squeeze-884000,cpc_squeeze,static_hierarchy,119,hold_current,5592aef137a7aa56cf0525f09eac106dddd3b4174631e2e7b0d040a29160846d,established_b-b112,established_b,112,7,newest,180,100,24.0,19.41843160490913,0.5783320124259544,2.9649184603346685,8.291756723547984,19.312529059825465,31.99474036770048,39.2704377364716,0.98828125,0.9921875,0.0078125,256,6.584413678418947,1.0,0.0,0.08157471210642214,0.12834017926490182,0.0001373291015625,
demo-cpc_squeeze-884000,cpc_squeeze,static_hierarchy,119,hold_current,5592aef137a7aa56cf0525f09eac106dddd3b4174631e2e7b0d040a29160846d,established_b-b126,established_b,126,-7,next_purchase,180,100,24.0,28.3229003780749,0.7705064196063541,8.655608064746136,15.03439880839494,26.088688456724768,41.66006663450298,55.41034869462454,0.9921875,0.9921875,0.0078125,256,-5.414782931621937,0.0,0.0,0.2710172656766704,0.33737683309696836,0.98443603515625,0.054147829316219365
demo-cpc_squeeze-884000,cpc_squeeze,dynamic_hierarchy,119,hold_current,5592aef137a7aa56cf0525f09eac106dddd3b4174631e2e7b0d040a29160846d,established_a-b000,established_a,0,119,first,180,100,18.0,3.3423985325022283,0.07938414303427035,1.3740230603447503,1.8164188798732805,3.1450383778791906,5.026516558527142,6.23014415514306,1.0,1.0,0.0,256,1.6134421428794912,1.0,0.0,0.010676581996886965,0.01728956389622737,0.0,
demo-cpc_squeeze-884000,cpc_squeeze,dynamic_hierarchy,119,hold_current,5592aef137a7aa56cf0525f09eac106dddd3b4174631e2e7b0d040a29160846d,established_a-b112,established_a,112,7,newest,180,100,18.0,-4.049794385512646,0.376115816972005,-13.344273988935617,-11.35052071132948,-5.15481621486155,4.4173780198081545,10.136761861810465,0.22265625,0.2421875,0.7578125,256,-6.78156858355358,1.0,1.0,0.015312123689875855,0.027317741980409337,0.0495758056640625,
demo-cpc_squeeze-884000,cpc_squeeze,dynamic_hierarchy,119,hold_current,5592aef137a7aa56cf0525f09eac106dddd3b4174631e2e7b0d040a29160846d,established_a-b126,established_a,126,-7,next_purchase,180,100,18.0,-2.7566553328972634,0.3872978528626039,-13.687858351068002,-10.503848451842401,-3.0691581267870465,5.002895004062021,12.239474563147384,0.26953125,0.3359375,0.6640625,256,-11.633850497896265,1.0,0.0,0.05689535659123848,0.08877195164999002,0.0726470947265625,0.0
demo-cpc_squeeze-884000,cpc_squeeze,dynamic_hierarchy,119,hold_current,5592aef137a7aa56cf0525f09eac106dddd3b4174631e2e7b0d040a29160846d,established_b-b000,established_b,0,119,first,180,100,24.0,38.28520655960669,0.157507513097318,34.53657409909572,35.42756748173648,37.91400588873756,41.56227669004072,44.84984072007343,1.0,1.0,0.0,256,36.21392675813992,1.0,1.0,0.010775258520261274,0.020712798014667726,0.0,
demo-cpc_squeeze-884000,cpc_squeeze,dynamic_hierarchy,119,hold_current,5592aef137a7aa56cf0525f09eac106dddd3b4174631e2e7b0d040a29160846d,established_b-b112,established_b,112,7,newest,180,100,24.0,8.490820628050043,0.6745464661885591,-7.956335923182548,-2.7153691323300357,6.353649752951913,21.22561891707091,33.83744391881837,0.765625,0.83203125,0.16796875,256,6.584413678418947,1.0,1.0,0.024986061667288978,0.01906406949631096,0.054931640625,
demo-cpc_squeeze-884000,cpc_squeeze,dynamic_hierarchy,119,hold_current,5592aef137a7aa56cf0525f09eac106dddd3b4174631e2e7b0d040a29160846d,established_b-b126,established_b,126,-7,next_purchase,180,100,24.0,17.25953348151202,0.8859948202281166,-5.864499714720083,1.5629802688175864,15.48027378684878,36.51775973770498,49.676749251688676,0.91796875,0.93359375,0.06640625,256,-5.414782931621937,1.0,0.0,0.15053073354877505,0.22674316413133955,0.8426666259765625,0.054147829316219365
demo-cpc_squeeze-884000,cpc_squeeze,dynamic_hierarchy,119,fixed_price,5592aef137a7aa56cf0525f09eac106dddd3b4174631e2e7b0d040a29160846d,established_a-b000,established_a,0,119,first,180,100,18.0,4.579383875152949,0.12098096120802668,1.691959781042931,2.4195519522345457,4.200137261571383,7.111638842134342,8.822721396709586,1.0,1.0,0.0,256,1.6134421428794912,0.0,0.0,0.019023885524475058,0.02965941732273458,0.0,
demo-cpc_squeeze-884000,cpc_squeeze,dynamic_hierarchy,119,fixed_price,5592aef137a7aa56cf0525f09eac106dddd3b4174631e2e7b0d040a29160846d,established_a-b112,established_a,112,7,newest,180,100,18.0,3.552556914578925,0.4071637071234155,-7.653265668127779,-4.801924912251956,3.3168355744703533,11.700429638637694,17.090884124714215,0.703125,0.74609375,0.25390625,256,-6.78156858355358,1.0,0.0,0.06801444013095193,0.10334125498132504,0.494384765625,
demo-cpc_squeeze-884000,cpc_squeeze,dynamic_hierarchy,119,fixed_price,5592aef137a7aa56cf0525f09eac106dddd3b4174631e2e7b0d040a29160846d,established_a-b126,established_a,126,-7,next_purchase,180,100,18.0,7.754741750522417,0.5493407047074398,-5.58284445045571,-1.7362938736274174,6.571973708634424,17.871370208482094,30.041698278553717,0.84375,0.86328125,0.13671875,256,-11.633850497896265,0.0,0.0,0.14663411543143706,0.19388592248418682,0.7119140625,0.11633850497896266
demo-cpc_squeeze-884000,cpc_squeeze,dynamic_hierarchy,119,fixed_price,5592aef137a7aa56cf0525f09eac106dddd3b4174631e2e7b0d040a29160846d,established_b-b000,established_b,0,119,first,180,100,24.0,41.92935410682058,0.22575303724199572,36.02944318223466,37.54646429750334,41.68402506041005,47.06613493718904,49.47784363714604,1.0,1.0,0.0,256,36.21392675813992,1.0,0.0,0.03745888795210186,0.05715427348680663,0.0,
demo-cpc_squeeze-884000,cpc_squeeze,dynamic_hierarchy,119,fixed_price,5592aef137a7aa56cf0525f09eac106dddd3b4174631e2e7b0d040a29160846d,established_b-b112,established_b,112,7,newest,180,100,24.0,25.338971660604006,0.7929975082905186,3.683032520422299,9.847900541491914,24.048177050786823,41.596642881672445,51.580178211393346,0.98828125,0.9921875,0.0078125,256,6.584413678418947,1.0,0.0,0.1211664719799528,0.18754557982185058,0.0001373291015625,
demo-cpc_squeeze-884000,cpc_squeeze,dynamic_hierarchy,119,fixed_price,5592aef137a7aa56cf0525f09eac106dddd3b4174631e2e7b0d040a29160846d,established_b-b126,established_b,126,-7,next_purchase,180,100,24.0,41.34718170107971,1.0441530254123776,11.688940653807144,21.150157374855205,39.92912058332901,60.7893555727982,78.76509543348566,1.0,1.0,0.0,256,-5.414782931621937,0.0,0.0,0.37583512456595825,0.46761964632701647,1.0,0.054147829316219365
demo-cpc_squeeze-884000,cpc_squeeze,dynamic_hierarchy,119,continue_recent_trend,5592aef137a7aa56cf0525f09eac106dddd3b4174631e2e7b0d040a29160846d,established_a-b000,established_a,0,119,first,180,100,18.0,3.077593077191833,0.08768047395460733,1.0337105916579046,1.5173335241664603,2.8320180514295608,5.014970596521545,6.277007506615348,1.0,1.0,0.0,256,1.6134421428794912,1.0,1.0,0.007794823253470191,0.01464150934312342,0.0,
demo-cpc_squeeze-884000,cpc_squeeze,dynamic_hierarchy,119,continue_recent_trend,5592aef137a7aa56cf0525f09eac106dddd3b4174631e2e7b0d040a29160846d,established_a-b112,established_a,112,7,newest,180,100,18.0,-6.690158604470442,0.4764430427688012,-16.606987213425754,-14.142184975810647,-8.177938234884694,2.539653117458334,11.068611376687247,0.16015625,0.171875,0.828125,256,-6.78156858355358,1.0,1.0,0.01586459446812989,0.0009140997908313775,0.0256500244140625,
demo-cpc_squeeze-884000,cpc_squeeze,dynamic_hierarchy,119,continue_recent_trend,5592aef137a7aa56cf0525f09eac106dddd3b4174631e2e7b0d040a29160846d,established_a-b126,established_a,126,-7,next_purchase,180,100,18.0,-6.026793396512764,0.5658002295570715,-17.498294631370378,-14.769367026314496,-8.158335867914651,4.84086666493908,14.634538006383163,0.1875,0.203125,0.796875,256,-11.633850497896265,1.0,1.0,0.025874002781962915,0.056070571013835016,0.03515625,0.0
demo-cpc_squeeze-884000,cpc_squeeze,dynamic_hierarchy,119,continue_recent_trend,5592aef137a7aa56cf0525f09eac106dddd3b4174631e2e7b0d040a29160846d,established_b-b000,established_b,0,119,first,180,100,24.0,37.74886082382845,0.181962592922913,33.49523635290315,34.54210806151711,37.33443272417113,41.42969185429086,44.206460009331195,1.0,1.0,0.0,256,36.21392675813992,1.0,1.0,0.007930584940859303,0.015349340656885318,0.0,
demo-cpc_squeeze-884000,cpc_squeeze,dynamic_hierarchy,119,continue_recent_trend,5592aef137a7aa56cf0525f09eac106dddd3b4174631e2e7b0d040a29160846d,established_b-b112,established_b,112,7,newest,180,100,24.0,3.6356117297040247,1.0287058599942462,-14.694440702899605,-11.871879245007467,-0.2054949868112388,21.474388509028003,51.49129450602772,0.4921875,0.5078125,0.4921875,256,6.584413678418947,1.0,1.0,0.04339281199237581,0.029488019487149228,0.25787353515625,
demo-cpc_squeeze-884000,cpc_squeeze,dynamic_hierarchy,119,continue_recent_trend,5592aef137a7aa56cf0525f09eac106dddd3b4174631e2e7b0d040a29160846d,established_b-b126,established_b,126,-7,next_purchase,180,100,24.0,9.65832059762744,1.310356680424664,-14.502530843447701,-9.958438711497756,4.717182312463093,32.83758916382994,70.1661858142128,0.6484375,0.67578125,0.32421875,256,-5.414782931621937,1.0,1.0,0.06817921226656236,0.15073103529249376,0.42047119140625,0.054147829316219365
demo-rising_cpl-884000,rising_cpl,static_hierarchy,35,hold_current,b8b180477309e6a8ea557a04fcd75631cd80b839d0d51f27f9b180400754f4c4,established_a-b000,established_a,0,35,first,180,100,18.0,8.134850432346237,0.31789568162676723,0.40438417046869013,2.4822417140458146,7.8043367877455285,14.748608054014348,19.480841374879304,0.9765625,0.98046875,0.01953125,256,1.6134421428794912,1.0,0.0,0.03909007755082529,0.06521408289466746,0.00054931640625,
demo-rising_cpl-884000,rising_cpl,static_hierarchy,35,hold_current,b8b180477309e6a8ea557a04fcd75631cd80b839d0d51f27f9b180400754f4c4,established_a-b028,established_a,28,7,newest,180,100,18.0,5.616544296906486,0.6101808228277099,-8.531279187433592,-4.014892728040152,4.052133996463512,16.864787886814746,25.20617530669995,0.70703125,0.75390625,0.24609375,256,0.06314042797193178,1.0,1.0,0.027710138299971012,0.05553403868934555,0.0858306884765625,
demo-rising_cpl-884000,rising_cpl,static_hierarchy,35,hold_current,b8b180477309e6a8ea557a04fcd75631cd80b839d0d51f27f9b180400754f4c4,established_a-b042,established_a,42,-7,next_purchase,180,100,18.0,8.11495453915197,0.8015998850140215,-9.429604085606606,-4.142973731812915,5.700115623590767,22.036489707847156,40.655212290019755,0.73046875,0.77734375,0.22265625,256,3.093525168072812,1.0,1.0,0.02701233541780491,0.05021429371079158,0.0726470947265625,0.0
demo-rising_cpl-884000,rising_cpl,static_hierarchy,35,hold_current,b8b180477309e6a8ea557a04fcd75631cd80b839d0d51f27f9b180400754f4c4,established_b-b000,established_b,0,35,first,180,100,24.0,45.79691413111165,0.5687501103792268,31.817556552240497,35.52840079335497,44.81239810704641,58.22485475262022,65.8514110628346,1.0,1.0,0.0,256,36.21392675813992,1.0,1.0,0.05300983316059394,0.0958298737297173,0.0,
demo-rising_cpl-884000,rising_cpl,static_hierarchy,35,hold_current,b8b180477309e6a8ea557a04fcd75631cd80b839d0d51f27f9b180400754f4c4,established_b-b028,established_b,28,7,newest,180,100,24.0,36.907791751452535,1.1224964928596324,8.153337212211886,14.487631964625198,35.68149728724434,58.7584983379455,77.73860216233392,0.99609375,0.99609375,0.00390625,256,20.69287305611698,1.0,1.0,0.08926620682941327,0.16214918695335556,1.52587890625e-05,
demo-rising_cpl-884000,rising_cpl,static_hierarchy,35,hold_current,b8b180477309e6a8ea557a04fcd75631cd80b839d0d51f27f9b180400754f4c4,established_b-b042,established_b,42,-7,next_purchase,180,100,24.0,40.87291268534071,1.4114863760792082,6.518171377222518,17.755905404250775,36.71448735057105,68.21602035355455,104.01740519204566,0.99609375,0.99609375,0.00390625,256,13.888809206014894,1.0,0.0,0.16028516206307994,0.26984103479325816,1.52587890625e-05,0.0
demo-rising_cpl-884000,rising_cpl,dynamic_hierarchy,35,hold_current,b8b180477309e6a8ea557a04fcd75631cd80b839d0d51f27f9b180400754f4c4,established_a-b000,established_a,0,35,first,180,100,18.0,8.663507302584943,0.38963266558678533,-1.0595639333185884,1.6150509446017054,8.289814797384341,16.305385029802768,22.15843634019999,0.95703125,0.9765625,0.0234375,256,1.6134421428794912,1.0,0.0,0.04020625341005973,0.07050065159705451,0.0018463134765625,
demo-rising_cpl-884000,rising_cpl,dynamic_hierarchy,35,hold_current,b8b180477309e6a8ea557a04fcd75631cd80b839d0d51f27f9b180400754f4c4,established_a-b028,established_a,28,7,newest,180,100,18.0,6.675705606420076,0.6378207719264004,-8.102018397994158,-5.172167285366929,5.2556397262715215,20.077324771939608,32.43624395985586,0.7421875,0.79296875,0.20703125,256,0.06314042797193178,1.0,1.0,0.03400477933343375,0.06612565178448145,0.06646728515625,
demo-rising_cpl-884000,rising_cpl,dynamic_hierarchy,35,hold_current,b8b180477309e6a8ea557a04fcd75631cd80b839d0d51f27f9b180400754f4c4,established_a-b042,established_a,42,-7,next_purchase,180,100,18.0,9.322944040025654,0.8411236842296819,-8.423411382317736,-5.0704890592661815,7.796241523647648,26.322635381798815,43.46583565995356,0.7421875,0.77734375,0.22265625,256,3.093525168072812,1.0,1.0,0.03327047436719734,0.062294188719528416,0.06646728515625,0.0
demo-rising_cpl-884000,rising_cpl,dynamic_hierarchy,35,hold_current,b8b180477309e6a8ea557a04fcd75631cd80b839d0d51f27f9b180400754f4c4,established_b-b000,established_b,0,35,first,180,100,24.0,46.00745595663034,0.7786342337948295,25.239320074403807,32.31578887973937,44.582125836201115,62.58117354737719,76.32120590748448,1.0,1.0,0.0,256,36.21392675813992,1.0,1.0,0.05100332883111323,0.09793529198490418,0.0,
demo-rising_cpl-884000,rising_cpl,dynamic_hierarchy,35,hold_current,b8b180477309e6a8ea557a04fcd75631cd80b839d0d51f27f9b180400754f4c4,established_b-b028,established_b,28,7,newest,180,100,24.0,36.756340872182,1.3689209647321132,2.4383710864703576,15.41145413108882,32.64237370699942,64.53495740320771,87.1585959265413,0.98046875,0.984375,0.015625,256,20.69287305611698,1.0,1.0,0.07701904009817667,0.16063467816065022,0.0003814697265625,
demo-rising_cpl-884000,rising_cpl,dynamic_hierarchy,35,hold_current,b8b180477309e6a8ea557a04fcd75631cd80b839d0d51f27f9b180400754f4c4,established_b-b042,established_b,42,-7,next_purchase,180,100,24.0,40.904979000603255,1.7866427987160063,0.6597933623444852,10.009009542812883,35.95738900794542,77.82359206472803,104.23847006296474,0.98046875,0.98046875,0.01953125,256,13.888809206014894,1.0,1.0,0.13853694497087113,0.2701616979458836,0.0003814697265625,0.0
demo-rising_cpl-884000,rising_cpl,static_hierarchy,63,hold_current,74ecba7486b6658eee2daa08118f41a5d9bce0f2cd18333f8ca11d9507f1550b,established_a-b000,established_a,0,63,first,180,100,18.0,6.568256955723321,0.2029672511821813,1.6481381120417953,2.7958316104334067,6.03968642149742,10.926535959735405,14.132853795137517,1.0,1.0,0.0,256,1.6134421428794912,0.0,0.0,0.031887617796126366,0.049548148128438295,0.0,
demo-rising_cpl-884000,rising_cpl,static_hierarchy,63,hold_current,74ecba7486b6658eee2daa08118f41a5d9bce0f2cd18333f8ca11d9507f1550b,established_a-b056,established_a,56,7,newest,180,100,20.016000000000002,0.2430451996072689,0.3967135768948064,-10.076657100442304,-6.933741275118036,-0.8241877384484191,8.253125922148444,14.909017353408846,0.4453125,0.53515625,0.46484375,256,-12.748036212022122,0.0,0.0,0.09522790724470365,0.1299108141162939,0.19830322265625,
demo-rising_cpl-884000,rising_cpl,static_hierarchy,63,hold_current,74ecba7486b6658eee2daa08118f41a5d9bce0f2cd18333f8ca11d9507f1550b,established_a-b070,established_a,70,-7,next_purchase,180,100,21.023999999999997,2.7527931262121146,0.4317199731900545,-7.12580695268697,-4.9758031335271315,1.6664293411059923,11.402072545535658,19.406540547146548,0.6328125,0.67578125,0.32421875,256,-13.95049944872105,0.0,0.0,0.12970403485187254,0.16703292574933165,0.40045166015625,0.13950499448721052
demo-rising_cpl-884000,rising_cpl,static_hierarchy,63,hold_current,74ecba7486b6658eee2daa08118f41a5d9bce0f2cd18333f8ca11d9507f1550b,established_b-b000,established_b,0,63,first,180,100,24.0,44.523175923672184,0.3509106116197083,34.1516124882866,37.79467122012494,43.87644598034968,51.86371855410039,56.64008985451899,1.0,1.0,0.0,256,36.21392675813992,1.0,0.0,0.05360003473779489,0.08309249165532265,0.0,
demo-rising_cpl-884000,rising_cpl,static_hierarchy,63,hold_current,74ecba7486b6658eee2daa08118f41a5d9bce0f2cd18333f8ca11d9507f1550b,established_b-b056,established_b,56,7,newest,180,100,26.688000000000002,32.50630709112771,0.7712490190561314,11.624367096002526,17.262933872703375,31.8792879215309,48.78688406048019,59.2679528566044,1.0,1.0,0.0,256,19.609572151574852,1.0,1.0,0.07354552455716047,0.12896734939552856,0.0,
demo-rising_cpl-884000,rising_cpl,static_hierarchy,63,hold_current,74ecba7486b6658eee2daa08118f41a5d9bce0f2cd18333f8ca11d9507f1550b,established_b-b070,established_b,70,-7,next_purchase,180,100,28.031999999999996,35.04290378983533,0.8167174185364401,13.286249891734686,19.39062669931873,32.819178905892514,51.47821623644571,65.2325133080697,1.0,1.0,0.0,256,6.314023700536313,0.0,0.0,0.215729366227759,0.28728880089299014,0.0,0.0
demo-rising_cpl-884000,rising_cpl,dynamic_hierarchy,63,hold_current,74ecba7486b6658eee2daa08118f41a5d9bce0f2cd18333f8ca11d9507f1550b,established_a-b000,established_a,0,63,first,180,100,18.0,6.289391601224928,0.23188098221159661,0.5331149519901359,1.9240237054295477,5.847396636508471,11.084414434420488,14.788112638045865,0.9765625,1.0,0.0,256,1.6134421428794912,1.0,0.0,0.02761733469117478,0.04675949458345437,0.00054931640625,
demo-rising_cpl-884000,rising_cpl,dynamic_hierarchy,63,hold_current,74ecba7486b6658eee2daa08118f41a5d9bce0f2cd18333f8ca11d9507f1550b,established_a-b056,established_a,56,7,newest,180,100,20.016000000000002,-0.14265398455698952,0.4098066340140105,-11.32401131276981,-7.939247012088266,-0.7660862213161135,7.335035948477087,14.997236832921429,0.44921875,0.515625,0.484375,256,-12.748036212022122,0.0,0.0,0.09016962214646931,0.1260538222746513,0.2017974853515625,
demo-rising_cpl-884000,rising_cpl,dynamic_hierarchy,63,hold_current,74ecba7486b6658eee2daa08118f41a5d9bce0f2cd18333f8ca11d9507f1550b,established_a-b070,established_a,70,-7,next_purchase,180,100,21.023999999999997,2.974822958504908,0.5227700227342005,-10.563904802547585,-7.06416096166624,1.810230506342048,13.890210970827109,21.815660346957245,0.6015625,0.66796875,0.33203125,256,-13.95049944872105,0.0,0.0,0.12287594173406212,0.1692532240722596,0.36187744140625,0.13950499448721052
demo-rising_cpl-884000,rising_cpl,dynamic_hierarchy,63,hold_current,74ecba7486b6658eee2daa08118f41a5d9bce0f2cd18333f8ca11d9507f1550b,established_b-b000,established_b,0,63,first,180,100,24.0,44.305003938433074,0.43205646954357685,31.7136557893378,36.30158030387072,43.97970626526317,53.029378222147386,58.46011423114134,1.0,1.0,0.0,256,36.21392675813992,1.0,0.0,0.048487363673243654,0.08091077180293155,0.0,
demo-rising_cpl-884000,rising_cpl,dynamic_hierarchy,63,hold_current,74ecba7486b6658eee2daa08118f41a5d9bce0f2cd18333f8ca11d9507f1550b,established_b-b056,established_b,56,7,newest,180,100,26.688000000000002,30.987718049647093,0.8931521463327067,5.493360735455639,14.404018966903294,29.775441782067272,51.55542209581805,63.08021910999425,1.0,1.0,0.0,256,19.609572151574852,1.0,1.0,0.062395249749019686,0.11378145898072241,0.0,
demo-rising_cpl-884000,rising_cpl,dynamic_hierarchy,63,hold_current,74ecba7486b6658eee2daa08118f41a5d9bce0f2cd18333f8ca11d9507f1550b,established_b-b070,established_b,70,-7,next_purchase,180,100,28.031999999999996,33.10395198309777,1.0192578066286984,7.165115117555344,13.145869375124981,31.688426704711315,54.835313046806384,71.62180126221566,0.99609375,1.0,0.0,256,6.314023700536313,0.0,0.0,0.18035574503221619,0.2678992828256146,1.52587890625e-05,0.0
demo-rising_cpl-884000,rising_cpl,static_hierarchy,91,hold_current,1448eca5b77c4647a74ec1b94d71022829f50827a73f70376e0bfe95f3ea4e2d,established_a-b000,established_a,0,91,first,180,100,18.0,5.091589532476112,0.135742534243092,1.3740712384193112,2.5705411905603786,4.9143874922951625,8.081458612493282,9.9357506773094,1.0,1.0,0.0,256,1.6134421428794912,1.0,0.0,0.023014595073823543,0.034781473895966204,0.0,
demo-rising_cpl-884000,rising_cpl,static_hierarchy,91,hold_current,1448eca5b77c4647a74ec1b94d71022829f50827a73f70376e0bfe95f3ea4e2d,established_a-b084,established_a,84,7,newest,180,100,24.048000000000002,-5.559220620098144,0.3069134371159392,-13.76076749151229,-11.652216039744554,-5.8914258316384736,1.3327093458983068,5.526081909252977,0.1328125,0.17578125,0.82421875,256,-18.8095785063561,0.0,0.0,0.10503580513694122,0.13250357886257955,0.01763916015625,
demo-rising_cpl-884000,rising_cpl,static_hierarchy,91,hold_current,1448eca5b77c4647a74ec1b94d71022829f50827a73f70376e0bfe95f3ea4e2d,established_a-b098,established_a,98,-7,next_purchase,180,100,25.055999999999994,-1.7813522058507703,0.3882624155085941,-11.249290115764255,-9.118593300985843,-2.490794321973013,6.25924540133124,11.032153101006244,0.35546875,0.42578125,0.57421875,256,-12.543996673459768,0.0,0.0,0.07341106460182095,0.10762644467608996,0.1263580322265625,0.0
demo-rising_cpl-884000,rising_cpl,static_hierarchy,91,hold_current,1448eca5b77c4647a74ec1b94d71022829f50827a73f70376e0bfe95f3ea4e2d,established_b-b000,established_b,0,91,first,180,100,24.0,44.72002462638238,0.250956146976617,38.41416886648302,40.12588598930471,44.437380326437875,49.9589472220227,53.211303964943426,1.0,1.0,0.0,256,36.21392675813992,0.0,0.0,0.06257172105947177,0.08506097868242463,0.0,
demo-rising_cpl-884000,rising_cpl,static_hierarchy,91,hold_current,1448eca5b77c4647a74ec1b94d71022829f50827a73f70376e0bfe95f3ea4e2d,established_b-b084,established_b,84,7,newest,180,100,32.064,22.142177894470905,0.6744078507654655,3.6153932615079514,9.276983102507376,20.341677253466713,36.32040753577224,45.23172832893545,0.99609375,1.0,0.0,256,15.36036790966869,1.0,1.0,0.03645256059092728,0.06781809984802215,1.52587890625e-05,
demo-rising_cpl-884000,rising_cpl,static_hierarchy,91,hold_current,1448eca5b77c4647a74ec1b94d71022829f50827a73f70376e0bfe95f3ea4e2d,established_b-b098,established_b,98,-7,next_purchase,180,100,33.408,25.95388946767139,0.7118656092027186,5.41333895231783,10.746838356274324,24.868260045130544,41.04569781463295,47.26338482167678,0.9921875,1.0,0.0,256,-0.26134486597795026,0.0,0.0,0.19795281198067508,0.2621523433364934,0.98443603515625,0.0026134486597795027
demo-rising_cpl-884000,rising_cpl,dynamic_hierarchy,91,hold_current,1448eca5b77c4647a74ec1b94d71022829f50827a73f70376e0bfe95f3ea4e2d,established_a-b000,established_a,0,91,first,180,100,18.0,4.843245197854054,0.15548048937070735,0.8571257705631576,2.1244658130835212,4.446339178197306,7.965070015793735,11.021744993599427,0.99609375,1.0,0.0,256,1.6134421428794912,1.0,0.0,0.0197468329253241,0.03229803054974562,1.52587890625e-05,
demo-rising_cpl-884000,rising_cpl,dynamic_hierarchy,91,hold_current,1448eca5b77c4647a74ec1b94d71022829f50827a73f70376e0bfe95f3ea4e2d,established_a-b084,established_a,84,7,newest,180,100,24.048000000000002,-5.981257636179851,0.40860851328766074,-16.21868371755601,-13.402379266403635,-6.474919110125155,1.8568073668634142,8.447435448320771,0.15625,0.2109375,0.7890625,256,-18.8095785063561,0.0,0.0,0.09263493707683518,0.1282832087017625,0.0244140625,
demo-rising_cpl-884000,rising_cpl,dynamic_hierarchy,91,hold_current,1448eca5b77c4647a74ec1b94d71022829f50827a73f70376e0bfe95f3ea4e2d,established_a-b098,established_a,98,-7,next_purchase,180,100,25.055999999999994,-2.43983393326406,0.4948119306562472,-14.448962471906544,-11.114430481005114,-3.646062225228061,7.620983029699492,17.429498411842562,0.3203125,0.359375,0.640625,256,-12.543996673459768,1.0,0.0,0.060691817017480006,0.10104162740195707,0.10260009765625,0.0
demo-rising_cpl-884000,rising_cpl,dynamic_hierarchy,91,hold_current,1448eca5b77c4647a74ec1b94d71022829f50827a73f70376e0bfe95f3ea4e2d,established_b-b000,established_b,0,91,first,180,100,24.0,43.369330013345476,0.29787971570832067,36.03244432939082,37.67453647174412,42.6953931524024,49.99318457117417,53.67340159910826,1.0,1.0,0.0,256,36.21392675813992,1.0,0.0,0.04584404096096762,0.07155403255205556,0.0,
demo-rising_cpl-884000,rising_cpl,dynamic_hierarchy,91,hold_current,1448eca5b77c4647a74ec1b94d71022829f50827a73f70376e0bfe95f3ea4e2d,established_b-b084,established_b,84,7,newest,180,100,32.064,19.189201925215848,0.8139936329230931,-2.3332674886270364,4.0865562332284,17.721975468465498,36.167382383543206,51.81445400454317,0.95703125,0.97265625,0.02734375,256,15.36036790966869,1.0,1.0,0.03175878143141167,0.03828834015547157,0.0018463134765625,
demo-rising_cpl-884000,rising_cpl,dynamic_hierarchy,91,hold_current,1448eca5b77c4647a74ec1b94d71022829f50827a73f70376e0bfe95f3ea4e2d,established_b-b098,established_b,98,-7,next_purchase,180,100,33.408,21.39206155695524,1.013632333057863,-3.334978057189872,3.255525671952281,20.257995772072974,44.483674406472566,58.848607761642,0.94140625,0.953125,0.046875,256,-0.26134486597795026,1.0,0.0,0.13232809309990962,0.2165340642293319,0.8862457275390625,0.0026134486597795027
demo-rising_cpl-884000,rising_cpl,static_hierarchy,119,hold_current,5592aef137a7aa56cf0525f09eac106dddd3b4174631e2e7b0d040a29160846d,established_a-b000,established_a,0,119,first,180,100,18.0,4.123048447241024,0.09785718970408529,1.8252613518441225,2.2565688493657277,3.9700713716063465,6.080515230486581,8.120250421055754,1.0,1.0,0.0,256,1.6134421428794912,0.0,0.0,0.016645046474313394,0.02509606304361532,0.0,
demo-rising_cpl-884000,rising_cpl,static_hierarchy,119,hold_current,5592aef137a7aa56cf0525f09eac106dddd3b4174631e2e7b0d040a29160846d,established_a-b112,established_a,112,7,newest,180,100,28.080000000000002,-9.682217701296407,0.3165610298177937,-18.35092640488781,-15.71907513156716,-9.827915226430942,-3.671904887484006,2.030909035900629,0.05859375,0.06640625,0.93359375,256,-16.861568583553417,1.0,0.0,0.04615844588851774,0.0717935088225701,0.0034332275390625,
demo-rising_cpl-884000,rising_cpl,static_hierarchy,119,hold_current,5592aef137a7aa56cf0525f09eac106dddd3b4174631e2e7b0d040a29160846d,established_a-b126,established_a,126,-7,next_purchase,180,100,29.088,-9.194164856216997,0.3537643555554559,-19.052232663549418,-15.574101771726017,-8.941749734584237,-2.2050307159973475,3.0443643318676323,0.0625,0.07421875,0.92578125,256,-22.721850497896103,0.0,0.0,0.10381929848340544,0.13527685641679107,0.00390625,0.0
demo-rising_cpl-884000,rising_cpl,static_hierarchy,119,hold_current,5592aef137a7aa56cf0525f09eac106dddd3b4174631e2e7b0d040a29160846d,established_b-b000,established_b,0,119,first,180,100,24.0,41.446752708405505,0.17879611339897936,36.37786831662337,37.87141683623304,41.43294738644916,45.12684720357573,47.12022806036646,1.0,1.0,0.0,256,36.21392675813992,0.0,0.0,0.03633065895588409,0.052328259502655856,0.0,
demo-rising_cpl-884000,rising_cpl,static_hierarchy,119,hold_current,5592aef137a7aa56cf0525f09eac106dddd3b4174631e2e7b0d040a29160846d,established_b-b112,established_b,112,7,newest,180,100,37.44,5.978431604909131,0.5783320124259544,-10.475081539665329,-5.148243276452014,5.872529059825467,18.554740367700482,25.830437736471602,0.72265625,0.80859375,0.19140625,256,-6.855586321581067,1.0,0.0,0.08157471210642232,0.128340179264902,0.5222320556640625,
demo-rising_cpl-884000,rising_cpl,static_hierarchy,119,hold_current,5592aef137a7aa56cf0525f09eac106dddd3b4174631e2e7b0d040a29160846d,established_b-b126,established_b,126,-7,next_purchase,180,100,38.784,13.5389003780749,0.7705064196063542,-6.128391935253862,0.2503988083949409,11.304688456724769,26.876066634502983,40.62634869462454,0.90625,0.93359375,0.06640625,256,-20.198782931621782,0.0,0.0,0.27101726567666884,0.33737683309696676,0.8212890625,0.2019878293162178
demo-rising_cpl-884000,rising_cpl,dynamic_hierarchy,119,hold_current,5592aef137a7aa56cf0525f09eac106dddd3b4174631e2e7b0d040a29160846d,established_a-b000,established_a,0,119,first,180,100,18.0,3.3423985325022283,0.07938414303427035,1.3740230603447503,1.8164188798732805,3.1450383778791906,5.026516558527142,6.23014415514306,1.0,1.0,0.0,256,1.6134421428794912,1.0,0.0,0.010676581996886965,0.01728956389622737,0.0,
demo-rising_cpl-884000,rising_cpl,dynamic_hierarchy,119,hold_current,5592aef137a7aa56cf0525f09eac106dddd3b4174631e2e7b0d040a29160846d,established_a-b112,established_a,112,7,newest,180,100,28.080000000000002,-14.129794385512646,0.376115816972005,-23.42427398893562,-21.430520711329482,-15.234816214861553,-5.662621980191847,0.05676186181046283,0.03125,0.04296875,0.95703125,256,-16.861568583553417,1.0,1.0,0.015312123689875374,0.02731774198040771,0.0009765625,
demo-rising_cpl-884000,rising_cpl,dynamic_hierarchy,119,hold_current,5592aef137a7aa56cf0525f09eac106dddd3b4174631e2e7b0d040a29160846d,established_a-b126,established_a,126,-7,next_purchase,180,100,29.088,-13.844655332897265,0.3872978528626039,-24.775858351068003,-21.591848451842402,-14.157158126787047,-6.08510499593798,1.1514745631473833,0.03515625,0.046875,0.953125,256,-22.721850497896103,1.0,0.0,0.05689535659123707,0.08877195164998838,0.0012359619140625,0.0
demo-rising_cpl-884000,rising_cpl,dynamic_hierarchy,119,hold_current,5592aef137a7aa56cf0525f09eac106dddd3b4174631e2e7b0d040a29160846d,established_b-b000,established_b,0,119,first,180,100,24.0,38.28520655960669,0.157507513097318,34.53657409909572,35.42756748173648,37.91400588873756,41.56227669004072,44.84984072007343,1.0,1.0,0.0,256,36.21392675813992,1.0,1.0,0.010775258520261274,0.020712798014667726,0.0,
demo-rising_cpl-884000,rising_cpl,dynamic_hierarchy,119,hold_current,5592aef137a7aa56cf0525f09eac106dddd3b4174631e2e7b0d040a29160846d,established_b-b112,established_b,112,7,newest,180,100,37.44,-4.949179371949956,0.6745464661885591,-21.396335923182548,-16.155369132330033,-7.086350247048085,7.785618917070913,20.397443918818375,0.296875,0.3671875,0.6328125,256,-6.855586321581067,1.0,1.0,0.02498606166728897,0.01906406949631111,0.088134765625,
demo-rising_cpl-884000,rising_cpl,dynamic_hierarchy,119,hold_current,5592aef137a7aa56cf0525f09eac106dddd3b4174631e2e7b0d040a29160846d,established_b-b126,established_b,126,-7,next_purchase,180,100,38.784,2.47553348151202,0.8859948202281166,-20.64849971472008,-13.221019731182412,0.6962737868487814,21.73375973770498,34.89274925168868,0.5234375,0.58984375,0.41015625,256,-20.198782931621782,1.0,0.0,0.15053073354877358,0.22674316413133802,0.27398681640625,0.2019878293162178
demo-rising_cpl-884000,rising_cpl,dynamic_hierarchy,119,fixed_price,5592aef137a7aa56cf0525f09eac106dddd3b4174631e2e7b0d040a29160846d,established_a-b000,established_a,0,119,first,180,100,18.0,4.579383875152949,0.12098096120802668,1.691959781042931,2.4195519522345457,4.200137261571383,7.111638842134342,8.822721396709586,1.0,1.0,0.0,256,1.6134421428794912,0.0,0.0,0.019023885524475058,0.02965941732273458,0.0,
demo-rising_cpl-884000,rising_cpl,dynamic_hierarchy,119,fixed_price,5592aef137a7aa56cf0525f09eac106dddd3b4174631e2e7b0d040a29160846d,established_a-b112,established_a,112,7,newest,180,100,28.080000000000002,-6.527443085421076,0.4071637071234155,-17.733265668127782,-14.881924912251957,-6.763164425529649,1.6204296386376917,7.010884124714211,0.16015625,0.2109375,0.7890625,256,-16.861568583553417,1.0,0.0,0.06801444013095047,0.1033412549813234,0.0256500244140625,
demo-rising_cpl-884000,rising_cpl,dynamic_hierarchy,119,fixed_price,5592aef137a7aa56cf0525f09eac106dddd3b4174631e2e7b0d040a29160846d,established_a-b126,established_a,126,-7,next_purchase,180,100,29.088,-3.333258249477584,0.5493407047074398,-16.67084445045571,-12.824293873627418,-4.516026291365577,6.7833702084820935,18.953698278553716,0.30859375,0.3359375,0.6640625,256,-22.721850497896103,0.0,0.0,0.14663411543143542,0.19388592248418518,0.0952301025390625,0.0
demo-rising_cpl-884000,rising_cpl,dynamic_hierarchy,119,fixed_price,5592aef137a7aa56cf0525f09eac106dddd3b4174631e2e7b0d040a29160846d,established_b-b000,established_b,0,119,first,180,100,24.0,41.92935410682058,0.22575303724199572,36.02944318223466,37.54646429750334,41.68402506041005,47.06613493718904,49.47784363714604,1.0,1.0,0.0,256,36.21392675813992,1.0,0.0,0.03745888795210186,0.05715427348680663,0.0,
demo-rising_cpl-884000,rising_cpl,dynamic_hierarchy,119,fixed_price,5592aef137a7aa56cf0525f09eac106dddd3b4174631e2e7b0d040a29160846d,established_b-b112,established_b,112,7,newest,180,100,37.44,11.898971660604005,0.7929975082905186,-9.7569674795777,-3.592099458508084,10.608177050786825,28.156642881672447,38.14017821139335,0.84375,0.88671875,0.11328125,256,-6.855586321581067,1.0,0.0,0.12116647197995294,0.18754557982185072,0.7119140625,
demo-rising_cpl-884000,rising_cpl,dynamic_hierarchy,119,fixed_price,5592aef137a7aa56cf0525f09eac106dddd3b4174631e2e7b0d040a29160846d,established_b-b126,established_b,126,-7,next_purchase,180,100,38.784,26.56318170107972,1.0441530254123776,-3.0950593461928557,6.366157374855206,25.145120583329014,46.0053555727982,63.98109543348565,0.953125,0.96875,0.03125,256,-20.198782931621782,0.0,0.0,0.3758351245659567,0.4676196463270151,0.908447265625,0.2019878293162178
demo-rising_cpl-884000,rising_cpl,dynamic_hierarchy,119,continue_recent_trend,5592aef137a7aa56cf0525f09eac106dddd3b4174631e2e7b0d040a29160846d,established_a-b000,established_a,0,119,first,180,100,18.0,3.077593077191833,0.08768047395460733,1.0337105916579046,1.5173335241664603,2.8320180514295608,5.014970596521545,6.277007506615348,1.0,1.0,0.0,256,1.6134421428794912,1.0,1.0,0.007794823253470191,0.01464150934312342,0.0,
demo-rising_cpl-884000,rising_cpl,dynamic_hierarchy,119,continue_recent_trend,5592aef137a7aa56cf0525f09eac106dddd3b4174631e2e7b0d040a29160846d,established_a-b112,established_a,112,7,newest,180,100,28.080000000000002,-16.770158604470442,0.4764430427688012,-26.686987213425756,-24.22218497581065,-18.257938234884698,-7.540346882541668,0.9886113766872446,0.02734375,0.046875,0.953125,256,-16.861568583553417,1.0,1.0,0.01586459446813025,0.0009140997908297521,0.0007476806640625,
demo-rising_cpl-884000,rising_cpl,dynamic_hierarchy,119,continue_recent_trend,5592aef137a7aa56cf0525f09eac106dddd3b4174631e2e7b0d040a29160846d,established_a-b126,established_a,126,-7,next_purchase,180,100,29.088,-17.114793396512766,0.5658002295570715,-28.58629463137038,-25.8573670263145,-19.246335867914652,-6.247133335060921,3.546538006383163,0.0390625,0.0546875,0.9453125,256,-22.721850497896103,1.0,1.0,0.025874002781962238,0.056070571013833365,0.00152587890625,0.0
demo-rising_cpl-884000,rising_cpl,dynamic_hierarchy,119,continue_recent_trend,5592aef137a7aa56cf0525f09eac106dddd3b4174631e2e7b0d040a29160846d,established_b-b000,established_b,0,119,first,180,100,24.0,37.74886082382845,0.181962592922913,33.49523635290315,34.54210806151711,37.33443272417113,41.42969185429086,44.206460009331195,1.0,1.0,0.0,256,36.21392675813992,1.0,1.0,0.007930584940859303,0.015349340656885318,0.0,
demo-rising_cpl-884000,rising_cpl,dynamic_hierarchy,119,continue_recent_trend,5592aef137a7aa56cf0525f09eac106dddd3b4174631e2e7b0d040a29160846d,established_b-b112,established_b,112,7,newest,180,100,37.44,-9.804388270295972,1.0287058599942462,-28.134440702899603,-25.31187924500746,-13.645494986811237,8.034388509028005,38.05129450602772,0.18359375,0.2109375,0.7890625,256,-6.855586321581067,1.0,1.0,0.04339281199237572,0.029488019487149044,0.0337066650390625,
demo-rising_cpl-884000,rising_cpl,dynamic_hierarchy,119,continue_recent_trend,5592aef137a7aa56cf0525f09eac106dddd3b4174631e2e7b0d040a29160846d,established_b-b126,established_b,126,-7,next_purchase,180,100,38.784,-5.125679402372559,1.310356680424664,-29.286530843447704,-24.742438711497755,-10.066817687536906,18.05358916382994,55.382185814212804,0.28125,0.3125,0.6875,256,-20.198782931621782,1.0,1.0,0.0681792122665615,0.15073103529249224,0.0791015625,0.0
demo-human_decline_bot_rise-884000,human_decline_bot_rise,static_hierarchy,35,hold_current,104bab93ab56e8abf184985ead4999118118686c53d55b1f4189672ae3a6f1db,established_a-b000,established_a,0,35,first,180,100,18.0,14.669050725579527,0.4118784236722273,3.781430214216346,6.6168901587310085,14.474921449690356,22.08810029379634,28.824275960705247,0.99609375,1.0,0.0,256,0.08634594287793948,0.0,0.0,0.10953530645019428,0.1458270478270159,1.52587890625e-05,
demo-human_decline_bot_rise-884000,human_decline_bot_rise,static_hierarchy,35,hold_current,104bab93ab56e8abf184985ead4999118118686c53d55b1f4189672ae3a6f1db,established_a-b028,established_a,28,7,newest,180,100,18.0,15.674162194577628,0.7736787798628145,-2.6123429002441094,1.8020312069900122,13.86083273848112,31.64325127378134,42.9339095666347,0.94140625,0.95703125,0.04296875,256,-1.285763591153626,1.0,0.0,0.10543396968097615,0.16959925785731256,0.8862457275390625,
demo-human_decline_bot_rise-884000,human_decline_bot_rise,static_hierarchy,35,hold_current,104bab93ab56e8abf184985ead4999118118686c53d55b1f4189672ae3a6f1db,established_a-b042,established_a,42,-7,next_purchase,180,100,18.0,16.429335663913093,1.251972252773329,-8.02986943198861,-2.920849407516993,12.366887307870554,37.639840951714355,61.380639573844114,0.84765625,0.859375,0.140625,256,-7.1258352343073295,1.0,0.0,0.13933280697546585,0.23555170898220423,0.7185211181640625,0.07125835234307329
demo-human_decline_bot_rise-884000,human_decline_bot_rise,static_hierarchy,35,hold_current,104bab93ab56e8abf184985ead4999118118686c53d55b1f4189672ae3a6f1db,established_b-b000,established_b,0,35,first,180,100,24.0,42.5619586103926,0.5652839635831369,27.817437500347992,32.463965985368546,41.32898779892116,54.7310999647651,60.18119592065033,1.0,1.0,0.0,256,20.253836944723584,0.0,0.0,0.17256232425728057,0.22308121665669017,0.0,
demo-human_decline_bot_rise-884000,human_decline_bot_rise,static_hierarchy,35,hold_current,104bab93ab56e8abf184985ead4999118118686c53d55b1f4189672ae3a6f1db,established_b-b028,established_b,28,7,newest,180,100,24.0,36.7682242464692,1.3450842139086827,9.100050830670583,16.292217188610028,34.840324696379945,62.070427600201654,80.37403252309673,0.99609375,0.99609375,0.00390625,256,16.22920401773897,1.0,0.0,0.11002155472358513,0.20539020228730234,1.52587890625e-05,
demo-human_decline_bot_rise-884000,human_decline_bot_rise,static_hierarchy,35,hold_current,104bab93ab56e8abf184985ead4999118118686c53d55b1f4189672ae3a6f1db,established_b-b042,established_b,42,-7,next_purchase,180,100,24.0,41.46116510399806,2.3280906698866115,-0.27272976727686693,9.50375762918247,34.94209709243903,76.4043347533832,109.7130164389621,0.96875,0.98046875,0.01953125,256,13.284382936582958,1.0,1.0,0.1410425491387056,0.28176782167415104,0.0009765625,0.0
demo-human_decline_bot_rise-884000,human_decline_bot_rise,dynamic_hierarchy,35,hold_current,104bab93ab56e8abf184985ead4999118118686c53d55b1f4189672ae3a6f1db,established_a-b000,established_a,0,35,first,180,100,18.0,14.894601476105564,0.5612061815725922,2.2803959199268347,6.370147528590648,13.540622223838794,26.364849213024616,34.548462786491044,0.9921875,0.99609375,0.00390625,256,0.08634594287793948,0.0,0.0,0.10142297238659088,0.14808255533227624,6.103515625e-05,
demo-human_decline_bot_rise-884000,human_decline_bot_rise,dynamic_hierarchy,35,hold_current,104bab93ab56e8abf184985ead4999118118686c53d55b1f4189672ae3a6f1db,established_a-b028,established_a,28,7,newest,180,100,18.0,16.700424268935983,0.9335859491722707,-4.966085606185102,-0.2769783693567618,15.295745459184186,36.34924323323193,47.49734506282232,0.8984375,0.91015625,0.08984375,256,-1.285763591153626,1.0,0.0,0.10443046710355501,0.17986187860089609,0.80718994140625,
demo-human_decline_bot_rise-884000,human_decline_bot_rise,dynamic_hierarchy,35,hold_current,104bab93ab56e8abf184985ead4999118118686c53d55b1f4189672ae3a6f1db,established_a-b042,established_a,42,-7,next_purchase,180,100,18.0,16.437558615191648,1.1208176854853706,-8.637550821739069,-2.583087698201579,13.507579112926448,40.24515956005193,58.03018193233371,0.86328125,0.8671875,0.1328125,256,-7.1258352343073295,1.0,0.0,0.1426148153123916,0.2356339384949898,0.7452545166015625,0.07125835234307329
demo-human_decline_bot_rise-884000,human_decline_bot_rise,dynamic_hierarchy,35,hold_current,104bab93ab56e8abf184985ead4999118118686c53d55b1f4189672ae3a6f1db,established_b-b000,established_b,0,35,first,180,100,24.0,43.09516132006775,0.7466185563581846,23.58454995014113,29.466776011418556,41.14823494331389,58.268536056787475,71.37254671496186,1.0,1.0,0.0,256,20.253836944723584,0.0,0.0,0.16275261105195518,0.22841324375344169,0.0,
demo-human_decline_bot_rise-884000,human_decline_bot_rise,dynamic_hierarchy,35,hold_current,104bab93ab56e8abf184985ead4999118118686c53d55b1f4189672ae3a6f1db,established_b-b028,established_b,28,7,newest,180,100,24.0,37.11725075376695,1.2362674985194608,6.3778568920885,15.221197536583293,34.069710237709636,62.17611567149592,78.89997849249194,1.0,1.0,0.0,256,16.22920401773897,1.0,1.0,0.11477929865104641,0.20888046736027985,0.0,
demo-human_decline_bot_rise-884000,human_decline_bot_rise,dynamic_hierarchy,35,hold_current,104bab93ab56e8abf184985ead4999118118686c53d55b1f4189672ae3a6f1db,established_b-b042,established_b,42,-7,next_purchase,180,100,24.0,39.911845204241004,1.7403633431768362,-3.9371248151597245,8.809069475301673,35.21284778135899,77.07341401421786,106.88581601447143,0.9609375,0.96484375,0.03515625,256,13.284382936582958,1.0,1.0,0.14384098757733735,0.2662746226765805,0.00152587890625,0.0
demo-human_decline_bot_rise-884000,human_decline_bot_rise,static_hierarchy,63,hold_current,02e6cd37831727e0ff958a5c146d09f990ad451ecaf4f25409f26d3a5f7cc04d,established_a-b000,established_a,0,63,first,180,100,18.0,9.14589422056604,0.24176347163176753,2.8230100295653147,4.486809250852993,8.71967185251292,14.32186676754278,16.85424109644897,0.9921875,0.99609375,0.00390625,256,0.08634594287793948,0.0,0.0,0.06883403589107133,0.09059548277688101,6.103515625e-05,
demo-human_decline_bot_rise-884000,human_decline_bot_rise,static_hierarchy,63,hold_current,02e6cd37831727e0ff958a5c146d09f990ad451ecaf4f25409f26d3a5f7cc04d,established_a-b056,established_a,56,7,newest,180,100,20.016000000000002,8.152861528038317,0.5570938680082719,-7.5406736064307704,-1.6126297466293895,7.351065644762928,19.7995388482992,26.254056495614858,0.83203125,0.87109375,0.12890625,256,-8.325607905420874,0.0,0.0,0.11630018360408448,0.1647846943345919,0.6922760009765625,
demo-human_decline_bot_rise-884000,human_decline_bot_rise,static_hierarchy,63,hold_current,02e6cd37831727e0ff958a5c146d09f990ad451ecaf4f25409f26d3a5f7cc04d,established_a-b070,established_a,70,-7,next_purchase,180,100,21.023999999999997,9.93680945757091,0.6731271978554889,-5.453155500711041,-1.7148800899616177,8.603647890266021,23.946411782613655,35.5423308340815,0.8359375,0.86328125,0.13671875,256,-14.805262562871253,0.0,0.0,0.18964451715503813,0.24742072020442163,0.69879150390625,0.14805262562871252
demo-human_decline_bot_rise-884000,human_decline_bot_rise,static_hierarchy,63,hold_current,02e6cd37831727e0ff958a5c146d09f990ad451ecaf4f25409f26d3a5f7cc04d,established_b-b000,established_b,0,63,first,180,100,24.0,38.610176059805866,0.3465602797820843,29.139087717145003,32.22960110726853,37.98506715604489,46.215272559031916,51.44395216921252,1.0,1.0,0.0,256,20.253836944723584,0.0,0.0,0.15259553252383906,0.18356339115082282,0.0,
demo-human_decline_bot_rise-884000,human_decline_bot_rise,static_hierarchy,63,hold_current,02e6cd37831727e0ff958a5c146d09f990ad451ecaf4f25409f26d3a5f7cc04d,established_b-b056,established_b,56,7,newest,180,100,26.688000000000002,29.742232702144005,0.8949863241207229,3.509690835818684,12.069805241226518,29.53023921076642,48.08598355454625,58.65070981049922,0.98828125,0.98828125,0.01171875,256,5.192927765541413,1.0,0.0,0.16901719505023965,0.24549304936602592,0.0001373291015625,
demo-human_decline_bot_rise-884000,human_decline_bot_rise,static_hierarchy,63,hold_current,02e6cd37831727e0ff958a5c146d09f990ad451ecaf4f25409f26d3a5f7cc04d,established_b-b070,established_b,70,-7,next_purchase,180,100,28.031999999999996,35.227248511980235,1.0742465874483906,6.183887837821373,16.20621626960959,33.31211927106711,53.681689805628686,75.06234386871337,0.98828125,0.9921875,0.0078125,256,0.2145164782537603,0.0,0.0,0.26094606057983305,0.35012732033726474,0.0001373291015625,0.0
demo-human_decline_bot_rise-884000,human_decline_bot_rise,dynamic_hierarchy,63,hold_current,02e6cd37831727e0ff958a5c146d09f990ad451ecaf4f25409f26d3a5f7cc04d,established_a-b000,established_a,0,63,first,180,100,18.0,8.865536317394128,0.2533504724169085,2.5690878710066065,4.280634066270281,8.14744045728118,14.325980758143707,18.03616817024927,0.99609375,1.0,0.0,256,0.08634594287793948,0.0,0.0,0.06513831959742569,0.08779190374516188,1.52587890625e-05,
demo-human_decline_bot_rise-884000,human_decline_bot_rise,dynamic_hierarchy,63,hold_current,02e6cd37831727e0ff958a5c146d09f990ad451ecaf4f25409f26d3a5f7cc04d,established_a-b056,established_a,56,7,newest,180,100,20.016000000000002,8.141683747455984,0.5868625295226647,-7.206860689644015,-3.0543037696892945,7.410401913654784,20.084774263117303,28.950572668332917,0.78515625,0.828125,0.171875,256,-8.325607905420874,0.0,0.0,0.11348549836206835,0.1646729165287686,0.6164703369140625,
demo-human_decline_bot_rise-884000,human_decline_bot_rise,dynamic_hierarchy,63,hold_current,02e6cd37831727e0ff958a5c146d09f990ad451ecaf4f25409f26d3a5f7cc04d,established_a-b070,established_a,70,-7,next_purchase,180,100,21.023999999999997,9.98433976908237,0.719235226039857,-8.767307141553207,-2.6987596896424293,7.854766570711167,25.28606062165918,35.31222515046682,0.8359375,0.84375,0.15625,256,-14.805262562871253,0.0,0.0,0.1843161280917467,0.24789602331953625,0.69879150390625,0.14805262562871252
demo-human_decline_bot_rise-884000,human_decline_bot_rise,dynamic_hierarchy,63,hold_current,02e6cd37831727e0ff958a5c146d09f990ad451ecaf4f25409f26d3a5f7cc04d,established_b-b000,established_b,0,63,first,180,100,24.0,38.547110225276306,0.4170500504513357,26.606022668701044,31.612518887674963,37.54843650913113,47.02564947232384,53.25109845701383,1.0,1.0,0.0,256,20.253836944723584,0.0,0.0,0.1464941862555179,0.18293273280552722,0.0,
demo-human_decline_bot_rise-884000,human_decline_bot_rise,dynamic_hierarchy,63,hold_current,02e6cd37831727e0ff958a5c146d09f990ad451ecaf4f25409f26d3a5f7cc04d,established_b-b056,established_b,56,7,newest,180,100,26.688000000000002,27.73704639564228,0.9375338073991102,1.7027252184790682,10.03061707526103,25.8667656128531,47.96036308760895,58.51495616570328,0.984375,0.98828125,0.01171875,256,5.192927765541413,1.0,0.0,0.1457778411391877,0.22544118630100868,0.000244140625,
demo-human_decline_bot_rise-884000,human_decline_bot_rise,dynamic_hierarchy,63,hold_current,02e6cd37831727e0ff958a5c146d09f990ad451ecaf4f25409f26d3a5f7cc04d,established_b-b070,established_b,70,-7,next_purchase,180,100,28.031999999999996,35.11066408853589,1.2597314401469444,2.949703136368165,13.212050994120752,32.443460355518795,56.73760500574732,90.91206454845334,0.98046875,0.98828125,0.01171875,256,0.2145164782537603,0.0,0.0,0.2447873705341577,0.3489614761028213,0.0003814697265625,0.0
demo-human_decline_bot_rise-884000,human_decline_bot_rise,static_hierarchy,91,hold_current,169ff3403f5a2d8321ad8c1b6c16e9e47558ff350c1b505961d6c45ff1deb0c7,established_a-b000,established_a,0,91,first,180,100,18.0,9.962471027570238,0.19886401851649865,4.96153746299054,6.0972765228866805,9.785356759867977,14.103529889056844,17.32618413283682,1.0,1.0,0.0,256,0.08634594287793948,0.0,0.0,0.08113709314085547,0.098761250846923,0.0,
demo-human_decline_bot_rise-884000,human_decline_bot_rise,static_hierarchy,91,hold_current,169ff3403f5a2d8321ad8c1b6c16e9e47558ff350c1b505961d6c45ff1deb0c7,established_a-b084,established_a,84,7,newest,180,100,24.048000000000002,1.7095548493338293,0.400287990801206,-9.336483402152783,-6.425184775217362,1.5463290228722233,10.005158518032893,14.830124820760204,0.5625,0.65234375,0.34765625,256,-17.260912353998936,0.0,0.0,0.15372551033138707,0.18970467203332766,0.31640625,
demo-human_decline_bot_rise-884000,human_decline_bot_rise,static_hierarchy,91,hold_current,169ff3403f5a2d8321ad8c1b6c16e9e47558ff350c1b505961d6c45ff1deb0c7,established_a-b098,established_a,98,-7,next_purchase,180,100,25.055999999999994,4.117676977493546,0.4272745810621489,-8.564237630686254,-4.550026904855974,3.966929107321409,12.915908279824826,18.43784947976608,0.71484375,0.7734375,0.2265625,256,-19.121373561258633,0.0,0.0,0.19396460072719576,0.2323905053875218,0.5110015869140625,0.19121373561258634
demo-human_decline_bot_rise-884000,human_decline_bot_rise,static_hierarchy,91,hold_current,169ff3403f5a2d8321ad8c1b6c16e9e47558ff350c1b505961d6c45ff1deb0c7,established_b-b000,established_b,0,91,first,180,100,24.0,35.97422903352561,0.30334185840391936,27.351062390650192,30.03334339970363,35.52426565482988,42.760119981938445,45.42125248563278,1.0,1.0,0.0,256,20.253836944723584,0.0,0.0,0.12973561596769786,0.15720392088802027,0.0,
demo-human_decline_bot_rise-884000,human_decline_bot_rise,static_hierarchy,91,hold_current,169ff3403f5a2d8321ad8c1b6c16e9e47558ff350c1b505961d6c45ff1deb0c7,established_b-b084,established_b,84,7,newest,180,100,32.064,22.059691269478,0.6953665996291468,3.1318649136027545,9.26243279207224,21.153977483895638,35.436459520227416,46.11567818679734,0.98828125,0.99609375,0.00390625,256,-3.1940328753737894,0.0,0.0,0.1915625456410993,0.2525372414485179,0.9766998291015625,
demo-human_decline_bot_rise-884000,human_decline_bot_rise,static_hierarchy,91,hold_current,169ff3403f5a2d8321ad8c1b6c16e9e47558ff350c1b505961d6c45ff1deb0c7,established_b-b098,established_b,98,-7,next_purchase,180,100,33.408,24.225615673250466,0.7895989142590959,1.5688257035629354,8.837955089810002,23.578196087879324,40.32689785282922,52.064609348759234,0.984375,0.98828125,0.01171875,256,-19.948062433890875,0.0,0.0,0.3713946021503395,0.4417367810714134,0.968994140625,0.19948062433890876
demo-human_decline_bot_rise-884000,human_decline_bot_rise,dynamic_hierarchy,91,hold_current,169ff3403f5a2d8321ad8c1b6c16e9e47558ff350c1b505961d6c45ff1deb0c7,established_a-b000,established_a,0,91,first,180,100,18.0,11.081828186773961,0.28570103175011524,4.497911261161727,5.996547932288911,10.547357455987887,17.17530245181368,21.17571132664769,1.0,1.0,0.0,256,0.08634594287793948,0.0,0.0,0.08478058512866203,0.10995482243896022,0.0,
demo-human_decline_bot_rise-884000,human_decline_bot_rise,dynamic_hierarchy,91,hold_current,169ff3403f5a2d8321ad8c1b6c16e9e47558ff350c1b505961d6c45ff1deb0c7,established_a-b084,established_a,84,7,newest,180,100,24.048000000000002,6.42046915756253,0.8155772135990274,-10.117946873391709,-7.446268970962876,2.6299989713619727,24.79019659028484,36.35976543061699,0.625,0.68359375,0.31640625,256,-17.260912353998936,0.0,0.0,0.16613198857933514,0.23681381511561464,0.390625,
demo-human_decline_bot_rise-884000,human_decline_bot_rise,dynamic_hierarchy,91,hold_current,169ff3403f5a2d8321ad8c1b6c16e9e47558ff350c1b505961d6c45ff1deb0c7,established_a-b098,established_a,98,-7,next_purchase,180,100,25.055999999999994,12.689169861682267,1.0397929984552017,-8.291695292760343,-4.728154922208109,8.371185689852044,35.0729711431769,56.24209652085001,0.78125,0.83203125,0.16796875,256,-19.121373561258633,0.0,0.0,0.22979297023144088,0.318105434229409,0.6103515625,0.19121373561258634
demo-human_decline_bot_rise-884000,human_decline_bot_rise,dynamic_hierarchy,91,hold_current,169ff3403f5a2d8321ad8c1b6c16e9e47558ff350c1b505961d6c45ff1deb0c7,established_b-b000,established_b,0,91,first,180,100,24.0,37.99475972224882,0.4047917606223008,27.743518673805184,30.511395866718633,37.382544101778805,46.852861234332735,52.49095505171449,1.0,1.0,0.0,256,20.253836944723584,0.0,0.0,0.14115107448046418,0.1774092277752524,0.0,
demo-human_decline_bot_rise-884000,human_decline_bot_rise,dynamic_hierarchy,91,hold_current,169ff3403f5a2d8321ad8c1b6c16e9e47558ff350c1b505961d6c45ff1deb0c7,established_b-b084,established_b,84,7,newest,180,100,32.064,29.151529323427436,1.2613934949011025,-2.164955834088747,4.923145974517208,26.551056836463435,54.64814549653745,76.34033489176547,0.95703125,0.96875,0.03125,256,-3.1940328753737894,0.0,0.0,0.21170378309324037,0.32345562198801225,0.9159088134765625,
demo-human_decline_bot_rise-884000,human_decline_bot_rise,dynamic_hierarchy,91,hold_current,169ff3403f5a2d8321ad8c1b6c16e9e47558ff350c1b505961d6c45ff1deb0c7,established_b-b098,established_b,98,-7,next_purchase,180,100,33.408,36.528733375580174,1.7940758221433708,-0.3487979418267253,7.378430280356316,31.156494287985026,71.00055239355862,109.55501154910063,0.96875,0.984375,0.015625,256,-19.948062433890875,0.0,0.0,0.41555107643940914,0.5647679580947105,0.9384765625,0.19948062433890876
demo-human_decline_bot_rise-884000,human_decline_bot_rise,static_hierarchy,119,hold_current,9d018b9de9fdf567d73f5985050e16b27d8e3d3b4c30531233e5677558244647,established_a-b000,established_a,0,119,first,180,100,18.0,7.168675878491064,0.1414874113891852,3.465067326372191,4.280355588981511,6.962275259968218,10.069912882351678,12.355804281691512,1.0,1.0,0.0,256,0.08634594287793948,0.0,0.0,0.05831455562451028,0.07082329935613124,0.0,
demo-human_decline_bot_rise-884000,human_decline_bot_rise,static_hierarchy,119,hold_current,9d018b9de9fdf567d73f5985050e16b27d8e3d3b4c30531233e5677558244647,established_a-b112,established_a,112,7,newest,180,100,28.080000000000002,-2.4293050441436055,0.373461098303777,-12.776824958428572,-10.234963057613216,-2.577503829241188,4.956399567787237,9.891659635213433,0.35546875,0.40234375,0.59765625,256,-19.97897467337865,0.0,0.0,0.14169269457737926,0.17549669629235048,0.1263580322265625,
demo-human_decline_bot_rise-884000,human_decline_bot_rise,static_hierarchy,119,hold_current,9d018b9de9fdf567d73f5985050e16b27d8e3d3b4c30531233e5677558244647,established_a-b126,established_a,126,-7,next_purchase,180,100,29.088,-3.6251163343576938,0.3803970184760209,-13.573413912830683,-11.023956900289269,-4.551974613402747,4.611771734636953,9.630395476271152,0.24609375,0.3203125,0.6796875,256,-24.54473458603748,0.0,0.0,0.17523024649220825,0.20919618251679786,0.0605621337890625,0.0
demo-human_decline_bot_rise-884000,human_decline_bot_rise,static_hierarchy,119,hold_current,9d018b9de9fdf567d73f5985050e16b27d8e3d3b4c30531233e5677558244647,established_b-b000,established_b,0,119,first,180,100,24.0,29.239807058164814,0.17990907041658064,24.03089859350159,25.576549129590433,29.206747190899915,32.6153451607493,35.75172833518185,1.0,1.0,0.0,256,20.253836944723584,0.0,0.0,0.0739825155382312,0.0898597011344123,0.0,
demo-human_decline_bot_rise-884000,human_decline_bot_rise,static_hierarchy,119,hold_current,9d018b9de9fdf567d73f5985050e16b27d8e3d3b4c30531233e5677558244647,established_b-b112,established_b,112,7,newest,180,100,37.44,7.724793146941732,0.5228319124734115,-6.305720715600698,-2.342374139611877,6.907351771148949,18.019169990068885,25.416438897041402,0.81640625,0.8828125,0.1171875,256,-22.457238470014644,0.0,0.0,0.254823727951362,0.3018203161695638,0.6665191650390625,
demo-human_decline_bot_rise-884000,human_decline_bot_rise,static_hierarchy,119,hold_current,9d018b9de9fdf567d73f5985050e16b27d8e3d3b4c30531233e5677558244647,established_b-b126,established_b,126,-7,next_purchase,180,100,38.784,8.16847095177031,0.6695962701232426,-8.91411902752372,-4.1983236370822326,7.546109994183631,22.955473809786813,34.14539391098547,0.75,0.84765625,0.15234375,256,-20.905171548805995,0.0,0.0,0.2311836963782708,0.2907364250057631,0.5625,0.20905171548805995
demo-human_decline_bot_rise-884000,human_decline_bot_rise,dynamic_hierarchy,119,hold_current,9d018b9de9fdf567d73f5985050e16b27d8e3d3b4c30531233e5677558244647,established_a-b000,established_a,0,119,first,180,100,18.0,5.441432328385832,0.13293886931438506,2.2442584372675336,2.9140618445701687,5.245175292646287,8.15041647404622,10.197337509365955,1.0,1.0,0.0,256,0.08634594287793948,0.0,0.0,0.041884208677137484,0.05355086385507892,0.0,
demo-human_decline_bot_rise-884000,human_decline_bot_rise,dynamic_hierarchy,119,hold_current,9d018b9de9fdf567d73f5985050e16b27d8e3d3b4c30531233e5677558244647,established_a-b112,established_a,112,7,newest,180,100,28.080000000000002,-6.21979183865461,0.577935379516846,-19.077014294343257,-16.033159741094483,-8.177392908016005,6.177275357232006,14.469413928332097,0.19140625,0.25,0.75,256,-19.97897467337865,0.0,0.0,0.08921455962581888,0.13759182834724043,0.0366363525390625,
demo-human_decline_bot_rise-884000,human_decline_bot_rise,dynamic_hierarchy,119,hold_current,9d018b9de9fdf567d73f5985050e16b27d8e3d3b4c30531233e5677558244647,established_a-b126,established_a,126,-7,next_purchase,180,100,29.088,-6.166243109561481,0.6490621757263333,-20.977940000728978,-17.303451289356378,-8.562863953688606,7.66805523593321,18.132879981184743,0.2265625,0.27734375,0.72265625,256,-24.54473458603748,0.0,0.0,0.12849037917335351,0.18378491476476,0.05133056640625,0.0
demo-human_decline_bot_rise-884000,human_decline_bot_rise,dynamic_hierarchy,119,hold_current,9d018b9de9fdf567d73f5985050e16b27d8e3d3b4c30531233e5677558244647,established_b-b000,established_b,0,119,first,180,100,24.0,26.514082319615127,0.16847171137051298,22.284013015920564,23.48793553065842,26.061052345392138,30.245562823317755,32.93035963596795,1.0,1.0,0.0,256,20.253836944723584,0.0,0.0,0.04749975751941732,0.06260245374891543,0.0,
demo-human_decline_bot_rise-884000,human_decline_bot_rise,dynamic_hierarchy,119,hold_current,9d018b9de9fdf567d73f5985050e16b27d8e3d3b4c30531233e5677558244647,established_b-b112,established_b,112,7,newest,180,100,37.44,1.0629082769688107,0.880017950016308,-17.460243119787737,-13.275762108816826,-1.4390458160036133,19.63454043057019,34.26059699995783,0.46484375,0.5234375,0.4765625,256,-22.457238470014644,0.0,0.0,0.16085663905410016,0.23520146746983456,0.2160797119140625,
demo-human_decline_bot_rise-884000,human_decline_bot_rise,dynamic_hierarchy,119,hold_current,9d018b9de9fdf567d73f5985050e16b27d8e3d3b4c30531233e5677558244647,established_b-b126,established_b,126,-7,next_purchase,180,100,38.784,3.670244277785169,1.087965839524177,-21.635902786199622,-15.02381017243124,1.4123205189512227,25.450219476664508,46.33650154275169,0.52734375,0.58203125,0.41796875,256,-20.905171548805995,1.0,0.0,0.15375416030516795,0.24575415826591165,0.2780914306640625,0.20905171548805995
demo-human_decline_bot_rise-884000,human_decline_bot_rise,dynamic_hierarchy,119,fixed_price,9d018b9de9fdf567d73f5985050e16b27d8e3d3b4c30531233e5677558244647,established_a-b000,established_a,0,119,first,180,100,18.0,7.715782623819177,0.16570374407902577,3.1349111806305205,4.637308920229852,7.47051203349746,11.337055070947727,13.212478740720256,1.0,1.0,0.0,256,0.08634594287793948,0.0,0.0,0.06186330572515935,0.07629436680941237,0.0,
demo-human_decline_bot_rise-884000,human_decline_bot_rise,dynamic_hierarchy,119,fixed_price,9d018b9de9fdf567d73f5985050e16b27d8e3d3b4c30531233e5677558244647,established_a-b112,established_a,112,7,newest,180,100,28.080000000000002,6.87259246375395,0.7572644365991753,-9.778793438108025,-5.551754594501034,4.586417205498897,22.838686202270594,40.513994915939875,0.67578125,0.7421875,0.2578125,256,-19.97897467337865,0.0,0.0,0.20461434342223989,0.26851567137132604,0.4566802978515625,
demo-human_decline_bot_rise-884000,human_decline_bot_rise,dynamic_hierarchy,119,fixed_price,9d018b9de9fdf567d73f5985050e16b27d8e3d3b4c30531233e5677558244647,established_a-b126,established_a,126,-7,next_purchase,180,100,29.088,9.7972826297601,0.8490700296636424,-10.715030568123304,-4.596399495954834,7.180785573622096,28.751181726115625,41.884682726289206,0.734375,0.78125,0.21875,256,-24.54473458603748,0.0,0.0,0.2689312618363991,0.3434201721579758,0.539306640625,0.2454473458603748
demo-human_decline_bot_rise-884000,human_decline_bot_rise,dynamic_hierarchy,119,fixed_price,9d018b9de9fdf567d73f5985050e16b27d8e3d3b4c30531233e5677558244647,established_b-b000,established_b,0,119,first,180,100,24.0,30.495257181289,0.24081370655350326,23.974642621690677,25.82198861275632,30.154177830372983,35.20266797956552,39.550070162622994,1.0,1.0,0.0,256,20.253836944723584,0.0,0.0,0.08130241138072788,0.10241420236565414,0.0,
demo-human_decline_bot_rise-884000,human_decline_bot_rise,dynamic_hierarchy,119,fixed_price,9d018b9de9fdf567d73f5985050e16b27d8e3d3b4c30531233e5677558244647,established_b-b112,established_b,112,7,newest,180,100,37.44,23.790403040460966,1.1799118159235726,-3.246930002796973,4.590177997597873,20.94834961747258,47.28497391036245,63.305441671001915,0.95703125,0.97265625,0.02734375,256,-22.457238470014644,0.0,0.0,0.36326032201345987,0.4624764151047561,0.9159088134765625,
demo-human_decline_bot_rise-884000,human_decline_bot_rise,dynamic_hierarchy,119,fixed_price,9d018b9de9fdf567d73f5985050e16b27d8e3d3b4c30531233e5677558244647,established_b-b126,established_b,126,-7,next_purchase,180,100,38.784,32.211067587347316,1.480916612375794,0.6247176783117698,6.903939529022729,27.275580882366867,61.92128072876735,89.27754616631813,0.9765625,0.9921875,0.0078125,256,-20.905171548805995,0.0,0.0,0.404105706814695,0.5311623913615331,0.95367431640625,0.20905171548805995
demo-human_decline_bot_rise-884000,human_decline_bot_rise,dynamic_hierarchy,119,continue_recent_trend,9d018b9de9fdf567d73f5985050e16b27d8e3d3b4c30531233e5677558244647,established_a-b000,established_a,0,119,first,180,100,18.0,5.773155172833565,0.16909377433790565,2.051511149021558,3.034136125914827,5.471697609781499,9.117612863959474,12.920330694040517,1.0,1.0,0.0,256,0.08634594287793948,0.0,0.0,0.04244636499485011,0.05686809229955626,0.0,
demo-human_decline_bot_rise-884000,human_decline_bot_rise,dynamic_hierarchy,119,continue_recent_trend,9d018b9de9fdf567d73f5985050e16b27d8e3d3b4c30531233e5677558244647,established_a-b112,established_a,112,7,newest,180,100,28.080000000000002,5.208296464521455,2.378529884062018,-22.94125790070791,-19.45355556207674,-6.403027690799448,36.436423920024104,96.07465082887808,0.3984375,0.42578125,0.57421875,256,-19.97897467337865,1.0,0.0,0.10424223576106556,0.251872711379001,0.15875244140625,
demo-human_decline_bot_rise-884000,human_decline_bot_rise,dynamic_hierarchy,119,continue_recent_trend,9d018b9de9fdf567d73f5985050e16b27d8e3d3b4c30531233e5677558244647,established_a-b126,established_a,126,-7,next_purchase,180,100,29.088,7.965675105903797,2.9712562317418496,-25.68889708282541,-20.913885907364147,-6.239754773089999,45.156480654219145,109.3075598207135,0.40625,0.44921875,0.55078125,256,-24.54473458603748,1.0,0.0,0.14170034294411646,0.3251040969194128,0.1650390625,0.2454473458603748
demo-human_decline_bot_rise-884000,human_decline_bot_rise,dynamic_hierarchy,119,continue_recent_trend,9d018b9de9fdf567d73f5985050e16b27d8e3d3b4c30531233e5677558244647,established_b-b000,established_b,0,119,first,180,100,24.0,27.397211223945263,0.2763860041969743,21.787109851754927,22.962732727900327,26.282493617043286,32.05660366061005,39.66564282443361,1.0,1.0,0.0,256,20.253836944723584,0.0,0.0,0.04909460778484295,0.07143374279221679,0.0,
demo-human_decline_bot_rise-884000,human_decline_bot_rise,dynamic_hierarchy,119,continue_recent_trend,9d018b9de9fdf567d73f5985050e16b27d8e3d3b4c30531233e5677558244647,established_b-b112,established_b,112,7,newest,180,100,37.44,19.6066161849241,3.8124404555434843,-25.170710729669835,-18.208313211233083,0.5522762098267506,73.04313763848253,155.13419536958023,0.515625,0.5546875,0.4453125,256,-22.457238470014644,1.0,0.0,0.182356416803215,0.4206385465493874,0.265869140625,
demo-human_decline_bot_rise-884000,human_decline_bot_rise,dynamic_hierarchy,119,continue_recent_trend,9d018b9de9fdf567d73f5985050e16b27d8e3d3b4c30531233e5677558244647,established_b-b126,established_b,126,-7,next_purchase,180,100,38.784,27.736867238003022,4.664995226273147,-29.872714628624934,-22.490530638799413,3.6720738818427208,89.30870381141004,212.53491271356657,0.53515625,0.56640625,0.43359375,256,-20.905171548805995,1.0,1.0,0.19013827163581262,0.48642038786809016,0.2863922119140625,0.20905171548805995
demo-cheap_good-884000,cheap_good,static_hierarchy,35,hold_current,104bab93ab56e8abf184985ead4999118118686c53d55b1f4189672ae3a6f1db,established_a-b000,established_a,0,35,first,180,100,18.0,14.669050725579527,0.4118784236722273,3.781430214216346,6.6168901587310085,14.474921449690356,22.08810029379634,28.824275960705247,0.99609375,1.0,0.0,256,0.08634594287793948,0.0,0.0,0.10953530645019428,0.1458270478270159,1.52587890625e-05,
demo-cheap_good-884000,cheap_good,static_hierarchy,35,hold_current,104bab93ab56e8abf184985ead4999118118686c53d55b1f4189672ae3a6f1db,established_a-b028,established_a,28,7,newest,180,100,18.0,15.674162194577628,0.7736787798628145,-2.6123429002441094,1.8020312069900122,13.86083273848112,31.64325127378134,42.9339095666347,0.94140625,0.95703125,0.04296875,256,-1.285763591153626,1.0,0.0,0.10543396968097615,0.16959925785731256,0.8862457275390625,
demo-cheap_good-884000,cheap_good,static_hierarchy,35,hold_current,104bab93ab56e8abf184985ead4999118118686c53d55b1f4189672ae3a6f1db,established_a-b042,established_a,42,-7,next_purchase,180,100,18.0,16.429335663913093,1.251972252773329,-8.02986943198861,-2.920849407516993,12.366887307870554,37.639840951714355,61.380639573844114,0.84765625,0.859375,0.140625,256,-7.1258352343073295,1.0,0.0,0.13933280697546585,0.23555170898220423,0.7185211181640625,0.07125835234307329
demo-cheap_good-884000,cheap_good,static_hierarchy,35,hold_current,104bab93ab56e8abf184985ead4999118118686c53d55b1f4189672ae3a6f1db,established_b-b000,established_b,0,35,first,180,100,24.0,42.5619586103926,0.5652839635831369,27.817437500347992,32.463965985368546,41.32898779892116,54.7310999647651,60.18119592065033,1.0,1.0,0.0,256,20.253836944723584,0.0,0.0,0.17256232425728057,0.22308121665669017,0.0,
demo-cheap_good-884000,cheap_good,static_hierarchy,35,hold_current,104bab93ab56e8abf184985ead4999118118686c53d55b1f4189672ae3a6f1db,established_b-b028,established_b,28,7,newest,180,100,24.0,36.7682242464692,1.3450842139086827,9.100050830670583,16.292217188610028,34.840324696379945,62.070427600201654,80.37403252309673,0.99609375,0.99609375,0.00390625,256,16.22920401773897,1.0,0.0,0.11002155472358513,0.20539020228730234,1.52587890625e-05,
demo-cheap_good-884000,cheap_good,static_hierarchy,35,hold_current,104bab93ab56e8abf184985ead4999118118686c53d55b1f4189672ae3a6f1db,established_b-b042,established_b,42,-7,next_purchase,180,100,24.0,41.46116510399806,2.3280906698866115,-0.27272976727686693,9.50375762918247,34.94209709243903,76.4043347533832,109.7130164389621,0.96875,0.98046875,0.01953125,256,13.284382936582958,1.0,1.0,0.1410425491387056,0.28176782167415104,0.0009765625,0.0
demo-cheap_good-884000,cheap_good,dynamic_hierarchy,35,hold_current,104bab93ab56e8abf184985ead4999118118686c53d55b1f4189672ae3a6f1db,established_a-b000,established_a,0,35,first,180,100,18.0,14.894601476105564,0.5612061815725922,2.2803959199268347,6.370147528590648,13.540622223838794,26.364849213024616,34.548462786491044,0.9921875,0.99609375,0.00390625,256,0.08634594287793948,0.0,0.0,0.10142297238659088,0.14808255533227624,6.103515625e-05,
demo-cheap_good-884000,cheap_good,dynamic_hierarchy,35,hold_current,104bab93ab56e8abf184985ead4999118118686c53d55b1f4189672ae3a6f1db,established_a-b028,established_a,28,7,newest,180,100,18.0,16.700424268935983,0.9335859491722707,-4.966085606185102,-0.2769783693567618,15.295745459184186,36.34924323323193,47.49734506282232,0.8984375,0.91015625,0.08984375,256,-1.285763591153626,1.0,0.0,0.10443046710355501,0.17986187860089609,0.80718994140625,
demo-cheap_good-884000,cheap_good,dynamic_hierarchy,35,hold_current,104bab93ab56e8abf184985ead4999118118686c53d55b1f4189672ae3a6f1db,established_a-b042,established_a,42,-7,next_purchase,180,100,18.0,16.437558615191648,1.1208176854853706,-8.637550821739069,-2.583087698201579,13.507579112926448,40.24515956005193,58.03018193233371,0.86328125,0.8671875,0.1328125,256,-7.1258352343073295,1.0,0.0,0.1426148153123916,0.2356339384949898,0.7452545166015625,0.07125835234307329
demo-cheap_good-884000,cheap_good,dynamic_hierarchy,35,hold_current,104bab93ab56e8abf184985ead4999118118686c53d55b1f4189672ae3a6f1db,established_b-b000,established_b,0,35,first,180,100,24.0,43.09516132006775,0.7466185563581846,23.58454995014113,29.466776011418556,41.14823494331389,58.268536056787475,71.37254671496186,1.0,1.0,0.0,256,20.253836944723584,0.0,0.0,0.16275261105195518,0.22841324375344169,0.0,
demo-cheap_good-884000,cheap_good,dynamic_hierarchy,35,hold_current,104bab93ab56e8abf184985ead4999118118686c53d55b1f4189672ae3a6f1db,established_b-b028,established_b,28,7,newest,180,100,24.0,37.11725075376695,1.2362674985194608,6.3778568920885,15.221197536583293,34.069710237709636,62.17611567149592,78.89997849249194,1.0,1.0,0.0,256,16.22920401773897,1.0,1.0,0.11477929865104641,0.20888046736027985,0.0,
demo-cheap_good-884000,cheap_good,dynamic_hierarchy,35,hold_current,104bab93ab56e8abf184985ead4999118118686c53d55b1f4189672ae3a6f1db,established_b-b042,established_b,42,-7,next_purchase,180,100,24.0,39.911845204241004,1.7403633431768362,-3.9371248151597245,8.809069475301673,35.21284778135899,77.07341401421786,106.88581601447143,0.9609375,0.96484375,0.03515625,256,13.284382936582958,1.0,1.0,0.14384098757733735,0.2662746226765805,0.00152587890625,0.0
demo-cheap_good-884000,cheap_good,static_hierarchy,63,hold_current,02e6cd37831727e0ff958a5c146d09f990ad451ecaf4f25409f26d3a5f7cc04d,established_a-b000,established_a,0,63,first,180,100,18.0,9.14589422056604,0.24176347163176753,2.8230100295653147,4.486809250852993,8.71967185251292,14.32186676754278,16.85424109644897,0.9921875,0.99609375,0.00390625,256,0.08634594287793948,0.0,0.0,0.06883403589107133,0.09059548277688101,6.103515625e-05,
demo-cheap_good-884000,cheap_good,static_hierarchy,63,hold_current,02e6cd37831727e0ff958a5c146d09f990ad451ecaf4f25409f26d3a5f7cc04d,established_a-b056,established_a,56,7,newest,180,100,20.016000000000002,8.152861528038317,0.5570938680082719,-7.5406736064307704,-1.6126297466293895,7.351065644762928,19.7995388482992,26.254056495614858,0.83203125,0.87109375,0.12890625,256,-8.325607905420874,0.0,0.0,0.11630018360408448,0.1647846943345919,0.6922760009765625,
demo-cheap_good-884000,cheap_good,static_hierarchy,63,hold_current,02e6cd37831727e0ff958a5c146d09f990ad451ecaf4f25409f26d3a5f7cc04d,established_a-b070,established_a,70,-7,next_purchase,180,100,21.023999999999997,9.93680945757091,0.6731271978554889,-5.453155500711041,-1.7148800899616177,8.603647890266021,23.946411782613655,35.5423308340815,0.8359375,0.86328125,0.13671875,256,-14.805262562871253,0.0,0.0,0.18964451715503813,0.24742072020442163,0.69879150390625,0.14805262562871252
demo-cheap_good-884000,cheap_good,static_hierarchy,63,hold_current,02e6cd37831727e0ff958a5c146d09f990ad451ecaf4f25409f26d3a5f7cc04d,established_b-b000,established_b,0,63,first,180,100,24.0,38.610176059805866,0.3465602797820843,29.139087717145003,32.22960110726853,37.98506715604489,46.215272559031916,51.44395216921252,1.0,1.0,0.0,256,20.253836944723584,0.0,0.0,0.15259553252383906,0.18356339115082282,0.0,
demo-cheap_good-884000,cheap_good,static_hierarchy,63,hold_current,02e6cd37831727e0ff958a5c146d09f990ad451ecaf4f25409f26d3a5f7cc04d,established_b-b056,established_b,56,7,newest,180,100,26.688000000000002,29.742232702144005,0.8949863241207229,3.509690835818684,12.069805241226518,29.53023921076642,48.08598355454625,58.65070981049922,0.98828125,0.98828125,0.01171875,256,5.192927765541413,1.0,0.0,0.16901719505023965,0.24549304936602592,0.0001373291015625,
demo-cheap_good-884000,cheap_good,static_hierarchy,63,hold_current,02e6cd37831727e0ff958a5c146d09f990ad451ecaf4f25409f26d3a5f7cc04d,established_b-b070,established_b,70,-7,next_purchase,180,100,28.031999999999996,35.227248511980235,1.0742465874483906,6.183887837821373,16.20621626960959,33.31211927106711,53.681689805628686,75.06234386871337,0.98828125,0.9921875,0.0078125,256,0.2145164782537603,0.0,0.0,0.26094606057983305,0.35012732033726474,0.0001373291015625,0.0
demo-cheap_good-884000,cheap_good,dynamic_hierarchy,63,hold_current,02e6cd37831727e0ff958a5c146d09f990ad451ecaf4f25409f26d3a5f7cc04d,established_a-b000,established_a,0,63,first,180,100,18.0,8.865536317394128,0.2533504724169085,2.5690878710066065,4.280634066270281,8.14744045728118,14.325980758143707,18.03616817024927,0.99609375,1.0,0.0,256,0.08634594287793948,0.0,0.0,0.06513831959742569,0.08779190374516188,1.52587890625e-05,
demo-cheap_good-884000,cheap_good,dynamic_hierarchy,63,hold_current,02e6cd37831727e0ff958a5c146d09f990ad451ecaf4f25409f26d3a5f7cc04d,established_a-b056,established_a,56,7,newest,180,100,20.016000000000002,8.141683747455984,0.5868625295226647,-7.206860689644015,-3.0543037696892945,7.410401913654784,20.084774263117303,28.950572668332917,0.78515625,0.828125,0.171875,256,-8.325607905420874,0.0,0.0,0.11348549836206835,0.1646729165287686,0.6164703369140625,
demo-cheap_good-884000,cheap_good,dynamic_hierarchy,63,hold_current,02e6cd37831727e0ff958a5c146d09f990ad451ecaf4f25409f26d3a5f7cc04d,established_a-b070,established_a,70,-7,next_purchase,180,100,21.023999999999997,9.98433976908237,0.719235226039857,-8.767307141553207,-2.6987596896424293,7.854766570711167,25.28606062165918,35.31222515046682,0.8359375,0.84375,0.15625,256,-14.805262562871253,0.0,0.0,0.1843161280917467,0.24789602331953625,0.69879150390625,0.14805262562871252
demo-cheap_good-884000,cheap_good,dynamic_hierarchy,63,hold_current,02e6cd37831727e0ff958a5c146d09f990ad451ecaf4f25409f26d3a5f7cc04d,established_b-b000,established_b,0,63,first,180,100,24.0,38.547110225276306,0.4170500504513357,26.606022668701044,31.612518887674963,37.54843650913113,47.02564947232384,53.25109845701383,1.0,1.0,0.0,256,20.253836944723584,0.0,0.0,0.1464941862555179,0.18293273280552722,0.0,
demo-cheap_good-884000,cheap_good,dynamic_hierarchy,63,hold_current,02e6cd37831727e0ff958a5c146d09f990ad451ecaf4f25409f26d3a5f7cc04d,established_b-b056,established_b,56,7,newest,180,100,26.688000000000002,27.73704639564228,0.9375338073991102,1.7027252184790682,10.03061707526103,25.8667656128531,47.96036308760895,58.51495616570328,0.984375,0.98828125,0.01171875,256,5.192927765541413,1.0,0.0,0.1457778411391877,0.22544118630100868,0.000244140625,
demo-cheap_good-884000,cheap_good,dynamic_hierarchy,63,hold_current,02e6cd37831727e0ff958a5c146d09f990ad451ecaf4f25409f26d3a5f7cc04d,established_b-b070,established_b,70,-7,next_purchase,180,100,28.031999999999996,35.11066408853589,1.2597314401469444,2.949703136368165,13.212050994120752,32.443460355518795,56.73760500574732,90.91206454845334,0.98046875,0.98828125,0.01171875,256,0.2145164782537603,0.0,0.0,0.2447873705341577,0.3489614761028213,0.0003814697265625,0.0
demo-cheap_good-884000,cheap_good,static_hierarchy,91,hold_current,8e5ecee7e8f207471a2beba4929837a55ea9af34d7cffc81fea78b2f1e30e15d,established_a-b000,established_a,0,91,first,180,100,18.0,10.074274459787578,0.22426047825085543,4.941536824511447,5.744526146331712,9.40823207407299,15.162287402652005,19.472607626360315,1.0,1.0,0.0,256,0.08634594287793948,0.0,0.0,0.08033423042083593,0.09987928516909639,0.0,
demo-cheap_good-884000,cheap_good,static_hierarchy,91,hold_current,8e5ecee7e8f207471a2beba4929837a55ea9af34d7cffc81fea78b2f1e30e15d,established_a-b084,established_a,84,7,newest,180,100,24.048000000000002,1.2961823101490422,0.3779897669249857,-9.134138207214999,-6.108544132531195,1.0712171378056468,8.661742143137303,13.51680095904476,0.5546875,0.63671875,0.36328125,256,-17.260912353998936,0.0,0.0,0.15185686268058235,0.18557094664147977,0.30767822265625,
demo-cheap_good-884000,cheap_good,static_hierarchy,91,hold_current,8e5ecee7e8f207471a2beba4929837a55ea9af34d7cffc81fea78b2f1e30e15d,established_a-b098,established_a,98,-7,next_purchase,180,100,25.055999999999994,4.2810005149811765,0.4604382247373302,-8.936404953340048,-4.802231754619411,3.904538718838797,13.49857969774845,21.20174159215399,0.71484375,0.7734375,0.2265625,256,-19.121373561258633,0.0,0.0,0.19295884465210264,0.2340237407623981,0.5110015869140625,0.19121373561258634
demo-cheap_good-884000,cheap_good,static_hierarchy,91,hold_current,8e5ecee7e8f207471a2beba4929837a55ea9af34d7cffc81fea78b2f1e30e15d,established_b-b000,established_b,0,91,first,180,100,24.0,36.86320031320284,0.2920076696240203,28.254151053269247,31.047507840800687,36.231974973198824,42.90641716015321,46.47064930234677,1.0,1.0,0.0,256,20.253836944723584,0.0,0.0,0.13961358080198588,0.16609363368479255,0.0,
demo-cheap_good-884000,cheap_good,static_hierarchy,91,hold_current,8e5ecee7e8f207471a2beba4929837a55ea9af34d7cffc81fea78b2f1e30e15d,established_b-b084,established_b,84,7,newest,180,100,32.064,21.251651585936074,0.6918952076027808,2.5382267068239015,9.086275104009097,19.06444686576287,36.8427279610236,46.696164930423194,0.9921875,1.0,0.0,256,-3.1940328753737894,0.0,0.0,0.18303119158132183,0.24445684461309863,0.98443603515625,
demo-cheap_good-884000,cheap_good,static_hierarchy,91,hold_current,8e5ecee7e8f207471a2beba4929837a55ea9af34d7cffc81fea78b2f1e30e15d,established_b-b098,established_b,98,-7,next_purchase,180,100,33.408,23.95372459588325,0.8084713208669998,0.8408674762991328,8.77024667198894,22.655178388077218,41.53382582734577,50.9734318445236,0.98046875,0.984375,0.015625,256,-19.948062433890875,0.0,0.0,0.3668211027115159,0.43901787029774125,0.9613189697265625,0.19948062433890876
demo-cheap_good-884000,cheap_good,dynamic_hierarchy,91,hold_current,8e5ecee7e8f207471a2beba4929837a55ea9af34d7cffc81fea78b2f1e30e15d,established_a-b000,established_a,0,91,first,180,100,18.0,10.681433083929166,0.24834391260296823,4.5887171259383495,6.128818544502412,10.262842487518805,15.943206516913705,19.24373999762727,1.0,1.0,0.0,256,0.08634594287793948,0.0,0.0,0.08429793021368209,0.10595087141051227,0.0,
demo-cheap_good-884000,cheap_good,dynamic_hierarchy,91,hold_current,8e5ecee7e8f207471a2beba4929837a55ea9af34d7cffc81fea78b2f1e30e15d,established_a-b084,established_a,84,7,newest,180,100,24.048000000000002,6.157595780811437,0.7083472047451024,-10.189996068777603,-5.4547541345379,3.5729742888489238,20.68673835783076,31.192700320156533,0.67578125,0.7421875,0.2578125,256,-17.260912353998936,0.0,0.0,0.17353715656798932,0.23418508134810373,0.4566802978515625,
demo-cheap_good-884000,cheap_good,dynamic_hierarchy,91,hold_current,8e5ecee7e8f207471a2beba4929837a55ea9af34d7cffc81fea78b2f1e30e15d,established_a-b098,established_a,98,-7,next_purchase,180,100,25.055999999999994,9.532524057267988,0.9813657444584909,-9.786203077571988,-5.468196707955201,5.73568895255867,27.439048232124783,50.46862133524857,0.6953125,0.76953125,0.23046875,256,-19.121373561258633,0.0,0.0,0.2057968929598458,0.2865389761852662,0.48345947265625,0.19121373561258634
demo-cheap_good-884000,cheap_good,dynamic_hierarchy,91,hold_current,8e5ecee7e8f207471a2beba4929837a55ea9af34d7cffc81fea78b2f1e30e15d,established_b-b000,established_b,0,91,first,180,100,24.0,37.06604997875282,0.41983518233809425,26.65564958718773,29.00775389742767,36.72547816737619,45.4292444019634,50.661529828187774,1.0,1.0,0.0,256,20.253836944723584,0.0,0.0,0.13093203931917452,0.16812213034029239,0.0,
demo-cheap_good-884000,cheap_good,dynamic_hierarchy,91,hold_current,8e5ecee7e8f207471a2beba4929837a55ea9af34d7cffc81fea78b2f1e30e15d,established_b-b084,established_b,84,7,newest,180,100,32.064,27.878664912851125,1.2379172652778059,0.05594157863892324,6.078143896788575,23.892809339537617,56.79375465530404,78.37101384358883,0.97265625,0.97265625,0.02734375,256,-3.1940328753737894,0.0,0.0,0.20368990629908906,0.3107269778822491,0.9460601806640625,
demo-cheap_good-884000,cheap_good,dynamic_hierarchy,91,hold_current,8e5ecee7e8f207471a2beba4929837a55ea9af34d7cffc81fea78b2f1e30e15d,established_b-b098,established_b,98,-7,next_purchase,180,100,33.408,35.97278959792969,1.6149276786575189,-1.5197044697626807,7.464728465514593,31.965905350196444,66.12761430722037,95.66346162001928,0.9609375,0.9765625,0.0234375,256,-19.948062433890875,0.0,0.0,0.41867984768693917,0.5592085203182057,0.92340087890625,0.19948062433890876
demo-cheap_good-884000,cheap_good,static_hierarchy,119,hold_current,9931ce56e3f66e40c979190100421e055ce6219609c3c746516dfd626a420d99,established_a-b000,established_a,0,119,first,180,100,18.0,7.031179044386161,0.14569566160879327,3.0150615687741427,4.170897835668535,6.8118036974227,10.178576850690561,11.506465777273903,1.0,1.0,0.0,256,0.08634594287793948,0.0,0.0,0.056209837574600074,0.06944833101508222,0.0,
demo-cheap_good-884000,cheap_good,static_hierarchy,119,hold_current,9931ce56e3f66e40c979190100421e055ce6219609c3c746516dfd626a420d99,established_a-b112,established_a,112,7,newest,180,100,28.080000000000002,-2.0496140942289376,0.42105420287580597,-12.601440430120077,-9.609645764417708,-2.671817033074573,6.562715605671411,11.46104375060866,0.328125,0.421875,0.578125,256,-19.97897467337865,0.0,0.0,0.14242984908538803,0.17929360579149717,0.107666015625,
demo-cheap_good-884000,cheap_good,static_hierarchy,119,hold_current,9931ce56e3f66e40c979190100421e055ce6219609c3c746516dfd626a420d99,established_a-b126,established_a,126,-7,next_purchase,180,100,29.088,-3.688862208852063,0.39480935224583513,-14.25246713249728,-10.98883863558978,-4.574118543514173,5.241697756831581,8.081726293685577,0.29296875,0.33984375,0.66015625,256,-24.54473458603748,0.0,0.0,0.17284930770301443,0.2085587237718542,0.0858306884765625,0.0
demo-cheap_good-884000,cheap_good,static_hierarchy,119,hold_current,9931ce56e3f66e40c979190100421e055ce6219609c3c746516dfd626a420d99,established_b-b000,established_b,0,119,first,180,100,24.0,29.348175529894746,0.17346775444720577,24.885729534939053,25.861689582206026,29.124131199599564,33.16715263538723,34.77567467846651,1.0,1.0,0.0,256,20.253836944723584,0.0,0.0,0.07523154590560015,0.09094338585171162,0.0,
demo-cheap_good-884000,cheap_good,static_hierarchy,119,hold_current,9931ce56e3f66e40c979190100421e055ce6219609c3c746516dfd626a420d99,established_b-b112,established_b,112,7,newest,180,100,37.44,7.365797384502583,0.5919473002977582,-9.078213193577291,-4.032514042236951,6.6690840088908345,18.55173982103362,29.96547760615077,0.79296875,0.8515625,0.1484375,256,-22.457238470014644,0.0,0.0,0.2461206628044576,0.29823035854517227,0.6287994384765625,
demo-cheap_good-884000,cheap_good,static_hierarchy,119,hold_current,9931ce56e3f66e40c979190100421e055ce6219609c3c746516dfd626a420d99,established_b-b126,established_b,126,-7,next_purchase,180,100,38.784,8.380613558145516,0.6178552266387277,-8.167365038909244,-2.5197225082988908,8.048160815406622,20.102537586269783,29.09222923379384,0.80859375,0.88671875,0.11328125,256,-20.905171548805995,0.0,0.0,0.23925178928925486,0.2928578510695151,0.6538238525390625,0.20905171548805995
demo-cheap_good-884000,cheap_good,dynamic_hierarchy,119,hold_current,9931ce56e3f66e40c979190100421e055ce6219609c3c746516dfd626a420d99,established_a-b000,established_a,0,119,first,180,100,18.0,5.733137960016565,0.13451403033906195,2.184958644840144,3.1425181650350957,5.458033666169383,8.59406276163843,10.357263539501172,1.0,1.0,0.0,256,0.08634594287793948,0.0,0.0,0.04437537594943478,0.05646792017138625,0.0,
demo-cheap_good-884000,cheap_good,dynamic_hierarchy,119,hold_current,9931ce56e3f66e40c979190100421e055ce6219609c3c746516dfd626a420d99,established_a-b112,established_a,112,7,newest,180,100,28.080000000000002,-4.550210177998657,0.6160494010089366,-18.06191877359556,-14.527816655202535,-6.275902283327449,6.048924042540868,22.68309143516582,0.2578125,0.28515625,0.71484375,256,-19.97897467337865,0.0,0.0,0.10254560996861162,0.15428764495379993,0.06646728515625,
demo-cheap_good-884000,cheap_good,dynamic_hierarchy,119,hold_current,9931ce56e3f66e40c979190100421e055ce6219609c3c746516dfd626a420d99,established_a-b126,established_a,126,-7,next_purchase,180,100,29.088,-4.747615268836874,0.6529516423638438,-21.45144283151363,-15.755706171601897,-6.6094574860909905,8.827685323077883,19.787487798909318,0.2578125,0.296875,0.703125,256,-24.54473458603748,0.0,0.0,0.1420753026762812,0.19797119317200607,0.06646728515625,0.0
demo-cheap_good-884000,cheap_good,dynamic_hierarchy,119,hold_current,9931ce56e3f66e40c979190100421e055ce6219609c3c746516dfd626a420d99,established_b-b000,established_b,0,119,first,180,100,24.0,26.97533328551838,0.1697110036211323,22.510458319378642,23.402646464599634,26.782130236051373,30.510392652588877,32.15747691981474,1.0,1.0,0.0,256,20.253836944723584,0.0,0.0,0.05192128152558439,0.06721496340794797,0.0,
demo-cheap_good-884000,cheap_good,dynamic_hierarchy,119,hold_current,9931ce56e3f66e40c979190100421e055ce6219609c3c746516dfd626a420d99,established_b-b112,established_b,112,7,newest,180,100,37.44,4.418985343459863,0.9430095444290811,-15.711367662045772,-11.92621323458833,0.7318497438297449,23.085468191058528,41.30022836126306,0.53125,0.59375,0.40625,256,-22.457238470014644,0.0,0.0,0.18709771205158732,0.2687622381347451,0.2822265625,
demo-cheap_good-884000,cheap_good,dynamic_hierarchy,119,hold_current,9931ce56e3f66e40c979190100421e055ce6219609c3c746516dfd626a420d99,established_b-b126,established_b,126,-7,next_purchase,180,100,38.784,4.871557120293923,1.1019715635175755,-19.949638797207946,-12.633479478697232,1.2962399368175106,27.77646900931051,49.36962524249881,0.5390625,0.59375,0.40625,256,-20.905171548805995,0.0,0.0,0.16732390612464174,0.2577672866909992,0.29058837890625,0.20905171548805995
demo-cheap_good-884000,cheap_good,dynamic_hierarchy,119,fixed_price,9931ce56e3f66e40c979190100421e055ce6219609c3c746516dfd626a420d99,established_a-b000,established_a,0,119,first,180,100,18.0,8.001843382290282,0.1644685104845519,3.8994129616551976,4.896410986240436,7.783724931588431,11.433929518528261,14.57575466974998,1.0,1.0,0.0,256,0.08634594287793948,0.0,0.0,0.06476639667035546,0.07915497439412342,0.0,
demo-cheap_good-884000,cheap_good,dynamic_hierarchy,119,fixed_price,9931ce56e3f66e40c979190100421e055ce6219609c3c746516dfd626a420d99,established_a-b112,established_a,112,7,newest,180,100,28.080000000000002,9.43894715007966,0.7110874731663865,-7.7252423517860365,-3.6584093233800434,7.888964059336391,25.29112465840168,32.33595975385984,0.765625,0.8046875,0.1953125,256,-19.97897467337865,0.0,0.0,0.2306522412088004,0.2941792182345831,0.586181640625,
demo-cheap_good-884000,cheap_good,dynamic_hierarchy,119,fixed_price,9931ce56e3f66e40c979190100421e055ce6219609c3c746516dfd626a420d99,established_a-b126,established_a,126,-7,next_purchase,180,100,29.088,12.513615047812783,0.8889964340238827,-6.5858117139282655,-3.3859252745112425,10.314157374959514,28.364323863687545,42.90231636441786,0.828125,0.8671875,0.1328125,256,-24.54473458603748,0.0,0.0,0.2956595937938037,0.3705834963385026,0.685791015625,0.2454473458603748
demo-cheap_good-884000,cheap_good,dynamic_hierarchy,119,fixed_price,9931ce56e3f66e40c979190100421e055ce6219609c3c746516dfd626a420d99,established_b-b000,established_b,0,119,first,180,100,24.0,31.442361527572285,0.2496340977403283,25.00570303533847,26.704942373110708,31.35271223454106,36.82603558868579,40.41366690311247,1.0,1.0,0.0,256,20.253836944723584,0.0,0.0,0.08953485288854289,0.111885245828487,0.0,
demo-cheap_good-884000,cheap_good,dynamic_hierarchy,119,fixed_price,9931ce56e3f66e40c979190100421e055ce6219609c3c746516dfd626a420d99,established_b-b112,established_b,112,7,newest,180,100,37.44,28.323977387111935,1.2510309681600071,-0.9431054853182967,7.2856606821904,24.043560785294293,53.22404295374624,75.65282450001699,0.96875,0.98046875,0.01953125,256,-22.457238470014644,0.0,0.0,0.4002489769734235,0.5078121585712658,0.9384765625,
demo-cheap_good-884000,cheap_good,dynamic_hierarchy,119,fixed_price,9931ce56e3f66e40c979190100421e055ce6219609c3c746516dfd626a420d99,established_b-b126,established_b,126,-7,next_purchase,180,100,38.784,36.93720077860003,1.4189947171784087,5.248784127371848,12.97409088729469,32.80162195781723,69.2817345514646,93.95568123252379,0.99609375,1.0,0.0,256,-20.905171548805995,0.0,0.0,0.45567872819253175,0.5784237232740602,0.9922027587890625,0.20905171548805995
demo-cheap_good-884000,cheap_good,dynamic_hierarchy,119,continue_recent_trend,9931ce56e3f66e40c979190100421e055ce6219609c3c746516dfd626a420d99,established_a-b000,established_a,0,119,first,180,100,18.0,6.541125390709174,0.18028878934904627,2.381939350483151,3.4858106381043825,6.263737103487035,10.357003999753807,13.376485522790569,1.0,1.0,0.0,256,0.08634594287793948,0.0,0.0,0.04882901392386562,0.06454779447831234,0.0,
demo-cheap_good-884000,cheap_good,dynamic_hierarchy,119,continue_recent_trend,9931ce56e3f66e40c979190100421e055ce6219609c3c746516dfd626a420d99,established_a-b112,established_a,112,7,newest,180,100,28.080000000000002,24.13089453806071,4.279100399296502,-20.89719236989547,-15.028546769022258,5.595645964518688,71.36798021652761,204.32760385501925,0.58203125,0.640625,0.359375,256,-19.97897467337865,1.0,0.0,0.188058806094602,0.4410986921143936,0.3387603759765625,
demo-cheap_good-884000,cheap_good,dynamic_hierarchy,119,continue_recent_trend,9931ce56e3f66e40c979190100421e055ce6219609c3c746516dfd626a420d99,established_a-b126,established_a,126,-7,next_purchase,180,100,29.088,35.970940340435774,6.401741701713385,-22.685616793450397,-17.35159438691162,5.733995166724007,111.8053896533765,239.69598594327874,0.57421875,0.63671875,0.36328125,256,-24.54473458603748,0.0,0.0,0.24497481639021665,0.6051567492647325,0.3297271728515625,0.2454473458603748
demo-cheap_good-884000,cheap_good,dynamic_hierarchy,119,continue_recent_trend,9931ce56e3f66e40c979190100421e055ce6219609c3c746516dfd626a420d99,established_b-b000,established_b,0,119,first,180,100,24.0,28.67693808090941,0.2647909990731388,22.59688145388693,23.878430336854347,28.403083877850474,34.04909559521815,39.129771380443856,1.0,1.0,0.0,256,20.253836944723584,0.0,0.0,0.061214321709837184,0.08423101136185825,0.0,
demo-cheap_good-884000,cheap_good,dynamic_hierarchy,119,continue_recent_trend,9931ce56e3f66e40c979190100421e055ce6219609c3c746516dfd626a420d99,established_b-b112,established_b,112,7,newest,180,100,37.44,51.93341309321768,7.075806566732326,-22.346665670536808,-11.047937330738145,18.37018458938337,120.60395088761594,350.8896039608046,0.6953125,0.7265625,0.2734375,256,-22.457238470014644,0.0,0.0,0.3206501012717113,0.7439065156323232,0.48345947265625,
demo-cheap_good-884000,cheap_good,dynamic_hierarchy,119,continue_recent_trend,9931ce56e3f66e40c979190100421e055ce6219609c3c746516dfd626a420d99,established_b-b126,established_b,126,-7,next_purchase,180,100,38.784,71.2305906224793,10.203683228786764,-23.74321475901834,-14.828805817478308,24.347583774087685,165.2226103261578,441.641116303732,0.75,0.76171875,0.23828125,256,-20.905171548805995,1.0,0.0,0.3532231462888491,0.921357621712853,0.5625,0.20905171548805995
demo-cheap_bad-884000,cheap_bad,static_hierarchy,35,hold_current,104bab93ab56e8abf184985ead4999118118686c53d55b1f4189672ae3a6f1db,established_a-b000,established_a,0,35,first,180,100,18.0,14.669050725579527,0.4118784236722273,3.781430214216346,6.6168901587310085,14.474921449690356,22.08810029379634,28.824275960705247,0.99609375,1.0,0.0,256,0.08634594287793948,0.0,0.0,0.10953530645019428,0.1458270478270159,1.52587890625e-05,
demo-cheap_bad-884000,cheap_bad,static_hierarchy,35,hold_current,104bab93ab56e8abf184985ead4999118118686c53d55b1f4189672ae3a6f1db,established_a-b028,established_a,28,7,newest,180,100,18.0,15.674162194577628,0.7736787798628145,-2.6123429002441094,1.8020312069900122,13.86083273848112,31.64325127378134,42.9339095666347,0.94140625,0.95703125,0.04296875,256,-1.285763591153626,1.0,0.0,0.10543396968097615,0.16959925785731256,0.8862457275390625,
demo-cheap_bad-884000,cheap_bad,static_hierarchy,35,hold_current,104bab93ab56e8abf184985ead4999118118686c53d55b1f4189672ae3a6f1db,established_a-b042,established_a,42,-7,next_purchase,180,100,18.0,16.429335663913093,1.251972252773329,-8.02986943198861,-2.920849407516993,12.366887307870554,37.639840951714355,61.380639573844114,0.84765625,0.859375,0.140625,256,-7.1258352343073295,1.0,0.0,0.13933280697546585,0.23555170898220423,0.7185211181640625,0.07125835234307329
demo-cheap_bad-884000,cheap_bad,static_hierarchy,35,hold_current,104bab93ab56e8abf184985ead4999118118686c53d55b1f4189672ae3a6f1db,established_b-b000,established_b,0,35,first,180,100,24.0,42.5619586103926,0.5652839635831369,27.817437500347992,32.463965985368546,41.32898779892116,54.7310999647651,60.18119592065033,1.0,1.0,0.0,256,20.253836944723584,0.0,0.0,0.17256232425728057,0.22308121665669017,0.0,
demo-cheap_bad-884000,cheap_bad,static_hierarchy,35,hold_current,104bab93ab56e8abf184985ead4999118118686c53d55b1f4189672ae3a6f1db,established_b-b028,established_b,28,7,newest,180,100,24.0,36.7682242464692,1.3450842139086827,9.100050830670583,16.292217188610028,34.840324696379945,62.070427600201654,80.37403252309673,0.99609375,0.99609375,0.00390625,256,16.22920401773897,1.0,0.0,0.11002155472358513,0.20539020228730234,1.52587890625e-05,
demo-cheap_bad-884000,cheap_bad,static_hierarchy,35,hold_current,104bab93ab56e8abf184985ead4999118118686c53d55b1f4189672ae3a6f1db,established_b-b042,established_b,42,-7,next_purchase,180,100,24.0,41.46116510399806,2.3280906698866115,-0.27272976727686693,9.50375762918247,34.94209709243903,76.4043347533832,109.7130164389621,0.96875,0.98046875,0.01953125,256,13.284382936582958,1.0,1.0,0.1410425491387056,0.28176782167415104,0.0009765625,0.0
demo-cheap_bad-884000,cheap_bad,dynamic_hierarchy,35,hold_current,104bab93ab56e8abf184985ead4999118118686c53d55b1f4189672ae3a6f1db,established_a-b000,established_a,0,35,first,180,100,18.0,14.894601476105564,0.5612061815725922,2.2803959199268347,6.370147528590648,13.540622223838794,26.364849213024616,34.548462786491044,0.9921875,0.99609375,0.00390625,256,0.08634594287793948,0.0,0.0,0.10142297238659088,0.14808255533227624,6.103515625e-05,
demo-cheap_bad-884000,cheap_bad,dynamic_hierarchy,35,hold_current,104bab93ab56e8abf184985ead4999118118686c53d55b1f4189672ae3a6f1db,established_a-b028,established_a,28,7,newest,180,100,18.0,16.700424268935983,0.9335859491722707,-4.966085606185102,-0.2769783693567618,15.295745459184186,36.34924323323193,47.49734506282232,0.8984375,0.91015625,0.08984375,256,-1.285763591153626,1.0,0.0,0.10443046710355501,0.17986187860089609,0.80718994140625,
demo-cheap_bad-884000,cheap_bad,dynamic_hierarchy,35,hold_current,104bab93ab56e8abf184985ead4999118118686c53d55b1f4189672ae3a6f1db,established_a-b042,established_a,42,-7,next_purchase,180,100,18.0,16.437558615191648,1.1208176854853706,-8.637550821739069,-2.583087698201579,13.507579112926448,40.24515956005193,58.03018193233371,0.86328125,0.8671875,0.1328125,256,-7.1258352343073295,1.0,0.0,0.1426148153123916,0.2356339384949898,0.7452545166015625,0.07125835234307329
demo-cheap_bad-884000,cheap_bad,dynamic_hierarchy,35,hold_current,104bab93ab56e8abf184985ead4999118118686c53d55b1f4189672ae3a6f1db,established_b-b000,established_b,0,35,first,180,100,24.0,43.09516132006775,0.7466185563581846,23.58454995014113,29.466776011418556,41.14823494331389,58.268536056787475,71.37254671496186,1.0,1.0,0.0,256,20.253836944723584,0.0,0.0,0.16275261105195518,0.22841324375344169,0.0,
demo-cheap_bad-884000,cheap_bad,dynamic_hierarchy,35,hold_current,104bab93ab56e8abf184985ead4999118118686c53d55b1f4189672ae3a6f1db,established_b-b028,established_b,28,7,newest,180,100,24.0,37.11725075376695,1.2362674985194608,6.3778568920885,15.221197536583293,34.069710237709636,62.17611567149592,78.89997849249194,1.0,1.0,0.0,256,16.22920401773897,1.0,1.0,0.11477929865104641,0.20888046736027985,0.0,
demo-cheap_bad-884000,cheap_bad,dynamic_hierarchy,35,hold_current,104bab93ab56e8abf184985ead4999118118686c53d55b1f4189672ae3a6f1db,established_b-b042,established_b,42,-7,next_purchase,180,100,24.0,39.911845204241004,1.7403633431768362,-3.9371248151597245,8.809069475301673,35.21284778135899,77.07341401421786,106.88581601447143,0.9609375,0.96484375,0.03515625,256,13.284382936582958,1.0,1.0,0.14384098757733735,0.2662746226765805,0.00152587890625,0.0
demo-cheap_bad-884000,cheap_bad,static_hierarchy,63,hold_current,02e6cd37831727e0ff958a5c146d09f990ad451ecaf4f25409f26d3a5f7cc04d,established_a-b000,established_a,0,63,first,180,100,18.0,9.14589422056604,0.24176347163176753,2.8230100295653147,4.486809250852993,8.71967185251292,14.32186676754278,16.85424109644897,0.9921875,0.99609375,0.00390625,256,0.08634594287793948,0.0,0.0,0.06883403589107133,0.09059548277688101,6.103515625e-05,
demo-cheap_bad-884000,cheap_bad,static_hierarchy,63,hold_current,02e6cd37831727e0ff958a5c146d09f990ad451ecaf4f25409f26d3a5f7cc04d,established_a-b056,established_a,56,7,newest,180,100,20.016000000000002,8.152861528038317,0.5570938680082719,-7.5406736064307704,-1.6126297466293895,7.351065644762928,19.7995388482992,26.254056495614858,0.83203125,0.87109375,0.12890625,256,-8.325607905420874,0.0,0.0,0.11630018360408448,0.1647846943345919,0.6922760009765625,
demo-cheap_bad-884000,cheap_bad,static_hierarchy,63,hold_current,02e6cd37831727e0ff958a5c146d09f990ad451ecaf4f25409f26d3a5f7cc04d,established_a-b070,established_a,70,-7,next_purchase,180,100,21.023999999999997,9.93680945757091,0.6731271978554889,-5.453155500711041,-1.7148800899616177,8.603647890266021,23.946411782613655,35.5423308340815,0.8359375,0.86328125,0.13671875,256,-14.805262562871253,0.0,0.0,0.18964451715503813,0.24742072020442163,0.69879150390625,0.14805262562871252
demo-cheap_bad-884000,cheap_bad,static_hierarchy,63,hold_current,02e6cd37831727e0ff958a5c146d09f990ad451ecaf4f25409f26d3a5f7cc04d,established_b-b000,established_b,0,63,first,180,100,24.0,38.610176059805866,0.3465602797820843,29.139087717145003,32.22960110726853,37.98506715604489,46.215272559031916,51.44395216921252,1.0,1.0,0.0,256,20.253836944723584,0.0,0.0,0.15259553252383906,0.18356339115082282,0.0,
demo-cheap_bad-884000,cheap_bad,static_hierarchy,63,hold_current,02e6cd37831727e0ff958a5c146d09f990ad451ecaf4f25409f26d3a5f7cc04d,established_b-b056,established_b,56,7,newest,180,100,26.688000000000002,29.742232702144005,0.8949863241207229,3.509690835818684,12.069805241226518,29.53023921076642,48.08598355454625,58.65070981049922,0.98828125,0.98828125,0.01171875,256,5.192927765541413,1.0,0.0,0.16901719505023965,0.24549304936602592,0.0001373291015625,
demo-cheap_bad-884000,cheap_bad,static_hierarchy,63,hold_current,02e6cd37831727e0ff958a5c146d09f990ad451ecaf4f25409f26d3a5f7cc04d,established_b-b070,established_b,70,-7,next_purchase,180,100,28.031999999999996,35.227248511980235,1.0742465874483906,6.183887837821373,16.20621626960959,33.31211927106711,53.681689805628686,75.06234386871337,0.98828125,0.9921875,0.0078125,256,0.2145164782537603,0.0,0.0,0.26094606057983305,0.35012732033726474,0.0001373291015625,0.0
demo-cheap_bad-884000,cheap_bad,dynamic_hierarchy,63,hold_current,02e6cd37831727e0ff958a5c146d09f990ad451ecaf4f25409f26d3a5f7cc04d,established_a-b000,established_a,0,63,first,180,100,18.0,8.865536317394128,0.2533504724169085,2.5690878710066065,4.280634066270281,8.14744045728118,14.325980758143707,18.03616817024927,0.99609375,1.0,0.0,256,0.08634594287793948,0.0,0.0,0.06513831959742569,0.08779190374516188,1.52587890625e-05,
demo-cheap_bad-884000,cheap_bad,dynamic_hierarchy,63,hold_current,02e6cd37831727e0ff958a5c146d09f990ad451ecaf4f25409f26d3a5f7cc04d,established_a-b056,established_a,56,7,newest,180,100,20.016000000000002,8.141683747455984,0.5868625295226647,-7.206860689644015,-3.0543037696892945,7.410401913654784,20.084774263117303,28.950572668332917,0.78515625,0.828125,0.171875,256,-8.325607905420874,0.0,0.0,0.11348549836206835,0.1646729165287686,0.6164703369140625,
demo-cheap_bad-884000,cheap_bad,dynamic_hierarchy,63,hold_current,02e6cd37831727e0ff958a5c146d09f990ad451ecaf4f25409f26d3a5f7cc04d,established_a-b070,established_a,70,-7,next_purchase,180,100,21.023999999999997,9.98433976908237,0.719235226039857,-8.767307141553207,-2.6987596896424293,7.854766570711167,25.28606062165918,35.31222515046682,0.8359375,0.84375,0.15625,256,-14.805262562871253,0.0,0.0,0.1843161280917467,0.24789602331953625,0.69879150390625,0.14805262562871252
demo-cheap_bad-884000,cheap_bad,dynamic_hierarchy,63,hold_current,02e6cd37831727e0ff958a5c146d09f990ad451ecaf4f25409f26d3a5f7cc04d,established_b-b000,established_b,0,63,first,180,100,24.0,38.547110225276306,0.4170500504513357,26.606022668701044,31.612518887674963,37.54843650913113,47.02564947232384,53.25109845701383,1.0,1.0,0.0,256,20.253836944723584,0.0,0.0,0.1464941862555179,0.18293273280552722,0.0,
demo-cheap_bad-884000,cheap_bad,dynamic_hierarchy,63,hold_current,02e6cd37831727e0ff958a5c146d09f990ad451ecaf4f25409f26d3a5f7cc04d,established_b-b056,established_b,56,7,newest,180,100,26.688000000000002,27.73704639564228,0.9375338073991102,1.7027252184790682,10.03061707526103,25.8667656128531,47.96036308760895,58.51495616570328,0.984375,0.98828125,0.01171875,256,5.192927765541413,1.0,0.0,0.1457778411391877,0.22544118630100868,0.000244140625,
demo-cheap_bad-884000,cheap_bad,dynamic_hierarchy,63,hold_current,02e6cd37831727e0ff958a5c146d09f990ad451ecaf4f25409f26d3a5f7cc04d,established_b-b070,established_b,70,-7,next_purchase,180,100,28.031999999999996,35.11066408853589,1.2597314401469444,2.949703136368165,13.212050994120752,32.443460355518795,56.73760500574732,90.91206454845334,0.98046875,0.98828125,0.01171875,256,0.2145164782537603,0.0,0.0,0.2447873705341577,0.3489614761028213,0.0003814697265625,0.0
demo-cheap_bad-884000,cheap_bad,static_hierarchy,91,hold_current,8a10e8ae1b76179381994d346801f3c3c53e941c3c9ad6b36f895d9096791c45,established_a-b000,established_a,0,91,first,180,100,18.0,10.357324811133086,0.19855347826123848,4.4549608050810665,6.622809294061925,9.88333907361674,14.618574278898123,17.487600545438895,1.0,1.0,0.0,256,0.08634594287793948,0.0,0.0,0.08490477121889711,0.10270978868255147,0.0,
demo-cheap_bad-884000,cheap_bad,static_hierarchy,91,hold_current,8a10e8ae1b76179381994d346801f3c3c53e941c3c9ad6b36f895d9096791c45,established_a-b084,established_a,84,7,newest,180,100,24.048000000000002,1.9059423350564806,0.4296396080750097,-10.496306841020086,-5.692299715331524,1.3268143359632631,10.209709099556612,18.92036881473879,0.60546875,0.69921875,0.30078125,256,-17.260912353998936,0.0,0.0,0.1545687210284507,0.19166854689055415,0.3665924072265625,
demo-cheap_bad-884000,cheap_bad,static_hierarchy,91,hold_current,8a10e8ae1b76179381994d346801f3c3c53e941c3c9ad6b36f895d9096791c45,established_a-b098,established_a,98,-7,next_purchase,180,100,25.055999999999994,4.204720187456408,0.4785737517321254,-7.459117912843803,-4.929845818385738,3.5666343761662507,13.509732546967363,20.053064365696745,0.68359375,0.74609375,0.25390625,256,-19.121373561258633,0.0,0.0,0.19086414376110217,0.23326093748715038,0.4673004150390625,0.19121373561258634
demo-cheap_bad-884000,cheap_bad,static_hierarchy,91,hold_current,8a10e8ae1b76179381994d346801f3c3c53e941c3c9ad6b36f895d9096791c45,established_b-b000,established_b,0,91,first,180,100,24.0,36.15331792265265,0.2908184701818757,28.186682576553782,30.59517633198728,35.87639690888925,42.01216282100806,45.84000134161317,1.0,1.0,0.0,256,20.253836944723584,0.0,0.0,0.13297485785053914,0.15899480977929062,0.0,
demo-cheap_bad-884000,cheap_bad,static_hierarchy,91,hold_current,8a10e8ae1b76179381994d346801f3c3c53e941c3c9ad6b36f895d9096791c45,established_b-b084,established_b,84,7,newest,180,100,32.064,21.104631163808815,0.7086206451062611,0.8531634556785344,6.892119536754066,20.47436842067164,34.722337258657255,45.74837190067535,0.984375,0.9921875,0.0078125,256,-3.1940328753737894,0.0,0.0,0.17967970814761405,0.24298664039182605,0.968994140625,
demo-cheap_bad-884000,cheap_bad,static_hierarchy,91,hold_current,8a10e8ae1b76179381994d346801f3c3c53e941c3c9ad6b36f895d9096791c45,established_b-b098,established_b,98,-7,next_purchase,180,100,33.408,25.163648115417118,0.8897851371691091,2.287692593024249,9.289582748147797,23.660754920489474,42.8233423443779,59.816162141348165,0.98046875,0.98828125,0.01171875,256,-19.948062433890875,0.0,0.0,0.3728367948468349,0.45111710549307993,0.9613189697265625,0.19948062433890876
demo-cheap_bad-884000,cheap_bad,dynamic_hierarchy,91,hold_current,8a10e8ae1b76179381994d346801f3c3c53e941c3c9ad6b36f895d9096791c45,established_a-b000,established_a,0,91,first,180,100,18.0,11.476749030821079,0.2831306248844428,4.874257037712592,6.2209348632506245,11.150567437433146,16.655780180678814,22.980996969647205,1.0,1.0,0.0,256,0.08634594287793948,0.0,0.0,0.08979950634929795,0.1139040308794314,0.0,
demo-cheap_bad-884000,cheap_bad,dynamic_hierarchy,91,hold_current,8a10e8ae1b76179381994d346801f3c3c53e941c3c9ad6b36f895d9096791c45,established_a-b084,established_a,84,7,newest,180,100,24.048000000000002,6.034649593307922,0.6956145951772379,-10.950895288070939,-6.653063357853489,3.8727309803552945,20.95650922859159,32.78837955568227,0.6875,0.73828125,0.26171875,256,-17.260912353998936,0.0,0.0,0.17191571075450926,0.2329556194730686,0.47265625,
demo-cheap_bad-884000,cheap_bad,dynamic_hierarchy,91,hold_current,8a10e8ae1b76179381994d346801f3c3c53e941c3c9ad6b36f895d9096791c45,established_a-b098,established_a,98,-7,next_purchase,180,100,25.055999999999994,11.937317287420441,1.0670786222227644,-7.649173686778621,-3.941268669453958,8.380596413959442,30.910513464050588,47.81332023569473,0.7578125,0.81640625,0.18359375,256,-19.121373561258633,0.0,0.0,0.22665835189212963,0.3105869084867907,0.57427978515625,0.19121373561258634
demo-cheap_bad-884000,cheap_bad,dynamic_hierarchy,91,hold_current,8a10e8ae1b76179381994d346801f3c3c53e941c3c9ad6b36f895d9096791c45,established_b-b000,established_b,0,91,first,180,100,24.0,38.6150618542082,0.43295009228755954,27.434432679895735,30.40376381257776,37.73312939167626,48.06962260807454,53.604246745986174,1.0,1.0,0.0,256,20.253836944723584,0.0,0.0,0.14494248149552103,0.18361224909484616,0.0,
demo-cheap_bad-884000,cheap_bad,dynamic_hierarchy,91,hold_current,8a10e8ae1b76179381994d346801f3c3c53e941c3c9ad6b36f895d9096791c45,established_b-b084,established_b,84,7,newest,180,100,32.064,30.962704575150795,1.3418682541718199,0.09908838326921465,7.718349862642981,27.673870748104278,58.207115318799396,77.92436897429039,0.97265625,0.984375,0.015625,256,-3.1940328753737894,0.0,0.0,0.22572155373938257,0.3415673745052459,0.9460601806640625,
demo-cheap_bad-884000,cheap_bad,dynamic_hierarchy,91,hold_current,8a10e8ae1b76179381994d346801f3c3c53e941c3c9ad6b36f895d9096791c45,established_b-b098,established_b,98,-7,next_purchase,180,100,33.408,40.744973874285975,1.794048695531668,0.7504153008761403,13.383144207748874,35.46971907429628,74.57440556851257,114.11435749649277,0.98046875,0.98046875,0.01953125,256,-19.948062433890875,0.0,0.0,0.45904963344456134,0.6069303630817685,0.9613189697265625,0.19948062433890876
demo-cheap_bad-884000,cheap_bad,static_hierarchy,119,hold_current,82a7f19f98d637b7cc6c9d31ecb05f0544eb6a4206d2773c38a7475ece7ee263,established_a-b000,established_a,0,119,first,180,100,18.0,6.9544348391143895,0.1439707854218005,2.6290320579714983,4.203828779224782,6.800203585446438,10.133022787051488,11.116587764732309,1.0,1.0,0.0,256,0.08634594287793948,0.0,0.0,0.05555184389351966,0.0686808889623645,0.0,
demo-cheap_bad-884000,cheap_bad,static_hierarchy,119,hold_current,82a7f19f98d637b7cc6c9d31ecb05f0544eb6a4206d2773c38a7475ece7ee263,established_a-b112,established_a,112,7,newest,180,100,28.080000000000002,-2.684953029720473,0.36417472747346863,-12.468246251621226,-9.649351017473064,-3.0746157971810533,4.473693367966064,9.223346796294015,0.30859375,0.3828125,0.6171875,256,-19.97897467337865,0.0,0.0,0.14053709067956371,0.1729402164365818,0.0952301025390625,
demo-cheap_bad-884000,cheap_bad,static_hierarchy,119,hold_current,82a7f19f98d637b7cc6c9d31ecb05f0544eb6a4206d2773c38a7475ece7ee263,established_a-b126,established_a,126,-7,next_purchase,180,100,29.088,-3.913637064023145,0.40670621070436247,-14.661859864407718,-12.280203936747522,-4.785710699198535,4.500983909279217,9.452545323804863,0.25390625,0.3046875,0.6953125,256,-24.54473458603748,0.0,0.0,0.1701086657029939,0.20631097522014336,0.0644683837890625,0.0
demo-cheap_bad-884000,cheap_bad,static_hierarchy,119,hold_current,82a7f19f98d637b7cc6c9d31ecb05f0544eb6a4206d2773c38a7475ece7ee263,established_b-b000,established_b,0,119,first,180,100,24.0,28.956421932297722,0.1828438786313755,23.91072955694708,25.10875976704086,28.70610401052668,32.865032419987806,34.89492660993537,1.0,1.0,0.0,256,20.253836944723584,0.0,0.0,0.07043323687372494,0.08702584987574138,0.0,
demo-cheap_bad-884000,cheap_bad,static_hierarchy,119,hold_current,82a7f19f98d637b7cc6c9d31ecb05f0544eb6a4206d2773c38a7475ece7ee263,established_b-b112,established_b,112,7,newest,180,100,37.44,7.116739984289409,0.5415023170628364,-7.294534841960541,-4.328219350272448,6.625619006124378,17.36193597825621,27.746124768197355,0.76171875,0.8359375,0.1640625,256,-22.457238470014644,0.0,0.0,0.24711840380270572,0.29573978454304056,0.5802154541015625,
demo-cheap_bad-884000,cheap_bad,static_hierarchy,119,hold_current,82a7f19f98d637b7cc6c9d31ecb05f0544eb6a4206d2773c38a7475ece7ee263,established_b-b126,established_b,126,-7,next_purchase,180,100,38.784,7.9234093677232575,0.6099158898640953,-8.80671021771566,-4.096574779874267,6.966765828805304,20.98571623209428,28.84955110228546,0.796875,0.83984375,0.16015625,256,-20.905171548805995,0.0,0.0,0.2336171920398558,0.28828580916529256,0.635009765625,0.20905171548805995
demo-cheap_bad-884000,cheap_bad,dynamic_hierarchy,119,hold_current,82a7f19f98d637b7cc6c9d31ecb05f0544eb6a4206d2773c38a7475ece7ee263,established_a-b000,established_a,0,119,first,180,100,18.0,6.069156364717957,0.1484302653792366,2.3877214448279123,3.4801584546063964,5.804008826477471,8.810588509230854,10.710175803161942,1.0,1.0,0.0,256,0.08634594287793948,0.0,0.0,0.04700302975604398,0.059828104218400166,0.0,
demo-cheap_bad-884000,cheap_bad,dynamic_hierarchy,119,hold_current,82a7f19f98d637b7cc6c9d31ecb05f0544eb6a4206d2773c38a7475ece7ee263,established_a-b112,established_a,112,7,newest,180,100,28.080000000000002,-3.2608204988247653,0.6577242293784502,-19.03706796201916,-15.394365991798793,-5.104569251302134,10.13521961217262,21.751330919841074,0.33203125,0.36328125,0.63671875,256,-19.97897467337865,0.0,0.0,0.11063590467215426,0.16718154174553887,0.1102447509765625,
demo-cheap_bad-884000,cheap_bad,dynamic_hierarchy,119,hold_current,82a7f19f98d637b7cc6c9d31ecb05f0544eb6a4206d2773c38a7475ece7ee263,established_a-b126,established_a,126,-7,next_purchase,180,100,29.088,-3.128603416266891,0.7481339445339972,-19.860130810851985,-16.333289325264538,-5.288151360750295,12.609594657740093,26.61487537242384,0.33203125,0.4140625,0.5859375,256,-24.54473458603748,0.0,0.0,0.14968264135583595,0.21416131169770591,0.1102447509765625,0.0
demo-cheap_bad-884000,cheap_bad,dynamic_hierarchy,119,hold_current,82a7f19f98d637b7cc6c9d31ecb05f0544eb6a4206d2773c38a7475ece7ee263,established_b-b000,established_b,0,119,first,180,100,24.0,27.387362080894196,0.19620870996299528,22.265725840207754,23.609595377347407,26.960207830152907,31.481950002227347,34.37342175853907,1.0,1.0,0.0,256,20.253836944723584,0.0,0.0,0.053944896666673826,0.07133525136170611,0.0,
demo-cheap_bad-884000,cheap_bad,dynamic_hierarchy,119,hold_current,82a7f19f98d637b7cc6c9d31ecb05f0544eb6a4206d2773c38a7475ece7ee263,established_b-b112,established_b,112,7,newest,180,100,37.44,5.883694684298632,1.081544547014023,-19.751275822478913,-11.641572498244589,3.0765391733381833,30.245740362522263,46.6789318012218,0.58203125,0.625,0.375,256,-22.457238470014644,0.0,0.0,0.18976795439403055,0.28340933154313275,0.3387603759765625,
demo-cheap_bad-884000,cheap_bad,dynamic_hierarchy,119,hold_current,82a7f19f98d637b7cc6c9d31ecb05f0544eb6a4206d2773c38a7475ece7ee263,established_b-b126,established_b,126,-7,next_purchase,180,100,38.784,8.49864908301458,1.262817863034701,-19.95088907441882,-13.246844675175034,5.103558926484897,37.089182811511726,55.26349439015574,0.609375,0.65625,0.34375,256,-20.905171548805995,0.0,0.0,0.1864707171584802,0.29403820631820576,0.371337890625,0.20905171548805995
demo-cheap_bad-884000,cheap_bad,dynamic_hierarchy,119,fixed_price,82a7f19f98d637b7cc6c9d31ecb05f0544eb6a4206d2773c38a7475ece7ee263,established_a-b000,established_a,0,119,first,180,100,18.0,8.772231751548773,0.21132611715908203,3.5109529356576648,4.917386911840705,8.41144664179537,12.699265953286798,16.259576806364002,1.0,1.0,0.0,256,0.08634594287793948,0.0,0.0,0.06882638591117153,0.08685885808670835,0.0,
demo-cheap_bad-884000,cheap_bad,dynamic_hierarchy,119,fixed_price,82a7f19f98d637b7cc6c9d31ecb05f0544eb6a4206d2773c38a7475ece7ee263,established_a-b112,established_a,112,7,newest,180,100,28.080000000000002,12.213614106779769,0.9086873000470741,-8.57577413357637,-4.2272026216836025,9.488511102131369,30.677877745881105,46.267753662990316,0.81640625,0.84375,0.15625,256,-19.97897467337865,0.0,0.0,0.24350390068767172,0.32192588780158415,0.6665191650390625,
demo-cheap_bad-884000,cheap_bad,dynamic_hierarchy,119,fixed_price,82a7f19f98d637b7cc6c9d31ecb05f0544eb6a4206d2773c38a7475ece7ee263,established_a-b126,established_a,126,-7,next_purchase,180,100,29.088,15.862414573104488,0.9630892782392815,-7.404634412289649,-1.7641616703547989,13.141554259893422,35.46415354833436,55.050758528366984,0.87109375,0.88671875,0.11328125,256,-24.54473458603748,0.0,0.0,0.3190038209231398,0.40407149159141964,0.7588043212890625,0.2454473458603748
demo-cheap_bad-884000,cheap_bad,dynamic_hierarchy,119,fixed_price,82a7f19f98d637b7cc6c9d31ecb05f0544eb6a4206d2773c38a7475ece7ee263,established_b-b000,established_b,0,119,first,180,100,24.0,31.72544144299181,0.2560543380596625,24.602124765263998,26.82596314693789,30.950885724972384,37.48839131369003,40.27862566554203,1.0,1.0,0.0,256,20.253836944723584,0.0,0.0,0.09180447451488043,0.11471604498268224,0.0,
demo-cheap_bad-884000,cheap_bad,dynamic_hierarchy,119,fixed_price,82a7f19f98d637b7cc6c9d31ecb05f0544eb6a4206d2773c38a7475ece7ee263,established_b-b112,established_b,112,7,newest,180,100,37.44,32.45448969196822,1.3052417302676151,0.6804946535037626,8.709280078028037,29.626795914888966,60.02786015012759,78.09586024895138,0.9765625,0.98046875,0.01953125,256,-22.457238470014644,0.0,0.0,0.43420055839423055,0.5491172816198286,0.95367431640625,
demo-cheap_bad-884000,cheap_bad,dynamic_hierarchy,119,fixed_price,82a7f19f98d637b7cc6c9d31ecb05f0544eb6a4206d2773c38a7475ece7ee263,established_b-b126,established_b,126,-7,next_purchase,180,100,38.784,43.569235780995285,1.795723531344557,4.4890452460438866,13.288261384869433,37.970361393480324,83.81491012873792,107.05768835625202,0.9921875,1.0,0.0,256,-20.905171548805995,0.0,0.0,0.4909403525935626,0.6447440732980128,0.98443603515625,0.20905171548805995
demo-cheap_bad-884000,cheap_bad,dynamic_hierarchy,119,continue_recent_trend,82a7f19f98d637b7cc6c9d31ecb05f0544eb6a4206d2773c38a7475ece7ee263,established_a-b000,established_a,0,119,first,180,100,18.0,7.344723078491947,0.24321614671650313,2.0915563124622296,3.278025371556442,6.497012230962023,12.480261013667157,17.01486502989862,1.0,1.0,0.0,256,0.08634594287793948,0.0,0.0,0.052435472406156036,0.07258377135614008,0.0,
demo-cheap_bad-884000,cheap_bad,dynamic_hierarchy,119,continue_recent_trend,82a7f19f98d637b7cc6c9d31ecb05f0544eb6a4206d2773c38a7475ece7ee263,established_a-b112,established_a,112,7,newest,180,100,28.080000000000002,46.60382973848631,5.950684159920074,-21.190367753965482,-14.80121538736325,14.021438215280263,162.17870347513477,320.7766426549932,0.734375,0.796875,0.203125,256,-19.97897467337865,1.0,0.0,0.2752673879950671,0.6658280441186497,0.539306640625,
demo-cheap_bad-884000,cheap_bad,dynamic_hierarchy,119,continue_recent_trend,82a7f19f98d637b7cc6c9d31ecb05f0544eb6a4206d2773c38a7475ece7ee263,established_a-b126,established_a,126,-7,next_purchase,180,100,29.088,71.15329161460829,10.244433015417174,-22.43227486760538,-15.702046270184574,19.912127863995963,199.55292744335333,550.5043681850783,0.75,0.78515625,0.21484375,256,-24.54473458603748,0.0,0.0,0.365777388737038,0.9569802620064577,0.5625,0.2454473458603748
demo-cheap_bad-884000,cheap_bad,dynamic_hierarchy,119,continue_recent_trend,82a7f19f98d637b7cc6c9d31ecb05f0544eb6a4206d2773c38a7475ece7ee263,established_b-b000,established_b,0,119,first,180,100,24.0,30.278869294940833,0.37621518697901973,22.580565487466814,24.313557429546208,29.022191038003648,38.56368909653803,44.842813356844694,1.0,1.0,0.0,256,20.253836944723584,0.0,0.0,0.06889314155923246,0.10025032350217249,0.0,
demo-cheap_bad-884000,cheap_bad,dynamic_hierarchy,119,continue_recent_trend,82a7f19f98d637b7cc6c9d31ecb05f0544eb6a4206d2773c38a7475ece7ee263,established_b-b112,established_b,112,7,newest,180,100,37.44,97.31864550625741,11.93920521307991,-23.179869120807133,-12.26876416977523,35.44403566267936,274.379753466903,592.2925690235262,0.8125,0.83203125,0.16796875,256,-22.457238470014644,1.0,0.0,0.4680041166045211,1.1977588397627206,0.66015625,
demo-cheap_bad-884000,cheap_bad,dynamic_hierarchy,119,continue_recent_trend,82a7f19f98d637b7cc6c9d31ecb05f0544eb6a4206d2773c38a7475ece7ee263,established_b-b126,established_b,126,-7,next_purchase,180,100,38.784,136.3572596774983,17.17821567060541,-23.36620460273243,-14.69992710259535,46.47347522690522,375.2089625473453,893.6812521224648,0.81640625,0.83203125,0.16796875,256,-20.905171548805995,1.0,0.0,0.5564005439695676,1.5726243122630428,0.6665191650390625,0.20905171548805995
