panel,world,scenario,model,origin_day,future_scenario,input_sha256,cohort_id,source_id,birth_day,origin_age,target_role,target_age,n_leads,acquisition_cost,mean,mean_mcse,q025,q10,median,q90,q975,p_positive180,p_payback425,p_no_payback425,draws,true_margin,coverage95,coverage80,crps_per_lead,mae_per_lead,brier,decision_loss_per_lead,median_per_lead,q025_per_lead,q975_per_lead,true_margin_per_lead,age,truth,truth_per_lead,cdf,cumulative_first_crossing_paths
same_age_day180_forecasts,demo-human_decline_bot_rise-884000,human_decline_bot_rise,static_hierarchy,35,hold_current,104bab93ab56e8abf184985ead4999118118686c53d55b1f4189672ae3a6f1db,established_a-b028,established_a,28,7.0,newest,180.0,100,18.0,15.303012539930837,0.8174560707856633,-3.4404054921985394,1.8614698831579943,13.645378851096838,29.95905986756865,45.49160007552437,0.9296875,0.94921875,0.05078125,256.0,-1.285763591153626,1.0,0.0,0.0997564088840746,0.1658877613108446,0.86431884765625,,0.13645378851096837,-0.034404054921985394,0.4549160007552437,-0.01285763591153626,,,,,
same_age_day180_forecasts,demo-human_decline_bot_rise-884000,human_decline_bot_rise,dynamic_hierarchy,35,hold_current,104bab93ab56e8abf184985ead4999118118686c53d55b1f4189672ae3a6f1db,established_a-b028,established_a,28,7.0,newest,180.0,100,18.0,17.702504676458766,0.8934706898525742,-4.810714870487914,1.5509247172635376,15.421427863590832,37.43594612900226,51.883933373906885,0.92578125,0.9453125,0.0546875,256.0,-1.285763591153626,1.0,0.0,0.115689690920479,0.1898826826761239,0.8570709228515625,,0.1542142786359083,-0.04810714870487914,0.5188393337390689,-0.01285763591153626,,,,,
same_age_day180_forecasts,demo-human_decline_bot_rise-884000,human_decline_bot_rise,static_hierarchy,63,hold_current,02e6cd37831727e0ff958a5c146d09f990ad451ecaf4f25409f26d3a5f7cc04d,established_a-b056,established_a,56,7.0,newest,180.0,100,20.016,8.318130928619876,0.4950641765704079,-5.375430061852804,-1.4050436098876062,7.818103098928404,18.57015360644482,26.538212806999702,0.85546875,0.87890625,0.12109375,256.0,-8.325607905420874,0.0,0.0,0.1227082048006197,0.1664373883404075,0.7318267822265625,,0.07818103098928404,-0.053754300618528046,0.265382128069997,-0.08325607905420875,,,,,
same_age_day180_forecasts,demo-human_decline_bot_rise-884000,human_decline_bot_rise,dynamic_hierarchy,63,hold_current,02e6cd37831727e0ff958a5c146d09f990ad451ecaf4f25409f26d3a5f7cc04d,established_a-b056,established_a,56,7.0,newest,180.0,100,20.016,7.660934457388681,0.5692937798591674,-5.815649401003915,-2.0863583861233934,5.921696459676724,19.101661009388284,28.114147001735432,0.79296875,0.8359375,0.1640625,256.0,-8.325607905420874,0.0,0.0,0.1103015774550497,0.1598654236280955,0.6287994384765625,,0.059216964596767244,-0.05815649401003915,0.28114147001735434,-0.08325607905420875,,,,,
same_age_day180_forecasts,demo-human_decline_bot_rise-884000,human_decline_bot_rise,static_hierarchy,91,hold_current,169ff3403f5a2d8321ad8c1b6c16e9e47558ff350c1b505961d6c45ff1deb0c7,established_a-b084,established_a,84,7.0,newest,180.0,100,24.048,1.9403409607362816,0.4223096903508596,-9.75581656880229,-6.067145821636416,1.5646475580941246,11.027160680603131,15.32124028770697,0.6015625,0.62890625,0.37109375,256.0,-17.260912353998936,0.0,0.0,0.1540353950954764,0.1920125331473522,0.36187744140625,,0.015646475580941246,-0.0975581656880229,0.15321240287706972,-0.17260912353998936,,,,,
same_age_day180_forecasts,demo-human_decline_bot_rise-884000,human_decline_bot_rise,dynamic_hierarchy,91,hold_current,169ff3403f5a2d8321ad8c1b6c16e9e47558ff350c1b505961d6c45ff1deb0c7,established_a-b084,established_a,84,7.0,newest,180.0,100,24.048,6.406892027399159,0.7992445873702464,-11.470191509396336,-7.501127998992235,4.66508106692315,22.429833318465548,32.21482985143464,0.6796875,0.7109375,0.2890625,256.0,-17.260912353998936,0.0,0.0,0.1703397792058176,0.2366780438139809,0.46197509765625,,0.046650810669231504,-0.11470191509396337,0.32214829851434634,-0.17260912353998936,,,,,
same_age_day180_forecasts,demo-human_decline_bot_rise-884000,human_decline_bot_rise,static_hierarchy,119,hold_current,9d018b9de9fdf567d73f5985050e16b27d8e3d3b4c30531233e5677558244647,established_a-b112,established_a,112,7.0,newest,180.0,100,28.08,-2.4873974810096056,0.3989752724342468,-13.469868294418614,-10.348616458287948,-2.679808116752614,5.669260490692771,10.71563610601759,0.3359375,0.40625,0.59375,256.0,-19.97897467337865,0.0,0.0,0.1391465413199584,0.1749157719236904,0.11285400390625,,-0.026798081167526144,-0.13469868294418613,0.1071563610601759,-0.19978974673378652,,,,,
same_age_day180_forecasts,demo-human_decline_bot_rise-884000,human_decline_bot_rise,dynamic_hierarchy,119,hold_current,9d018b9de9fdf567d73f5985050e16b27d8e3d3b4c30531233e5677558244647,established_a-b112,established_a,112,7.0,newest,180.0,100,28.08,-6.026166605394966,0.5641954761086259,-20.24182805728106,-15.809419546656189,-6.896245078772822,5.19147638625472,14.416607958528555,0.203125,0.26171875,0.73828125,256.0,-19.97897467337865,1.0,0.0,0.0913304636804182,0.1395280806798368,0.041259765625,,-0.06896245078772821,-0.2024182805728106,0.14416607958528554,-0.19978974673378652,,,,,
selected_contribution_path,demo-human_decline_bot_rise-884000,human_decline_bot_rise,dynamic_hierarchy,119,hold_current,9d018b9de9fdf567d73f5985050e16b27d8e3d3b4c30531233e5677558244647,established_a-b112,established_a,112,,,,100,,,,-28.105,-28.10132429761266,-27.836204693239253,-27.233300966517128,-26.872089969798665,,,,,,,,,,,,-0.2783620469323925,-0.28105,-0.2687208996979866,,0.0,-27.53475680235968,-0.27534756802359683,,
selected_contribution_path,demo-human_decline_bot_rise-884000,human_decline_bot_rise,dynamic_hierarchy,119,fixed_price,9d018b9de9fdf567d73f5985050e16b27d8e3d3b4c30531233e5677558244647,established_a-b112,established_a,112,,,,100,,,,-28.105,-28.10132429761266,-27.836204693239253,-27.233300966517128,-26.872089969798665,,,,,,,,,,,,-0.2783620469323925,-0.28105,-0.2687208996979866,,0.0,-27.53475680235968,-0.27534756802359683,,
selected_contribution_path,demo-human_decline_bot_rise-884000,human_decline_bot_rise,dynamic_hierarchy,119,continue_recent_trend,9d018b9de9fdf567d73f5985050e16b27d8e3d3b4c30531233e5677558244647,established_a-b112,established_a,112,,,,100,,,,-28.105,-28.090124195062984,-27.814559076685107,-27.24405219329408,-26.714358263300817,,,,,,,,,,,,-0.2781455907668511,-0.28105,-0.2671435826330082,,0.0,-27.53475680235968,-0.27534756802359683,,
selected_contribution_path,demo-human_decline_bot_rise-884000,human_decline_bot_rise,dynamic_hierarchy,119,fixed_price,9d018b9de9fdf567d73f5985050e16b27d8e3d3b4c30531233e5677558244647,established_a-b112,established_a,112,,,,100,,,,-28.106997826314693,-27.960839463603577,-27.316070959592015,-26.38230589351468,-25.83175012703409,,,,,,,,,,,,-0.27316070959592015,-0.28106997826314695,-0.2583175012703409,,1.0,-26.867761831470258,-0.2686776183147026,,
selected_contribution_path,demo-human_decline_bot_rise-884000,human_decline_bot_rise,dynamic_hierarchy,119,continue_recent_trend,9d018b9de9fdf567d73f5985050e16b27d8e3d3b4c30531233e5677558244647,established_a-b112,established_a,112,,,,100,,,,-28.109230570986064,-27.91620650296884,-27.302407422810887,-26.141184184675275,-25.396242045147595,,,,,,,,,,,,-0.27302407422810887,-0.28109230570986066,-0.25396242045147593,,1.0,-26.867761831470258,-0.2686776183147026,,
selected_contribution_path,demo-human_decline_bot_rise-884000,human_decline_bot_rise,dynamic_hierarchy,119,hold_current,9d018b9de9fdf567d73f5985050e16b27d8e3d3b4c30531233e5677558244647,established_a-b112,established_a,112,,,,100,,,,-28.106997826314693,-27.960839463603577,-27.316070959592015,-26.38230589351468,-25.83175012703409,,,,,,,,,,,,-0.27316070959592015,-0.28106997826314695,-0.2583175012703409,,1.0,-26.867761831470258,-0.2686776183147026,,
selected_contribution_path,demo-human_decline_bot_rise-884000,human_decline_bot_rise,dynamic_hierarchy,119,hold_current,9d018b9de9fdf567d73f5985050e16b27d8e3d3b4c30531233e5677558244647,established_a-b112,established_a,112,,,,100,,,,-27.8936210409694,-27.592195098309507,-26.70260230503278,-25.041408076227267,-24.107025682613862,,,,,,,,,,,,-0.2670260230503278,-0.278936210409694,-0.2410702568261386,,2.0,-25.89607428178585,-0.2589607428178585,,
selected_contribution_path,demo-human_decline_bot_rise-884000,human_decline_bot_rise,dynamic_hierarchy,119,fixed_price,9d018b9de9fdf567d73f5985050e16b27d8e3d3b4c30531233e5677558244647,established_a-b112,established_a,112,,,,100,,,,-27.8936210409694,-27.592195098309507,-26.70260230503278,-25.041408076227267,-24.107025682613862,,,,,,,,,,,,-0.2670260230503278,-0.278936210409694,-0.2410702568261386,,2.0,-25.89607428178585,-0.2589607428178585,,
selected_contribution_path,demo-human_decline_bot_rise-884000,human_decline_bot_rise,dynamic_hierarchy,119,continue_recent_trend,9d018b9de9fdf567d73f5985050e16b27d8e3d3b4c30531233e5677558244647,established_a-b112,established_a,112,,,,100,,,,-27.993955091230795,-27.567092754168264,-26.612305075650923,-24.88746379837356,-24.05190769911138,,,,,,,,,,,,-0.2661230507565092,-0.27993955091230793,-0.24051907699111377,,2.0,-25.89607428178585,-0.2589607428178585,,
selected_contribution_path,demo-human_decline_bot_rise-884000,human_decline_bot_rise,dynamic_hierarchy,119,continue_recent_trend,9d018b9de9fdf567d73f5985050e16b27d8e3d3b4c30531233e5677558244647,established_a-b112,established_a,112,,,,100,,,,-27.605654593243223,-27.17093659113063,-25.959115234667813,-23.93599364453221,-22.784213060820928,,,,,,,,,,,,-0.2595911523466781,-0.27605654593243223,-0.2278421306082093,,3.0,-25.42438002310978,-0.2542438002310978,,
selected_contribution_path,demo-human_decline_bot_rise-884000,human_decline_bot_rise,dynamic_hierarchy,119,fixed_price,9d018b9de9fdf567d73f5985050e16b27d8e3d3b4c30531233e5677558244647,established_a-b112,established_a,112,,,,100,,,,-27.587220316864837,-27.128984943294093,-25.93900375145078,-24.18132439158216,-23.07750825322205,,,,,,,,,,,,-0.2593900375145078,-0.27587220316864836,-0.23077508253222048,,3.0,-25.42438002310978,-0.2542438002310978,,
selected_contribution_path,demo-human_decline_bot_rise-884000,human_decline_bot_rise,dynamic_hierarchy,119,hold_current,9d018b9de9fdf567d73f5985050e16b27d8e3d3b4c30531233e5677558244647,established_a-b112,established_a,112,,,,100,,,,-27.587220316864837,-27.128984943294093,-25.93900375145078,-24.18132439158216,-23.07750825322205,,,,,,,,,,,,-0.2593900375145078,-0.27587220316864836,-0.23077508253222048,,3.0,-25.42438002310978,-0.2542438002310978,,
selected_contribution_path,demo-human_decline_bot_rise-884000,human_decline_bot_rise,dynamic_hierarchy,119,fixed_price,9d018b9de9fdf567d73f5985050e16b27d8e3d3b4c30531233e5677558244647,established_a-b112,established_a,112,,,,100,,,,-27.20864046072007,-26.73290693858897,-25.13896443471785,-23.370256130732585,-22.165415963292048,,,,,,,,,,,,-0.2513896443471785,-0.2720864046072007,-0.22165415963292048,,4.0,-25.04792985054144,-0.2504792985054144,,
selected_contribution_path,demo-human_decline_bot_rise-884000,human_decline_bot_rise,dynamic_hierarchy,119,continue_recent_trend,9d018b9de9fdf567d73f5985050e16b27d8e3d3b4c30531233e5677558244647,established_a-b112,established_a,112,,,,100,,,,-27.265638936961945,-26.83964376213332,-25.47255248491488,-23.039135273998568,-21.998784512065075,,,,,,,,,,,,-0.2547255248491488,-0.27265638936961945,-0.21998784512065075,,4.0,-25.04792985054144,-0.2504792985054144,,
selected_contribution_path,demo-human_decline_bot_rise-884000,human_decline_bot_rise,dynamic_hierarchy,119,hold_current,9d018b9de9fdf567d73f5985050e16b27d8e3d3b4c30531233e5677558244647,established_a-b112,established_a,112,,,,100,,,,-27.20864046072007,-26.73290693858897,-25.13896443471785,-23.370256130732585,-22.165415963292048,,,,,,,,,,,,-0.2513896443471785,-0.2720864046072007,-0.22165415963292048,,4.0,-25.04792985054144,-0.2504792985054144,,
selected_contribution_path,demo-human_decline_bot_rise-884000,human_decline_bot_rise,dynamic_hierarchy,119,fixed_price,9d018b9de9fdf567d73f5985050e16b27d8e3d3b4c30531233e5677558244647,established_a-b112,established_a,112,,,,100,,,,-26.975158297762924,-26.44941462442849,-24.8108935705,-22.555681520144823,-21.43988004199689,,,,,,,,,,,,-0.248108935705,-0.26975158297762925,-0.2143988004199689,,5.0,-24.928616075733444,-0.24928616075733445,,
selected_contribution_path,demo-human_decline_bot_rise-884000,human_decline_bot_rise,dynamic_hierarchy,119,continue_recent_trend,9d018b9de9fdf567d73f5985050e16b27d8e3d3b4c30531233e5677558244647,established_a-b112,established_a,112,,,,100,,,,-27.129119845315792,-26.51738076474166,-24.78547416143953,-22.51061749082676,-21.33165663963396,,,,,,,,,,,,-0.2478547416143953,-0.2712911984531579,-0.21331656639633959,,5.0,-24.928616075733444,-0.24928616075733445,,
selected_contribution_path,demo-human_decline_bot_rise-884000,human_decline_bot_rise,dynamic_hierarchy,119,hold_current,9d018b9de9fdf567d73f5985050e16b27d8e3d3b4c30531233e5677558244647,established_a-b112,established_a,112,,,,100,,,,-26.975158297762924,-26.44941462442849,-24.8108935705,-22.555681520144823,-21.43988004199689,,,,,,,,,,,,-0.248108935705,-0.26975158297762925,-0.2143988004199689,,5.0,-24.928616075733444,-0.24928616075733445,,
selected_contribution_path,demo-human_decline_bot_rise-884000,human_decline_bot_rise,dynamic_hierarchy,119,continue_recent_trend,9d018b9de9fdf567d73f5985050e16b27d8e3d3b4c30531233e5677558244647,established_a-b112,established_a,112,,,,100,,,,-26.90898180436076,-26.190518520691427,-24.411139065269293,-22.03756809574908,-20.63920660933445,,,,,,,,,,,,-0.24411139065269294,-0.2690898180436076,-0.2063920660933445,,6.0,-24.44728607161354,-0.2444728607161354,,
selected_contribution_path,demo-human_decline_bot_rise-884000,human_decline_bot_rise,dynamic_hierarchy,119,fixed_price,9d018b9de9fdf567d73f5985050e16b27d8e3d3b4c30531233e5677558244647,established_a-b112,established_a,112,,,,100,,,,-26.664156765179545,-26.118552052276364,-24.525107388339396,-22.06857938588276,-20.820965642629396,,,,,,,,,,,,-0.24525107388339396,-0.2666415676517955,-0.20820965642629397,,6.0,-24.44728607161354,-0.2444728607161354,,
selected_contribution_path,demo-human_decline_bot_rise-884000,human_decline_bot_rise,dynamic_hierarchy,119,hold_current,9d018b9de9fdf567d73f5985050e16b27d8e3d3b4c30531233e5677558244647,established_a-b112,established_a,112,,,,100,,,,-26.664156765179545,-26.118552052276364,-24.525107388339396,-22.06857938588276,-20.820965642629396,,,,,,,,,,,,-0.24525107388339396,-0.2666415676517955,-0.20820965642629397,,6.0,-24.44728607161354,-0.2444728607161354,,
selected_contribution_path,demo-human_decline_bot_rise-884000,human_decline_bot_rise,dynamic_hierarchy,119,continue_recent_trend,9d018b9de9fdf567d73f5985050e16b27d8e3d3b4c30531233e5677558244647,established_a-b112,established_a,112,,,,100,,,,-26.80897182226169,-25.913412770842832,-24.15001506041493,-21.44872805886592,-20.25265889049524,,,,,,,,,,,,-0.2415001506041493,-0.2680897182226169,-0.2025265889049524,,7.0,-24.295080344387426,-0.24295080344387426,,
selected_contribution_path,demo-human_decline_bot_rise-884000,human_decline_bot_rise,dynamic_hierarchy,119,fixed_price,9d018b9de9fdf567d73f5985050e16b27d8e3d3b4c30531233e5677558244647,established_a-b112,established_a,112,,,,100,,,,-26.511576350428363,-25.936568140311447,-24.33473075302478,-21.738054946413317,-20.483503929660465,,,,,,,,,,,,-0.2433473075302478,-0.2651157635042836,-0.20483503929660465,,7.0,-24.295080344387426,-0.24295080344387426,,
selected_contribution_path,demo-human_decline_bot_rise-884000,human_decline_bot_rise,dynamic_hierarchy,119,hold_current,9d018b9de9fdf567d73f5985050e16b27d8e3d3b4c30531233e5677558244647,established_a-b112,established_a,112,,,,100,,,,-26.511576350428363,-25.936568140311447,-24.33473075302478,-21.738054946413317,-20.483503929660465,,,,,,,,,,,,-0.2433473075302478,-0.2651157635042836,-0.20483503929660465,,7.0,-24.295080344387426,-0.24295080344387426,,
selected_contribution_path,demo-human_decline_bot_rise-884000,human_decline_bot_rise,dynamic_hierarchy,119,continue_recent_trend,9d018b9de9fdf567d73f5985050e16b27d8e3d3b4c30531233e5677558244647,established_a-b112,established_a,112,,,,100,,,,-26.59358069517593,-25.6924756577406,-23.77310593311222,-21.14561515481341,-19.949873851850317,,,,,,,,,,,,-0.2377310593311222,-0.2659358069517593,-0.19949873851850317,,8.0,-23.983240344178597,-0.23983240344178597,,
selected_contribution_path,demo-human_decline_bot_rise-884000,human_decline_bot_rise,dynamic_hierarchy,119,fixed_price,9d018b9de9fdf567d73f5985050e16b27d8e3d3b4c30531233e5677558244647,established_a-b112,established_a,112,,,,100,,,,-26.137746492180835,-25.519183969831005,-23.73754424750241,-21.244977880048104,-19.667947762013256,,,,,,,,,,,,-0.2373754424750241,-0.26137746492180836,-0.19667947762013255,,8.0,-23.983240344178597,-0.23983240344178597,,
selected_contribution_path,demo-human_decline_bot_rise-884000,human_decline_bot_rise,dynamic_hierarchy,119,hold_current,9d018b9de9fdf567d73f5985050e16b27d8e3d3b4c30531233e5677558244647,established_a-b112,established_a,112,,,,100,,,,-26.27116559514921,-25.705885204544657,-24.01226491579125,-21.500831874919164,-20.234266682859275,,,,,,,,,,,,-0.24012264915791248,-0.2627116559514921,-0.20234266682859275,,8.0,-23.983240344178597,-0.23983240344178597,,
selected_contribution_path,demo-human_decline_bot_rise-884000,human_decline_bot_rise,dynamic_hierarchy,119,hold_current,9d018b9de9fdf567d73f5985050e16b27d8e3d3b4c30531233e5677558244647,established_a-b112,established_a,112,,,,100,,,,-26.02913304053682,-25.427731109863565,-23.782282559089243,-21.202144521627822,-20.102154817068357,,,,,,,,,,,,-0.23782282559089243,-0.2602913304053682,-0.20102154817068357,,9.0,-23.71451156916532,-0.2371451156916532,,
selected_contribution_path,demo-human_decline_bot_rise-884000,human_decline_bot_rise,dynamic_hierarchy,119,continue_recent_trend,9d018b9de9fdf567d73f5985050e16b27d8e3d3b4c30531233e5677558244647,established_a-b112,established_a,112,,,,100,,,,-26.30786333657979,-25.514703146897705,-23.58144514499115,-20.76177323034009,-19.49743615670031,,,,,,,,,,,,-0.2358144514499115,-0.2630786333657979,-0.1949743615670031,,9.0,-23.71451156916532,-0.2371451156916532,,
selected_contribution_path,demo-human_decline_bot_rise-884000,human_decline_bot_rise,dynamic_hierarchy,119,fixed_price,9d018b9de9fdf567d73f5985050e16b27d8e3d3b4c30531233e5677558244647,established_a-b112,established_a,112,,,,100,,,,-25.771718787862444,-25.14504585795956,-23.39923079471699,-20.552819445394277,-19.34189874620651,,,,,,,,,,,,-0.23399230794716988,-0.2577171878786244,-0.1934189874620651,,9.0,-23.71451156916532,-0.2371451156916532,,
selected_contribution_path,demo-human_decline_bot_rise-884000,human_decline_bot_rise,dynamic_hierarchy,119,continue_recent_trend,9d018b9de9fdf567d73f5985050e16b27d8e3d3b4c30531233e5677558244647,established_a-b112,established_a,112,,,,100,,,,-26.21785468097049,-25.435465803434717,-23.30992913154568,-20.312984603556338,-19.043545541444725,,,,,,,,,,,,-0.23309929131545679,-0.26217854680970487,-0.19043545541444726,,10.0,-23.463023074627703,-0.23463023074627704,,
selected_contribution_path,demo-human_decline_bot_rise-884000,human_decline_bot_rise,dynamic_hierarchy,119,fixed_price,9d018b9de9fdf567d73f5985050e16b27d8e3d3b4c30531233e5677558244647,established_a-b112,established_a,112,,,,100,,,,-25.514737432416325,-24.87609172548473,-22.90514333251806,-20.115498110147957,-18.88924615361084,,,,,,,,,,,,-0.22905143332518058,-0.25514737432416323,-0.18889246153610842,,10.0,-23.463023074627703,-0.23463023074627704,,
selected_contribution_path,demo-human_decline_bot_rise-884000,human_decline_bot_rise,dynamic_hierarchy,119,hold_current,9d018b9de9fdf567d73f5985050e16b27d8e3d3b4c30531233e5677558244647,established_a-b112,established_a,112,,,,100,,,,-25.858573287279533,-25.30046007779561,-23.526029005548978,-20.84550445498892,-19.508467331264324,,,,,,,,,,,,-0.23526029005548976,-0.25858573287279535,-0.19508467331264323,,10.0,-23.463023074627703,-0.23463023074627704,,
selected_contribution_path,demo-human_decline_bot_rise-884000,human_decline_bot_rise,dynamic_hierarchy,119,continue_recent_trend,9d018b9de9fdf567d73f5985050e16b27d8e3d3b4c30531233e5677558244647,established_a-b112,established_a,112,,,,100,,,,-26.090986077258595,-25.30815614556015,-23.067914159245436,-19.955575515213106,-18.829569764073188,,,,,,,,,,,,-0.23067914159245437,-0.26090986077258593,-0.18829569764073187,,11.0,-23.18499128883252,-0.2318499128883252,,
selected_contribution_path,demo-human_decline_bot_rise-884000,human_decline_bot_rise,dynamic_hierarchy,119,fixed_price,9d018b9de9fdf567d73f5985050e16b27d8e3d3b4c30531233e5677558244647,established_a-b112,established_a,112,,,,100,,,,-25.3545461676788,-24.502238890316093,-22.40160034743764,-19.708214722595518,-17.33355694069436,,,,,,,,,,,,-0.2240160034743764,-0.25354546167678804,-0.1733355694069436,,11.0,-23.18499128883252,-0.2318499128883252,,
selected_contribution_path,demo-human_decline_bot_rise-884000,human_decline_bot_rise,dynamic_hierarchy,119,hold_current,9d018b9de9fdf567d73f5985050e16b27d8e3d3b4c30531233e5677558244647,established_a-b112,established_a,112,,,,100,,,,-25.768424873546053,-25.125297617552864,-23.19411077512053,-20.589384303569037,-18.92546395587789,,,,,,,,,,,,-0.23194110775120533,-0.25768424873546053,-0.18925463955877891,,11.0,-23.18499128883252,-0.2318499128883252,,
selected_contribution_path,demo-human_decline_bot_rise-884000,human_decline_bot_rise,dynamic_hierarchy,119,continue_recent_trend,9d018b9de9fdf567d73f5985050e16b27d8e3d3b4c30531233e5677558244647,established_a-b112,established_a,112,,,,100,,,,-25.979515715806,-25.139421789543423,-22.82403441937853,-19.56238567208661,-18.286835869837287,,,,,,,,,,,,-0.2282403441937853,-0.25979515715806,-0.18286835869837287,,12.0,-23.20999128883252,-0.23209991288832518,,
selected_contribution_path,demo-human_decline_bot_rise-884000,human_decline_bot_rise,dynamic_hierarchy,119,fixed_price,9d018b9de9fdf567d73f5985050e16b27d8e3d3b4c30531233e5677558244647,established_a-b112,established_a,112,,,,100,,,,-25.132834533510607,-24.348163351428305,-22.09861532501731,-19.042105951510926,-16.7624992007476,,,,,,,,,,,,-0.2209861532501731,-0.25132834533510606,-0.16762499200747602,,12.0,-23.20999128883252,-0.23209991288832518,,
selected_contribution_path,demo-human_decline_bot_rise-884000,human_decline_bot_rise,dynamic_hierarchy,119,hold_current,9d018b9de9fdf567d73f5985050e16b27d8e3d3b4c30531233e5677558244647,established_a-b112,established_a,112,,,,100,,,,-25.680443130208975,-24.971634460393112,-23.110372226034784,-20.2872852637853,-18.473983700890205,,,,,,,,,,,,-0.23110372226034784,-0.25680443130208974,-0.18473983700890206,,12.0,-23.20999128883252,-0.23209991288832518,,
selected_contribution_path,demo-human_decline_bot_rise-884000,human_decline_bot_rise,dynamic_hierarchy,119,hold_current,9d018b9de9fdf567d73f5985050e16b27d8e3d3b4c30531233e5677558244647,established_a-b112,established_a,112,,,,100,,,,-25.578050094329225,-24.79003669048785,-22.79681505787556,-19.854620310502863,-17.54905714273614,,,,,,,,,,,,-0.22796815057875558,-0.25578050094329224,-0.17549057142736138,,13.0,-23.234991288832514,-0.23234991288832516,,
selected_contribution_path,demo-human_decline_bot_rise-884000,human_decline_bot_rise,dynamic_hierarchy,119,continue_recent_trend,9d018b9de9fdf567d73f5985050e16b27d8e3d3b4c30531233e5677558244647,established_a-b112,established_a,112,,,,100,,,,-25.595065021686285,-25.01166405854133,-22.60709496920341,-19.17894948861897,-17.726566865435153,,,,,,,,,,,,-0.2260709496920341,-0.25595065021686286,-0.17726566865435153,,13.0,-23.234991288832514,-0.23234991288832516,,
selected_contribution_path,demo-human_decline_bot_rise-884000,human_decline_bot_rise,dynamic_hierarchy,119,fixed_price,9d018b9de9fdf567d73f5985050e16b27d8e3d3b4c30531233e5677558244647,established_a-b112,established_a,112,,,,100,,,,-24.91281210918097,-23.96683513956299,-21.68144193373623,-18.38866612880308,-15.797516848141612,,,,,,,,,,,,-0.2168144193373623,-0.24912812109180968,-0.15797516848141613,,13.0,-23.234991288832514,-0.23234991288832516,,
selected_contribution_path,demo-human_decline_bot_rise-884000,human_decline_bot_rise,dynamic_hierarchy,119,continue_recent_trend,9d018b9de9fdf567d73f5985050e16b27d8e3d3b4c30531233e5677558244647,established_a-b112,established_a,112,,,,100,,,,-25.458939942130616,-24.883640303986112,-22.39693068574056,-18.942423992189795,-17.585862644104594,,,,,,,,,,,,-0.2239693068574056,-0.25458939942130615,-0.17585862644104594,,14.0,-23.0047440305214,-0.230047440305214,,
selected_contribution_path,demo-human_decline_bot_rise-884000,human_decline_bot_rise,dynamic_hierarchy,119,fixed_price,9d018b9de9fdf567d73f5985050e16b27d8e3d3b4c30531233e5677558244647,established_a-b112,established_a,112,,,,100,,,,-24.61416229572064,-23.7912513305849,-21.270090818038355,-17.473422161054877,-15.099862976914457,,,,,,,,,,,,-0.21270090818038356,-0.2461416229572064,-0.15099862976914458,,14.0,-23.0047440305214,-0.230047440305214,,
selected_contribution_path,demo-human_decline_bot_rise-884000,human_decline_bot_rise,dynamic_hierarchy,119,hold_current,9d018b9de9fdf567d73f5985050e16b27d8e3d3b4c30531233e5677558244647,established_a-b112,established_a,112,,,,100,,,,-25.50205556863908,-24.61096188899169,-22.463464537505523,-19.410161745104,-17.20151115992773,,,,,,,,,,,,-0.22463464537505523,-0.2550205556863908,-0.1720151115992773,,14.0,-23.0047440305214,-0.230047440305214,,
selected_contribution_path,demo-human_decline_bot_rise-884000,human_decline_bot_rise,dynamic_hierarchy,119,continue_recent_trend,9d018b9de9fdf567d73f5985050e16b27d8e3d3b4c30531233e5677558244647,established_a-b112,established_a,112,,,,100,,,,-25.45860264107497,-24.7036187916754,-22.12340964694912,-18.730018546565237,-16.82466253119876,,,,,,,,,,,,-0.22123409646949121,-0.25458602641074973,-0.1682466253119876,,15.0,-22.93092916103617,-0.22930929161036168,,
selected_contribution_path,demo-human_decline_bot_rise-884000,human_decline_bot_rise,dynamic_hierarchy,119,fixed_price,9d018b9de9fdf567d73f5985050e16b27d8e3d3b4c30531233e5677558244647,established_a-b112,established_a,112,,,,100,,,,-24.417519165172365,-23.501578681981663,-20.86028724095364,-17.237797216589115,-14.465993045958704,,,,,,,,,,,,-0.2086028724095364,-0.24417519165172366,-0.14465993045958705,,15.0,-22.93092916103617,-0.22930929161036168,,
selected_contribution_path,demo-human_decline_bot_rise-884000,human_decline_bot_rise,dynamic_hierarchy,119,hold_current,9d018b9de9fdf567d73f5985050e16b27d8e3d3b4c30531233e5677558244647,established_a-b112,established_a,112,,,,100,,,,-25.269884781380163,-24.53356565097983,-22.313586326264588,-19.23707748859718,-16.835500975266495,,,,,,,,,,,,-0.22313586326264587,-0.25269884781380164,-0.16835500975266496,,15.0,-22.93092916103617,-0.22930929161036168,,
selected_contribution_path,demo-human_decline_bot_rise-884000,human_decline_bot_rise,dynamic_hierarchy,119,hold_current,9d018b9de9fdf567d73f5985050e16b27d8e3d3b4c30531233e5677558244647,established_a-b112,established_a,112,,,,100,,,,-25.045723495303907,-24.41632926853239,-22.200049034234937,-18.91366858448082,-16.687528014750384,,,,,,,,,,,,-0.22200049034234937,-0.25045723495303907,-0.16687528014750386,,16.0,-22.95592916103617,-0.2295592916103617,,
selected_contribution_path,demo-human_decline_bot_rise-884000,human_decline_bot_rise,dynamic_hierarchy,119,fixed_price,9d018b9de9fdf567d73f5985050e16b27d8e3d3b4c30531233e5677558244647,established_a-b112,established_a,112,,,,100,,,,-24.047819247124192,-23.354198506085154,-20.57143414084481,-16.650382331002913,-13.754037772356371,,,,,,,,,,,,-0.2057143414084481,-0.24047819247124191,-0.1375403777235637,,16.0,-22.95592916103617,-0.2295592916103617,,
selected_contribution_path,demo-human_decline_bot_rise-884000,human_decline_bot_rise,dynamic_hierarchy,119,continue_recent_trend,9d018b9de9fdf567d73f5985050e16b27d8e3d3b4c30531233e5677558244647,established_a-b112,established_a,112,,,,100,,,,-25.347968313492245,-24.422463036668265,-21.93411579998493,-18.415610052452497,-16.750654610473358,,,,,,,,,,,,-0.2193411579998493,-0.2534796831349225,-0.1675065461047336,,16.0,-22.95592916103617,-0.2295592916103617,,
selected_contribution_path,demo-human_decline_bot_rise-884000,human_decline_bot_rise,dynamic_hierarchy,119,continue_recent_trend,9d018b9de9fdf567d73f5985050e16b27d8e3d3b4c30531233e5677558244647,established_a-b112,established_a,112,,,,100,,,,-25.341200913613434,-24.441830246643352,-21.81397270792241,-17.757190905277504,-16.285381010339993,,,,,,,,,,,,-0.2181397270792241,-0.2534120091361343,-0.16285381010339994,,17.0,-22.85725449671127,-0.2285725449671127,,
selected_contribution_path,demo-human_decline_bot_rise-884000,human_decline_bot_rise,dynamic_hierarchy,119,fixed_price,9d018b9de9fdf567d73f5985050e16b27d8e3d3b4c30531233e5677558244647,established_a-b112,established_a,112,,,,100,,,,-23.796169569186272,-23.005669726711176,-20.23341591190332,-16.048587136148758,-13.27974875483735,,,,,,,,,,,,-0.2023341591190332,-0.23796169569186273,-0.1327974875483735,,17.0,-22.85725449671127,-0.2285725449671127,,
selected_contribution_path,demo-human_decline_bot_rise-884000,human_decline_bot_rise,dynamic_hierarchy,119,hold_current,9d018b9de9fdf567d73f5985050e16b27d8e3d3b4c30531233e5677558244647,established_a-b112,established_a,112,,,,100,,,,-25.00664164470409,-24.066605459118968,-21.952595623230508,-18.538131405764588,-16.22313420440601,,,,,,,,,,,,-0.2195259562323051,-0.2500664164470409,-0.1622313420440601,,17.0,-22.85725449671127,-0.2285725449671127,,
selected_contribution_path,demo-human_decline_bot_rise-884000,human_decline_bot_rise,dynamic_hierarchy,119,continue_recent_trend,9d018b9de9fdf567d73f5985050e16b27d8e3d3b4c30531233e5677558244647,established_a-b112,established_a,112,,,,100,,,,-25.23175629931937,-24.25180827735361,-21.480637673988795,-17.626277923020623,-15.729699038271814,,,,,,,,,,,,-0.21480637673988795,-0.2523175629931937,-0.15729699038271813,,18.0,-22.831605887777425,-0.22831605887777426,,
selected_contribution_path,demo-human_decline_bot_rise-884000,human_decline_bot_rise,dynamic_hierarchy,119,fixed_price,9d018b9de9fdf567d73f5985050e16b27d8e3d3b4c30531233e5677558244647,established_a-b112,established_a,112,,,,100,,,,-23.590221586730834,-22.65422307545255,-19.87815286201552,-15.607625680576614,-13.139321819604511,,,,,,,,,,,,-0.1987815286201552,-0.23590221586730833,-0.1313932181960451,,18.0,-22.831605887777425,-0.22831605887777426,,
selected_contribution_path,demo-human_decline_bot_rise-884000,human_decline_bot_rise,dynamic_hierarchy,119,hold_current,9d018b9de9fdf567d73f5985050e16b27d8e3d3b4c30531233e5677558244647,established_a-b112,established_a,112,,,,100,,,,-24.90526651559326,-24.010705634786536,-21.776061169668857,-18.28851725325944,-16.230087370714774,,,,,,,,,,,,-0.21776061169668856,-0.2490526651559326,-0.16230087370714774,,18.0,-22.831605887777425,-0.22831605887777426,,
selected_contribution_path,demo-human_decline_bot_rise-884000,human_decline_bot_rise,dynamic_hierarchy,119,continue_recent_trend,9d018b9de9fdf567d73f5985050e16b27d8e3d3b4c30531233e5677558244647,established_a-b112,established_a,112,,,,100,,,,-25.10612073931717,-24.1258546517966,-21.34059727659816,-17.476735666388652,-15.367434737167493,,,,,,,,,,,,-0.2134059727659816,-0.2510612073931717,-0.15367434737167493,,19.0,-22.833604548598128,-0.22833604548598127,,
selected_contribution_path,demo-human_decline_bot_rise-884000,human_decline_bot_rise,dynamic_hierarchy,119,fixed_price,9d018b9de9fdf567d73f5985050e16b27d8e3d3b4c30531233e5677558244647,established_a-b112,established_a,112,,,,100,,,,-23.47988229168815,-22.440121788674336,-19.52339964366813,-15.163802317513536,-12.703544193700433,,,,,,,,,,,,-0.19523399643668132,-0.23479882291688148,-0.12703544193700433,,19.0,-22.833604548598128,-0.22833604548598127,,
selected_contribution_path,demo-human_decline_bot_rise-884000,human_decline_bot_rise,dynamic_hierarchy,119,hold_current,9d018b9de9fdf567d73f5985050e16b27d8e3d3b4c30531233e5677558244647,established_a-b112,established_a,112,,,,100,,,,-24.67493254189042,-23.97644054283211,-21.527992214446137,-17.8049234413623,-15.79532248129712,,,,,,,,,,,,-0.21527992214446137,-0.2467493254189042,-0.1579532248129712,,19.0,-22.833604548598128,-0.22833604548598127,,
selected_contribution_path,demo-human_decline_bot_rise-884000,human_decline_bot_rise,dynamic_hierarchy,119,hold_current,9d018b9de9fdf567d73f5985050e16b27d8e3d3b4c30531233e5677558244647,established_a-b112,established_a,112,,,,100,,,,-24.686173768886768,-23.742272422761623,-21.368010646534334,-17.570452073646763,-15.282842673831857,,,,,,,,,,,,-0.21368010646534333,-0.24686173768886768,-0.15282842673831856,,20.0,-22.858604548598127,-0.22858604548598127,,
selected_contribution_path,demo-human_decline_bot_rise-884000,human_decline_bot_rise,dynamic_hierarchy,119,continue_recent_trend,9d018b9de9fdf567d73f5985050e16b27d8e3d3b4c30531233e5677558244647,established_a-b112,established_a,112,,,,100,,,,-24.930379402270923,-24.10512604695107,-21.12093173330402,-17.26213718075371,-15.189784739974884,,,,,,,,,,,,-0.2112093173330402,-0.24930379402270922,-0.15189784739974885,,20.0,-22.858604548598127,-0.22858604548598127,,
selected_contribution_path,demo-human_decline_bot_rise-884000,human_decline_bot_rise,dynamic_hierarchy,119,fixed_price,9d018b9de9fdf567d73f5985050e16b27d8e3d3b4c30531233e5677558244647,established_a-b112,established_a,112,,,,100,,,,-23.19967154967153,-22.18773972565262,-19.07206177561878,-14.73641307157445,-12.57380573850843,,,,,,,,,,,,-0.19072061775618782,-0.23199671549671527,-0.12573805738508428,,20.0,-22.858604548598127,-0.22858604548598127,,
selected_contribution_path,demo-human_decline_bot_rise-884000,human_decline_bot_rise,dynamic_hierarchy,119,continue_recent_trend,9d018b9de9fdf567d73f5985050e16b27d8e3d3b4c30531233e5677558244647,established_a-b112,established_a,112,,,,100,,,,-24.865292076623664,-23.81739950679109,-20.90392107181495,-16.950345137897294,-14.968675084607876,,,,,,,,,,,,-0.2090392107181495,-0.24865292076623663,-0.14968675084607874,,21.0,-22.80158013801192,-0.2280158013801192,,
selected_contribution_path,demo-human_decline_bot_rise-884000,human_decline_bot_rise,dynamic_hierarchy,119,fixed_price,9d018b9de9fdf567d73f5985050e16b27d8e3d3b4c30531233e5677558244647,established_a-b112,established_a,112,,,,100,,,,-23.15109203731061,-22.055205232951984,-18.77685427770043,-14.02545739705261,-11.954330121873603,,,,,,,,,,,,-0.1877685427770043,-0.2315109203731061,-0.11954330121873603,,21.0,-22.80158013801192,-0.2280158013801192,,
selected_contribution_path,demo-human_decline_bot_rise-884000,human_decline_bot_rise,dynamic_hierarchy,119,hold_current,9d018b9de9fdf567d73f5985050e16b27d8e3d3b4c30531233e5677558244647,established_a-b112,established_a,112,,,,100,,,,-24.638939732271417,-23.694867557767637,-21.16990079293854,-17.349020485994984,-15.169552870823669,,,,,,,,,,,,-0.21169900792938542,-0.24638939732271417,-0.1516955287082367,,21.0,-22.80158013801192,-0.2280158013801192,,
selected_contribution_path,demo-human_decline_bot_rise-884000,human_decline_bot_rise,dynamic_hierarchy,119,fixed_price,9d018b9de9fdf567d73f5985050e16b27d8e3d3b4c30531233e5677558244647,established_a-b112,established_a,112,,,,100,,,,-22.901715201816938,-21.822329646754014,-18.30201619369719,-13.758451940772712,-11.955606145359278,,,,,,,,,,,,-0.1830201619369719,-0.22901715201816938,-0.11955606145359278,,22.0,-22.82658013801192,-0.2282658013801192,,
selected_contribution_path,demo-human_decline_bot_rise-884000,human_decline_bot_rise,dynamic_hierarchy,119,continue_recent_trend,9d018b9de9fdf567d73f5985050e16b27d8e3d3b4c30531233e5677558244647,established_a-b112,established_a,112,,,,100,,,,-24.782591129481983,-23.63878805302621,-20.64427505930341,-16.614249869979734,-14.42882142918529,,,,,,,,,,,,-0.2064427505930341,-0.24782591129481982,-0.1442882142918529,,22.0,-22.82658013801192,-0.2282658013801192,,
selected_contribution_path,demo-human_decline_bot_rise-884000,human_decline_bot_rise,dynamic_hierarchy,119,hold_current,9d018b9de9fdf567d73f5985050e16b27d8e3d3b4c30531233e5677558244647,established_a-b112,established_a,112,,,,100,,,,-24.4897428744518,-23.56395536314073,-21.035605402056248,-17.009363186473188,-15.099512330564894,,,,,,,,,,,,-0.21035605402056248,-0.244897428744518,-0.15099512330564893,,22.0,-22.82658013801192,-0.2282658013801192,,
selected_contribution_path,demo-human_decline_bot_rise-884000,human_decline_bot_rise,dynamic_hierarchy,119,hold_current,9d018b9de9fdf567d73f5985050e16b27d8e3d3b4c30531233e5677558244647,established_a-b112,established_a,112,,,,100,,,,-24.37780272512393,-23.43397871292386,-20.77844283519157,-16.46687830625566,-14.44555217596997,,,,,,,,,,,,-0.20778442835191568,-0.24377802725123932,-0.1444555217596997,,23.0,-22.57977976436752,-0.2257977976436752,,
selected_contribution_path,demo-human_decline_bot_rise-884000,human_decline_bot_rise,dynamic_hierarchy,119,continue_recent_trend,9d018b9de9fdf567d73f5985050e16b27d8e3d3b4c30531233e5677558244647,established_a-b112,established_a,112,,,,100,,,,-24.773975153729896,-23.548944683024416,-20.397066342596887,-16.451886315854395,-13.998184287307778,,,,,,,,,,,,-0.20397066342596887,-0.24773975153729896,-0.13998184287307777,,23.0,-22.57977976436752,-0.2257977976436752,,
selected_contribution_path,demo-human_decline_bot_rise-884000,human_decline_bot_rise,dynamic_hierarchy,119,fixed_price,9d018b9de9fdf567d73f5985050e16b27d8e3d3b4c30531233e5677558244647,established_a-b112,established_a,112,,,,100,,,,-22.82381036463759,-21.582995599341416,-17.965884770685378,-13.256517432767234,-10.98735021081616,,,,,,,,,,,,-0.17965884770685378,-0.22823810364637592,-0.1098735021081616,,23.0,-22.57977976436752,-0.2257977976436752,,
selected_contribution_path,demo-human_decline_bot_rise-884000,human_decline_bot_rise,dynamic_hierarchy,119,fixed_price,9d018b9de9fdf567d73f5985050e16b27d8e3d3b4c30531233e5677558244647,established_a-b112,established_a,112,,,,100,,,,-22.51664948235819,-21.26802811500987,-17.621969276877145,-12.736554121129352,-10.778725937596874,,,,,,,,,,,,-0.17621969276877145,-0.2251664948235819,-0.10778725937596874,,24.0,-22.40665344659736,-0.2240665344659736,,
selected_contribution_path,demo-human_decline_bot_rise-884000,human_decline_bot_rise,dynamic_hierarchy,119,hold_current,9d018b9de9fdf567d73f5985050e16b27d8e3d3b4c30531233e5677558244647,established_a-b112,established_a,112,,,,100,,,,-24.313796377362863,-23.17231720501637,-20.45375562488772,-16.40684586218225,-14.179452053235462,,,,,,,,,,,,-0.2045375562488772,-0.24313796377362862,-0.1417945205323546,,24.0,-22.40665344659736,-0.2240665344659736,,
selected_contribution_path,demo-human_decline_bot_rise-884000,human_decline_bot_rise,dynamic_hierarchy,119,continue_recent_trend,9d018b9de9fdf567d73f5985050e16b27d8e3d3b4c30531233e5677558244647,established_a-b112,established_a,112,,,,100,,,,-24.622399590729053,-23.426315636917003,-20.164763070221703,-16.344710480327883,-13.6224735607144,,,,,,,,,,,,-0.20164763070221703,-0.24622399590729052,-0.13622473560714402,,24.0,-22.40665344659736,-0.2240665344659736,,
selected_contribution_path,demo-human_decline_bot_rise-884000,human_decline_bot_rise,dynamic_hierarchy,119,hold_current,9d018b9de9fdf567d73f5985050e16b27d8e3d3b4c30531233e5677558244647,established_a-b112,established_a,112,,,,100,,,,-24.239188178767314,-23.18864344245295,-20.305487676215208,-16.102367800317058,-13.93923935074004,,,,,,,,,,,,-0.2030548767621521,-0.24239188178767315,-0.1393923935074004,,25.0,-22.402021996859773,-0.22402021996859772,,
selected_contribution_path,demo-human_decline_bot_rise-884000,human_decline_bot_rise,dynamic_hierarchy,119,fixed_price,9d018b9de9fdf567d73f5985050e16b27d8e3d3b4c30531233e5677558244647,established_a-b112,established_a,112,,,,100,,,,-22.50057427892896,-21.064835966662336,-17.271666873317052,-12.391703327212152,-10.291613407249947,,,,,,,,,,,,-0.17271666873317051,-0.2250057427892896,-0.10291613407249947,,25.0,-22.402021996859773,-0.22402021996859772,,
selected_contribution_path,demo-human_decline_bot_rise-884000,human_decline_bot_rise,dynamic_hierarchy,119,continue_recent_trend,9d018b9de9fdf567d73f5985050e16b27d8e3d3b4c30531233e5677558244647,established_a-b112,established_a,112,,,,100,,,,-24.594196674387845,-23.3975627713355,-19.89295043697234,-16.06185738743996,-13.30472685527226,,,,,,,,,,,,-0.19892950436972337,-0.24594196674387844,-0.13304726855272261,,25.0,-22.402021996859773,-0.22402021996859772,,
selected_contribution_path,demo-human_decline_bot_rise-884000,human_decline_bot_rise,dynamic_hierarchy,119,hold_current,9d018b9de9fdf567d73f5985050e16b27d8e3d3b4c30531233e5677558244647,established_a-b112,established_a,112,,,,100,,,,-24.251308274689155,-23.135204353857823,-20.102006787044893,-15.82424628656372,-13.488644276721583,,,,,,,,,,,,-0.20102006787044893,-0.24251308274689154,-0.13488644276721584,,26.0,-22.42702199685977,-0.22427021996859772,,
selected_contribution_path,demo-human_decline_bot_rise-884000,human_decline_bot_rise,dynamic_hierarchy,119,fixed_price,9d018b9de9fdf567d73f5985050e16b27d8e3d3b4c30531233e5677558244647,established_a-b112,established_a,112,,,,100,,,,-22.51081252220457,-21.04059855366705,-17.040652928262332,-12.229119292897394,-9.330350564123329,,,,,,,,,,,,-0.17040652928262331,-0.2251081252220457,-0.09330350564123328,,26.0,-22.42702199685977,-0.22427021996859772,,
selected_contribution_path,demo-human_decline_bot_rise-884000,human_decline_bot_rise,dynamic_hierarchy,119,continue_recent_trend,9d018b9de9fdf567d73f5985050e16b27d8e3d3b4c30531233e5677558244647,established_a-b112,established_a,112,,,,100,,,,-24.48812014604897,-23.27384828752684,-19.860062114841504,-15.673738733493424,-12.992961684461154,,,,,,,,,,,,-0.19860062114841504,-0.2448812014604897,-0.12992961684461155,,26.0,-22.42702199685977,-0.22427021996859772,,
selected_contribution_path,demo-human_decline_bot_rise-884000,human_decline_bot_rise,dynamic_hierarchy,119,continue_recent_trend,9d018b9de9fdf567d73f5985050e16b27d8e3d3b4c30531233e5677558244647,established_a-b112,established_a,112,,,,100,,,,-24.339581523276877,-23.13042839546683,-19.58557344436307,-15.30990495225046,-12.777646338279345,,,,,,,,,,,,-0.19585573444363072,-0.24339581523276876,-0.12777646338279344,,27.0,-22.35777148104107,-0.2235777148104107,,
selected_contribution_path,demo-human_decline_bot_rise-884000,human_decline_bot_rise,dynamic_hierarchy,119,fixed_price,9d018b9de9fdf567d73f5985050e16b27d8e3d3b4c30531233e5677558244647,established_a-b112,established_a,112,,,,100,,,,-22.24454783857231,-20.870461116611686,-16.58046316449898,-11.842010874730905,-8.51515983722873,,,,,,,,,,,,-0.1658046316449898,-0.2224454783857231,-0.0851515983722873,,27.0,-22.35777148104107,-0.2235777148104107,,
selected_contribution_path,demo-human_decline_bot_rise-884000,human_decline_bot_rise,dynamic_hierarchy,119,hold_current,9d018b9de9fdf567d73f5985050e16b27d8e3d3b4c30531233e5677558244647,established_a-b112,established_a,112,,,,100,,,,-23.96910436734616,-22.885025722187187,-19.893607562338897,-15.524793155908206,-13.296359194444603,,,,,,,,,,,,-0.19893607562338897,-0.23969104367346158,-0.13296359194444604,,27.0,-22.35777148104107,-0.2235777148104107,,
selected_contribution_path,demo-human_decline_bot_rise-884000,human_decline_bot_rise,dynamic_hierarchy,119,hold_current,9d018b9de9fdf567d73f5985050e16b27d8e3d3b4c30531233e5677558244647,established_a-b112,established_a,112,,,,100,,,,-23.9169342186593,-22.811852808138458,-19.749803788482577,-15.418770195848126,-13.120781345308282,,,,,,,,,,,,-0.19749803788482578,-0.239169342186593,-0.13120781345308283,,28.0,-22.25290218987352,-0.2225290218987352,,
selected_contribution_path,demo-human_decline_bot_rise-884000,human_decline_bot_rise,dynamic_hierarchy,119,continue_recent_trend,9d018b9de9fdf567d73f5985050e16b27d8e3d3b4c30531233e5677558244647,established_a-b112,established_a,112,,,,100,,,,-24.265642499214607,-23.032176241040887,-19.33235961626687,-14.92820344900738,-12.6487296122473,,,,,,,,,,,,-0.1933235961626687,-0.24265642499214607,-0.126487296122473,,28.0,-22.25290218987352,-0.2225290218987352,,
selected_contribution_path,demo-human_decline_bot_rise-884000,human_decline_bot_rise,dynamic_hierarchy,119,fixed_price,9d018b9de9fdf567d73f5985050e16b27d8e3d3b4c30531233e5677558244647,established_a-b112,established_a,112,,,,100,,,,-22.12149418743072,-20.710964698975843,-16.30568481725895,-11.42899630606225,-8.338489612745555,,,,,,,,,,,,-0.1630568481725895,-0.2212149418743072,-0.08338489612745555,,28.0,-22.25290218987352,-0.2225290218987352,,
selected_contribution_path,demo-human_decline_bot_rise-884000,human_decline_bot_rise,dynamic_hierarchy,119,fixed_price,9d018b9de9fdf567d73f5985050e16b27d8e3d3b4c30531233e5677558244647,established_a-b112,established_a,112,,,,100,,,,-21.80333529226708,-20.31639851214718,-16.015929567221825,-10.599093258643684,-8.213278120152154,,,,,,,,,,,,-0.16015929567221826,-0.2180333529226708,-0.08213278120152154,,29.0,-22.16027407948493,-0.22160274079484932,,
selected_contribution_path,demo-human_decline_bot_rise-884000,human_decline_bot_rise,dynamic_hierarchy,119,continue_recent_trend,9d018b9de9fdf567d73f5985050e16b27d8e3d3b4c30531233e5677558244647,established_a-b112,established_a,112,,,,100,,,,-24.24890661371284,-22.94999046022466,-19.18907750552605,-14.714263732680925,-12.160828884996867,,,,,,,,,,,,-0.1918907750552605,-0.2424890661371284,-0.12160828884996867,,29.0,-22.16027407948493,-0.22160274079484932,,
selected_contribution_path,demo-human_decline_bot_rise-884000,human_decline_bot_rise,dynamic_hierarchy,119,hold_current,9d018b9de9fdf567d73f5985050e16b27d8e3d3b4c30531233e5677558244647,established_a-b112,established_a,112,,,,100,,,,-23.862772278585275,-22.70279463748299,-19.543911838573656,-15.006922234368169,-12.7190489817869,,,,,,,,,,,,-0.19543911838573658,-0.23862772278585276,-0.12719048981786898,,29.0,-22.16027407948493,-0.22160274079484932,,
selected_contribution_path,demo-human_decline_bot_rise-884000,human_decline_bot_rise,dynamic_hierarchy,119,hold_current,9d018b9de9fdf567d73f5985050e16b27d8e3d3b4c30531233e5677558244647,established_a-b112,established_a,112,,,,100,,,,-23.88777227858528,-22.585093927897617,-19.453636779167983,-14.816021098650683,-12.3214747458026,,,,,,,,,,,,-0.19453636779167982,-0.23887772278585281,-0.123214747458026,,30.0,-22.04500051614471,-0.2204500051614471,,
selected_contribution_path,demo-human_decline_bot_rise-884000,human_decline_bot_rise,dynamic_hierarchy,119,fixed_price,9d018b9de9fdf567d73f5985050e16b27d8e3d3b4c30531233e5677558244647,established_a-b112,established_a,112,,,,100,,,,-21.64071562651328,-20.220993869968154,-15.751023186321218,-10.145460848853077,-7.713393639165554,,,,,,,,,,,,-0.15751023186321217,-0.2164071562651328,-0.07713393639165554,,30.0,-22.04500051614471,-0.2204500051614471,,
selected_contribution_path,demo-human_decline_bot_rise-884000,human_decline_bot_rise,dynamic_hierarchy,119,continue_recent_trend,9d018b9de9fdf567d73f5985050e16b27d8e3d3b4c30531233e5677558244647,established_a-b112,established_a,112,,,,100,,,,-24.168709040876838,-22.8991257806998,-19.03074756672708,-14.264534392095818,-11.940598555683572,,,,,,,,,,,,-0.1903074756672708,-0.24168709040876837,-0.11940598555683572,,30.0,-22.04500051614471,-0.2204500051614471,,
selected_contribution_path,demo-human_decline_bot_rise-884000,human_decline_bot_rise,dynamic_hierarchy,119,hold_current,9d018b9de9fdf567d73f5985050e16b27d8e3d3b4c30531233e5677558244647,established_a-b112,established_a,112,,,,100,,,,-23.857977350320063,-22.36284716123277,-19.290575171298123,-14.465962627807642,-11.65002133713797,,,,,,,,,,,,-0.19290575171298122,-0.23857977350320062,-0.1165002133713797,,31.0,-22.07000051614471,-0.22070000516144708,,
selected_contribution_path,demo-human_decline_bot_rise-884000,human_decline_bot_rise,dynamic_hierarchy,119,fixed_price,9d018b9de9fdf567d73f5985050e16b27d8e3d3b4c30531233e5677558244647,established_a-b112,established_a,112,,,,100,,,,-21.64505657777697,-19.81444731030184,-15.370149455523038,-9.657160283312797,-7.040179122097504,,,,,,,,,,,,-0.15370149455523038,-0.2164505657777697,-0.07040179122097504,,31.0,-22.07000051614471,-0.22070000516144708,,
selected_contribution_path,demo-human_decline_bot_rise-884000,human_decline_bot_rise,dynamic_hierarchy,119,continue_recent_trend,9d018b9de9fdf567d73f5985050e16b27d8e3d3b4c30531233e5677558244647,established_a-b112,established_a,112,,,,100,,,,-24.15168171588244,-22.79085537014748,-18.827939950112835,-14.037673411936217,-11.61433551638008,,,,,,,,,,,,-0.18827939950112835,-0.2415168171588244,-0.11614335516380081,,31.0,-22.07000051614471,-0.22070000516144708,,
selected_contribution_path,demo-human_decline_bot_rise-884000,human_decline_bot_rise,dynamic_hierarchy,119,hold_current,9d018b9de9fdf567d73f5985050e16b27d8e3d3b4c30531233e5677558244647,established_a-b112,established_a,112,,,,100,,,,-23.882977350320065,-22.13386773609624,-19.06086645986045,-14.250649557183706,-11.628343130526035,,,,,,,,,,,,-0.19060866459860448,-0.23882977350320064,-0.11628343130526035,,32.0,-21.78484302061227,-0.2178484302061227,,
selected_contribution_path,demo-human_decline_bot_rise-884000,human_decline_bot_rise,dynamic_hierarchy,119,continue_recent_trend,9d018b9de9fdf567d73f5985050e16b27d8e3d3b4c30531233e5677558244647,established_a-b112,established_a,112,,,,100,,,,-23.936438361168747,-22.626304388945567,-18.730236671340457,-13.506441184361565,-11.238779107244124,,,,,,,,,,,,-0.18730236671340456,-0.23936438361168746,-0.11238779107244123,,32.0,-21.78484302061227,-0.2178484302061227,,
selected_contribution_path,demo-human_decline_bot_rise-884000,human_decline_bot_rise,dynamic_hierarchy,119,fixed_price,9d018b9de9fdf567d73f5985050e16b27d8e3d3b4c30531233e5677558244647,established_a-b112,established_a,112,,,,100,,,,-21.486373059846738,-19.715761674496164,-15.007957511042877,-8.937368203572943,-6.210597835305349,,,,,,,,,,,,-0.15007957511042877,-0.2148637305984674,-0.062105978353053495,,32.0,-21.78484302061227,-0.2178484302061227,,
selected_contribution_path,demo-human_decline_bot_rise-884000,human_decline_bot_rise,dynamic_hierarchy,119,continue_recent_trend,9d018b9de9fdf567d73f5985050e16b27d8e3d3b4c30531233e5677558244647,established_a-b112,established_a,112,,,,100,,,,-23.81743133001556,-22.48661545679026,-18.6194921809576,-13.271724973031953,-11.211840839580846,,,,,,,,,,,,-0.186194921809576,-0.2381743133001556,-0.11211840839580846,,33.0,-21.80984302061227,-0.2180984302061227,,
selected_contribution_path,demo-human_decline_bot_rise-884000,human_decline_bot_rise,dynamic_hierarchy,119,fixed_price,9d018b9de9fdf567d73f5985050e16b27d8e3d3b4c30531233e5677558244647,established_a-b112,established_a,112,,,,100,,,,-21.49254066038913,-19.474362584888887,-14.530575677548368,-8.736796201760749,-5.847060620847122,,,,,,,,,,,,-0.14530575677548369,-0.21492540660389128,-0.05847060620847122,,33.0,-21.80984302061227,-0.2180984302061227,,
selected_contribution_path,demo-human_decline_bot_rise-884000,human_decline_bot_rise,dynamic_hierarchy,119,hold_current,9d018b9de9fdf567d73f5985050e16b27d8e3d3b4c30531233e5677558244647,established_a-b112,established_a,112,,,,100,,,,-23.8299288953498,-21.930409345678463,-18.922727216964653,-13.890552841960762,-11.37920030753162,,,,,,,,,,,,-0.18922727216964652,-0.23829928895349797,-0.1137920030753162,,33.0,-21.80984302061227,-0.2180984302061227,,
selected_contribution_path,demo-human_decline_bot_rise-884000,human_decline_bot_rise,dynamic_hierarchy,119,continue_recent_trend,9d018b9de9fdf567d73f5985050e16b27d8e3d3b4c30531233e5677558244647,established_a-b112,established_a,112,,,,100,,,,-23.78807578295411,-22.490474615631,-18.276537445130863,-13.122699281352324,-10.77783625526848,,,,,,,,,,,,-0.18276537445130864,-0.2378807578295411,-0.1077783625526848,,34.0,-21.83484302061227,-0.21834843020612268,,
selected_contribution_path,demo-human_decline_bot_rise-884000,human_decline_bot_rise,dynamic_hierarchy,119,fixed_price,9d018b9de9fdf567d73f5985050e16b27d8e3d3b4c30531233e5677558244647,established_a-b112,established_a,112,,,,100,,,,-21.35887445211661,-19.31218298772935,-14.292878501079464,-8.43702610830161,-5.634184410382523,,,,,,,,,,,,-0.14292878501079465,-0.21358874452116608,-0.05634184410382523,,34.0,-21.83484302061227,-0.21834843020612268,,
selected_contribution_path,demo-human_decline_bot_rise-884000,human_decline_bot_rise,dynamic_hierarchy,119,hold_current,9d018b9de9fdf567d73f5985050e16b27d8e3d3b4c30531233e5677558244647,established_a-b112,established_a,112,,,,100,,,,-23.72914679746187,-21.8969693000934,-18.816408983536107,-13.423894491310998,-11.194531642761326,,,,,,,,,,,,-0.18816408983536106,-0.2372914679746187,-0.11194531642761327,,34.0,-21.83484302061227,-0.21834843020612268,,
selected_contribution_path,demo-human_decline_bot_rise-884000,human_decline_bot_rise,dynamic_hierarchy,119,hold_current,9d018b9de9fdf567d73f5985050e16b27d8e3d3b4c30531233e5677558244647,established_a-b112,established_a,112,,,,100,,,,-23.52154731404505,-21.84516377910856,-18.64800148378649,-13.324143744667452,-11.10269911020982,,,,,,,,,,,,-0.18648001483786492,-0.23521547314045052,-0.1110269911020982,,35.0,-21.745957061963026,-0.21745957061963025,,
selected_contribution_path,demo-human_decline_bot_rise-884000,human_decline_bot_rise,dynamic_hierarchy,119,fixed_price,9d018b9de9fdf567d73f5985050e16b27d8e3d3b4c30531233e5677558244647,established_a-b112,established_a,112,,,,100,,,,-21.226784633684908,-19.051738417623124,-14.02261007533913,-8.310767205875461,-5.046289699668971,,,,,,,,,,,,-0.14022610075339131,-0.2122678463368491,-0.0504628969966897,,35.0,-21.745957061963026,-0.21745957061963025,,
selected_contribution_path,demo-human_decline_bot_rise-884000,human_decline_bot_rise,dynamic_hierarchy,119,continue_recent_trend,9d018b9de9fdf567d73f5985050e16b27d8e3d3b4c30531233e5677558244647,established_a-b112,established_a,112,,,,100,,,,-23.784504295980067,-22.44961215596787,-18.05198752008892,-12.6326316860581,-10.647826652923683,,,,,,,,,,,,-0.18051987520088922,-0.23784504295980066,-0.10647826652923684,,35.0,-21.745957061963026,-0.21745957061963025,,
selected_contribution_path,demo-human_decline_bot_rise-884000,human_decline_bot_rise,dynamic_hierarchy,119,hold_current,9d018b9de9fdf567d73f5985050e16b27d8e3d3b4c30531233e5677558244647,established_a-b112,established_a,112,,,,100,,,,-23.41929853624417,-21.766214589758743,-18.37484535933001,-13.042366499206103,-10.450568128360274,,,,,,,,,,,,-0.1837484535933001,-0.2341929853624417,-0.10450568128360274,,36.0,-21.770957061963024,-0.21770957061963025,,
selected_contribution_path,demo-human_decline_bot_rise-884000,human_decline_bot_rise,dynamic_hierarchy,119,continue_recent_trend,9d018b9de9fdf567d73f5985050e16b27d8e3d3b4c30531233e5677558244647,established_a-b112,established_a,112,,,,100,,,,-23.80950429598007,-22.367260408404004,-17.906745436724606,-12.451350193900687,-10.31534745132984,,,,,,,,,,,,-0.17906745436724605,-0.2380950429598007,-0.1031534745132984,,36.0,-21.770957061963024,-0.21770957061963025,,
selected_contribution_path,demo-human_decline_bot_rise-884000,human_decline_bot_rise,dynamic_hierarchy,119,fixed_price,9d018b9de9fdf567d73f5985050e16b27d8e3d3b4c30531233e5677558244647,established_a-b112,established_a,112,,,,100,,,,-20.78110477509137,-18.902264393232883,-13.931062480761652,-7.830877630055388,-5.003060072398598,,,,,,,,,,,,-0.13931062480761652,-0.20781104775091372,-0.05003060072398598,,36.0,-21.770957061963024,-0.21770957061963025,,
selected_contribution_path,demo-human_decline_bot_rise-884000,human_decline_bot_rise,dynamic_hierarchy,119,hold_current,9d018b9de9fdf567d73f5985050e16b27d8e3d3b4c30531233e5677558244647,established_a-b112,established_a,112,,,,100,,,,-23.414167946017407,-21.571917052742634,-18.05931214612997,-12.85758324379957,-10.160971233021815,,,,,,,,,,,,-0.1805931214612997,-0.23414167946017408,-0.10160971233021815,,37.0,-21.49119530375678,-0.2149119530375678,,
selected_contribution_path,demo-human_decline_bot_rise-884000,human_decline_bot_rise,dynamic_hierarchy,119,continue_recent_trend,9d018b9de9fdf567d73f5985050e16b27d8e3d3b4c30531233e5677558244647,established_a-b112,established_a,112,,,,100,,,,-23.8076340716252,-22.210986876429104,-17.605900005338523,-12.162850700008862,-9.766916014625204,,,,,,,,,,,,-0.17605900005338523,-0.23807634071625197,-0.09766916014625204,,37.0,-21.49119530375678,-0.2149119530375678,,
selected_contribution_path,demo-human_decline_bot_rise-884000,human_decline_bot_rise,dynamic_hierarchy,119,fixed_price,9d018b9de9fdf567d73f5985050e16b27d8e3d3b4c30531233e5677558244647,established_a-b112,established_a,112,,,,100,,,,-20.69381839373756,-18.75316584386704,-13.706686528169923,-7.42607310702793,-4.611976874708064,,,,,,,,,,,,-0.13706686528169923,-0.2069381839373756,-0.04611976874708064,,37.0,-21.49119530375678,-0.2149119530375678,,
selected_contribution_path,demo-human_decline_bot_rise-884000,human_decline_bot_rise,dynamic_hierarchy,119,hold_current,9d018b9de9fdf567d73f5985050e16b27d8e3d3b4c30531233e5677558244647,established_a-b112,established_a,112,,,,100,,,,-23.118529974839987,-21.458076268151665,-17.844030272144458,-12.573371959429616,-9.547890764325633,,,,,,,,,,,,-0.1784403027214446,-0.23118529974839988,-0.09547890764325632,,38.0,-21.516195303756778,-0.21516195303756777,,
selected_contribution_path,demo-human_decline_bot_rise-884000,human_decline_bot_rise,dynamic_hierarchy,119,fixed_price,9d018b9de9fdf567d73f5985050e16b27d8e3d3b4c30531233e5677558244647,established_a-b112,established_a,112,,,,100,,,,-20.19951039323593,-18.5427761452633,-13.34990216108445,-6.822772567007467,-4.060715868315999,,,,,,,,,,,,-0.1334990216108445,-0.20199510393235928,-0.040607158683159984,,38.0,-21.516195303756778,-0.21516195303756777,,
selected_contribution_path,demo-human_decline_bot_rise-884000,human_decline_bot_rise,dynamic_hierarchy,119,continue_recent_trend,9d018b9de9fdf567d73f5985050e16b27d8e3d3b4c30531233e5677558244647,established_a-b112,established_a,112,,,,100,,,,-23.82630709433907,-22.207551292013544,-17.32297952161828,-11.79319379263772,-9.00610348801338,,,,,,,,,,,,-0.17322979521618279,-0.23826307094339072,-0.0900610348801338,,38.0,-21.516195303756778,-0.21516195303756777,,
selected_contribution_path,demo-human_decline_bot_rise-884000,human_decline_bot_rise,dynamic_hierarchy,119,hold_current,9d018b9de9fdf567d73f5985050e16b27d8e3d3b4c30531233e5677558244647,established_a-b112,established_a,112,,,,100,,,,-23.1046700756994,-21.381979271484497,-17.717221987638382,-12.45376080192056,-9.164758349541993,,,,,,,,,,,,-0.17717221987638382,-0.231046700756994,-0.09164758349541993,,39.0,-21.443370079238854,-0.21443370079238855,,
selected_contribution_path,demo-human_decline_bot_rise-884000,human_decline_bot_rise,dynamic_hierarchy,119,fixed_price,9d018b9de9fdf567d73f5985050e16b27d8e3d3b4c30531233e5677558244647,established_a-b112,established_a,112,,,,100,,,,-19.900826694745508,-18.077231917935656,-13.213467350811364,-6.397055242787445,-3.144789074718556,,,,,,,,,,,,-0.13213467350811364,-0.19900826694745508,-0.03144789074718556,,39.0,-21.443370079238854,-0.21443370079238855,,
selected_contribution_path,demo-human_decline_bot_rise-884000,human_decline_bot_rise,dynamic_hierarchy,119,continue_recent_trend,9d018b9de9fdf567d73f5985050e16b27d8e3d3b4c30531233e5677558244647,established_a-b112,established_a,112,,,,100,,,,-23.76124550544281,-21.96924377105701,-17.181436023132214,-11.51003773357483,-8.751187659641792,,,,,,,,,,,,-0.17181436023132213,-0.23761245505442813,-0.08751187659641792,,39.0,-21.443370079238854,-0.21443370079238855,,
selected_contribution_path,demo-human_decline_bot_rise-884000,human_decline_bot_rise,dynamic_hierarchy,119,hold_current,9d018b9de9fdf567d73f5985050e16b27d8e3d3b4c30531233e5677558244647,established_a-b112,established_a,112,,,,100,,,,-23.115511261494543,-21.31514670257052,-17.510522169930095,-12.30609151928232,-8.886291305053913,,,,,,,,,,,,-0.17510522169930096,-0.23115511261494542,-0.08886291305053913,,40.0,-21.46837007923885,-0.2146837007923885,,
selected_contribution_path,demo-human_decline_bot_rise-884000,human_decline_bot_rise,dynamic_hierarchy,119,continue_recent_trend,9d018b9de9fdf567d73f5985050e16b27d8e3d3b4c30531233e5677558244647,established_a-b112,established_a,112,,,,100,,,,-23.724933746164837,-21.95395146630999,-16.950289571385216,-11.202742184267295,-8.361445055598603,,,,,,,,,,,,-0.16950289571385216,-0.23724933746164836,-0.08361445055598603,,40.0,-21.46837007923885,-0.2146837007923885,,
selected_contribution_path,demo-human_decline_bot_rise-884000,human_decline_bot_rise,dynamic_hierarchy,119,fixed_price,9d018b9de9fdf567d73f5985050e16b27d8e3d3b4c30531233e5677558244647,established_a-b112,established_a,112,,,,100,,,,-19.808435303979238,-17.962713653473173,-12.778073655203862,-6.220610622382171,-2.242233756327764,,,,,,,,,,,,-0.12778073655203862,-0.19808435303979238,-0.02242233756327764,,40.0,-21.46837007923885,-0.2146837007923885,,
selected_contribution_path,demo-human_decline_bot_rise-884000,human_decline_bot_rise,dynamic_hierarchy,119,continue_recent_trend,9d018b9de9fdf567d73f5985050e16b27d8e3d3b4c30531233e5677558244647,established_a-b112,established_a,112,,,,100,,,,-23.56418862216739,-21.833059037405786,-16.886672606746902,-11.106580419164212,-8.037235006208837,,,,,,,,,,,,-0.16886672606746903,-0.2356418862216739,-0.08037235006208837,,41.0,-21.25201898063044,-0.21252018980630438,,
selected_contribution_path,demo-human_decline_bot_rise-884000,human_decline_bot_rise,dynamic_hierarchy,119,fixed_price,9d018b9de9fdf567d73f5985050e16b27d8e3d3b4c30531233e5677558244647,established_a-b112,established_a,112,,,,100,,,,-19.54345790169778,-17.818990813487332,-12.53901062661227,-5.77258584540842,-1.1068207032245074,,,,,,,,,,,,-0.1253901062661227,-0.1954345790169778,-0.011068207032245075,,41.0,-21.25201898063044,-0.21252018980630438,,
selected_contribution_path,demo-human_decline_bot_rise-884000,human_decline_bot_rise,dynamic_hierarchy,119,hold_current,9d018b9de9fdf567d73f5985050e16b27d8e3d3b4c30531233e5677558244647,established_a-b112,established_a,112,,,,100,,,,-22.92396403435295,-21.29773734016608,-17.348575982583235,-11.800475979022725,-8.09406410820222,,,,,,,,,,,,-0.17348575982583234,-0.22923964034352948,-0.0809406410820222,,41.0,-21.25201898063044,-0.21252018980630438,,
selected_contribution_path,demo-human_decline_bot_rise-884000,human_decline_bot_rise,dynamic_hierarchy,119,fixed_price,9d018b9de9fdf567d73f5985050e16b27d8e3d3b4c30531233e5677558244647,established_a-b112,established_a,112,,,,100,,,,-19.24260182705376,-17.552391573541716,-12.328195486926496,-4.519794236512993,-0.689279799949269,,,,,,,,,,,,-0.12328195486926496,-0.19242601827053762,-0.00689279799949269,,42.0,-21.27701898063044,-0.2127701898063044,,
selected_contribution_path,demo-human_decline_bot_rise-884000,human_decline_bot_rise,dynamic_hierarchy,119,continue_recent_trend,9d018b9de9fdf567d73f5985050e16b27d8e3d3b4c30531233e5677558244647,established_a-b112,established_a,112,,,,100,,,,-23.416407891204734,-21.81495295360144,-16.766482563306315,-10.868145955171135,-7.079297699024188,,,,,,,,,,,,-0.16766482563306315,-0.23416407891204735,-0.07079297699024188,,42.0,-21.27701898063044,-0.2127701898063044,,
selected_contribution_path,demo-human_decline_bot_rise-884000,human_decline_bot_rise,dynamic_hierarchy,119,hold_current,9d018b9de9fdf567d73f5985050e16b27d8e3d3b4c30531233e5677558244647,established_a-b112,established_a,112,,,,100,,,,-22.715341766102085,-21.248706769728457,-17.246386840257053,-11.340233254194136,-7.871896569206063,,,,,,,,,,,,-0.17246386840257052,-0.22715341766102085,-0.07871896569206063,,42.0,-21.27701898063044,-0.2127701898063044,,
selected_contribution_path,demo-human_decline_bot_rise-884000,human_decline_bot_rise,dynamic_hierarchy,119,continue_recent_trend,9d018b9de9fdf567d73f5985050e16b27d8e3d3b4c30531233e5677558244647,established_a-b112,established_a,112,,,,100,,,,-23.332072790893392,-21.807281314168364,-16.54995767773692,-10.636517497760842,-6.787973395180835,,,,,,,,,,,,-0.1654995767773692,-0.2333207279089339,-0.06787973395180835,,43.0,-21.030356425247174,-0.21030356425247174,,
selected_contribution_path,demo-human_decline_bot_rise-884000,human_decline_bot_rise,dynamic_hierarchy,119,hold_current,9d018b9de9fdf567d73f5985050e16b27d8e3d3b4c30531233e5677558244647,established_a-b112,established_a,112,,,,100,,,,-22.70246543997973,-21.014372127080478,-17.078975040311438,-11.251192817017367,-7.674735468545369,,,,,,,,,,,,-0.17078975040311437,-0.2270246543997973,-0.07674735468545368,,43.0,-21.030356425247174,-0.21030356425247174,,
selected_contribution_path,demo-human_decline_bot_rise-884000,human_decline_bot_rise,dynamic_hierarchy,119,fixed_price,9d018b9de9fdf567d73f5985050e16b27d8e3d3b4c30531233e5677558244647,established_a-b112,established_a,112,,,,100,,,,-19.13373415493299,-17.4406176512645,-12.156338604602526,-4.1917357358864304,-0.0194840352280021,,,,,,,,,,,,-0.12156338604602526,-0.1913373415493299,-0.000194840352280021,,43.0,-21.030356425247174,-0.21030356425247174,,
selected_contribution_path,demo-human_decline_bot_rise-884000,human_decline_bot_rise,dynamic_hierarchy,119,fixed_price,9d018b9de9fdf567d73f5985050e16b27d8e3d3b4c30531233e5677558244647,established_a-b112,established_a,112,,,,100,,,,-19.048613874322555,-17.21808248538544,-11.795245135331818,-3.943890938285144,0.8591507434973722,,,,,,,,,,,,-0.11795245135331818,-0.19048613874322556,0.008591507434973722,,44.0,-21.05535642524717,-0.21055356425247168,,
selected_contribution_path,demo-human_decline_bot_rise-884000,human_decline_bot_rise,dynamic_hierarchy,119,continue_recent_trend,9d018b9de9fdf567d73f5985050e16b27d8e3d3b4c30531233e5677558244647,established_a-b112,established_a,112,,,,100,,,,-23.321835535525988,-21.79507467685348,-16.388563082896532,-10.459769698442312,-6.134625331500841,,,,,,,,,,,,-0.16388563082896532,-0.2332183553552599,-0.061346253315008405,,44.0,-21.05535642524717,-0.21055356425247168,,
selected_contribution_path,demo-human_decline_bot_rise-884000,human_decline_bot_rise,dynamic_hierarchy,119,hold_current,9d018b9de9fdf567d73f5985050e16b27d8e3d3b4c30531233e5677558244647,established_a-b112,established_a,112,,,,100,,,,-22.562186333592965,-20.90902603013855,-16.980654748136786,-10.79009252493992,-7.270529431057044,,,,,,,,,,,,-0.16980654748136786,-0.22562186333592965,-0.07270529431057043,,44.0,-21.05535642524717,-0.21055356425247168,,
selected_contribution_path,demo-human_decline_bot_rise-884000,human_decline_bot_rise,dynamic_hierarchy,119,continue_recent_trend,9d018b9de9fdf567d73f5985050e16b27d8e3d3b4c30531233e5677558244647,established_a-b112,established_a,112,,,,100,,,,-23.303717310142854,-21.81091492983604,-16.20018257738465,-10.21844399419386,-5.945135222480181,,,,,,,,,,,,-0.16200182577384648,-0.23303717310142855,-0.05945135222480181,,45.0,-21.08035642524717,-0.2108035642524717,,
selected_contribution_path,demo-human_decline_bot_rise-884000,human_decline_bot_rise,dynamic_hierarchy,119,hold_current,9d018b9de9fdf567d73f5985050e16b27d8e3d3b4c30531233e5677558244647,established_a-b112,established_a,112,,,,100,,,,-22.58411955254353,-20.740135076921376,-16.80278304554497,-10.493111367166044,-7.203413289093231,,,,,,,,,,,,-0.1680278304554497,-0.2258411955254353,-0.07203413289093231,,45.0,-21.08035642524717,-0.2108035642524717,,
selected_contribution_path,demo-human_decline_bot_rise-884000,human_decline_bot_rise,dynamic_hierarchy,119,fixed_price,9d018b9de9fdf567d73f5985050e16b27d8e3d3b4c30531233e5677558244647,established_a-b112,established_a,112,,,,100,,,,-18.91526167819438,-17.000002886607614,-11.40447627205281,-3.529850406929942,1.0548825199678449,,,,,,,,,,,,-0.11404476272052809,-0.1891526167819438,0.010548825199678449,,45.0,-21.08035642524717,-0.2108035642524717,,
selected_contribution_path,demo-human_decline_bot_rise-884000,human_decline_bot_rise,dynamic_hierarchy,119,fixed_price,9d018b9de9fdf567d73f5985050e16b27d8e3d3b4c30531233e5677558244647,established_a-b112,established_a,112,,,,100,,,,-18.86814752447154,-16.997354934551307,-11.227954222437011,-3.189690786522373,1.443404444184068,,,,,,,,,,,,-0.11227954222437012,-0.18868147524471537,0.01443404444184068,,46.0,-21.10535642524717,-0.21105356425247168,,
selected_contribution_path,demo-human_decline_bot_rise-884000,human_decline_bot_rise,dynamic_hierarchy,119,continue_recent_trend,9d018b9de9fdf567d73f5985050e16b27d8e3d3b4c30531233e5677558244647,established_a-b112,established_a,112,,,,100,,,,-23.238177161344343,-21.68793200232136,-15.992066763468438,-9.932083639907434,-5.393745087577549,,,,,,,,,,,,-0.15992066763468438,-0.23238177161344342,-0.053937450875775485,,46.0,-21.10535642524717,-0.21105356425247168,,
selected_contribution_path,demo-human_decline_bot_rise-884000,human_decline_bot_rise,dynamic_hierarchy,119,hold_current,9d018b9de9fdf567d73f5985050e16b27d8e3d3b4c30531233e5677558244647,established_a-b112,established_a,112,,,,100,,,,-22.55583873801736,-20.754360553087423,-16.65841484789982,-10.292645807817967,-7.020338865563993,,,,,,,,,,,,-0.1665841484789982,-0.22555838738017361,-0.07020338865563992,,46.0,-21.10535642524717,-0.21105356425247168,,
selected_contribution_path,demo-human_decline_bot_rise-884000,human_decline_bot_rise,dynamic_hierarchy,119,continue_recent_trend,9d018b9de9fdf567d73f5985050e16b27d8e3d3b4c30531233e5677558244647,established_a-b112,established_a,112,,,,100,,,,-23.26317716134434,-21.46463520756438,-15.946938324883313,-9.562074814768014,-4.973422335820728,,,,,,,,,,,,-0.1594693832488331,-0.23263177161344342,-0.04973422335820728,,47.0,-21.05059271943155,-0.2105059271943155,,
selected_contribution_path,demo-human_decline_bot_rise-884000,human_decline_bot_rise,dynamic_hierarchy,119,hold_current,9d018b9de9fdf567d73f5985050e16b27d8e3d3b4c30531233e5677558244647,established_a-b112,established_a,112,,,,100,,,,-22.46448281234348,-20.701934502802665,-16.48598267513024,-10.045538994099829,-6.636350820519877,,,,,,,,,,,,-0.16485982675130242,-0.2246448281234348,-0.06636350820519878,,47.0,-21.05059271943155,-0.2105059271943155,,
selected_contribution_path,demo-human_decline_bot_rise-884000,human_decline_bot_rise,dynamic_hierarchy,119,fixed_price,9d018b9de9fdf567d73f5985050e16b27d8e3d3b4c30531233e5677558244647,established_a-b112,established_a,112,,,,100,,,,-18.566441209839244,-16.732316848683077,-10.853746184143022,-3.069310750721346,1.948729817112003,,,,,,,,,,,,-0.10853746184143022,-0.18566441209839243,0.01948729817112003,,47.0,-21.05059271943155,-0.2105059271943155,,
selected_contribution_path,demo-human_decline_bot_rise-884000,human_decline_bot_rise,dynamic_hierarchy,119,hold_current,9d018b9de9fdf567d73f5985050e16b27d8e3d3b4c30531233e5677558244647,established_a-b112,established_a,112,,,,100,,,,-22.48948281234348,-20.543009761994355,-16.37406868803217,-10.06117809742742,-6.28318538503996,,,,,,,,,,,,-0.1637406868803217,-0.22489482812343478,-0.0628318538503996,,48.0,-20.821312638469,-0.20821312638469,,
selected_contribution_path,demo-human_decline_bot_rise-884000,human_decline_bot_rise,dynamic_hierarchy,119,fixed_price,9d018b9de9fdf567d73f5985050e16b27d8e3d3b4c30531233e5677558244647,established_a-b112,established_a,112,,,,100,,,,-18.382051878657087,-16.53996982390727,-10.671983887795552,-2.5485287420271714,2.197362483591429,,,,,,,,,,,,-0.10671983887795551,-0.18382051878657088,0.021973624835914293,,48.0,-20.821312638469,-0.20821312638469,,
selected_contribution_path,demo-human_decline_bot_rise-884000,human_decline_bot_rise,dynamic_hierarchy,119,continue_recent_trend,9d018b9de9fdf567d73f5985050e16b27d8e3d3b4c30531233e5677558244647,established_a-b112,established_a,112,,,,100,,,,-23.273639350066304,-21.485128201715305,-15.646243258773731,-9.33538961509395,-4.733227154899751,,,,,,,,,,,,-0.15646243258773732,-0.23273639350066305,-0.04733227154899751,,48.0,-20.821312638469,-0.20821312638469,,
selected_contribution_path,demo-human_decline_bot_rise-884000,human_decline_bot_rise,dynamic_hierarchy,119,fixed_price,9d018b9de9fdf567d73f5985050e16b27d8e3d3b4c30531233e5677558244647,established_a-b112,established_a,112,,,,100,,,,-18.073231126933493,-16.367519193736868,-10.393425927141916,-2.204497632052883,2.628723960810949,,,,,,,,,,,,-0.10393425927141915,-0.18073231126933492,0.02628723960810949,,49.0,-20.77500865105792,-0.2077500865105792,,
selected_contribution_path,demo-human_decline_bot_rise-884000,human_decline_bot_rise,dynamic_hierarchy,119,continue_recent_trend,9d018b9de9fdf567d73f5985050e16b27d8e3d3b4c30531233e5677558244647,established_a-b112,established_a,112,,,,100,,,,-23.06901955760515,-21.46311319652852,-15.542184821323108,-9.043490436068817,-4.3745065354726895,,,,,,,,,,,,-0.15542184821323107,-0.2306901955760515,-0.04374506535472689,,49.0,-20.77500865105792,-0.2077500865105792,,
selected_contribution_path,demo-human_decline_bot_rise-884000,human_decline_bot_rise,dynamic_hierarchy,119,hold_current,9d018b9de9fdf567d73f5985050e16b27d8e3d3b4c30531233e5677558244647,established_a-b112,established_a,112,,,,100,,,,-22.51448281234348,-20.4589936880732,-16.140988771952593,-9.937789171361208,-6.128053628526967,,,,,,,,,,,,-0.1614098877195259,-0.2251448281234348,-0.061280536285269666,,49.0,-20.77500865105792,-0.2077500865105792,,
selected_contribution_path,demo-human_decline_bot_rise-884000,human_decline_bot_rise,dynamic_hierarchy,119,hold_current,9d018b9de9fdf567d73f5985050e16b27d8e3d3b4c30531233e5677558244647,established_a-b112,established_a,112,,,,100,,,,-22.50339488227584,-20.36918397704025,-16.109410581782996,-9.564085437314562,-6.120107599898221,,,,,,,,,,,,-0.16109410581782996,-0.22503394882275837,-0.06120107599898221,,50.0,-20.66405191673212,-0.2066405191673212,,
selected_contribution_path,demo-human_decline_bot_rise-884000,human_decline_bot_rise,dynamic_hierarchy,119,fixed_price,9d018b9de9fdf567d73f5985050e16b27d8e3d3b4c30531233e5677558244647,established_a-b112,established_a,112,,,,100,,,,-17.747575660544303,-16.22881247543434,-10.28703111775578,-1.762545615686653,3.0891987057321835,,,,,,,,,,,,-0.1028703111775578,-0.17747575660544304,0.030891987057321834,,50.0,-20.66405191673212,-0.2066405191673212,,
selected_contribution_path,demo-human_decline_bot_rise-884000,human_decline_bot_rise,dynamic_hierarchy,119,continue_recent_trend,9d018b9de9fdf567d73f5985050e16b27d8e3d3b4c30531233e5677558244647,established_a-b112,established_a,112,,,,100,,,,-22.91385510776524,-21.32494643506159,-15.533057997280649,-8.588547598479966,-3.872823087328528,,,,,,,,,,,,-0.1553305799728065,-0.2291385510776524,-0.03872823087328528,,50.0,-20.66405191673212,-0.2066405191673212,,
selected_contribution_path,demo-human_decline_bot_rise-884000,human_decline_bot_rise,dynamic_hierarchy,119,continue_recent_trend,9d018b9de9fdf567d73f5985050e16b27d8e3d3b4c30531233e5677558244647,established_a-b112,established_a,112,,,,100,,,,-22.922592587111595,-21.22725711567268,-15.269293621762632,-8.082433883704777,-3.607052102008423,,,,,,,,,,,,-0.1526929362176263,-0.22922592587111595,-0.03607052102008423,,51.0,-20.68905191673212,-0.20689051916732118,,
selected_contribution_path,demo-human_decline_bot_rise-884000,human_decline_bot_rise,dynamic_hierarchy,119,fixed_price,9d018b9de9fdf567d73f5985050e16b27d8e3d3b4c30531233e5677558244647,established_a-b112,established_a,112,,,,100,,,,-17.663340890984955,-16.111902885488927,-10.013665802600883,-1.5777014680027577,3.611413789786954,,,,,,,,,,,,-0.10013665802600884,-0.17663340890984955,0.03611413789786954,,51.0,-20.68905191673212,-0.20689051916732118,,
selected_contribution_path,demo-human_decline_bot_rise-884000,human_decline_bot_rise,dynamic_hierarchy,119,hold_current,9d018b9de9fdf567d73f5985050e16b27d8e3d3b4c30531233e5677558244647,established_a-b112,established_a,112,,,,100,,,,-22.39739830236713,-20.283042221910712,-16.046907318757217,-9.289430264881949,-5.7355271932756935,,,,,,,,,,,,-0.16046907318757217,-0.2239739830236713,-0.057355271932756934,,51.0,-20.68905191673212,-0.20689051916732118,,
selected_contribution_path,demo-human_decline_bot_rise-884000,human_decline_bot_rise,dynamic_hierarchy,119,hold_current,9d018b9de9fdf567d73f5985050e16b27d8e3d3b4c30531233e5677558244647,established_a-b112,established_a,112,,,,100,,,,-22.37804542190064,-20.271312527459983,-15.941062015835724,-8.914178195872898,-5.552642861566501,,,,,,,,,,,,-0.15941062015835725,-0.2237804542190064,-0.055526428615665015,,52.0,-20.71405191673212,-0.2071405191673212,,
selected_contribution_path,demo-human_decline_bot_rise-884000,human_decline_bot_rise,dynamic_hierarchy,119,fixed_price,9d018b9de9fdf567d73f5985050e16b27d8e3d3b4c30531233e5677558244647,established_a-b112,established_a,112,,,,100,,,,-17.426897883296558,-15.958408675531222,-9.838891600717158,-1.3323964800423376,3.8654020905300586,,,,,,,,,,,,-0.09838891600717158,-0.17426897883296558,0.03865402090530059,,52.0,-20.71405191673212,-0.2071405191673212,,
selected_contribution_path,demo-human_decline_bot_rise-884000,human_decline_bot_rise,dynamic_hierarchy,119,continue_recent_trend,9d018b9de9fdf567d73f5985050e16b27d8e3d3b4c30531233e5677558244647,established_a-b112,established_a,112,,,,100,,,,-22.832771091648763,-20.96794974907523,-15.2300458736846,-7.82256621229261,-3.2324025133154564,,,,,,,,,,,,-0.152300458736846,-0.22832771091648763,-0.03232402513315456,,52.0,-20.71405191673212,-0.2071405191673212,,
selected_contribution_path,demo-human_decline_bot_rise-884000,human_decline_bot_rise,dynamic_hierarchy,119,continue_recent_trend,9d018b9de9fdf567d73f5985050e16b27d8e3d3b4c30531233e5677558244647,established_a-b112,established_a,112,,,,100,,,,-22.857771091648765,-20.97617385969508,-15.045195594533377,-7.700876275428792,-3.1261585220156096,,,,,,,,,,,,-0.15045195594533378,-0.22857771091648765,-0.031261585220156096,,53.0,-20.73905191673212,-0.2073905191673212,,
selected_contribution_path,demo-human_decline_bot_rise-884000,human_decline_bot_rise,dynamic_hierarchy,119,hold_current,9d018b9de9fdf567d73f5985050e16b27d8e3d3b4c30531233e5677558244647,established_a-b112,established_a,112,,,,100,,,,-22.403045421900643,-20.25119375419905,-15.7097633555864,-8.81339372218585,-5.037696947534092,,,,,,,,,,,,-0.157097633555864,-0.22403045421900644,-0.05037696947534091,,53.0,-20.73905191673212,-0.2073905191673212,,
selected_contribution_path,demo-human_decline_bot_rise-884000,human_decline_bot_rise,dynamic_hierarchy,119,fixed_price,9d018b9de9fdf567d73f5985050e16b27d8e3d3b4c30531233e5677558244647,established_a-b112,established_a,112,,,,100,,,,-17.308083199165456,-15.73417742380438,-9.658934165995891,-0.382263876679767,4.157185904826609,,,,,,,,,,,,-0.09658934165995892,-0.17308083199165455,0.041571859048266095,,53.0,-20.73905191673212,-0.2073905191673212,,
selected_contribution_path,demo-human_decline_bot_rise-884000,human_decline_bot_rise,dynamic_hierarchy,119,continue_recent_trend,9d018b9de9fdf567d73f5985050e16b27d8e3d3b4c30531233e5677558244647,established_a-b112,established_a,112,,,,100,,,,-22.57409049053328,-20.91283681557624,-14.918417849511478,-7.486206624506316,-2.1249511901913927,,,,,,,,,,,,-0.14918417849511478,-0.2257409049053328,-0.021249511901913928,,54.0,-20.764051916732114,-0.20764051916732115,,
selected_contribution_path,demo-human_decline_bot_rise-884000,human_decline_bot_rise,dynamic_hierarchy,119,hold_current,9d018b9de9fdf567d73f5985050e16b27d8e3d3b4c30531233e5677558244647,established_a-b112,established_a,112,,,,100,,,,-22.41140244221011,-20.067062263695966,-15.515692678393831,-8.574473229631723,-4.481236943855553,,,,,,,,,,,,-0.1551569267839383,-0.2241140244221011,-0.04481236943855553,,54.0,-20.764051916732114,-0.20764051916732115,,
selected_contribution_path,demo-human_decline_bot_rise-884000,human_decline_bot_rise,dynamic_hierarchy,119,fixed_price,9d018b9de9fdf567d73f5985050e16b27d8e3d3b4c30531233e5677558244647,established_a-b112,established_a,112,,,,100,,,,-17.212868600543946,-15.297386795762618,-9.289610844526614,-0.039263035502179,4.912727713895898,,,,,,,,,,,,-0.09289610844526613,-0.17212868600543946,0.04912727713895898,,54.0,-20.764051916732114,-0.20764051916732115,,
selected_contribution_path,demo-human_decline_bot_rise-884000,human_decline_bot_rise,dynamic_hierarchy,119,hold_current,9d018b9de9fdf567d73f5985050e16b27d8e3d3b4c30531233e5677558244647,established_a-b112,established_a,112,,,,100,,,,-22.361103580205903,-20.043843729633124,-15.461551052722973,-8.320422803008993,-4.1614455440068685,,,,,,,,,,,,-0.15461551052722972,-0.22361103580205902,-0.041614455440068684,,55.0,-20.789051916732117,-0.20789051916732115,,
selected_contribution_path,demo-human_decline_bot_rise-884000,human_decline_bot_rise,dynamic_hierarchy,119,fixed_price,9d018b9de9fdf567d73f5985050e16b27d8e3d3b4c30531233e5677558244647,established_a-b112,established_a,112,,,,100,,,,-17.223475101405413,-15.29638316363828,-9.101697932928024,0.3314953876637911,5.407136101737811,,,,,,,,,,,,-0.09101697932928024,-0.17223475101405414,0.054071361017378104,,55.0,-20.789051916732117,-0.20789051916732115,,
selected_contribution_path,demo-human_decline_bot_rise-884000,human_decline_bot_rise,dynamic_hierarchy,119,continue_recent_trend,9d018b9de9fdf567d73f5985050e16b27d8e3d3b4c30531233e5677558244647,established_a-b112,established_a,112,,,,100,,,,-22.4030878942928,-20.932262810104497,-14.74378066878905,-6.8622384294221614,-1.6983732526022752,,,,,,,,,,,,-0.1474378066878905,-0.224030878942928,-0.01698373252602275,,55.0,-20.789051916732117,-0.20789051916732115,,
selected_contribution_path,demo-human_decline_bot_rise-884000,human_decline_bot_rise,dynamic_hierarchy,119,continue_recent_trend,9d018b9de9fdf567d73f5985050e16b27d8e3d3b4c30531233e5677558244647,established_a-b112,established_a,112,,,,100,,,,-22.29468200049845,-20.861114751327268,-14.569015030485303,-6.756506116963884,-1.3794661641136767,,,,,,,,,,,,-0.14569015030485302,-0.2229468200049845,-0.013794661641136767,,56.0,-20.57984455693252,-0.20579844556932522,,
selected_contribution_path,demo-human_decline_bot_rise-884000,human_decline_bot_rise,dynamic_hierarchy,119,hold_current,9d018b9de9fdf567d73f5985050e16b27d8e3d3b4c30531233e5677558244647,established_a-b112,established_a,112,,,,100,,,,-22.38610358020591,-19.834490662961727,-15.357156609412376,-8.229340908737074,-4.014796681401982,,,,,,,,,,,,-0.15357156609412376,-0.22386103580205907,-0.040147966814019824,,56.0,-20.57984455693252,-0.20579844556932522,,
selected_contribution_path,demo-human_decline_bot_rise-884000,human_decline_bot_rise,dynamic_hierarchy,119,fixed_price,9d018b9de9fdf567d73f5985050e16b27d8e3d3b4c30531233e5677558244647,established_a-b112,established_a,112,,,,100,,,,-17.09475045501449,-15.2055866557658,-8.929880451719894,0.6056260372283209,5.66639865485611,,,,,,,,,,,,-0.08929880451719895,-0.1709475045501449,0.0566639865485611,,56.0,-20.57984455693252,-0.20579844556932522,,
selected_contribution_path,demo-human_decline_bot_rise-884000,human_decline_bot_rise,dynamic_hierarchy,119,continue_recent_trend,9d018b9de9fdf567d73f5985050e16b27d8e3d3b4c30531233e5677558244647,established_a-b112,established_a,112,,,,100,,,,-22.304685157179563,-20.769351736480477,-14.579095685301784,-6.577484781117168,0.0604210821306634,,,,,,,,,,,,-0.14579095685301785,-0.22304685157179563,0.000604210821306634,,57.0,-20.60484455693252,-0.2060484455693252,,
selected_contribution_path,demo-human_decline_bot_rise-884000,human_decline_bot_rise,dynamic_hierarchy,119,hold_current,9d018b9de9fdf567d73f5985050e16b27d8e3d3b4c30531233e5677558244647,established_a-b112,established_a,112,,,,100,,,,-22.364311256720537,-19.85809944579014,-15.26627166657671,-8.019792478136235,-3.7912785720223376,,,,,,,,,,,,-0.1526627166657671,-0.22364311256720537,-0.03791278572022338,,57.0,-20.60484455693252,-0.2060484455693252,,
selected_contribution_path,demo-human_decline_bot_rise-884000,human_decline_bot_rise,dynamic_hierarchy,119,fixed_price,9d018b9de9fdf567d73f5985050e16b27d8e3d3b4c30531233e5677558244647,established_a-b112,established_a,112,,,,100,,,,-17.119750455014493,-15.151791873134178,-8.938348390052086,0.7584371011587248,6.310517576816491,,,,,,,,,,,,-0.08938348390052087,-0.17119750455014493,0.06310517576816492,,57.0,-20.60484455693252,-0.2060484455693252,,
selected_contribution_path,demo-human_decline_bot_rise-884000,human_decline_bot_rise,dynamic_hierarchy,119,continue_recent_trend,9d018b9de9fdf567d73f5985050e16b27d8e3d3b4c30531233e5677558244647,established_a-b112,established_a,112,,,,100,,,,-22.315277298715525,-20.794168853906783,-14.348521644633172,-6.442481575200887,0.1859720426389155,,,,,,,,,,,,-0.14348521644633172,-0.22315277298715525,0.0018597204263891551,,58.0,-20.414251731361304,-0.20414251731361305,,
selected_contribution_path,demo-human_decline_bot_rise-884000,human_decline_bot_rise,dynamic_hierarchy,119,fixed_price,9d018b9de9fdf567d73f5985050e16b27d8e3d3b4c30531233e5677558244647,established_a-b112,established_a,112,,,,100,,,,-16.944000846125892,-14.90358603377516,-8.494191815671938,1.4476844733922205,6.7863164365023305,,,,,,,,,,,,-0.08494191815671938,-0.16944000846125892,0.0678631643650233,,58.0,-20.414251731361304,-0.20414251731361305,,
selected_contribution_path,demo-human_decline_bot_rise-884000,human_decline_bot_rise,dynamic_hierarchy,119,hold_current,9d018b9de9fdf567d73f5985050e16b27d8e3d3b4c30531233e5677558244647,established_a-b112,established_a,112,,,,100,,,,-22.19452746832978,-19.76928384478359,-14.946545917443428,-7.950835567963466,-3.816278572022336,,,,,,,,,,,,-0.1494654591744343,-0.2219452746832978,-0.03816278572022336,,58.0,-20.414251731361304,-0.20414251731361305,,
selected_contribution_path,demo-human_decline_bot_rise-884000,human_decline_bot_rise,dynamic_hierarchy,119,hold_current,9d018b9de9fdf567d73f5985050e16b27d8e3d3b4c30531233e5677558244647,established_a-b112,established_a,112,,,,100,,,,-22.188096479511596,-19.74980363515847,-14.860926545356843,-7.614553684946999,-3.3858637835590493,,,,,,,,,,,,-0.14860926545356842,-0.22188096479511596,-0.03385863783559049,,59.0,-20.33585377097223,-0.2033585377097223,,
selected_contribution_path,demo-human_decline_bot_rise-884000,human_decline_bot_rise,dynamic_hierarchy,119,fixed_price,9d018b9de9fdf567d73f5985050e16b27d8e3d3b4c30531233e5677558244647,established_a-b112,established_a,112,,,,100,,,,-16.887268715366627,-14.65707761496822,-8.305724228887202,1.736727676882781,6.96028159272472,,,,,,,,,,,,-0.08305724228887203,-0.16887268715366627,0.06960281592724721,,59.0,-20.33585377097223,-0.2033585377097223,,
selected_contribution_path,demo-human_decline_bot_rise-884000,human_decline_bot_rise,dynamic_hierarchy,119,continue_recent_trend,9d018b9de9fdf567d73f5985050e16b27d8e3d3b4c30531233e5677558244647,established_a-b112,established_a,112,,,,100,,,,-22.30682215777241,-20.77053723065104,-14.363443078292784,-5.728487165187742,0.5718878118795492,,,,,,,,,,,,-0.14363443078292784,-0.2230682215777241,0.005718878118795492,,59.0,-20.33585377097223,-0.2033585377097223,,
selected_contribution_path,demo-human_decline_bot_rise-884000,human_decline_bot_rise,dynamic_hierarchy,119,fixed_price,9d018b9de9fdf567d73f5985050e16b27d8e3d3b4c30531233e5677558244647,established_a-b112,established_a,112,,,,100,,,,-16.850744254091154,-14.51575973064742,-8.09378633718097,2.049690271656244,7.35243999826853,,,,,,,,,,,,-0.0809378633718097,-0.16850744254091155,0.0735243999826853,,60.0,-20.360853770972227,-0.20360853770972226,,
selected_contribution_path,demo-human_decline_bot_rise-884000,human_decline_bot_rise,dynamic_hierarchy,119,continue_recent_trend,9d018b9de9fdf567d73f5985050e16b27d8e3d3b4c30531233e5677558244647,established_a-b112,established_a,112,,,,100,,,,-22.01801850300692,-20.69532001090832,-14.20000597200534,-4.973567887027913,1.4580925938551823,,,,,,,,,,,,-0.1420000597200534,-0.2201801850300692,0.014580925938551823,,60.0,-20.360853770972227,-0.20360853770972226,,
selected_contribution_path,demo-human_decline_bot_rise-884000,human_decline_bot_rise,dynamic_hierarchy,119,hold_current,9d018b9de9fdf567d73f5985050e16b27d8e3d3b4c30531233e5677558244647,established_a-b112,established_a,112,,,,100,,,,-22.133505390181444,-19.72793377906085,-14.75764782638296,-7.530102641453649,-3.142301551329355,,,,,,,,,,,,-0.1475764782638296,-0.22133505390181443,-0.031423015513293545,,60.0,-20.360853770972227,-0.20360853770972226,,
selected_contribution_path,demo-human_decline_bot_rise-884000,human_decline_bot_rise,dynamic_hierarchy,119,hold_current,9d018b9de9fdf567d73f5985050e16b27d8e3d3b4c30531233e5677558244647,established_a-b112,established_a,112,,,,100,,,,-22.10900285755664,-19.69734287581325,-14.636959529720627,-7.379140668227652,-2.962720433061127,,,,,,,,,,,,-0.14636959529720628,-0.2210900285755664,-0.029627204330611268,,61.0,-20.385853770972226,-0.20385853770972226,,
selected_contribution_path,demo-human_decline_bot_rise-884000,human_decline_bot_rise,dynamic_hierarchy,119,fixed_price,9d018b9de9fdf567d73f5985050e16b27d8e3d3b4c30531233e5677558244647,established_a-b112,established_a,112,,,,100,,,,-16.66096665998218,-14.446866322355651,-7.969442900815931,2.23274493686265,7.561369345305484,,,,,,,,,,,,-0.07969442900815932,-0.1666096665998218,0.07561369345305484,,61.0,-20.385853770972226,-0.20385853770972226,,
selected_contribution_path,demo-human_decline_bot_rise-884000,human_decline_bot_rise,dynamic_hierarchy,119,continue_recent_trend,9d018b9de9fdf567d73f5985050e16b27d8e3d3b4c30531233e5677558244647,established_a-b112,established_a,112,,,,100,,,,-21.99750276687859,-20.63454396738162,-14.011208182649575,-4.960699725687839,1.8876126034089744,,,,,,,,,,,,-0.14011208182649576,-0.2199750276687859,0.018876126034089745,,61.0,-20.385853770972226,-0.20385853770972226,,
selected_contribution_path,demo-human_decline_bot_rise-884000,human_decline_bot_rise,dynamic_hierarchy,119,continue_recent_trend,9d018b9de9fdf567d73f5985050e16b27d8e3d3b4c30531233e5677558244647,established_a-b112,established_a,112,,,,100,,,,-22.01072607015117,-20.6377790166966,-13.80507208710936,-4.689097548274388,2.7235527022881394,,,,,,,,,,,,-0.1380507208710936,-0.22010726070151168,0.027235527022881394,,62.0,-20.410853770972224,-0.20410853770972223,,
selected_contribution_path,demo-human_decline_bot_rise-884000,human_decline_bot_rise,dynamic_hierarchy,119,fixed_price,9d018b9de9fdf567d73f5985050e16b27d8e3d3b4c30531233e5677558244647,established_a-b112,established_a,112,,,,100,,,,-16.296455783100424,-14.18331663936997,-7.756626962442322,2.497785290379923,8.00510301855708,,,,,,,,,,,,-0.07756626962442321,-0.16296455783100425,0.08005103018557079,,62.0,-20.410853770972224,-0.20410853770972223,,
selected_contribution_path,demo-human_decline_bot_rise-884000,human_decline_bot_rise,dynamic_hierarchy,119,hold_current,9d018b9de9fdf567d73f5985050e16b27d8e3d3b4c30531233e5677558244647,established_a-b112,established_a,112,,,,100,,,,-21.9207766748118,-19.631660529077852,-14.522912771205169,-7.009249503472702,-2.823819918203809,,,,,,,,,,,,-0.14522912771205168,-0.219207766748118,-0.028238199182038088,,62.0,-20.410853770972224,-0.20410853770972223,,
selected_contribution_path,demo-human_decline_bot_rise-884000,human_decline_bot_rise,dynamic_hierarchy,119,continue_recent_trend,9d018b9de9fdf567d73f5985050e16b27d8e3d3b4c30531233e5677558244647,established_a-b112,established_a,112,,,,100,,,,-21.99242374305368,-20.530472182419054,-13.759204626172895,-4.234839028922389,2.9100833173143474,,,,,,,,,,,,-0.13759204626172894,-0.21992423743053682,0.029100833173143475,,63.0,-20.317692508066443,-0.20317692508066443,,
selected_contribution_path,demo-human_decline_bot_rise-884000,human_decline_bot_rise,dynamic_hierarchy,119,hold_current,9d018b9de9fdf567d73f5985050e16b27d8e3d3b4c30531233e5677558244647,established_a-b112,established_a,112,,,,100,,,,-21.935406852952944,-19.641995505643937,-14.445456020390132,-6.916725286406203,-2.242135605486504,,,,,,,,,,,,-0.14445456020390132,-0.21935406852952943,-0.02242135605486504,,63.0,-20.317692508066443,-0.20317692508066443,,
selected_contribution_path,demo-human_decline_bot_rise-884000,human_decline_bot_rise,dynamic_hierarchy,119,fixed_price,9d018b9de9fdf567d73f5985050e16b27d8e3d3b4c30531233e5677558244647,established_a-b112,established_a,112,,,,100,,,,-16.088372983838568,-14.129003867302805,-7.201996542868994,2.9656020118839432,9.801892810911564,,,,,,,,,,,,-0.07201996542868994,-0.16088372983838567,0.09801892810911564,,63.0,-20.317692508066443,-0.20317692508066443,,
selected_contribution_path,demo-human_decline_bot_rise-884000,human_decline_bot_rise,dynamic_hierarchy,119,fixed_price,9d018b9de9fdf567d73f5985050e16b27d8e3d3b4c30531233e5677558244647,established_a-b112,established_a,112,,,,100,,,,-15.851413912946946,-14.033210729215304,-7.0685970944574485,3.3351648589912184,9.812705429887275,,,,,,,,,,,,-0.07068597094457449,-0.15851413912946946,0.09812705429887275,,64.0,-20.34269250806644,-0.20342692508066437,,
selected_contribution_path,demo-human_decline_bot_rise-884000,human_decline_bot_rise,dynamic_hierarchy,119,continue_recent_trend,9d018b9de9fdf567d73f5985050e16b27d8e3d3b4c30531233e5677558244647,established_a-b112,established_a,112,,,,100,,,,-22.00705635847608,-20.548549173067958,-13.58790675217448,-4.115498343298789,3.1428071062014125,,,,,,,,,,,,-0.1358790675217448,-0.22007056358476082,0.031428071062014125,,64.0,-20.34269250806644,-0.20342692508066437,,
selected_contribution_path,demo-human_decline_bot_rise-884000,human_decline_bot_rise,dynamic_hierarchy,119,hold_current,9d018b9de9fdf567d73f5985050e16b27d8e3d3b4c30531233e5677558244647,established_a-b112,established_a,112,,,,100,,,,-21.892604314568963,-19.37392949616507,-14.422539861667762,-6.695860238659208,-1.8695374597892669,,,,,,,,,,,,-0.1442253986166776,-0.21892604314568964,-0.01869537459789267,,64.0,-20.34269250806644,-0.20342692508066437,,
selected_contribution_path,demo-human_decline_bot_rise-884000,human_decline_bot_rise,dynamic_hierarchy,119,hold_current,9d018b9de9fdf567d73f5985050e16b27d8e3d3b4c30531233e5677558244647,established_a-b112,established_a,112,,,,100,,,,-21.87268285922687,-19.273932422905144,-14.242896033911371,-6.346483937907001,-1.6041441283844806,,,,,,,,,,,,-0.1424289603391137,-0.2187268285922687,-0.016041441283844805,,65.0,-20.241966411009976,-0.20241966411009976,,
selected_contribution_path,demo-human_decline_bot_rise-884000,human_decline_bot_rise,dynamic_hierarchy,119,fixed_price,9d018b9de9fdf567d73f5985050e16b27d8e3d3b4c30531233e5677558244647,established_a-b112,established_a,112,,,,100,,,,-15.65546705873793,-14.004483384239114,-6.901487018289513,3.4973825344096454,10.046389235188968,,,,,,,,,,,,-0.06901487018289514,-0.1565546705873793,0.10046389235188968,,65.0,-20.241966411009976,-0.20241966411009976,,
selected_contribution_path,demo-human_decline_bot_rise-884000,human_decline_bot_rise,dynamic_hierarchy,119,continue_recent_trend,9d018b9de9fdf567d73f5985050e16b27d8e3d3b4c30531233e5677558244647,established_a-b112,established_a,112,,,,100,,,,-22.03205635847608,-20.39708779352219,-13.47291897469198,-3.892286241943655,3.241480385365468,,,,,,,,,,,,-0.1347291897469198,-0.2203205635847608,0.03241480385365468,,65.0,-20.241966411009976,-0.20241966411009976,,
selected_contribution_path,demo-human_decline_bot_rise-884000,human_decline_bot_rise,dynamic_hierarchy,119,hold_current,9d018b9de9fdf567d73f5985050e16b27d8e3d3b4c30531233e5677558244647,established_a-b112,established_a,112,,,,100,,,,-21.897682859226872,-19.162665160765144,-13.955190771462949,-6.124656769730898,-1.3630397682586723,,,,,,,,,,,,-0.1395519077146295,-0.21897682859226872,-0.013630397682586724,,66.0,-20.26696641100997,-0.2026696641100997,,
selected_contribution_path,demo-human_decline_bot_rise-884000,human_decline_bot_rise,dynamic_hierarchy,119,fixed_price,9d018b9de9fdf567d73f5985050e16b27d8e3d3b4c30531233e5677558244647,established_a-b112,established_a,112,,,,100,,,,-15.548362729851837,-13.794223956564329,-6.766076801452007,3.625711898158413,10.489635947146002,,,,,,,,,,,,-0.06766076801452008,-0.15548362729851836,0.10489635947146002,,66.0,-20.26696641100997,-0.2026696641100997,,
selected_contribution_path,demo-human_decline_bot_rise-884000,human_decline_bot_rise,dynamic_hierarchy,119,continue_recent_trend,9d018b9de9fdf567d73f5985050e16b27d8e3d3b4c30531233e5677558244647,established_a-b112,established_a,112,,,,100,,,,-22.016014188162703,-20.28877989256132,-13.4521318030254,-3.134619551066569,3.866746035726664,,,,,,,,,,,,-0.134521318030254,-0.22016014188162703,0.03866746035726664,,66.0,-20.26696641100997,-0.2026696641100997,,
selected_contribution_path,demo-human_decline_bot_rise-884000,human_decline_bot_rise,dynamic_hierarchy,119,continue_recent_trend,9d018b9de9fdf567d73f5985050e16b27d8e3d3b4c30531233e5677558244647,established_a-b112,established_a,112,,,,100,,,,-21.946612339845966,-20.304997496425592,-13.344353110021457,-3.0011484487095146,5.217411025249042,,,,,,,,,,,,-0.13344353110021456,-0.21946612339845967,0.05217411025249042,,67.0,-20.291966411009973,-0.20291966411009973,,
selected_contribution_path,demo-human_decline_bot_rise-884000,human_decline_bot_rise,dynamic_hierarchy,119,hold_current,9d018b9de9fdf567d73f5985050e16b27d8e3d3b4c30531233e5677558244647,established_a-b112,established_a,112,,,,100,,,,-21.848359804369057,-19.17845607694224,-13.769234448908216,-5.846598298483832,-1.380804114299781,,,,,,,,,,,,-0.13769234448908216,-0.21848359804369058,-0.013808041142997808,,67.0,-20.291966411009973,-0.20291966411009973,,
selected_contribution_path,demo-human_decline_bot_rise-884000,human_decline_bot_rise,dynamic_hierarchy,119,fixed_price,9d018b9de9fdf567d73f5985050e16b27d8e3d3b4c30531233e5677558244647,established_a-b112,established_a,112,,,,100,,,,-15.470489284644868,-13.706675906894,-6.64348983639732,3.93928341848758,11.005210085434282,,,,,,,,,,,,-0.0664348983639732,-0.15470489284644867,0.11005210085434282,,67.0,-20.291966411009973,-0.20291966411009973,,
selected_contribution_path,demo-human_decline_bot_rise-884000,human_decline_bot_rise,dynamic_hierarchy,119,continue_recent_trend,9d018b9de9fdf567d73f5985050e16b27d8e3d3b4c30531233e5677558244647,established_a-b112,established_a,112,,,,100,,,,-21.92991112453816,-20.165076099714216,-13.11330286254312,-2.400866941695961,5.293921581452844,,,,,,,,,,,,-0.1311330286254312,-0.21929911124538162,0.05293921581452844,,68.0,-20.31696641100997,-0.2031696641100997,,
selected_contribution_path,demo-human_decline_bot_rise-884000,human_decline_bot_rise,dynamic_hierarchy,119,fixed_price,9d018b9de9fdf567d73f5985050e16b27d8e3d3b4c30531233e5677558244647,established_a-b112,established_a,112,,,,100,,,,-15.493990460515631,-13.731675906894,-6.401011873920851,4.304447198031234,11.147307675178894,,,,,,,,,,,,-0.0640101187392085,-0.1549399046051563,0.11147307675178894,,68.0,-20.31696641100997,-0.2031696641100997,,
selected_contribution_path,demo-human_decline_bot_rise-884000,human_decline_bot_rise,dynamic_hierarchy,119,hold_current,9d018b9de9fdf567d73f5985050e16b27d8e3d3b4c30531233e5677558244647,established_a-b112,established_a,112,,,,100,,,,-21.81184870939858,-19.190245042749662,-13.722477840127258,-5.549007917280402,-1.1767397266266617,,,,,,,,,,,,-0.1372247784012726,-0.2181184870939858,-0.011767397266266617,,68.0,-20.31696641100997,-0.2031696641100997,,
selected_contribution_path,demo-human_decline_bot_rise-884000,human_decline_bot_rise,dynamic_hierarchy,119,hold_current,9d018b9de9fdf567d73f5985050e16b27d8e3d3b4c30531233e5677558244647,established_a-b112,established_a,112,,,,100,,,,-21.83684870939858,-19.156195399177346,-13.563197490084187,-5.454711444946945,-1.033206814175757,,,,,,,,,,,,-0.13563197490084186,-0.21836848709398582,-0.01033206814175757,,69.0,-20.09225508201927,-0.20092255082019272,,
selected_contribution_path,demo-human_decline_bot_rise-884000,human_decline_bot_rise,dynamic_hierarchy,119,fixed_price,9d018b9de9fdf567d73f5985050e16b27d8e3d3b4c30531233e5677558244647,established_a-b112,established_a,112,,,,100,,,,-15.481971487819504,-13.696413851911675,-6.211050264102239,4.941675160167041,11.749744082581936,,,,,,,,,,,,-0.062110502641022386,-0.15481971487819504,0.11749744082581935,,69.0,-20.09225508201927,-0.20092255082019272,,
selected_contribution_path,demo-human_decline_bot_rise-884000,human_decline_bot_rise,dynamic_hierarchy,119,continue_recent_trend,9d018b9de9fdf567d73f5985050e16b27d8e3d3b4c30531233e5677558244647,established_a-b112,established_a,112,,,,100,,,,-21.879104502234643,-19.97221908716735,-13.033639195776557,-2.35837023831429,5.691578442630277,,,,,,,,,,,,-0.13033639195776556,-0.21879104502234642,0.05691578442630277,,69.0,-20.09225508201927,-0.20092255082019272,,
selected_contribution_path,demo-human_decline_bot_rise-884000,human_decline_bot_rise,dynamic_hierarchy,119,continue_recent_trend,9d018b9de9fdf567d73f5985050e16b27d8e3d3b4c30531233e5677558244647,established_a-b112,established_a,112,,,,100,,,,-21.86938153811896,-19.977306128677988,-12.972513989010803,-1.7229448196967194,6.47277200329496,,,,,,,,,,,,-0.12972513989010803,-0.21869381538118962,0.0647277200329496,,70.0,-20.04664312286588,-0.20046643122865881,,
selected_contribution_path,demo-human_decline_bot_rise-884000,human_decline_bot_rise,dynamic_hierarchy,119,fixed_price,9d018b9de9fdf567d73f5985050e16b27d8e3d3b4c30531233e5677558244647,established_a-b112,established_a,112,,,,100,,,,-15.506971487819506,-13.72106219325305,-5.988768487674269,5.139465820809935,12.120958426232429,,,,,,,,,,,,-0.059887684876742696,-0.15506971487819507,0.12120958426232428,,70.0,-20.04664312286588,-0.20046643122865881,,
selected_contribution_path,demo-human_decline_bot_rise-884000,human_decline_bot_rise,dynamic_hierarchy,119,hold_current,9d018b9de9fdf567d73f5985050e16b27d8e3d3b4c30531233e5677558244647,established_a-b112,established_a,112,,,,100,,,,-21.755268521100767,-19.076087524304064,-13.465648888484331,-5.110580846922014,-0.9089032328327776,,,,,,,,,,,,-0.1346564888848433,-0.21755268521100768,-0.009089032328327777,,70.0,-20.04664312286588,-0.20046643122865881,,
selected_contribution_path,demo-human_decline_bot_rise-884000,human_decline_bot_rise,dynamic_hierarchy,119,continue_recent_trend,9d018b9de9fdf567d73f5985050e16b27d8e3d3b4c30531233e5677558244647,established_a-b112,established_a,112,,,,100,,,,-21.845185457716997,-19.974550133667183,-12.827823792995042,-1.0587734653787102,7.335975486194547,,,,,,,,,,,,-0.1282782379299504,-0.21845185457716998,0.07335975486194547,,71.0,-19.90939826964127,-0.19909398269641268,,
selected_contribution_path,demo-human_decline_bot_rise-884000,human_decline_bot_rise,dynamic_hierarchy,119,hold_current,9d018b9de9fdf567d73f5985050e16b27d8e3d3b4c30531233e5677558244647,established_a-b112,established_a,112,,,,100,,,,-21.78026852110077,-19.01965000683829,-13.462870736538427,-4.941810208385386,-0.7302120298099153,,,,,,,,,,,,-0.13462870736538426,-0.21780268521100768,-0.007302120298099153,,71.0,-19.90939826964127,-0.19909398269641268,,
selected_contribution_path,demo-human_decline_bot_rise-884000,human_decline_bot_rise,dynamic_hierarchy,119,fixed_price,9d018b9de9fdf567d73f5985050e16b27d8e3d3b4c30531233e5677558244647,established_a-b112,established_a,112,,,,100,,,,-15.34438058610695,-13.647862463751476,-5.838594029626483,5.60101251540878,12.677040680342207,,,,,,,,,,,,-0.05838594029626483,-0.1534438058610695,0.12677040680342208,,71.0,-19.90939826964127,-0.19909398269641268,,
selected_contribution_path,demo-human_decline_bot_rise-884000,human_decline_bot_rise,dynamic_hierarchy,119,fixed_price,9d018b9de9fdf567d73f5985050e16b27d8e3d3b4c30531233e5677558244647,established_a-b112,established_a,112,,,,100,,,,-15.34199065310336,-13.24985733568727,-5.817060148307148,5.912465794158642,13.22023939139086,,,,,,,,,,,,-0.058170601483071474,-0.1534199065310336,0.13220239391390862,,72.0,-19.919581465582947,-0.19919581465582947,,
selected_contribution_path,demo-human_decline_bot_rise-884000,human_decline_bot_rise,dynamic_hierarchy,119,hold_current,9d018b9de9fdf567d73f5985050e16b27d8e3d3b4c30531233e5677558244647,established_a-b112,established_a,112,,,,100,,,,-21.605873974518445,-19.023332326424416,-13.291152461082625,-4.704727112376961,-0.3730433824627202,,,,,,,,,,,,-0.13291152461082625,-0.21605873974518444,-0.0037304338246272016,,72.0,-19.919581465582947,-0.19919581465582947,,
selected_contribution_path,demo-human_decline_bot_rise-884000,human_decline_bot_rise,dynamic_hierarchy,119,continue_recent_trend,9d018b9de9fdf567d73f5985050e16b27d8e3d3b4c30531233e5677558244647,established_a-b112,established_a,112,,,,100,,,,-21.860312286912617,-19.98698641688964,-12.75154994970729,-0.917570077507552,8.728933226710765,,,,,,,,,,,,-0.1275154994970729,-0.21860312286912617,0.08728933226710765,,72.0,-19.919581465582947,-0.19919581465582947,,
selected_contribution_path,demo-human_decline_bot_rise-884000,human_decline_bot_rise,dynamic_hierarchy,119,hold_current,9d018b9de9fdf567d73f5985050e16b27d8e3d3b4c30531233e5677558244647,established_a-b112,established_a,112,,,,100,,,,-21.372213730670683,-18.977612623557192,-13.147883591465924,-4.634128057999446,0.2253501507506219,,,,,,,,,,,,-0.13147883591465923,-0.21372213730670683,0.002253501507506219,,73.0,-19.63957125614088,-0.19639571256140878,,
selected_contribution_path,demo-human_decline_bot_rise-884000,human_decline_bot_rise,dynamic_hierarchy,119,fixed_price,9d018b9de9fdf567d73f5985050e16b27d8e3d3b4c30531233e5677558244647,established_a-b112,established_a,112,,,,100,,,,-15.284579570005029,-13.22900787781101,-5.278886344137513,6.006914853652088,13.642362973637292,,,,,,,,,,,,-0.05278886344137513,-0.1528457957000503,0.13642362973637293,,73.0,-19.63957125614088,-0.19639571256140878,,
selected_contribution_path,demo-human_decline_bot_rise-884000,human_decline_bot_rise,dynamic_hierarchy,119,continue_recent_trend,9d018b9de9fdf567d73f5985050e16b27d8e3d3b4c30531233e5677558244647,established_a-b112,established_a,112,,,,100,,,,-21.835645645251287,-19.94863313354708,-12.68228947862664,-0.834332317581719,8.910000659837447,,,,,,,,,,,,-0.1268228947862664,-0.21835645645251286,0.08910000659837447,,73.0,-19.63957125614088,-0.19639571256140878,,
selected_contribution_path,demo-human_decline_bot_rise-884000,human_decline_bot_rise,dynamic_hierarchy,119,hold_current,9d018b9de9fdf567d73f5985050e16b27d8e3d3b4c30531233e5677558244647,established_a-b112,established_a,112,,,,100,,,,-21.349059370873388,-18.972543164685653,-13.082364183619138,-4.301525346301292,0.4998694139880779,,,,,,,,,,,,-0.13082364183619138,-0.21349059370873388,0.0049986941398807785,,74.0,-19.66457125614088,-0.1966457125614088,,
selected_contribution_path,demo-human_decline_bot_rise-884000,human_decline_bot_rise,dynamic_hierarchy,119,fixed_price,9d018b9de9fdf567d73f5985050e16b27d8e3d3b4c30531233e5677558244647,established_a-b112,established_a,112,,,,100,,,,-15.30957957000503,-12.968997531465334,-5.086630319309357,6.43111475433977,13.73550598622319,,,,,,,,,,,,-0.05086630319309357,-0.1530957957000503,0.1373550598622319,,74.0,-19.66457125614088,-0.1966457125614088,,
selected_contribution_path,demo-human_decline_bot_rise-884000,human_decline_bot_rise,dynamic_hierarchy,119,continue_recent_trend,9d018b9de9fdf567d73f5985050e16b27d8e3d3b4c30531233e5677558244647,established_a-b112,established_a,112,,,,100,,,,-21.84418059636908,-19.96252927951709,-12.52898025618275,-0.5655952090728,9.572231088751227,,,,,,,,,,,,-0.1252898025618275,-0.21844180596369078,0.09572231088751228,,74.0,-19.66457125614088,-0.1966457125614088,,
selected_contribution_path,demo-human_decline_bot_rise-884000,human_decline_bot_rise,dynamic_hierarchy,119,continue_recent_trend,9d018b9de9fdf567d73f5985050e16b27d8e3d3b4c30531233e5677558244647,established_a-b112,established_a,112,,,,100,,,,-21.86726707991326,-19.940710211298445,-12.331523196508428,-0.2352922105065982,9.861603327574471,,,,,,,,,,,,-0.12331523196508427,-0.21867267079913258,0.09861603327574471,,75.0,-19.68957125614088,-0.1968957125614088,,
selected_contribution_path,demo-human_decline_bot_rise-884000,human_decline_bot_rise,dynamic_hierarchy,119,fixed_price,9d018b9de9fdf567d73f5985050e16b27d8e3d3b4c30531233e5677558244647,established_a-b112,established_a,112,,,,100,,,,-15.200115370287564,-12.710622624076349,-4.9987044284507895,6.8138862163322536,14.3613494317113,,,,,,,,,,,,-0.0499870442845079,-0.15200115370287565,0.143613494317113,,75.0,-19.68957125614088,-0.1968957125614088,,
selected_contribution_path,demo-human_decline_bot_rise-884000,human_decline_bot_rise,dynamic_hierarchy,119,hold_current,9d018b9de9fdf567d73f5985050e16b27d8e3d3b4c30531233e5677558244647,established_a-b112,established_a,112,,,,100,,,,-21.37058685892738,-18.917878156769444,-12.88071133912349,-4.259962919470475,0.475403241174388,,,,,,,,,,,,-0.1288071133912349,-0.2137058685892738,0.0047540324117438795,,75.0,-19.68957125614088,-0.1968957125614088,,
selected_contribution_path,demo-human_decline_bot_rise-884000,human_decline_bot_rise,dynamic_hierarchy,119,hold_current,9d018b9de9fdf567d73f5985050e16b27d8e3d3b4c30531233e5677558244647,established_a-b112,established_a,112,,,,100,,,,-21.254615092207217,-18.92112507425461,-12.814714636335363,-4.169417839476756,0.715729031732653,,,,,,,,,,,,-0.12814714636335364,-0.21254615092207219,0.00715729031732653,,76.0,-19.714571256140875,-0.19714571256140875,,
selected_contribution_path,demo-human_decline_bot_rise-884000,human_decline_bot_rise,dynamic_hierarchy,119,fixed_price,9d018b9de9fdf567d73f5985050e16b27d8e3d3b4c30531233e5677558244647,established_a-b112,established_a,112,,,,100,,,,-15.225115370287565,-12.631181312854851,-4.71875254334158,6.789762126641129,14.493154475112584,,,,,,,,,,,,-0.0471875254334158,-0.15225115370287565,0.14493154475112585,,76.0,-19.714571256140875,-0.19714571256140875,,
selected_contribution_path,demo-human_decline_bot_rise-884000,human_decline_bot_rise,dynamic_hierarchy,119,continue_recent_trend,9d018b9de9fdf567d73f5985050e16b27d8e3d3b4c30531233e5677558244647,established_a-b112,established_a,112,,,,100,,,,-21.892267079913257,-19.94689058078913,-12.269876286420196,-0.08161606570909,10.854418892949491,,,,,,,,,,,,-0.12269876286420196,-0.21892267079913258,0.10854418892949491,,76.0,-19.714571256140875,-0.19714571256140875,,
selected_contribution_path,demo-human_decline_bot_rise-884000,human_decline_bot_rise,dynamic_hierarchy,119,continue_recent_trend,9d018b9de9fdf567d73f5985050e16b27d8e3d3b4c30531233e5677558244647,established_a-b112,established_a,112,,,,100,,,,-21.85295377190688,-19.97189058078913,-12.15077343713265,0.2990617767335397,11.87435664168261,,,,,,,,,,,,-0.12150773437132649,-0.2185295377190688,0.1187435664168261,,77.0,-19.739571256140877,-0.19739571256140878,,
selected_contribution_path,demo-human_decline_bot_rise-884000,human_decline_bot_rise,dynamic_hierarchy,119,hold_current,9d018b9de9fdf567d73f5985050e16b27d8e3d3b4c30531233e5677558244647,established_a-b112,established_a,112,,,,100,,,,-21.26686630634964,-18.848780178298554,-12.668435729334467,-4.186236988953688,0.8234672456295788,,,,,,,,,,,,-0.12668435729334468,-0.2126686630634964,0.008234672456295788,,77.0,-19.739571256140877,-0.19739571256140878,,
selected_contribution_path,demo-human_decline_bot_rise-884000,human_decline_bot_rise,dynamic_hierarchy,119,fixed_price,9d018b9de9fdf567d73f5985050e16b27d8e3d3b4c30531233e5677558244647,established_a-b112,established_a,112,,,,100,,,,-15.156556756858045,-12.350849451128903,-4.589084847512138,7.185945035411898,14.561393237545362,,,,,,,,,,,,-0.045890848475121385,-0.15156556756858044,0.14561393237545361,,77.0,-19.739571256140877,-0.19739571256140878,,
selected_contribution_path,demo-human_decline_bot_rise-884000,human_decline_bot_rise,dynamic_hierarchy,119,hold_current,9d018b9de9fdf567d73f5985050e16b27d8e3d3b4c30531233e5677558244647,established_a-b112,established_a,112,,,,100,,,,-21.20952636278003,-18.823253029712596,-12.561492077854084,-4.040568593065739,0.8811556985323463,,,,,,,,,,,,-0.12561492077854083,-0.2120952636278003,0.008811556985323463,,78.0,-19.764571256140872,-0.19764571256140873,,
selected_contribution_path,demo-human_decline_bot_rise-884000,human_decline_bot_rise,dynamic_hierarchy,119,fixed_price,9d018b9de9fdf567d73f5985050e16b27d8e3d3b4c30531233e5677558244647,established_a-b112,established_a,112,,,,100,,,,-15.095677329320338,-12.374829649008207,-4.468135359865128,7.176860073091394,14.919441394182895,,,,,,,,,,,,-0.04468135359865128,-0.1509567732932034,0.14919441394182895,,78.0,-19.764571256140872,-0.19764571256140873,,
selected_contribution_path,demo-human_decline_bot_rise-884000,human_decline_bot_rise,dynamic_hierarchy,119,continue_recent_trend,9d018b9de9fdf567d73f5985050e16b27d8e3d3b4c30531233e5677558244647,established_a-b112,established_a,112,,,,100,,,,-21.78431680987012,-19.867382091847944,-12.09153787710123,0.3162381665286489,12.293574433568804,,,,,,,,,,,,-0.1209153787710123,-0.2178431680987012,0.12293574433568803,,78.0,-19.764571256140872,-0.19764571256140873,,
selected_contribution_path,demo-human_decline_bot_rise-884000,human_decline_bot_rise,dynamic_hierarchy,119,fixed_price,9d018b9de9fdf567d73f5985050e16b27d8e3d3b4c30531233e5677558244647,established_a-b112,established_a,112,,,,100,,,,-14.994147552563286,-12.323869539979947,-4.320117963099944,7.402481712701082,15.169627362272385,,,,,,,,,,,,-0.04320117963099943,-0.14994147552563286,0.15169627362272384,,79.0,-19.78957125614087,-0.1978957125614087,,
selected_contribution_path,demo-human_decline_bot_rise-884000,human_decline_bot_rise,dynamic_hierarchy,119,hold_current,9d018b9de9fdf567d73f5985050e16b27d8e3d3b4c30531233e5677558244647,established_a-b112,established_a,112,,,,100,,,,-21.23452636278003,-18.84788082647561,-12.518448406098717,-3.866950870595506,1.2141055863830157,,,,,,,,,,,,-0.12518448406098717,-0.21234526362780032,0.012141055863830156,,79.0,-19.78957125614087,-0.1978957125614087,,
selected_contribution_path,demo-human_decline_bot_rise-884000,human_decline_bot_rise,dynamic_hierarchy,119,continue_recent_trend,9d018b9de9fdf567d73f5985050e16b27d8e3d3b4c30531233e5677558244647,established_a-b112,established_a,112,,,,100,,,,-21.80773958256252,-19.79396520457656,-11.975249469406725,0.6262752183776232,12.6918447246759,,,,,,,,,,,,-0.11975249469406725,-0.2180773958256252,0.126918447246759,,79.0,-19.78957125614087,-0.1978957125614087,,
selected_contribution_path,demo-human_decline_bot_rise-884000,human_decline_bot_rise,dynamic_hierarchy,119,hold_current,9d018b9de9fdf567d73f5985050e16b27d8e3d3b4c30531233e5677558244647,established_a-b112,established_a,112,,,,100,,,,-21.25952636278003,-18.810986898712805,-12.35236164917078,-3.3048022538675834,1.2325618713094433,,,,,,,,,,,,-0.12352361649170779,-0.2125952636278003,0.012325618713094432,,80.0,-19.81457125614087,-0.1981457125614087,,
selected_contribution_path,demo-human_decline_bot_rise-884000,human_decline_bot_rise,dynamic_hierarchy,119,fixed_price,9d018b9de9fdf567d73f5985050e16b27d8e3d3b4c30531233e5677558244647,established_a-b112,established_a,112,,,,100,,,,-14.777441887583455,-12.119938854424108,-4.064666938525358,7.898518232404257,16.026951600914675,,,,,,,,,,,,-0.040646669385253575,-0.14777441887583456,0.16026951600914674,,80.0,-19.81457125614087,-0.1981457125614087,,
selected_contribution_path,demo-human_decline_bot_rise-884000,human_decline_bot_rise,dynamic_hierarchy,119,continue_recent_trend,9d018b9de9fdf567d73f5985050e16b27d8e3d3b4c30531233e5677558244647,established_a-b112,established_a,112,,,,100,,,,-21.82612098482694,-19.818965204576564,-11.906664950639138,1.0803837079419445,13.745007215738005,,,,,,,,,,,,-0.11906664950639138,-0.21826120984826938,0.13745007215738003,,80.0,-19.81457125614087,-0.1981457125614087,,
selected_contribution_path,demo-human_decline_bot_rise-884000,human_decline_bot_rise,dynamic_hierarchy,119,hold_current,9d018b9de9fdf567d73f5985050e16b27d8e3d3b4c30531233e5677558244647,established_a-b112,established_a,112,,,,100,,,,-21.263154291600262,-18.742700304742517,-12.37736164917078,-3.2534098274611,1.9475228705805645,,,,,,,,,,,,-0.1237736164917078,-0.2126315429160026,0.019475228705805644,,81.0,-19.657618995523183,-0.19657618995523182,,
selected_contribution_path,demo-human_decline_bot_rise-884000,human_decline_bot_rise,dynamic_hierarchy,119,fixed_price,9d018b9de9fdf567d73f5985050e16b27d8e3d3b4c30531233e5677558244647,established_a-b112,established_a,112,,,,100,,,,-14.802441887583456,-12.052461871958135,-4.042459078600249,8.016278528815462,16.511813817489248,,,,,,,,,,,,-0.04042459078600249,-0.14802441887583456,0.1651181381748925,,81.0,-19.657618995523183,-0.19657618995523182,,
selected_contribution_path,demo-human_decline_bot_rise-884000,human_decline_bot_rise,dynamic_hierarchy,119,continue_recent_trend,9d018b9de9fdf567d73f5985050e16b27d8e3d3b4c30531233e5677558244647,established_a-b112,established_a,112,,,,100,,,,-21.83910351162572,-19.817112396518212,-11.73446362036066,1.0933089811839487,13.860525573331364,,,,,,,,,,,,-0.1173446362036066,-0.21839103511625718,0.13860525573331364,,81.0,-19.657618995523183,-0.19657618995523182,,
selected_contribution_path,demo-human_decline_bot_rise-884000,human_decline_bot_rise,dynamic_hierarchy,119,continue_recent_trend,9d018b9de9fdf567d73f5985050e16b27d8e3d3b4c30531233e5677558244647,established_a-b112,established_a,112,,,,100,,,,-21.83316497534029,-19.81932146760704,-11.465156176421548,1.3667290151904543,14.477700261527705,,,,,,,,,,,,-0.11465156176421548,-0.21833164975340288,0.14477700261527704,,82.0,-19.56940930248507,-0.1956940930248507,,
selected_contribution_path,demo-human_decline_bot_rise-884000,human_decline_bot_rise,dynamic_hierarchy,119,fixed_price,9d018b9de9fdf567d73f5985050e16b27d8e3d3b4c30531233e5677558244647,established_a-b112,established_a,112,,,,100,,,,-14.637670268005678,-11.934273390678833,-3.893759388126746,8.051224380642964,17.03301742431413,,,,,,,,,,,,-0.03893759388126746,-0.14637670268005679,0.1703301742431413,,82.0,-19.56940930248507,-0.1956940930248507,,
selected_contribution_path,demo-human_decline_bot_rise-884000,human_decline_bot_rise,dynamic_hierarchy,119,hold_current,9d018b9de9fdf567d73f5985050e16b27d8e3d3b4c30531233e5677558244647,established_a-b112,established_a,112,,,,100,,,,-21.27649605891382,-18.614938753417025,-12.311948708252077,-2.9288577271973306,2.1447858512150555,,,,,,,,,,,,-0.12311948708252077,-0.2127649605891382,0.021447858512150555,,82.0,-19.56940930248507,-0.1956940930248507,,
selected_contribution_path,demo-human_decline_bot_rise-884000,human_decline_bot_rise,dynamic_hierarchy,119,continue_recent_trend,9d018b9de9fdf567d73f5985050e16b27d8e3d3b4c30531233e5677558244647,established_a-b112,established_a,112,,,,100,,,,-21.85421716072396,-19.800511893493265,-11.3909038322587,1.3570625877610407,15.710049330385704,,,,,,,,,,,,-0.113909038322587,-0.2185421716072396,0.15710049330385703,,83.0,-19.59440930248507,-0.1959440930248507,,
selected_contribution_path,demo-human_decline_bot_rise-884000,human_decline_bot_rise,dynamic_hierarchy,119,hold_current,9d018b9de9fdf567d73f5985050e16b27d8e3d3b4c30531233e5677558244647,established_a-b112,established_a,112,,,,100,,,,-21.12616801161393,-18.555262922799667,-12.05202174954754,-2.94244812485878,2.455606422437444,,,,,,,,,,,,-0.12052021749547541,-0.2112616801161393,0.02455606422437444,,83.0,-19.59440930248507,-0.1959440930248507,,
selected_contribution_path,demo-human_decline_bot_rise-884000,human_decline_bot_rise,dynamic_hierarchy,119,fixed_price,9d018b9de9fdf567d73f5985050e16b27d8e3d3b4c30531233e5677558244647,established_a-b112,established_a,112,,,,100,,,,-14.662670268005677,-11.86840665470997,-3.774628655314036,8.356446292149268,17.540639030750107,,,,,,,,,,,,-0.03774628655314036,-0.14662670268005676,0.17540639030750108,,83.0,-19.59440930248507,-0.1959440930248507,,
selected_contribution_path,demo-human_decline_bot_rise-884000,human_decline_bot_rise,dynamic_hierarchy,119,fixed_price,9d018b9de9fdf567d73f5985050e16b27d8e3d3b4c30531233e5677558244647,established_a-b112,established_a,112,,,,100,,,,-14.37470941359268,-11.568483292661147,-3.652460122490647,9.013047023660713,17.51985469760769,,,,,,,,,,,,-0.03652460122490647,-0.1437470941359268,0.17519854697607692,,84.0,-19.619409302485067,-0.19619409302485066,,
selected_contribution_path,demo-human_decline_bot_rise-884000,human_decline_bot_rise,dynamic_hierarchy,119,hold_current,9d018b9de9fdf567d73f5985050e16b27d8e3d3b4c30531233e5677558244647,established_a-b112,established_a,112,,,,100,,,,-21.035871354242325,-18.580262922799665,-11.903207162562472,-2.605734387414774,2.600198716623213,,,,,,,,,,,,-0.11903207162562472,-0.21035871354242325,0.02600198716623213,,84.0,-19.619409302485067,-0.19619409302485066,,
selected_contribution_path,demo-human_decline_bot_rise-884000,human_decline_bot_rise,dynamic_hierarchy,119,continue_recent_trend,9d018b9de9fdf567d73f5985050e16b27d8e3d3b4c30531233e5677558244647,established_a-b112,established_a,112,,,,100,,,,-21.84027803276832,-19.817101457066634,-11.263975009032906,1.7561289584157276,16.276202359597917,,,,,,,,,,,,-0.11263975009032906,-0.2184027803276832,0.16276202359597916,,84.0,-19.619409302485067,-0.19619409302485066,,
selected_contribution_path,demo-human_decline_bot_rise-884000,human_decline_bot_rise,dynamic_hierarchy,119,fixed_price,9d018b9de9fdf567d73f5985050e16b27d8e3d3b4c30531233e5677558244647,established_a-b112,established_a,112,,,,100,,,,-14.20187302664866,-11.582652870671447,-3.4265962278763684,9.34350201462378,17.858855461809675,,,,,,,,,,,,-0.03426596227876368,-0.1420187302664866,0.17858855461809675,,85.0,-19.573416729659005,-0.19573416729659004,,
selected_contribution_path,demo-human_decline_bot_rise-884000,human_decline_bot_rise,dynamic_hierarchy,119,hold_current,9d018b9de9fdf567d73f5985050e16b27d8e3d3b4c30531233e5677558244647,established_a-b112,established_a,112,,,,100,,,,-21.060871354242323,-18.605262922799668,-11.77793291652181,-2.2845147793084437,2.733716905345437,,,,,,,,,,,,-0.11777932916521809,-0.21060871354242322,0.02733716905345437,,85.0,-19.573416729659005,-0.19573416729659004,,
selected_contribution_path,demo-human_decline_bot_rise-884000,human_decline_bot_rise,dynamic_hierarchy,119,continue_recent_trend,9d018b9de9fdf567d73f5985050e16b27d8e3d3b4c30531233e5677558244647,established_a-b112,established_a,112,,,,100,,,,-21.812333093980243,-19.832447532657007,-10.94342926745468,2.3851192109607524,16.481269170689174,,,,,,,,,,,,-0.10943429267454681,-0.21812333093980243,0.16481269170689175,,85.0,-19.573416729659005,-0.19573416729659004,,
selected_contribution_path,demo-human_decline_bot_rise-884000,human_decline_bot_rise,dynamic_hierarchy,119,hold_current,9d018b9de9fdf567d73f5985050e16b27d8e3d3b4c30531233e5677558244647,established_a-b112,established_a,112,,,,100,,,,-21.076061982145447,-18.410149532932216,-11.64579241685432,-2.072608637035932,2.9234252504470826,,,,,,,,,,,,-0.1164579241685432,-0.21076061982145447,0.029234252504470825,,86.0,-19.598416729659004,-0.19598416729659004,,
selected_contribution_path,demo-human_decline_bot_rise-884000,human_decline_bot_rise,dynamic_hierarchy,119,continue_recent_trend,9d018b9de9fdf567d73f5985050e16b27d8e3d3b4c30531233e5677558244647,established_a-b112,established_a,112,,,,100,,,,-21.82703950866156,-19.85743801903939,-10.815091938644713,2.4335125558035955,17.002228713492435,,,,,,,,,,,,-0.10815091938644712,-0.2182703950866156,0.17002228713492434,,86.0,-19.598416729659004,-0.19598416729659004,,
selected_contribution_path,demo-human_decline_bot_rise-884000,human_decline_bot_rise,dynamic_hierarchy,119,fixed_price,9d018b9de9fdf567d73f5985050e16b27d8e3d3b4c30531233e5677558244647,established_a-b112,established_a,112,,,,100,,,,-14.152654289206655,-11.55384931252796,-3.3228089071359665,9.65060449253806,18.34183367426384,,,,,,,,,,,,-0.033228089071359664,-0.14152654289206656,0.18341833674263838,,86.0,-19.598416729659004,-0.19598416729659004,,
selected_contribution_path,demo-human_decline_bot_rise-884000,human_decline_bot_rise,dynamic_hierarchy,119,hold_current,9d018b9de9fdf567d73f5985050e16b27d8e3d3b4c30531233e5677558244647,established_a-b112,established_a,112,,,,100,,,,-21.04867167658893,-18.23865959698237,-11.56754682476857,-2.0178687874187187,2.9069571700792216,,,,,,,,,,,,-0.1156754682476857,-0.21048671676588931,0.029069571700792215,,87.0,-19.623416729659,-0.19623416729659,,
selected_contribution_path,demo-human_decline_bot_rise-884000,human_decline_bot_rise,dynamic_hierarchy,119,continue_recent_trend,9d018b9de9fdf567d73f5985050e16b27d8e3d3b4c30531233e5677558244647,established_a-b112,established_a,112,,,,100,,,,-21.85203950866156,-19.88085180166264,-10.7516174714787,2.6715487958112014,17.166691602874273,,,,,,,,,,,,-0.10751617471478699,-0.21852039508661558,0.17166691602874273,,87.0,-19.623416729659,-0.19623416729659,,
selected_contribution_path,demo-human_decline_bot_rise-884000,human_decline_bot_rise,dynamic_hierarchy,119,fixed_price,9d018b9de9fdf567d73f5985050e16b27d8e3d3b4c30531233e5677558244647,established_a-b112,established_a,112,,,,100,,,,-13.853305843572349,-11.23771636765047,-3.1894431355328408,9.66195268605752,18.472952367972187,,,,,,,,,,,,-0.031894431355328406,-0.1385330584357235,0.18472952367972187,,87.0,-19.623416729659,-0.19623416729659,,
selected_contribution_path,demo-human_decline_bot_rise-884000,human_decline_bot_rise,dynamic_hierarchy,119,continue_recent_trend,9d018b9de9fdf567d73f5985050e16b27d8e3d3b4c30531233e5677558244647,established_a-b112,established_a,112,,,,100,,,,-21.861679766120925,-19.84714664509835,-10.633987092144448,3.449434317366933,18.013156308022577,,,,,,,,,,,,-0.10633987092144448,-0.21861679766120926,0.18013156308022577,,88.0,-19.487240239524937,-0.19487240239524936,,
selected_contribution_path,demo-human_decline_bot_rise-884000,human_decline_bot_rise,dynamic_hierarchy,119,fixed_price,9d018b9de9fdf567d73f5985050e16b27d8e3d3b4c30531233e5677558244647,established_a-b112,established_a,112,,,,100,,,,-13.77868306353758,-11.256806240800854,-3.21444313553284,9.759908384351451,18.453554622806035,,,,,,,,,,,,-0.0321444313553284,-0.1377868306353758,0.18453554622806034,,88.0,-19.487240239524937,-0.19487240239524936,,
selected_contribution_path,demo-human_decline_bot_rise-884000,human_decline_bot_rise,dynamic_hierarchy,119,hold_current,9d018b9de9fdf567d73f5985050e16b27d8e3d3b4c30531233e5677558244647,established_a-b112,established_a,112,,,,100,,,,-20.971827041674665,-18.254627815417084,-11.381458756868732,-1.8513886477011996,3.329520545197904,,,,,,,,,,,,-0.11381458756868731,-0.20971827041674665,0.03329520545197904,,88.0,-19.487240239524937,-0.19487240239524936,,
selected_contribution_path,demo-human_decline_bot_rise-884000,human_decline_bot_rise,dynamic_hierarchy,119,hold_current,9d018b9de9fdf567d73f5985050e16b27d8e3d3b4c30531233e5677558244647,established_a-b112,established_a,112,,,,100,,,,-20.996827041674663,-18.236914918267004,-11.382272146529129,-1.7627682969791998,3.5422431815221227,,,,,,,,,,,,-0.1138227214652913,-0.20996827041674662,0.03542243181522123,,89.0,-19.51224023952493,-0.1951224023952493,,
selected_contribution_path,demo-human_decline_bot_rise-884000,human_decline_bot_rise,dynamic_hierarchy,119,continue_recent_trend,9d018b9de9fdf567d73f5985050e16b27d8e3d3b4c30531233e5677558244647,established_a-b112,established_a,112,,,,100,,,,-21.86408061055677,-19.70844895365741,-10.533391049355089,3.9010484366676663,18.37010442200529,,,,,,,,,,,,-0.10533391049355088,-0.2186408061055677,0.1837010442200529,,89.0,-19.51224023952493,-0.1951224023952493,,
selected_contribution_path,demo-human_decline_bot_rise-884000,human_decline_bot_rise,dynamic_hierarchy,119,fixed_price,9d018b9de9fdf567d73f5985050e16b27d8e3d3b4c30531233e5677558244647,established_a-b112,established_a,112,,,,100,,,,-13.353320539186829,-11.2620115537059,-3.074241590848123,9.907744575498494,19.83721387472561,,,,,,,,,,,,-0.03074241590848123,-0.13353320539186828,0.1983721387472561,,89.0,-19.51224023952493,-0.1951224023952493,,
selected_contribution_path,demo-human_decline_bot_rise-884000,human_decline_bot_rise,dynamic_hierarchy,119,hold_current,9d018b9de9fdf567d73f5985050e16b27d8e3d3b4c30531233e5677558244647,established_a-b112,established_a,112,,,,100,,,,-21.021827041674666,-18.203562022407965,-11.340261727455326,-1.5563441245563538,3.58152800483827,,,,,,,,,,,,-0.11340261727455327,-0.21021827041674665,0.0358152800483827,,90.0,-19.301154535038272,-0.19301154535038273,,
selected_contribution_path,demo-human_decline_bot_rise-884000,human_decline_bot_rise,dynamic_hierarchy,119,continue_recent_trend,9d018b9de9fdf567d73f5985050e16b27d8e3d3b4c30531233e5677558244647,established_a-b112,established_a,112,,,,100,,,,-21.7925951647738,-19.56775363469969,-10.462798731559849,4.242319684715973,18.71119524750961,,,,,,,,,,,,-0.10462798731559848,-0.217925951647738,0.1871119524750961,,90.0,-19.301154535038272,-0.19301154535038273,,
selected_contribution_path,demo-human_decline_bot_rise-884000,human_decline_bot_rise,dynamic_hierarchy,119,fixed_price,9d018b9de9fdf567d73f5985050e16b27d8e3d3b4c30531233e5677558244647,established_a-b112,established_a,112,,,,100,,,,-13.378320539186827,-10.834587879690964,-2.920057983593768,10.021635698102408,20.000431813505138,,,,,,,,,,,,-0.02920057983593768,-0.13378320539186828,0.20000431813505137,,90.0,-19.301154535038272,-0.19301154535038273,,
selected_contribution_path,demo-human_decline_bot_rise-884000,human_decline_bot_rise,dynamic_hierarchy,119,fixed_price,9d018b9de9fdf567d73f5985050e16b27d8e3d3b4c30531233e5677558244647,established_a-b112,established_a,112,,,,100,,,,-13.375087987706262,-10.82216023451318,-2.6985909253923186,10.400200941038232,19.97543181350514,,,,,,,,,,,,-0.026985909253923187,-0.13375087987706263,0.1997543181350514,,91.0,-19.32615453503827,-0.1932615453503827,,
selected_contribution_path,demo-human_decline_bot_rise-884000,human_decline_bot_rise,dynamic_hierarchy,119,continue_recent_trend,9d018b9de9fdf567d73f5985050e16b27d8e3d3b4c30531233e5677558244647,established_a-b112,established_a,112,,,,100,,,,-21.8175922425511,-19.570368411845628,-10.430360983741522,4.269733185899838,19.003099757862408,,,,,,,,,,,,-0.10430360983741523,-0.218175922425511,0.19003099757862407,,91.0,-19.32615453503827,-0.1932615453503827,,
selected_contribution_path,demo-human_decline_bot_rise-884000,human_decline_bot_rise,dynamic_hierarchy,119,hold_current,9d018b9de9fdf567d73f5985050e16b27d8e3d3b4c30531233e5677558244647,established_a-b112,established_a,112,,,,100,,,,-20.990624312383567,-18.135601378688506,-11.365261727455325,-1.122183469032306,3.5565280048382717,,,,,,,,,,,,-0.11365261727455325,-0.20990624312383566,0.03556528004838272,,91.0,-19.32615453503827,-0.1932615453503827,,
selected_contribution_path,demo-human_decline_bot_rise-884000,human_decline_bot_rise,dynamic_hierarchy,119,fixed_price,9d018b9de9fdf567d73f5985050e16b27d8e3d3b4c30531233e5677558244647,established_a-b112,established_a,112,,,,100,,,,-13.399736516375492,-10.48982876027581,-2.3696189017640776,10.617816286217668,20.31812664016768,,,,,,,,,,,,-0.023696189017640777,-0.13399736516375493,0.2031812664016768,,92.0,-19.35115453503827,-0.1935115453503827,,
selected_contribution_path,demo-human_decline_bot_rise-884000,human_decline_bot_rise,dynamic_hierarchy,119,continue_recent_trend,9d018b9de9fdf567d73f5985050e16b27d8e3d3b4c30531233e5677558244647,established_a-b112,established_a,112,,,,100,,,,-21.815696554008117,-19.558047882846967,-10.367920766606655,4.89893250763771,19.35154321062403,,,,,,,,,,,,-0.10367920766606656,-0.21815696554008115,0.1935154321062403,,92.0,-19.35115453503827,-0.1935115453503827,,
selected_contribution_path,demo-human_decline_bot_rise-884000,human_decline_bot_rise,dynamic_hierarchy,119,hold_current,9d018b9de9fdf567d73f5985050e16b27d8e3d3b4c30531233e5677558244647,established_a-b112,established_a,112,,,,100,,,,-20.98054678620534,-18.138950734261226,-11.281611006644464,-1.1471834690323046,3.5315280048382727,,,,,,,,,,,,-0.11281611006644464,-0.20980546786205342,0.035315280048382726,,92.0,-19.35115453503827,-0.1935115453503827,,
selected_contribution_path,demo-human_decline_bot_rise-884000,human_decline_bot_rise,dynamic_hierarchy,119,fixed_price,9d018b9de9fdf567d73f5985050e16b27d8e3d3b4c30531233e5677558244647,established_a-b112,established_a,112,,,,100,,,,-13.33691741743824,-10.484381390931413,-2.253529899874872,10.688673001495276,21.456927947897057,,,,,,,,,,,,-0.022535298998748718,-0.1333691741743824,0.21456927947897056,,93.0,-19.23332622234197,-0.19233326222341968,,
selected_contribution_path,demo-human_decline_bot_rise-884000,human_decline_bot_rise,dynamic_hierarchy,119,continue_recent_trend,9d018b9de9fdf567d73f5985050e16b27d8e3d3b4c30531233e5677558244647,established_a-b112,established_a,112,,,,100,,,,-21.716469659464327,-19.57516101622713,-10.365985187793726,4.973450707958484,21.070218612887317,,,,,,,,,,,,-0.10365985187793726,-0.21716469659464327,0.21070218612887318,,93.0,-19.23332622234197,-0.19233326222341968,,
selected_contribution_path,demo-human_decline_bot_rise-884000,human_decline_bot_rise,dynamic_hierarchy,119,hold_current,9d018b9de9fdf567d73f5985050e16b27d8e3d3b4c30531233e5677558244647,established_a-b112,established_a,112,,,,100,,,,-20.8962757555736,-18.16395073426122,-11.255537875173262,-1.137703776874634,3.905816725730067,,,,,,,,,,,,-0.11255537875173262,-0.208962757555736,0.03905816725730067,,93.0,-19.23332622234197,-0.19233326222341968,,
selected_contribution_path,demo-human_decline_bot_rise-884000,human_decline_bot_rise,dynamic_hierarchy,119,fixed_price,9d018b9de9fdf567d73f5985050e16b27d8e3d3b4c30531233e5677558244647,established_a-b112,established_a,112,,,,100,,,,-13.36191741743824,-10.457391295284348,-2.1996034762218475,10.767021864010946,21.431927957078003,,,,,,,,,,,,-0.021996034762218473,-0.1336191741743824,0.21431927957078004,,94.0,-19.25832622234197,-0.1925832622234197,,
selected_contribution_path,demo-human_decline_bot_rise-884000,human_decline_bot_rise,dynamic_hierarchy,119,hold_current,9d018b9de9fdf567d73f5985050e16b27d8e3d3b4c30531233e5677558244647,established_a-b112,established_a,112,,,,100,,,,-20.921275755573603,-18.099510247519387,-10.864778910535302,-1.1627037768746329,4.28688471752043,,,,,,,,,,,,-0.10864778910535301,-0.20921275755573604,0.042868847175204304,,94.0,-19.25832622234197,-0.1925832622234197,,
selected_contribution_path,demo-human_decline_bot_rise-884000,human_decline_bot_rise,dynamic_hierarchy,119,continue_recent_trend,9d018b9de9fdf567d73f5985050e16b27d8e3d3b4c30531233e5677558244647,established_a-b112,established_a,112,,,,100,,,,-21.725143081125143,-19.58677954498861,-10.070335532370668,5.652334315938663,21.61125540665613,,,,,,,,,,,,-0.10070335532370668,-0.21725143081125142,0.2161125540665613,,94.0,-19.25832622234197,-0.1925832622234197,,
selected_contribution_path,demo-human_decline_bot_rise-884000,human_decline_bot_rise,dynamic_hierarchy,119,continue_recent_trend,9d018b9de9fdf567d73f5985050e16b27d8e3d3b4c30531233e5677558244647,established_a-b112,established_a,112,,,,100,,,,-21.74946125722392,-19.599601667459087,-10.042047888996615,5.8137685628670255,22.0238109128288,,,,,,,,,,,,-0.10042047888996615,-0.2174946125722392,0.220238109128288,,95.0,-19.204361148454822,-0.1920436114845482,,
selected_contribution_path,demo-human_decline_bot_rise-884000,human_decline_bot_rise,dynamic_hierarchy,119,fixed_price,9d018b9de9fdf567d73f5985050e16b27d8e3d3b4c30531233e5677558244647,established_a-b112,established_a,112,,,,100,,,,-13.22119553183752,-10.36468096674202,-2.0457633712962338,11.163132457805393,21.67225538128861,,,,,,,,,,,,-0.020457633712962338,-0.1322119553183752,0.2167225538128861,,95.0,-19.204361148454822,-0.1920436114845482,,
selected_contribution_path,demo-human_decline_bot_rise-884000,human_decline_bot_rise,dynamic_hierarchy,119,hold_current,9d018b9de9fdf567d73f5985050e16b27d8e3d3b4c30531233e5677558244647,established_a-b112,established_a,112,,,,100,,,,-20.650860494921307,-18.03909990219307,-10.86905261925913,-1.114301846067784,4.39637840991983,,,,,,,,,,,,-0.10869052619259129,-0.20650860494921308,0.0439637840991983,,95.0,-19.204361148454822,-0.1920436114845482,,
selected_contribution_path,demo-human_decline_bot_rise-884000,human_decline_bot_rise,dynamic_hierarchy,119,fixed_price,9d018b9de9fdf567d73f5985050e16b27d8e3d3b4c30531233e5677558244647,established_a-b112,established_a,112,,,,100,,,,-13.246195531837518,-10.341299000977866,-1.7046407284110057,11.199978449670166,22.13002435315356,,,,,,,,,,,,-0.017046407284110058,-0.13246195531837518,0.22130024353153557,,96.0,-19.22936114845482,-0.1922936114845482,,
selected_contribution_path,demo-human_decline_bot_rise-884000,human_decline_bot_rise,dynamic_hierarchy,119,continue_recent_trend,9d018b9de9fdf567d73f5985050e16b27d8e3d3b4c30531233e5677558244647,established_a-b112,established_a,112,,,,100,,,,-21.748335320495727,-19.62460166745909,-10.066399768081018,6.290283742075886,22.571271504170127,,,,,,,,,,,,-0.10066399768081018,-0.21748335320495726,0.22571271504170126,,96.0,-19.22936114845482,-0.1922936114845482,,
selected_contribution_path,demo-human_decline_bot_rise-884000,human_decline_bot_rise,dynamic_hierarchy,119,hold_current,9d018b9de9fdf567d73f5985050e16b27d8e3d3b4c30531233e5677558244647,established_a-b112,established_a,112,,,,100,,,,-20.675860494921302,-18.06192902453379,-10.72584710975979,-0.6742627729788762,4.648107135435104,,,,,,,,,,,,-0.10725847109759791,-0.20675860494921303,0.04648107135435103,,96.0,-19.22936114845482,-0.1922936114845482,,
selected_contribution_path,demo-human_decline_bot_rise-884000,human_decline_bot_rise,dynamic_hierarchy,119,hold_current,9d018b9de9fdf567d73f5985050e16b27d8e3d3b4c30531233e5677558244647,established_a-b112,established_a,112,,,,100,,,,-20.60810818118204,-17.926374961190927,-10.603168323224423,-0.5406940368956619,5.053421394390672,,,,,,,,,,,,-0.10603168323224424,-0.2060810818118204,0.050534213943906725,,97.0,-19.25436114845482,-0.19254361148454818,,
selected_contribution_path,demo-human_decline_bot_rise-884000,human_decline_bot_rise,dynamic_hierarchy,119,continue_recent_trend,9d018b9de9fdf567d73f5985050e16b27d8e3d3b4c30531233e5677558244647,established_a-b112,established_a,112,,,,100,,,,-21.72762864488985,-19.55235914812208,-9.76496841135501,6.473035998369337,22.7543697600168,,,,,,,,,,,,-0.0976496841135501,-0.21727628644889851,0.22754369760016802,,97.0,-19.25436114845482,-0.19254361148454818,,
selected_contribution_path,demo-human_decline_bot_rise-884000,human_decline_bot_rise,dynamic_hierarchy,119,fixed_price,9d018b9de9fdf567d73f5985050e16b27d8e3d3b4c30531233e5677558244647,established_a-b112,established_a,112,,,,100,,,,-13.24153734819769,-9.755862435825106,-1.5382921389323023,11.29098739060315,23.018122932196285,,,,,,,,,,,,-0.015382921389323023,-0.1324153734819769,0.23018122932196283,,97.0,-19.25436114845482,-0.19254361148454818,,
selected_contribution_path,demo-human_decline_bot_rise-884000,human_decline_bot_rise,dynamic_hierarchy,119,continue_recent_trend,9d018b9de9fdf567d73f5985050e16b27d8e3d3b4c30531233e5677558244647,established_a-b112,established_a,112,,,,100,,,,-21.670252080804705,-19.382575544403867,-9.789968411355009,6.736070680261793,23.771698481321263,,,,,,,,,,,,-0.09789968411355009,-0.21670252080804706,0.23771698481321263,,98.0,-19.279361148454814,-0.19279361148454816,,
selected_contribution_path,demo-human_decline_bot_rise-884000,human_decline_bot_rise,dynamic_hierarchy,119,hold_current,9d018b9de9fdf567d73f5985050e16b27d8e3d3b4c30531233e5677558244647,established_a-b112,established_a,112,,,,100,,,,-20.60893544702579,-17.931343215080638,-10.534006869733345,0.0066116597631644,5.028421394390674,,,,,,,,,,,,-0.10534006869733345,-0.2060893544702579,0.05028421394390674,,98.0,-19.279361148454814,-0.19279361148454816,,
selected_contribution_path,demo-human_decline_bot_rise-884000,human_decline_bot_rise,dynamic_hierarchy,119,fixed_price,9d018b9de9fdf567d73f5985050e16b27d8e3d3b4c30531233e5677558244647,established_a-b112,established_a,112,,,,100,,,,-13.10843610261032,-9.780862435825105,-1.4904188358044372,11.911030247402294,23.25161552031871,,,,,,,,,,,,-0.014904188358044372,-0.13108436102610319,0.23251615520318708,,98.0,-19.279361148454814,-0.19279361148454816,,
selected_contribution_path,demo-human_decline_bot_rise-884000,human_decline_bot_rise,dynamic_hierarchy,119,hold_current,9d018b9de9fdf567d73f5985050e16b27d8e3d3b4c30531233e5677558244647,established_a-b112,established_a,112,,,,100,,,,-20.56836959438967,-17.86976511097538,-10.465146244105965,0.0582139975411024,5.121374138063056,,,,,,,,,,,,-0.10465146244105965,-0.20568369594389668,0.05121374138063056,,99.0,-19.304361148454817,-0.19304361148454816,,
selected_contribution_path,demo-human_decline_bot_rise-884000,human_decline_bot_rise,dynamic_hierarchy,119,fixed_price,9d018b9de9fdf567d73f5985050e16b27d8e3d3b4c30531233e5677558244647,established_a-b112,established_a,112,,,,100,,,,-13.083875610128183,-9.79413294837459,-1.3927613712558866,11.98773843746963,23.27244705953177,,,,,,,,,,,,-0.013927613712558866,-0.13083875610128184,0.2327244705953177,,99.0,-19.304361148454817,-0.19304361148454816,,
selected_contribution_path,demo-human_decline_bot_rise-884000,human_decline_bot_rise,dynamic_hierarchy,119,continue_recent_trend,9d018b9de9fdf567d73f5985050e16b27d8e3d3b4c30531233e5677558244647,established_a-b112,established_a,112,,,,100,,,,-21.69047604649534,-19.32246069867984,-9.760509461241949,7.58396524703388,24.346270128623413,,,,,,,,,,,,-0.09760509461241948,-0.2169047604649534,0.24346270128623412,,99.0,-19.304361148454817,-0.19304361148454816,,
selected_contribution_path,demo-human_decline_bot_rise-884000,human_decline_bot_rise,dynamic_hierarchy,119,hold_current,9d018b9de9fdf567d73f5985050e16b27d8e3d3b4c30531233e5677558244647,established_a-b112,established_a,112,,,,100,,,,-20.593288458300933,-17.874068351428225,-10.473797962339646,0.1798988814152693,5.414559082104668,,,,,,,,,,,,-0.10473797962339645,-0.20593288458300932,0.054145590821046675,,100.0,-19.32936114845481,-0.19329361148454813,,
selected_contribution_path,demo-human_decline_bot_rise-884000,human_decline_bot_rise,dynamic_hierarchy,119,fixed_price,9d018b9de9fdf567d73f5985050e16b27d8e3d3b4c30531233e5677558244647,established_a-b112,established_a,112,,,,100,,,,-13.05338425139069,-9.61997088456912,-1.2715217049077072,12.187226197629666,23.570457778220643,,,,,,,,,,,,-0.012715217049077071,-0.1305338425139069,0.23570457778220644,,100.0,-19.32936114845481,-0.19329361148454813,,
selected_contribution_path,demo-human_decline_bot_rise-884000,human_decline_bot_rise,dynamic_hierarchy,119,continue_recent_trend,9d018b9de9fdf567d73f5985050e16b27d8e3d3b4c30531233e5677558244647,established_a-b112,established_a,112,,,,100,,,,-21.6575354503176,-19.34746069867984,-9.699650436000184,8.087585161342734,25.078466477213357,,,,,,,,,,,,-0.09699650436000183,-0.216575354503176,0.25078466477213357,,100.0,-19.32936114845481,-0.19329361148454813,,
selected_contribution_path,demo-human_decline_bot_rise-884000,human_decline_bot_rise,dynamic_hierarchy,119,continue_recent_trend,9d018b9de9fdf567d73f5985050e16b27d8e3d3b4c30531233e5677558244647,established_a-b112,established_a,112,,,,100,,,,-21.6825354503176,-19.34126387957893,-9.59912180813117,8.192546716800358,25.385047693930925,,,,,,,,,,,,-0.0959912180813117,-0.21682535450317603,0.25385047693930923,,101.0,-19.354361148454814,-0.19354361148454813,,
selected_contribution_path,demo-human_decline_bot_rise-884000,human_decline_bot_rise,dynamic_hierarchy,119,fixed_price,9d018b9de9fdf567d73f5985050e16b27d8e3d3b4c30531233e5677558244647,established_a-b112,established_a,112,,,,100,,,,-13.051990742029965,-9.458995163962214,-1.1646813658510045,12.497290242516616,23.692305653292127,,,,,,,,,,,,-0.011646813658510044,-0.13051990742029965,0.23692305653292128,,101.0,-19.354361148454814,-0.19354361148454813,,
selected_contribution_path,demo-human_decline_bot_rise-884000,human_decline_bot_rise,dynamic_hierarchy,119,hold_current,9d018b9de9fdf567d73f5985050e16b27d8e3d3b4c30531233e5677558244647,established_a-b112,established_a,112,,,,100,,,,-20.527473597314057,-17.899068351428227,-10.371137032066075,0.1579496992798361,5.540598950075739,,,,,,,,,,,,-0.10371137032066075,-0.20527473597314055,0.05540598950075739,,101.0,-19.354361148454814,-0.19354361148454813,,
selected_contribution_path,demo-human_decline_bot_rise-884000,human_decline_bot_rise,dynamic_hierarchy,119,continue_recent_trend,9d018b9de9fdf567d73f5985050e16b27d8e3d3b4c30531233e5677558244647,established_a-b112,established_a,112,,,,100,,,,-21.706928912817,-19.36626387957893,-9.546422587181365,8.386545482135308,25.422176475691508,,,,,,,,,,,,-0.09546422587181365,-0.21706928912816997,0.2542217647569151,,102.0,-19.37936114845481,-0.1937936114845481,,
selected_contribution_path,demo-human_decline_bot_rise-884000,human_decline_bot_rise,dynamic_hierarchy,119,hold_current,9d018b9de9fdf567d73f5985050e16b27d8e3d3b4c30531233e5677558244647,established_a-b112,established_a,112,,,,100,,,,-20.499955071299933,-17.89750230428805,-10.238135799287235,0.2175628557586026,5.621717333643192,,,,,,,,,,,,-0.10238135799287235,-0.20499955071299933,0.05621717333643192,,102.0,-19.37936114845481,-0.1937936114845481,,
selected_contribution_path,demo-human_decline_bot_rise-884000,human_decline_bot_rise,dynamic_hierarchy,119,fixed_price,9d018b9de9fdf567d73f5985050e16b27d8e3d3b4c30531233e5677558244647,established_a-b112,established_a,112,,,,100,,,,-13.020885194079378,-9.228156519788774,-0.9620327030511292,12.536736749732135,23.906220816124858,,,,,,,,,,,,-0.009620327030511293,-0.1302088519407938,0.23906220816124857,,102.0,-19.37936114845481,-0.1937936114845481,,
selected_contribution_path,demo-human_decline_bot_rise-884000,human_decline_bot_rise,dynamic_hierarchy,119,continue_recent_trend,9d018b9de9fdf567d73f5985050e16b27d8e3d3b4c30531233e5677558244647,established_a-b112,established_a,112,,,,100,,,,-21.731099509818694,-19.237026706933968,-9.486859363830533,8.932408424635494,26.350435215419285,,,,,,,,,,,,-0.09486859363830533,-0.21731099509818694,0.2635043521541929,,103.0,-19.40436114845481,-0.1940436114845481,,
selected_contribution_path,demo-human_decline_bot_rise-884000,human_decline_bot_rise,dynamic_hierarchy,119,fixed_price,9d018b9de9fdf567d73f5985050e16b27d8e3d3b4c30531233e5677558244647,established_a-b112,established_a,112,,,,100,,,,-12.994543044028257,-9.225806985393376,-0.961411990810678,12.951417452662046,24.07106403413394,,,,,,,,,,,,-0.00961411990810678,-0.12994543044028256,0.2407106403413394,,103.0,-19.40436114845481,-0.1940436114845481,,
selected_contribution_path,demo-human_decline_bot_rise-884000,human_decline_bot_rise,dynamic_hierarchy,119,hold_current,9d018b9de9fdf567d73f5985050e16b27d8e3d3b4c30531233e5677558244647,established_a-b112,established_a,112,,,,100,,,,-20.448236570740647,-17.86883370797678,-10.155523420521469,0.3107629813103063,5.8168743367216535,,,,,,,,,,,,-0.10155523420521469,-0.20448236570740647,0.05816874336721654,,103.0,-19.40436114845481,-0.1940436114845481,,
selected_contribution_path,demo-human_decline_bot_rise-884000,human_decline_bot_rise,dynamic_hierarchy,119,fixed_price,9d018b9de9fdf567d73f5985050e16b27d8e3d3b4c30531233e5677558244647,established_a-b112,established_a,112,,,,100,,,,-12.966414883970693,-9.250806985393377,-0.6386792586095904,12.926417452662047,25.19533942259836,,,,,,,,,,,,-0.006386792586095904,-0.12966414883970692,0.25195339422598356,,104.0,-19.42936114845481,-0.1942936114845481,,
selected_contribution_path,demo-human_decline_bot_rise-884000,human_decline_bot_rise,dynamic_hierarchy,119,hold_current,9d018b9de9fdf567d73f5985050e16b27d8e3d3b4c30531233e5677558244647,established_a-b112,established_a,112,,,,100,,,,-20.372498201352336,-17.762406118018895,-10.092063921122849,0.2857629813103077,6.154103333459112,,,,,,,,,,,,-0.10092063921122849,-0.20372498201352335,0.06154103333459112,,104.0,-19.42936114845481,-0.1942936114845481,,
selected_contribution_path,demo-human_decline_bot_rise-884000,human_decline_bot_rise,dynamic_hierarchy,119,continue_recent_trend,9d018b9de9fdf567d73f5985050e16b27d8e3d3b4c30531233e5677558244647,established_a-b112,established_a,112,,,,100,,,,-21.7560995098187,-19.26202670693397,-9.358500356406177,9.109530072574769,27.351794367660347,,,,,,,,,,,,-0.09358500356406177,-0.217560995098187,0.2735179436766035,,104.0,-19.42936114845481,-0.1942936114845481,,
selected_contribution_path,demo-human_decline_bot_rise-884000,human_decline_bot_rise,dynamic_hierarchy,119,fixed_price,9d018b9de9fdf567d73f5985050e16b27d8e3d3b4c30531233e5677558244647,established_a-b112,established_a,112,,,,100,,,,-12.991414883970693,-9.130431992271602,-0.663679258609589,13.10567412893356,25.33383321436344,,,,,,,,,,,,-0.00663679258609589,-0.12991414883970692,0.25333833214363444,,105.0,-19.454361148454808,-0.19454361148454807,,
selected_contribution_path,demo-human_decline_bot_rise-884000,human_decline_bot_rise,dynamic_hierarchy,119,hold_current,9d018b9de9fdf567d73f5985050e16b27d8e3d3b4c30531233e5677558244647,established_a-b112,established_a,112,,,,100,,,,-20.39749820135233,-17.78592362995113,-10.117063921122847,0.2669769905503667,6.129103333459113,,,,,,,,,,,,-0.10117063921122847,-0.20397498201352332,0.061291033334591134,,105.0,-19.454361148454808,-0.19454361148454807,,
selected_contribution_path,demo-human_decline_bot_rise-884000,human_decline_bot_rise,dynamic_hierarchy,119,continue_recent_trend,9d018b9de9fdf567d73f5985050e16b27d8e3d3b4c30531233e5677558244647,established_a-b112,established_a,112,,,,100,,,,-21.77270576222095,-19.18483873195172,-9.203217307483676,9.488035548604657,27.882706639453467,,,,,,,,,,,,-0.09203217307483676,-0.2177270576222095,0.2788270663945347,,105.0,-19.454361148454808,-0.19454361148454807,,
selected_contribution_path,demo-human_decline_bot_rise-884000,human_decline_bot_rise,dynamic_hierarchy,119,fixed_price,9d018b9de9fdf567d73f5985050e16b27d8e3d3b4c30531233e5677558244647,established_a-b112,established_a,112,,,,100,,,,-13.016414883970691,-9.1554319922716,-0.5427734167193403,13.548318437989288,25.318844387415854,,,,,,,,,,,,-0.005427734167193403,-0.13016414883970692,0.25318844387415856,,106.0,-19.479361148454807,-0.19479361148454807,,
selected_contribution_path,demo-human_decline_bot_rise-884000,human_decline_bot_rise,dynamic_hierarchy,119,hold_current,9d018b9de9fdf567d73f5985050e16b27d8e3d3b4c30531233e5677558244647,established_a-b112,established_a,112,,,,100,,,,-20.41729410073341,-17.696311012792965,-10.07921432043202,0.5015703082487288,6.184401469855275,,,,,,,,,,,,-0.10079214320432021,-0.2041729410073341,0.061844014698552746,,106.0,-19.479361148454807,-0.19479361148454807,,
selected_contribution_path,demo-human_decline_bot_rise-884000,human_decline_bot_rise,dynamic_hierarchy,119,continue_recent_trend,9d018b9de9fdf567d73f5985050e16b27d8e3d3b4c30531233e5677558244647,established_a-b112,established_a,112,,,,100,,,,-21.78259911872617,-19.037722417988583,-9.078342448510638,9.646094558141307,28.432789514130068,,,,,,,,,,,,-0.09078342448510637,-0.2178259911872617,0.2843278951413007,,106.0,-19.479361148454807,-0.19479361148454807,,
selected_contribution_path,demo-human_decline_bot_rise-884000,human_decline_bot_rise,dynamic_hierarchy,119,continue_recent_trend,9d018b9de9fdf567d73f5985050e16b27d8e3d3b4c30531233e5677558244647,established_a-b112,established_a,112,,,,100,,,,-21.80753662213549,-19.058629900331056,-8.876696049238076,9.76395206172295,29.269561070046528,,,,,,,,,,,,-0.08876696049238075,-0.2180753662213549,0.2926956107004653,,107.0,-19.504361148454805,-0.19504361148454805,,
selected_contribution_path,demo-human_decline_bot_rise-884000,human_decline_bot_rise,dynamic_hierarchy,119,hold_current,9d018b9de9fdf567d73f5985050e16b27d8e3d3b4c30531233e5677558244647,established_a-b112,established_a,112,,,,100,,,,-20.37068365854397,-17.678732526030565,-9.985926041100235,0.4773798027299882,6.25383444792089,,,,,,,,,,,,-0.09985926041100235,-0.2037068365854397,0.0625383444792089,,107.0,-19.504361148454805,-0.19504361148454805,,
selected_contribution_path,demo-human_decline_bot_rise-884000,human_decline_bot_rise,dynamic_hierarchy,119,fixed_price,9d018b9de9fdf567d73f5985050e16b27d8e3d3b4c30531233e5677558244647,established_a-b112,established_a,112,,,,100,,,,-12.826496017228637,-9.150537180068484,-0.5677734167193389,13.752927529913748,25.37806484520869,,,,,,,,,,,,-0.005677734167193389,-0.12826496017228636,0.2537806484520869,,107.0,-19.504361148454805,-0.19504361148454805,,
selected_contribution_path,demo-human_decline_bot_rise-884000,human_decline_bot_rise,dynamic_hierarchy,119,fixed_price,9d018b9de9fdf567d73f5985050e16b27d8e3d3b4c30531233e5677558244647,established_a-b112,established_a,112,,,,100,,,,-12.783827532216806,-8.909798702485944,-0.5523407448492215,13.973928365075931,25.372359239924712,,,,,,,,,,,,-0.005523407448492215,-0.12783827532216807,0.25372359239924713,,108.0,-19.529361148454804,-0.19529361148454805,,
selected_contribution_path,demo-human_decline_bot_rise-884000,human_decline_bot_rise,dynamic_hierarchy,119,hold_current,9d018b9de9fdf567d73f5985050e16b27d8e3d3b4c30531233e5677558244647,established_a-b112,established_a,112,,,,100,,,,-20.2996354225643,-17.664903625832707,-9.925537407500924,0.752512720182505,6.606363727299163,,,,,,,,,,,,-0.09925537407500924,-0.202996354225643,0.06606363727299164,,108.0,-19.529361148454804,-0.19529361148454805,,
selected_contribution_path,demo-human_decline_bot_rise-884000,human_decline_bot_rise,dynamic_hierarchy,119,continue_recent_trend,9d018b9de9fdf567d73f5985050e16b27d8e3d3b4c30531233e5677558244647,established_a-b112,established_a,112,,,,100,,,,-21.832536622135496,-18.89676217065849,-8.856704850746386,10.018564178286985,29.273705554485357,,,,,,,,,,,,-0.08856704850746386,-0.21832536622135496,0.2927370555448536,,108.0,-19.529361148454804,-0.19529361148454805,,
selected_contribution_path,demo-human_decline_bot_rise-884000,human_decline_bot_rise,dynamic_hierarchy,119,continue_recent_trend,9d018b9de9fdf567d73f5985050e16b27d8e3d3b4c30531233e5677558244647,established_a-b112,established_a,112,,,,100,,,,-21.85753662213549,-18.921762170658493,-8.864936912786078,10.284256309695891,30.56614104399951,,,,,,,,,,,,-0.08864936912786078,-0.2185753662213549,0.3056614104399951,,109.0,-19.47118390669281,-0.19471183906692813,,
selected_contribution_path,demo-human_decline_bot_rise-884000,human_decline_bot_rise,dynamic_hierarchy,119,hold_current,9d018b9de9fdf567d73f5985050e16b27d8e3d3b4c30531233e5677558244647,established_a-b112,established_a,112,,,,100,,,,-20.180141112196857,-17.689903625832706,-9.901613650305112,0.8316527905805717,6.5813637272991645,,,,,,,,,,,,-0.09901613650305112,-0.20180141112196856,0.06581363727299165,,109.0,-19.47118390669281,-0.19471183906692813,,
selected_contribution_path,demo-human_decline_bot_rise-884000,human_decline_bot_rise,dynamic_hierarchy,119,fixed_price,9d018b9de9fdf567d73f5985050e16b27d8e3d3b4c30531233e5677558244647,established_a-b112,established_a,112,,,,100,,,,-12.767021274295566,-8.865559593286731,-0.4546354153917367,14.050292132872508,26.12261302499392,,,,,,,,,,,,-0.0045463541539173665,-0.12767021274295565,0.26122613024993924,,109.0,-19.47118390669281,-0.19471183906692813,,
selected_contribution_path,demo-human_decline_bot_rise-884000,human_decline_bot_rise,dynamic_hierarchy,119,fixed_price,9d018b9de9fdf567d73f5985050e16b27d8e3d3b4c30531233e5677558244647,established_a-b112,established_a,112,,,,100,,,,-12.631284962480972,-8.654717613298184,-0.3922835827745103,14.30949490269808,26.42955220446776,,,,,,,,,,,,-0.003922835827745103,-0.1263128496248097,0.2642955220446776,,110.0,-19.37993973382932,-0.1937993973382932,,
selected_contribution_path,demo-human_decline_bot_rise-884000,human_decline_bot_rise,dynamic_hierarchy,119,hold_current,9d018b9de9fdf567d73f5985050e16b27d8e3d3b4c30531233e5677558244647,established_a-b112,established_a,112,,,,100,,,,-20.1989079013814,-17.68093985846484,-9.92661365030511,0.83233892719538,6.863459440155331,,,,,,,,,,,,-0.0992661365030511,-0.201989079013814,0.06863459440155331,,110.0,-19.37993973382932,-0.1937993973382932,,
selected_contribution_path,demo-human_decline_bot_rise-884000,human_decline_bot_rise,dynamic_hierarchy,119,continue_recent_trend,9d018b9de9fdf567d73f5985050e16b27d8e3d3b4c30531233e5677558244647,established_a-b112,established_a,112,,,,100,,,,-21.87238338834974,-18.903094056861462,-8.839793541438125,10.467755838741258,32.28245672746342,,,,,,,,,,,,-0.08839793541438125,-0.2187238338834974,0.3228245672746342,,110.0,-19.37993973382932,-0.1937993973382932,,
selected_contribution_path,demo-human_decline_bot_rise-884000,human_decline_bot_rise,dynamic_hierarchy,119,continue_recent_trend,9d018b9de9fdf567d73f5985050e16b27d8e3d3b4c30531233e5677558244647,established_a-b112,established_a,112,,,,100,,,,-21.872098359448348,-18.92453919674844,-8.785899471788667,10.496520604006296,32.907513409813085,,,,,,,,,,,,-0.08785899471788668,-0.21872098359448347,0.32907513409813083,,111.0,-19.2454725525899,-0.19245472552589898,,
selected_contribution_path,demo-human_decline_bot_rise-884000,human_decline_bot_rise,dynamic_hierarchy,119,hold_current,9d018b9de9fdf567d73f5985050e16b27d8e3d3b4c30531233e5677558244647,established_a-b112,established_a,112,,,,100,,,,-20.11567966493719,-17.689210763818185,-9.95161365030511,0.8073389271953815,7.4183346452808445,,,,,,,,,,,,-0.09951613650305109,-0.2011567966493719,0.07418334645280844,,111.0,-19.2454725525899,-0.19245472552589898,,
selected_contribution_path,demo-human_decline_bot_rise-884000,human_decline_bot_rise,dynamic_hierarchy,119,fixed_price,9d018b9de9fdf567d73f5985050e16b27d8e3d3b4c30531233e5677558244647,established_a-b112,established_a,112,,,,100,,,,-12.521546533772902,-8.679717613298182,0.2292650816904604,14.53760784294889,27.39377261808812,,,,,,,,,,,,0.002292650816904604,-0.125215465337729,0.2739377261808812,,111.0,-19.2454725525899,-0.19245472552589898,,
selected_contribution_path,demo-human_decline_bot_rise-884000,human_decline_bot_rise,dynamic_hierarchy,119,fixed_price,9d018b9de9fdf567d73f5985050e16b27d8e3d3b4c30531233e5677558244647,established_a-b112,established_a,112,,,,100,,,,-12.376370746305732,-8.541669874608413,0.3712667881471674,14.82430904590489,27.705311237153023,,,,,,,,,,,,0.003712667881471674,-0.12376370746305732,0.27705311237153024,,112.0,-19.270472552589897,-0.19270472552589898,,
selected_contribution_path,demo-human_decline_bot_rise-884000,human_decline_bot_rise,dynamic_hierarchy,119,hold_current,9d018b9de9fdf567d73f5985050e16b27d8e3d3b4c30531233e5677558244647,established_a-b112,established_a,112,,,,100,,,,-20.11189395600044,-17.488839410942823,-9.93600691108451,0.8034235195481347,7.515588483855014,,,,,,,,,,,,-0.0993600691108451,-0.2011189395600044,0.07515588483855014,,112.0,-19.270472552589897,-0.19270472552589898,,
selected_contribution_path,demo-human_decline_bot_rise-884000,human_decline_bot_rise,dynamic_hierarchy,119,continue_recent_trend,9d018b9de9fdf567d73f5985050e16b27d8e3d3b4c30531233e5677558244647,established_a-b112,established_a,112,,,,100,,,,-21.882299564267683,-18.94706796749535,-8.580850239389857,10.791798401887473,33.16158809383031,,,,,,,,,,,,-0.08580850239389858,-0.21882299564267682,0.33161588093830313,,112.0,-19.270472552589897,-0.19270472552589898,,
selected_contribution_path,demo-human_decline_bot_rise-884000,human_decline_bot_rise,dynamic_hierarchy,119,continue_recent_trend,9d018b9de9fdf567d73f5985050e16b27d8e3d3b4c30531233e5677558244647,established_a-b112,established_a,112,,,,100,,,,-21.900240663425688,-18.95393571368471,-8.472392959643377,10.973720145911628,34.3298444373999,,,,,,,,,,,,-0.08472392959643377,-0.21900240663425688,0.343298444373999,,113.0,-19.295472552589896,-0.19295472552589896,,
selected_contribution_path,demo-human_decline_bot_rise-884000,human_decline_bot_rise,dynamic_hierarchy,119,hold_current,9d018b9de9fdf567d73f5985050e16b27d8e3d3b4c30531233e5677558244647,established_a-b112,established_a,112,,,,100,,,,-20.120560551432447,-17.39905209990379,-9.859790094784495,0.7857039335599332,7.721038630491513,,,,,,,,,,,,-0.09859790094784496,-0.20120560551432448,0.07721038630491513,,113.0,-19.295472552589896,-0.19295472552589896,,
selected_contribution_path,demo-human_decline_bot_rise-884000,human_decline_bot_rise,dynamic_hierarchy,119,fixed_price,9d018b9de9fdf567d73f5985050e16b27d8e3d3b4c30531233e5677558244647,established_a-b112,established_a,112,,,,100,,,,-12.246887035059586,-8.54719535707408,0.3673293983068095,14.921494444662104,27.852110591514617,,,,,,,,,,,,0.003673293983068095,-0.12246887035059587,0.27852110591514617,,113.0,-19.295472552589896,-0.19295472552589896,,
selected_contribution_path,demo-human_decline_bot_rise-884000,human_decline_bot_rise,dynamic_hierarchy,119,fixed_price,9d018b9de9fdf567d73f5985050e16b27d8e3d3b4c30531233e5677558244647,established_a-b112,established_a,112,,,,100,,,,-12.166007760143795,-8.321229414430036,0.342329398306811,15.117390028012451,28.10361744984577,,,,,,,,,,,,0.0034232939830681096,-0.12166007760143796,0.2810361744984577,,114.0,-19.13641062474511,-0.1913641062474511,,
selected_contribution_path,demo-human_decline_bot_rise-884000,human_decline_bot_rise,dynamic_hierarchy,119,hold_current,9d018b9de9fdf567d73f5985050e16b27d8e3d3b4c30531233e5677558244647,established_a-b112,established_a,112,,,,100,,,,-20.142556923015395,-17.311223038124243,-9.884790094784496,0.7841131970135393,7.696038630491515,,,,,,,,,,,,-0.09884790094784496,-0.20142556923015395,0.07696038630491514,,114.0,-19.13641062474511,-0.1913641062474511,,
selected_contribution_path,demo-human_decline_bot_rise-884000,human_decline_bot_rise,dynamic_hierarchy,119,continue_recent_trend,9d018b9de9fdf567d73f5985050e16b27d8e3d3b4c30531233e5677558244647,established_a-b112,established_a,112,,,,100,,,,-21.92524066342569,-18.97530697759686,-8.321052722901387,11.371314486902008,34.61839847352066,,,,,,,,,,,,-0.08321052722901387,-0.2192524066342569,0.34618398473520656,,114.0,-19.13641062474511,-0.1913641062474511,,
selected_contribution_path,demo-human_decline_bot_rise-884000,human_decline_bot_rise,dynamic_hierarchy,119,hold_current,9d018b9de9fdf567d73f5985050e16b27d8e3d3b4c30531233e5677558244647,established_a-b112,established_a,112,,,,100,,,,-20.167556923015397,-17.29322888576543,-9.90064067787958,0.890243787598525,7.745937762035165,,,,,,,,,,,,-0.0990064067787958,-0.20167556923015398,0.07745937762035165,,115.0,-19.16141062474511,-0.1916141062474511,,
selected_contribution_path,demo-human_decline_bot_rise-884000,human_decline_bot_rise,dynamic_hierarchy,119,continue_recent_trend,9d018b9de9fdf567d73f5985050e16b27d8e3d3b4c30531233e5677558244647,established_a-b112,established_a,112,,,,100,,,,-21.94260740625241,-18.98725597492973,-8.293873186261278,11.552216864554383,35.3397069406232,,,,,,,,,,,,-0.08293873186261277,-0.2194260740625241,0.353397069406232,,115.0,-19.16141062474511,-0.1916141062474511,,
selected_contribution_path,demo-human_decline_bot_rise-884000,human_decline_bot_rise,dynamic_hierarchy,119,fixed_price,9d018b9de9fdf567d73f5985050e16b27d8e3d3b4c30531233e5677558244647,established_a-b112,established_a,112,,,,100,,,,-12.191007760143798,-8.32513462102458,0.3173294027158189,15.1473405291413,28.255483884745257,,,,,,,,,,,,0.003173294027158189,-0.12191007760143797,0.2825548388474526,,115.0,-19.16141062474511,-0.1916141062474511,,
selected_contribution_path,demo-human_decline_bot_rise-884000,human_decline_bot_rise,dynamic_hierarchy,119,fixed_price,9d018b9de9fdf567d73f5985050e16b27d8e3d3b4c30531233e5677558244647,established_a-b112,established_a,112,,,,100,,,,-12.008168630349845,-8.350134621024578,0.3914879001440763,15.48704851699398,28.30342387793316,,,,,,,,,,,,0.003914879001440763,-0.12008168630349844,0.2830342387793316,,116.0,-19.186410624745108,-0.19186410624745107,,
selected_contribution_path,demo-human_decline_bot_rise-884000,human_decline_bot_rise,dynamic_hierarchy,119,continue_recent_trend,9d018b9de9fdf567d73f5985050e16b27d8e3d3b4c30531233e5677558244647,established_a-b112,established_a,112,,,,100,,,,-21.9675933841708,-19.009563181864376,-8.275032912794174,12.284347757007684,35.81163164147734,,,,,,,,,,,,-0.08275032912794174,-0.219675933841708,0.35811631641477343,,116.0,-19.186410624745108,-0.19186410624745107,,
selected_contribution_path,demo-human_decline_bot_rise-884000,human_decline_bot_rise,dynamic_hierarchy,119,hold_current,9d018b9de9fdf567d73f5985050e16b27d8e3d3b4c30531233e5677558244647,established_a-b112,established_a,112,,,,100,,,,-20.139067947561585,-17.27337197123541,-9.923826290022552,1.2555071963745466,7.721203491037693,,,,,,,,,,,,-0.09923826290022551,-0.20139067947561584,0.07721203491037693,,116.0,-19.186410624745108,-0.19186410624745107,,
selected_contribution_path,demo-human_decline_bot_rise-884000,human_decline_bot_rise,dynamic_hierarchy,119,continue_recent_trend,9d018b9de9fdf567d73f5985050e16b27d8e3d3b4c30531233e5677558244647,established_a-b112,established_a,112,,,,100,,,,-21.96591149266953,-19.033322065959133,-8.264350205130667,12.426067314874585,36.11670360314872,,,,,,,,,,,,-0.08264350205130666,-0.2196591149266953,0.3611670360314872,,117.0,-19.211410624745103,-0.19211410624745104,,
selected_contribution_path,demo-human_decline_bot_rise-884000,human_decline_bot_rise,dynamic_hierarchy,119,hold_current,9d018b9de9fdf567d73f5985050e16b27d8e3d3b4c30531233e5677558244647,established_a-b112,established_a,112,,,,100,,,,-20.071103143577805,-17.18562302657798,-9.929516623230867,1.2766303114555946,7.696203491037695,,,,,,,,,,,,-0.09929516623230868,-0.20071103143577804,0.07696203491037695,,117.0,-19.211410624745103,-0.19211410624745104,,
selected_contribution_path,demo-human_decline_bot_rise-884000,human_decline_bot_rise,dynamic_hierarchy,119,fixed_price,9d018b9de9fdf567d73f5985050e16b27d8e3d3b4c30531233e5677558244647,established_a-b112,established_a,112,,,,100,,,,-12.022523868819254,-8.375134621024577,0.3757049661881204,15.530661898180984,28.609205709839102,,,,,,,,,,,,0.0037570496618812036,-0.12022523868819254,0.28609205709839103,,117.0,-19.211410624745103,-0.19211410624745104,,
selected_contribution_path,demo-human_decline_bot_rise-884000,human_decline_bot_rise,dynamic_hierarchy,119,fixed_price,9d018b9de9fdf567d73f5985050e16b27d8e3d3b4c30531233e5677558244647,established_a-b112,established_a,112,,,,100,,,,-12.047523868819251,-8.270288592864253,0.5281802616810527,15.791934665106512,28.618172744927428,,,,,,,,,,,,0.005281802616810527,-0.12047523868819252,0.2861817274492743,,118.0,-19.236410624745105,-0.19236410624745104,,
selected_contribution_path,demo-human_decline_bot_rise-884000,human_decline_bot_rise,dynamic_hierarchy,119,hold_current,9d018b9de9fdf567d73f5985050e16b27d8e3d3b4c30531233e5677558244647,established_a-b112,established_a,112,,,,100,,,,-20.096103143577807,-17.206451725441724,-9.742119538723822,1.494975060282016,8.062117773432435,,,,,,,,,,,,-0.09742119538723822,-0.20096103143577806,0.08062117773432435,,118.0,-19.236410624745105,-0.19236410624745104,,
selected_contribution_path,demo-human_decline_bot_rise-884000,human_decline_bot_rise,dynamic_hierarchy,119,continue_recent_trend,9d018b9de9fdf567d73f5985050e16b27d8e3d3b4c30531233e5677558244647,established_a-b112,established_a,112,,,,100,,,,-21.963001019094467,-19.05827865385076,-8.26274873218827,12.594331534722915,36.53458301247378,,,,,,,,,,,,-0.08262748732188269,-0.21963001019094466,0.3653458301247378,,118.0,-19.236410624745105,-0.19236410624745104,,
selected_contribution_path,demo-human_decline_bot_rise-884000,human_decline_bot_rise,dynamic_hierarchy,119,continue_recent_trend,9d018b9de9fdf567d73f5985050e16b27d8e3d3b4c30531233e5677558244647,established_a-b112,established_a,112,,,,100,,,,-21.975184112112235,-19.06464815998833,-8.110778183268154,12.770117327675589,36.94390861427233,,,,,,,,,,,,-0.08110778183268154,-0.21975184112112234,0.3694390861427233,,119.0,-19.261410624745103,-0.19261410624745104,,
selected_contribution_path,demo-human_decline_bot_rise-884000,human_decline_bot_rise,dynamic_hierarchy,119,hold_current,9d018b9de9fdf567d73f5985050e16b27d8e3d3b4c30531233e5677558244647,established_a-b112,established_a,112,,,,100,,,,-20.061299499906745,-17.09697910056456,-9.7619809307755,1.5989565382996478,8.313713941909148,,,,,,,,,,,,-0.097619809307755,-0.20061299499906746,0.08313713941909148,,119.0,-19.261410624745103,-0.19261410624745104,,
selected_contribution_path,demo-human_decline_bot_rise-884000,human_decline_bot_rise,dynamic_hierarchy,119,fixed_price,9d018b9de9fdf567d73f5985050e16b27d8e3d3b4c30531233e5677558244647,established_a-b112,established_a,112,,,,100,,,,-12.072523868819252,-8.14571023926787,0.7639713566231094,16.034707093574525,28.627874393006504,,,,,,,,,,,,0.007639713566231094,-0.12072523868819252,0.286278743930065,,119.0,-19.261410624745103,-0.19261410624745104,,
selected_contribution_path,demo-human_decline_bot_rise-884000,human_decline_bot_rise,dynamic_hierarchy,119,hold_current,9d018b9de9fdf567d73f5985050e16b27d8e3d3b4c30531233e5677558244647,established_a-b112,established_a,112,,,,100,,,,-19.99421661919882,-17.121337880162066,-9.632535094733065,1.5908952780260694,8.361999572881619,,,,,,,,,,,,-0.09632535094733065,-0.1999421661919882,0.08361999572881619,,120.0,-19.172604563146944,-0.19172604563146944,,
selected_contribution_path,demo-human_decline_bot_rise-884000,human_decline_bot_rise,dynamic_hierarchy,119,fixed_price,9d018b9de9fdf567d73f5985050e16b27d8e3d3b4c30531233e5677558244647,established_a-b112,established_a,112,,,,100,,,,-12.04038181620544,-8.17071023926787,0.8412341094087612,16.0770729262583,28.60878061188229,,,,,,,,,,,,0.008412341094087611,-0.1204038181620544,0.2860878061188229,,120.0,-19.172604563146944,-0.19172604563146944,,
selected_contribution_path,demo-human_decline_bot_rise-884000,human_decline_bot_rise,dynamic_hierarchy,119,continue_recent_trend,9d018b9de9fdf567d73f5985050e16b27d8e3d3b4c30531233e5677558244647,established_a-b112,established_a,112,,,,100,,,,-21.979912952300285,-19.070374954406127,-7.921518190384827,12.747292980934922,37.52083828202248,,,,,,,,,,,,-0.07921518190384827,-0.21979912952300285,0.37520838282022484,,120.0,-19.172604563146944,-0.19172604563146944,,
selected_contribution_path,demo-human_decline_bot_rise-884000,human_decline_bot_rise,dynamic_hierarchy,119,hold_current,9d018b9de9fdf567d73f5985050e16b27d8e3d3b4c30531233e5677558244647,established_a-b112,established_a,112,,,,100,,,,-19.88482862914849,-17.116810196334946,-9.652338151327536,1.642924421680716,8.416963226177923,,,,,,,,,,,,-0.09652338151327536,-0.1988482862914849,0.08416963226177923,,121.0,-19.197604563146943,-0.19197604563146942,,
selected_contribution_path,demo-human_decline_bot_rise-884000,human_decline_bot_rise,dynamic_hierarchy,119,continue_recent_trend,9d018b9de9fdf567d73f5985050e16b27d8e3d3b4c30531233e5677558244647,established_a-b112,established_a,112,,,,100,,,,-22.004912952300288,-19.08871780520611,-7.946518190384825,13.04363442731906,37.82452438321776,,,,,,,,,,,,-0.07946518190384826,-0.22004912952300287,0.37824524383217756,,121.0,-19.197604563146943,-0.19197604563146942,,
selected_contribution_path,demo-human_decline_bot_rise-884000,human_decline_bot_rise,dynamic_hierarchy,119,fixed_price,9d018b9de9fdf567d73f5985050e16b27d8e3d3b4c30531233e5677558244647,established_a-b112,established_a,112,,,,100,,,,-12.06538181620544,-8.050384388033534,0.8464333586865127,16.38120193111741,28.967419544668477,,,,,,,,,,,,0.008464333586865127,-0.1206538181620544,0.28967419544668477,,121.0,-19.197604563146943,-0.19197604563146942,,
selected_contribution_path,demo-human_decline_bot_rise-884000,human_decline_bot_rise,dynamic_hierarchy,119,hold_current,9d018b9de9fdf567d73f5985050e16b27d8e3d3b4c30531233e5677558244647,established_a-b112,established_a,112,,,,100,,,,-19.90982862914849,-17.099830883082163,-9.470558684276464,1.8476266298830328,8.436088365630777,,,,,,,,,,,,-0.09470558684276463,-0.19909828629148488,0.08436088365630777,,122.0,-19.22260456314694,-0.19222604563146942,,
selected_contribution_path,demo-human_decline_bot_rise-884000,human_decline_bot_rise,dynamic_hierarchy,119,continue_recent_trend,9d018b9de9fdf567d73f5985050e16b27d8e3d3b4c30531233e5677558244647,established_a-b112,established_a,112,,,,100,,,,-21.9907204937661,-19.102686036186498,-7.905007775650258,13.360034124564272,38.68409219362768,,,,,,,,,,,,-0.07905007775650258,-0.21990720493766103,0.3868409219362768,,122.0,-19.22260456314694,-0.19222604563146942,,
selected_contribution_path,demo-human_decline_bot_rise-884000,human_decline_bot_rise,dynamic_hierarchy,119,fixed_price,9d018b9de9fdf567d73f5985050e16b27d8e3d3b4c30531233e5677558244647,established_a-b112,established_a,112,,,,100,,,,-12.060540259639852,-8.068359772784152,1.0768508650314246,16.431537147949733,28.942419544668475,,,,,,,,,,,,0.010768508650314246,-0.12060540259639853,0.28942419544668474,,122.0,-19.22260456314694,-0.19222604563146942,,
selected_contribution_path,demo-human_decline_bot_rise-884000,human_decline_bot_rise,dynamic_hierarchy,119,fixed_price,9d018b9de9fdf567d73f5985050e16b27d8e3d3b4c30531233e5677558244647,established_a-b112,established_a,112,,,,100,,,,-12.085540259639853,-8.09335977278415,1.160543176347673,16.520854750541485,28.91741954466848,,,,,,,,,,,,0.011605431763476731,-0.12085540259639853,0.2891741954466848,,123.0,-19.24760456314694,-0.1924760456314694,,
selected_contribution_path,demo-human_decline_bot_rise-884000,human_decline_bot_rise,dynamic_hierarchy,119,continue_recent_trend,9d018b9de9fdf567d73f5985050e16b27d8e3d3b4c30531233e5677558244647,established_a-b112,established_a,112,,,,100,,,,-22.002553384065635,-19.086805344452607,-7.893545615723855,13.663448787119318,40.31200351912494,,,,,,,,,,,,-0.07893545615723854,-0.22002553384065635,0.40312003519124945,,123.0,-19.24760456314694,-0.1924760456314694,,
selected_contribution_path,demo-human_decline_bot_rise-884000,human_decline_bot_rise,dynamic_hierarchy,119,hold_current,9d018b9de9fdf567d73f5985050e16b27d8e3d3b4c30531233e5677558244647,established_a-b112,established_a,112,,,,100,,,,-19.93482862914849,-17.12483088308216,-9.378079971500435,1.8226266298830345,8.474529864820578,,,,,,,,,,,,-0.09378079971500436,-0.1993482862914849,0.08474529864820578,,123.0,-19.24760456314694,-0.1924760456314694,,
selected_contribution_path,demo-human_decline_bot_rise-884000,human_decline_bot_rise,dynamic_hierarchy,119,hold_current,9d018b9de9fdf567d73f5985050e16b27d8e3d3b4c30531233e5677558244647,established_a-b112,established_a,112,,,,100,,,,-19.959828629148497,-17.133127798410314,-9.383083328243403,1.819110243713924,8.554222767873977,,,,,,,,,,,,-0.09383083328243404,-0.19959828629148496,0.08554222767873977,,124.0,-19.27260456314694,-0.1927260456314694,,
selected_contribution_path,demo-human_decline_bot_rise-884000,human_decline_bot_rise,dynamic_hierarchy,119,continue_recent_trend,9d018b9de9fdf567d73f5985050e16b27d8e3d3b4c30531233e5677558244647,established_a-b112,established_a,112,,,,100,,,,-21.994230598742018,-19.11180534445261,-7.827137651005163,13.771181497406072,40.80812847902247,,,,,,,,,,,,-0.07827137651005163,-0.21994230598742018,0.4080812847902247,,124.0,-19.27260456314694,-0.1927260456314694,,
selected_contribution_path,demo-human_decline_bot_rise-884000,human_decline_bot_rise,dynamic_hierarchy,119,fixed_price,9d018b9de9fdf567d73f5985050e16b27d8e3d3b4c30531233e5677558244647,established_a-b112,established_a,112,,,,100,,,,-12.003090995340276,-8.11835977278415,1.3020242578945478,16.495854750541486,29.203841525373058,,,,,,,,,,,,0.013020242578945478,-0.12003090995340276,0.2920384152537306,,124.0,-19.27260456314694,-0.1927260456314694,,
selected_contribution_path,demo-human_decline_bot_rise-884000,human_decline_bot_rise,dynamic_hierarchy,119,fixed_price,9d018b9de9fdf567d73f5985050e16b27d8e3d3b4c30531233e5677558244647,established_a-b112,established_a,112,,,,100,,,,-12.028090995340277,-7.919273049849192,1.306288438011805,16.670821254757147,29.17884152537306,,,,,,,,,,,,0.01306288438011805,-0.12028090995340276,0.2917884152537306,,125.0,-19.297604563146937,-0.19297604563146936,,
selected_contribution_path,demo-human_decline_bot_rise-884000,human_decline_bot_rise,dynamic_hierarchy,119,continue_recent_trend,9d018b9de9fdf567d73f5985050e16b27d8e3d3b4c30531233e5677558244647,established_a-b112,established_a,112,,,,100,,,,-21.92701140707084,-19.126486978140846,-7.705005707025803,13.96200166483671,41.103344940473946,,,,,,,,,,,,-0.07705005707025803,-0.2192701140707084,0.41103344940473946,,125.0,-19.297604563146937,-0.19297604563146936,,
selected_contribution_path,demo-human_decline_bot_rise-884000,human_decline_bot_rise,dynamic_hierarchy,119,hold_current,9d018b9de9fdf567d73f5985050e16b27d8e3d3b4c30531233e5677558244647,established_a-b112,established_a,112,,,,100,,,,-19.95318137094959,-17.110976936508784,-9.350552475588458,1.8364144135958915,8.578151513511646,,,,,,,,,,,,-0.09350552475588458,-0.1995318137094959,0.08578151513511646,,125.0,-19.297604563146937,-0.19297604563146936,,
selected_contribution_path,demo-human_decline_bot_rise-884000,human_decline_bot_rise,dynamic_hierarchy,119,hold_current,9d018b9de9fdf567d73f5985050e16b27d8e3d3b4c30531233e5677558244647,established_a-b112,established_a,112,,,,100,,,,-19.969843490396524,-17.012697121748857,-9.242280491111243,1.9780314992130967,8.55578726394479,,,,,,,,,,,,-0.09242280491111243,-0.19969843490396524,0.0855578726394479,,126.0,-19.26360962017826,-0.19263609620178263,,
selected_contribution_path,demo-human_decline_bot_rise-884000,human_decline_bot_rise,dynamic_hierarchy,119,continue_recent_trend,9d018b9de9fdf567d73f5985050e16b27d8e3d3b4c30531233e5677558244647,established_a-b112,established_a,112,,,,100,,,,-21.93318944714415,-19.101259407648843,-7.592287955845222,14.348840026134134,41.7993237805196,,,,,,,,,,,,-0.07592287955845223,-0.21933189447144152,0.417993237805196,,126.0,-19.26360962017826,-0.19263609620178263,,
selected_contribution_path,demo-human_decline_bot_rise-884000,human_decline_bot_rise,dynamic_hierarchy,119,fixed_price,9d018b9de9fdf567d73f5985050e16b27d8e3d3b4c30531233e5677558244647,established_a-b112,established_a,112,,,,100,,,,-11.47292958989463,-7.907474058164988,1.282861705424143,16.656757137965915,29.178174334848794,,,,,,,,,,,,0.01282861705424143,-0.1147292958989463,0.29178174334848794,,126.0,-19.26360962017826,-0.19263609620178263,,
selected_contribution_path,demo-human_decline_bot_rise-884000,human_decline_bot_rise,dynamic_hierarchy,119,continue_recent_trend,9d018b9de9fdf567d73f5985050e16b27d8e3d3b4c30531233e5677558244647,established_a-b112,established_a,112,,,,100,,,,-21.95007191173524,-19.09436287256501,-7.532303511157679,14.827698403364828,42.06669066345568,,,,,,,,,,,,-0.07532303511157679,-0.2195007191173524,0.4206669066345568,,127.0,-19.28860962017826,-0.1928860962017826,,
selected_contribution_path,demo-human_decline_bot_rise-884000,human_decline_bot_rise,dynamic_hierarchy,119,fixed_price,9d018b9de9fdf567d73f5985050e16b27d8e3d3b4c30531233e5677558244647,established_a-b112,established_a,112,,,,100,,,,-11.491854684019192,-7.927856583768667,1.3434871899260052,16.631757137965916,29.16658426757452,,,,,,,,,,,,0.013434871899260053,-0.11491854684019191,0.2916658426757452,,127.0,-19.28860962017826,-0.1928860962017826,,
selected_contribution_path,demo-human_decline_bot_rise-884000,human_decline_bot_rise,dynamic_hierarchy,119,hold_current,9d018b9de9fdf567d73f5985050e16b27d8e3d3b4c30531233e5677558244647,established_a-b112,established_a,112,,,,100,,,,-19.9902054079226,-17.037697121748856,-9.266204338830748,1.9530314992130984,8.61859847051567,,,,,,,,,,,,-0.09266204338830748,-0.19990205407922598,0.08618598470515669,,127.0,-19.28860962017826,-0.1928860962017826,,
selected_contribution_path,demo-human_decline_bot_rise-884000,human_decline_bot_rise,dynamic_hierarchy,119,fixed_price,9d018b9de9fdf567d73f5985050e16b27d8e3d3b4c30531233e5677558244647,established_a-b112,established_a,112,,,,100,,,,-11.51162722062029,-7.952856583768666,1.4527411525677092,17.196902190775948,29.390083467415216,,,,,,,,,,,,0.014527411525677093,-0.11511627220620291,0.2939008346741522,,128.0,-19.31360962017826,-0.1931360962017826,,
selected_contribution_path,demo-human_decline_bot_rise-884000,human_decline_bot_rise,dynamic_hierarchy,119,hold_current,9d018b9de9fdf567d73f5985050e16b27d8e3d3b4c30531233e5677558244647,established_a-b112,established_a,112,,,,100,,,,-19.917776566079844,-16.968968059289658,-9.246349291439726,1.9293460266497409,8.849453803079243,,,,,,,,,,,,-0.09246349291439726,-0.19917776566079845,0.08849453803079242,,128.0,-19.31360962017826,-0.1931360962017826,,
selected_contribution_path,demo-human_decline_bot_rise-884000,human_decline_bot_rise,dynamic_hierarchy,119,continue_recent_trend,9d018b9de9fdf567d73f5985050e16b27d8e3d3b4c30531233e5677558244647,established_a-b112,established_a,112,,,,100,,,,-21.943328144387078,-19.119362872565013,-7.434158718056484,15.106403738540344,42.6555952510666,,,,,,,,,,,,-0.07434158718056484,-0.21943328144387078,0.426555952510666,,128.0,-19.31360962017826,-0.1931360962017826,,
selected_contribution_path,demo-human_decline_bot_rise-884000,human_decline_bot_rise,dynamic_hierarchy,119,continue_recent_trend,9d018b9de9fdf567d73f5985050e16b27d8e3d3b4c30531233e5677558244647,established_a-b112,established_a,112,,,,100,,,,-21.957797216313647,-19.14133381623436,-7.4201215186279,15.366950751882523,42.886208223334734,,,,,,,,,,,,-0.074201215186279,-0.21957797216313646,0.4288620822333473,,129.0,-19.338609620178257,-0.19338609620178257,,
selected_contribution_path,demo-human_decline_bot_rise-884000,human_decline_bot_rise,dynamic_hierarchy,119,hold_current,9d018b9de9fdf567d73f5985050e16b27d8e3d3b4c30531233e5677558244647,established_a-b112,established_a,112,,,,100,,,,-19.82971427873636,-16.99396805928966,-9.271349291439725,2.442300722974572,8.824453803079244,,,,,,,,,,,,-0.09271349291439725,-0.1982971427873636,0.08824453803079244,,129.0,-19.338609620178257,-0.19338609620178257,,
selected_contribution_path,demo-human_decline_bot_rise-884000,human_decline_bot_rise,dynamic_hierarchy,119,fixed_price,9d018b9de9fdf567d73f5985050e16b27d8e3d3b4c30531233e5677558244647,established_a-b112,established_a,112,,,,100,,,,-11.53662722062029,-7.96600124895328,1.807660533422318,17.30808495389746,29.365083467415214,,,,,,,,,,,,0.01807660533422318,-0.1153662722062029,0.29365083467415215,,129.0,-19.338609620178257,-0.19338609620178257,,
selected_contribution_path,demo-human_decline_bot_rise-884000,human_decline_bot_rise,dynamic_hierarchy,119,continue_recent_trend,9d018b9de9fdf567d73f5985050e16b27d8e3d3b4c30531233e5677558244647,established_a-b112,established_a,112,,,,100,,,,-21.98279721631365,-19.16633381623436,-7.3634299717028675,15.345696370937276,43.70887058863564,,,,,,,,,,,,-0.07363429971702867,-0.2198279721631365,0.4370887058863564,,130.0,-19.363609620178256,-0.19363609620178257,,
selected_contribution_path,demo-human_decline_bot_rise-884000,human_decline_bot_rise,dynamic_hierarchy,119,fixed_price,9d018b9de9fdf567d73f5985050e16b27d8e3d3b4c30531233e5677558244647,established_a-b112,established_a,112,,,,100,,,,-11.53280135749298,-7.915788633946425,1.7826605334223196,17.322294454604855,29.362145436754147,,,,,,,,,,,,0.017826605334223197,-0.1153280135749298,0.2936214543675415,,130.0,-19.363609620178256,-0.19363609620178257,,
selected_contribution_path,demo-human_decline_bot_rise-884000,human_decline_bot_rise,dynamic_hierarchy,119,hold_current,9d018b9de9fdf567d73f5985050e16b27d8e3d3b4c30531233e5677558244647,established_a-b112,established_a,112,,,,100,,,,-19.85471427873636,-17.018968059289662,-9.296349291439723,2.417300722974573,8.799453803079246,,,,,,,,,,,,-0.09296349291439723,-0.1985471427873636,0.08799453803079245,,130.0,-19.363609620178256,-0.19363609620178257,,
selected_contribution_path,demo-human_decline_bot_rise-884000,human_decline_bot_rise,dynamic_hierarchy,119,continue_recent_trend,9d018b9de9fdf567d73f5985050e16b27d8e3d3b4c30531233e5677558244647,established_a-b112,established_a,112,,,,100,,,,-21.978321163831847,-19.09568071113112,-7.151324431312451,15.941740600018608,44.08960823262719,,,,,,,,,,,,-0.07151324431312452,-0.21978321163831846,0.4408960823262719,,131.0,-19.38860962017825,-0.19388609620178252,,
selected_contribution_path,demo-human_decline_bot_rise-884000,human_decline_bot_rise,dynamic_hierarchy,119,fixed_price,9d018b9de9fdf567d73f5985050e16b27d8e3d3b4c30531233e5677558244647,established_a-b112,established_a,112,,,,100,,,,-11.44701866492634,-7.937146031014574,1.785468430609054,17.441632765340778,29.368233968201437,,,,,,,,,,,,0.01785468430609054,-0.1144701866492634,0.29368233968201435,,131.0,-19.38860962017825,-0.19388609620178252,,
selected_contribution_path,demo-human_decline_bot_rise-884000,human_decline_bot_rise,dynamic_hierarchy,119,hold_current,9d018b9de9fdf567d73f5985050e16b27d8e3d3b4c30531233e5677558244647,established_a-b112,established_a,112,,,,100,,,,-19.86823826344452,-16.946577401509618,-9.219386447534347,2.851339412831477,8.774453803079247,,,,,,,,,,,,-0.09219386447534347,-0.1986823826344452,0.08774453803079246,,131.0,-19.38860962017825,-0.19388609620178252,,
selected_contribution_path,demo-human_decline_bot_rise-884000,human_decline_bot_rise,dynamic_hierarchy,119,fixed_price,9d018b9de9fdf567d73f5985050e16b27d8e3d3b4c30531233e5677558244647,established_a-b112,established_a,112,,,,100,,,,-11.419895461983993,-7.559379393587426,1.8153361162731887,17.422810594204357,29.343233968201435,,,,,,,,,,,,0.018153361162731887,-0.11419895461983992,0.2934323396820144,,132.0,-19.413609620178253,-0.19413609620178252,,
selected_contribution_path,demo-human_decline_bot_rise-884000,human_decline_bot_rise,dynamic_hierarchy,119,hold_current,9d018b9de9fdf567d73f5985050e16b27d8e3d3b4c30531233e5677558244647,established_a-b112,established_a,112,,,,100,,,,-19.867288804215,-16.96582886354018,-9.236875126512896,3.233438418192689,9.072138105222702,,,,,,,,,,,,-0.09236875126512896,-0.19867288804215,0.09072138105222702,,132.0,-19.413609620178253,-0.19413609620178252,,
selected_contribution_path,demo-human_decline_bot_rise-884000,human_decline_bot_rise,dynamic_hierarchy,119,continue_recent_trend,9d018b9de9fdf567d73f5985050e16b27d8e3d3b4c30531233e5677558244647,established_a-b112,established_a,112,,,,100,,,,-21.989795418140226,-19.118758049058005,-7.145996452920997,16.083663378306042,44.30613303432886,,,,,,,,,,,,-0.07145996452920997,-0.21989795418140226,0.4430613303432886,,132.0,-19.413609620178253,-0.19413609620178252,,
selected_contribution_path,demo-human_decline_bot_rise-884000,human_decline_bot_rise,dynamic_hierarchy,119,continue_recent_trend,9d018b9de9fdf567d73f5985050e16b27d8e3d3b4c30531233e5677558244647,established_a-b112,established_a,112,,,,100,,,,-22.013850714315275,-19.143758049058007,-7.127759346588073,16.122406335127927,45.23204194020591,,,,,,,,,,,,-0.07127759346588074,-0.22013850714315275,0.4523204194020591,,133.0,-19.382854482442685,-0.19382854482442685,,
selected_contribution_path,demo-human_decline_bot_rise-884000,human_decline_bot_rise,dynamic_hierarchy,119,hold_current,9d018b9de9fdf567d73f5985050e16b27d8e3d3b4c30531233e5677558244647,established_a-b112,established_a,112,,,,100,,,,-19.86622180575004,-16.990529355031562,-9.078773778719585,3.208875483847711,9.100577817213278,,,,,,,,,,,,-0.09078773778719584,-0.1986622180575004,0.09100577817213278,,133.0,-19.382854482442685,-0.19382854482442685,,
selected_contribution_path,demo-human_decline_bot_rise-884000,human_decline_bot_rise,dynamic_hierarchy,119,fixed_price,9d018b9de9fdf567d73f5985050e16b27d8e3d3b4c30531233e5677558244647,established_a-b112,established_a,112,,,,100,,,,-11.34263432975629,-7.584379393587424,1.833109446960396,17.845711726476708,29.31823396820144,,,,,,,,,,,,0.01833109446960396,-0.1134263432975629,0.2931823396820144,,133.0,-19.382854482442685,-0.19382854482442685,,
selected_contribution_path,demo-human_decline_bot_rise-884000,human_decline_bot_rise,dynamic_hierarchy,119,continue_recent_trend,9d018b9de9fdf567d73f5985050e16b27d8e3d3b4c30531233e5677558244647,established_a-b112,established_a,112,,,,100,,,,-22.036336339570823,-19.16780755905536,-7.151458070901899,16.394151724929735,46.38237632838475,,,,,,,,,,,,-0.07151458070901899,-0.22036336339570822,0.4638237632838475,,134.0,-19.407854482442684,-0.19407854482442682,,
selected_contribution_path,demo-human_decline_bot_rise-884000,human_decline_bot_rise,dynamic_hierarchy,119,fixed_price,9d018b9de9fdf567d73f5985050e16b27d8e3d3b4c30531233e5677558244647,established_a-b112,established_a,112,,,,100,,,,-11.36763375100528,-7.573608498626426,1.8617651255021648,18.192407407061783,29.333533809111707,,,,,,,,,,,,0.01861765125502165,-0.11367633751005281,0.29333533809111706,,134.0,-19.407854482442684,-0.19407854482442682,,
selected_contribution_path,demo-human_decline_bot_rise-884000,human_decline_bot_rise,dynamic_hierarchy,119,hold_current,9d018b9de9fdf567d73f5985050e16b27d8e3d3b4c30531233e5677558244647,established_a-b112,established_a,112,,,,100,,,,-19.88991149423624,-17.015528821923883,-9.098773319614798,3.298946720271358,9.129763811400784,,,,,,,,,,,,-0.09098773319614799,-0.1988991149423624,0.09129763811400783,,134.0,-19.407854482442684,-0.19407854482442682,,
selected_contribution_path,demo-human_decline_bot_rise-884000,human_decline_bot_rise,dynamic_hierarchy,119,hold_current,9d018b9de9fdf567d73f5985050e16b27d8e3d3b4c30531233e5677558244647,established_a-b112,established_a,112,,,,100,,,,-19.77001271978331,-16.932457748804538,-9.123773319614797,3.3582200856659856,9.240357970332964,,,,,,,,,,,,-0.09123773319614797,-0.1977001271978331,0.09240357970332963,,135.0,-19.43285448244268,-0.1943285448244268,,
selected_contribution_path,demo-human_decline_bot_rise-884000,human_decline_bot_rise,dynamic_hierarchy,119,fixed_price,9d018b9de9fdf567d73f5985050e16b27d8e3d3b4c30531233e5677558244647,established_a-b112,established_a,112,,,,100,,,,-11.392633751005278,-7.594911989680714,2.029211373845192,18.30959208728896,29.308533809111708,,,,,,,,,,,,0.020292113738451918,-0.11392633751005278,0.2930853380911171,,135.0,-19.43285448244268,-0.1943285448244268,,
selected_contribution_path,demo-human_decline_bot_rise-884000,human_decline_bot_rise,dynamic_hierarchy,119,continue_recent_trend,9d018b9de9fdf567d73f5985050e16b27d8e3d3b4c30531233e5677558244647,established_a-b112,established_a,112,,,,100,,,,-22.05726855944964,-19.19280755905536,-7.176458070901898,16.369205984156245,46.97058618879788,,,,,,,,,,,,-0.07176458070901898,-0.2205726855944964,0.4697058618879788,,135.0,-19.43285448244268,-0.1943285448244268,,
selected_contribution_path,demo-human_decline_bot_rise-884000,human_decline_bot_rise,dynamic_hierarchy,119,fixed_price,9d018b9de9fdf567d73f5985050e16b27d8e3d3b4c30531233e5677558244647,established_a-b112,established_a,112,,,,100,,,,-11.18811315850808,-7.609265470446346,2.046451509102127,18.305268105580204,29.39026565128664,,,,,,,,,,,,0.02046451509102127,-0.11188113158508081,0.2939026565128664,,136.0,-19.380992397434238,-0.19380992397434238,,
selected_contribution_path,demo-human_decline_bot_rise-884000,human_decline_bot_rise,dynamic_hierarchy,119,hold_current,9d018b9de9fdf567d73f5985050e16b27d8e3d3b4c30531233e5677558244647,established_a-b112,established_a,112,,,,100,,,,-19.795012719783312,-16.794414637864246,-8.566690933345095,3.346619278473769,9.48481093223149,,,,,,,,,,,,-0.08566690933345095,-0.19795012719783311,0.0948481093223149,,136.0,-19.380992397434238,-0.19380992397434238,,
selected_contribution_path,demo-human_decline_bot_rise-884000,human_decline_bot_rise,dynamic_hierarchy,119,continue_recent_trend,9d018b9de9fdf567d73f5985050e16b27d8e3d3b4c30531233e5677558244647,established_a-b112,established_a,112,,,,100,,,,-22.076378300930035,-19.217807559055363,-7.015054523301387,16.82756243913842,47.5586089656135,,,,,,,,,,,,-0.07015054523301387,-0.22076378300930036,0.475586089656135,,136.0,-19.380992397434238,-0.19380992397434238,,
selected_contribution_path,demo-human_decline_bot_rise-884000,human_decline_bot_rise,dynamic_hierarchy,119,continue_recent_trend,9d018b9de9fdf567d73f5985050e16b27d8e3d3b4c30531233e5677558244647,established_a-b112,established_a,112,,,,100,,,,-22.10137830093004,-19.22898499641223,-6.983034810083632,17.302768912164197,47.76224953879949,,,,,,,,,,,,-0.06983034810083633,-0.2210137830093004,0.4776224953879949,,137.0,-19.405992397434236,-0.19405992397434235,,
selected_contribution_path,demo-human_decline_bot_rise-884000,human_decline_bot_rise,dynamic_hierarchy,119,hold_current,9d018b9de9fdf567d73f5985050e16b27d8e3d3b4c30531233e5677558244647,established_a-b112,established_a,112,,,,100,,,,-19.741811894956392,-16.76606193595323,-8.483711236539378,3.3678018040010187,9.459810932231491,,,,,,,,,,,,-0.08483711236539378,-0.19741811894956393,0.09459810932231491,,137.0,-19.405992397434236,-0.19405992397434235,,
selected_contribution_path,demo-human_decline_bot_rise-884000,human_decline_bot_rise,dynamic_hierarchy,119,fixed_price,9d018b9de9fdf567d73f5985050e16b27d8e3d3b4c30531233e5677558244647,established_a-b112,established_a,112,,,,100,,,,-11.213113158508078,-7.3495097439943855,2.0364898088159737,18.289981425502464,30.11714255017956,,,,,,,,,,,,0.020364898088159736,-0.11213113158508077,0.3011714255017956,,137.0,-19.405992397434236,-0.19405992397434235,,
selected_contribution_path,demo-human_decline_bot_rise-884000,human_decline_bot_rise,dynamic_hierarchy,119,fixed_price,9d018b9de9fdf567d73f5985050e16b27d8e3d3b4c30531233e5677558244647,established_a-b112,established_a,112,,,,100,,,,-11.234363885176233,-7.374509743994384,2.084399867617561,18.451480683591324,30.285219861358804,,,,,,,,,,,,0.020843998676175608,-0.11234363885176232,0.30285219861358803,,138.0,-19.43099239743423,-0.19430992397434232,,
selected_contribution_path,demo-human_decline_bot_rise-884000,human_decline_bot_rise,dynamic_hierarchy,119,continue_recent_trend,9d018b9de9fdf567d73f5985050e16b27d8e3d3b4c30531233e5677558244647,established_a-b112,established_a,112,,,,100,,,,-22.117067637144288,-19.248469918759604,-6.833543022501859,17.80425969239812,47.99090348748477,,,,,,,,,,,,-0.06833543022501859,-0.2211706763714429,0.4799090348748477,,138.0,-19.43099239743423,-0.19430992397434232,,
selected_contribution_path,demo-human_decline_bot_rise-884000,human_decline_bot_rise,dynamic_hierarchy,119,hold_current,9d018b9de9fdf567d73f5985050e16b27d8e3d3b4c30531233e5677558244647,established_a-b112,established_a,112,,,,100,,,,-19.76681189495639,-16.76832004026229,-8.377395297660293,3.3500921347527512,9.463108293444744,,,,,,,,,,,,-0.08377395297660292,-0.1976681189495639,0.09463108293444744,,138.0,-19.43099239743423,-0.19430992397434232,,
selected_contribution_path,demo-human_decline_bot_rise-884000,human_decline_bot_rise,dynamic_hierarchy,119,fixed_price,9d018b9de9fdf567d73f5985050e16b27d8e3d3b4c30531233e5677558244647,established_a-b112,established_a,112,,,,100,,,,-11.077961771162393,-7.2532386306418815,2.083783375060314,18.4279968259718,30.74589234439996,,,,,,,,,,,,0.02083783375060314,-0.11077961771162392,0.3074589234439996,,139.0,-19.45599239743423,-0.1945599239743423,,
selected_contribution_path,demo-human_decline_bot_rise-884000,human_decline_bot_rise,dynamic_hierarchy,119,continue_recent_trend,9d018b9de9fdf567d73f5985050e16b27d8e3d3b4c30531233e5677558244647,established_a-b112,established_a,112,,,,100,,,,-22.142067637144287,-19.262015208907435,-6.848162290781385,18.18799410359186,48.47448095831274,,,,,,,,,,,,-0.06848162290781384,-0.22142067637144286,0.4847448095831274,,139.0,-19.45599239743423,-0.1945599239743423,,
selected_contribution_path,demo-human_decline_bot_rise-884000,human_decline_bot_rise,dynamic_hierarchy,119,hold_current,9d018b9de9fdf567d73f5985050e16b27d8e3d3b4c30531233e5677558244647,established_a-b112,established_a,112,,,,100,,,,-19.76562402028329,-16.79332004026229,-8.392744870123437,3.3250921347527527,9.438108293444746,,,,,,,,,,,,-0.08392744870123436,-0.1976562402028329,0.09438108293444746,,139.0,-19.45599239743423,-0.1945599239743423,,
selected_contribution_path,demo-human_decline_bot_rise-884000,human_decline_bot_rise,dynamic_hierarchy,119,continue_recent_trend,9d018b9de9fdf567d73f5985050e16b27d8e3d3b4c30531233e5677558244647,established_a-b112,established_a,112,,,,100,,,,-22.12682681647667,-19.28701520890744,-6.715910611336987,18.541620379829155,49.51422084520406,,,,,,,,,,,,-0.06715910611336988,-0.2212682681647667,0.4951422084520406,,140.0,-19.437545717309664,-0.19437545717309665,,
selected_contribution_path,demo-human_decline_bot_rise-884000,human_decline_bot_rise,dynamic_hierarchy,119,hold_current,9d018b9de9fdf567d73f5985050e16b27d8e3d3b4c30531233e5677558244647,established_a-b112,established_a,112,,,,100,,,,-19.78694288413443,-16.393066567319085,-8.367625294708555,3.3697361311123477,9.498027312936184,,,,,,,,,,,,-0.08367625294708554,-0.19786942884134429,0.09498027312936184,,140.0,-19.437545717309664,-0.19437545717309665,,
selected_contribution_path,demo-human_decline_bot_rise-884000,human_decline_bot_rise,dynamic_hierarchy,119,fixed_price,9d018b9de9fdf567d73f5985050e16b27d8e3d3b4c30531233e5677558244647,established_a-b112,established_a,112,,,,100,,,,-10.735993316085636,-7.254859112564427,2.217120428455587,18.62434898227798,31.25160862354964,,,,,,,,,,,,0.02217120428455587,-0.10735993316085636,0.31251608623549637,,140.0,-19.437545717309664,-0.19437545717309665,,
selected_contribution_path,demo-human_decline_bot_rise-884000,human_decline_bot_rise,dynamic_hierarchy,119,fixed_price,9d018b9de9fdf567d73f5985050e16b27d8e3d3b4c30531233e5677558244647,established_a-b112,established_a,112,,,,100,,,,-10.760993316085631,-7.279859112564425,2.254355052121742,19.0659589000222,31.256315407801186,,,,,,,,,,,,0.02254355052121742,-0.10760993316085632,0.31256315407801183,,141.0,-19.331310053540605,-0.19331310053540604,,
selected_contribution_path,demo-human_decline_bot_rise-884000,human_decline_bot_rise,dynamic_hierarchy,119,hold_current,9d018b9de9fdf567d73f5985050e16b27d8e3d3b4c30531233e5677558244647,established_a-b112,established_a,112,,,,100,,,,-19.811942884134428,-16.39320817447019,-8.388982069303829,3.3447361311123487,9.832184311578722,,,,,,,,,,,,-0.08388982069303828,-0.19811942884134429,0.09832184311578722,,141.0,-19.331310053540605,-0.19331310053540604,,
selected_contribution_path,demo-human_decline_bot_rise-884000,human_decline_bot_rise,dynamic_hierarchy,119,continue_recent_trend,9d018b9de9fdf567d73f5985050e16b27d8e3d3b4c30531233e5677558244647,established_a-b112,established_a,112,,,,100,,,,-22.151826816476667,-19.310080961780244,-6.740820737186555,18.562072656970734,51.17537613564882,,,,,,,,,,,,-0.06740820737186555,-0.22151826816476666,0.5117537613564882,,141.0,-19.331310053540605,-0.19331310053540604,,
selected_contribution_path,demo-human_decline_bot_rise-884000,human_decline_bot_rise,dynamic_hierarchy,119,hold_current,9d018b9de9fdf567d73f5985050e16b27d8e3d3b4c30531233e5677558244647,established_a-b112,established_a,112,,,,100,,,,-19.83694288413443,-16.367012807851143,-8.41005918067592,3.369481560623841,9.881642635886529,,,,,,,,,,,,-0.0841005918067592,-0.19836942884134431,0.09881642635886528,,142.0,-19.246747651540087,-0.19246747651540086,,
selected_contribution_path,demo-human_decline_bot_rise-884000,human_decline_bot_rise,dynamic_hierarchy,119,continue_recent_trend,9d018b9de9fdf567d73f5985050e16b27d8e3d3b4c30531233e5677558244647,established_a-b112,established_a,112,,,,100,,,,-22.16145763937482,-19.335080961780243,-6.765309183541305,18.8606739303045,52.26243096672604,,,,,,,,,,,,-0.06765309183541306,-0.2216145763937482,0.5226243096672605,,142.0,-19.246747651540087,-0.19246747651540086,,
selected_contribution_path,demo-human_decline_bot_rise-884000,human_decline_bot_rise,dynamic_hierarchy,119,fixed_price,9d018b9de9fdf567d73f5985050e16b27d8e3d3b4c30531233e5677558244647,established_a-b112,established_a,112,,,,100,,,,-10.785993316085632,-7.304859112564424,2.512021979223645,19.066032557865803,31.231324051796264,,,,,,,,,,,,0.025120219792236453,-0.10785993316085632,0.31231324051796266,,142.0,-19.246747651540087,-0.19246747651540086,,
selected_contribution_path,demo-human_decline_bot_rise-884000,human_decline_bot_rise,dynamic_hierarchy,119,fixed_price,9d018b9de9fdf567d73f5985050e16b27d8e3d3b4c30531233e5677558244647,established_a-b112,established_a,112,,,,100,,,,-10.468871493869234,-7.183095341216349,2.4870219792236465,19.32652686405922,31.206324051796265,,,,,,,,,,,,0.024870219792236466,-0.10468871493869233,0.31206324051796264,,143.0,-19.271747651540085,-0.19271747651540086,,
selected_contribution_path,demo-human_decline_bot_rise-884000,human_decline_bot_rise,dynamic_hierarchy,119,continue_recent_trend,9d018b9de9fdf567d73f5985050e16b27d8e3d3b4c30531233e5677558244647,established_a-b112,established_a,112,,,,100,,,,-22.15867004400202,-19.351585783941537,-6.758863070246997,18.98313819815233,52.44688261759942,,,,,,,,,,,,-0.06758863070246997,-0.22158670044002018,0.5244688261759942,,143.0,-19.271747651540085,-0.19271747651540086,,
selected_contribution_path,demo-human_decline_bot_rise-884000,human_decline_bot_rise,dynamic_hierarchy,119,hold_current,9d018b9de9fdf567d73f5985050e16b27d8e3d3b4c30531233e5677558244647,established_a-b112,established_a,112,,,,100,,,,-19.85795068307608,-16.382040515256218,-8.298597992788057,3.5755347253036884,9.85664263588653,,,,,,,,,,,,-0.08298597992788057,-0.1985795068307608,0.0985664263588653,,143.0,-19.271747651540085,-0.19271747651540086,,
selected_contribution_path,demo-human_decline_bot_rise-884000,human_decline_bot_rise,dynamic_hierarchy,119,fixed_price,9d018b9de9fdf567d73f5985050e16b27d8e3d3b4c30531233e5677558244647,established_a-b112,established_a,112,,,,100,,,,-10.46408994592759,-7.208095341216348,2.718968078247704,19.462521426062903,31.181324051796267,,,,,,,,,,,,0.027189680782477042,-0.1046408994592759,0.31181324051796266,,144.0,-19.296747651540084,-0.19296747651540083,,
selected_contribution_path,demo-human_decline_bot_rise-884000,human_decline_bot_rise,dynamic_hierarchy,119,hold_current,9d018b9de9fdf567d73f5985050e16b27d8e3d3b4c30531233e5677558244647,established_a-b112,established_a,112,,,,100,,,,-19.83041707196624,-16.369572617906755,-8.323597992788056,3.7821282992625367,10.013741836595536,,,,,,,,,,,,-0.08323597992788055,-0.19830417071966241,0.10013741836595536,,144.0,-19.296747651540084,-0.19296747651540083,,
selected_contribution_path,demo-human_decline_bot_rise-884000,human_decline_bot_rise,dynamic_hierarchy,119,continue_recent_trend,9d018b9de9fdf567d73f5985050e16b27d8e3d3b4c30531233e5677558244647,established_a-b112,established_a,112,,,,100,,,,-22.15539689767464,-19.37654920895248,-6.765441823538357,19.673438907295544,53.12018553630359,,,,,,,,,,,,-0.06765441823538357,-0.2215539689767464,0.5312018553630359,,144.0,-19.296747651540084,-0.19296747651540083,,
selected_contribution_path,demo-human_decline_bot_rise-884000,human_decline_bot_rise,dynamic_hierarchy,119,continue_recent_trend,9d018b9de9fdf567d73f5985050e16b27d8e3d3b4c30531233e5677558244647,established_a-b112,established_a,112,,,,100,,,,-22.18039689767464,-19.40154920895248,-6.654180236393714,19.90273446067992,53.809360913743376,,,,,,,,,,,,-0.06654180236393714,-0.2218039689767464,0.5380936091374338,,145.0,-19.321747651540083,-0.19321747651540083,,
selected_contribution_path,demo-human_decline_bot_rise-884000,human_decline_bot_rise,dynamic_hierarchy,119,hold_current,9d018b9de9fdf567d73f5985050e16b27d8e3d3b4c30531233e5677558244647,established_a-b112,established_a,112,,,,100,,,,-19.84812249532088,-16.33359055358634,-8.276497566457104,3.8115775924589226,10.1176155152678,,,,,,,,,,,,-0.08276497566457104,-0.1984812249532088,0.10117615515267801,,145.0,-19.321747651540083,-0.19321747651540083,,
selected_contribution_path,demo-human_decline_bot_rise-884000,human_decline_bot_rise,dynamic_hierarchy,119,fixed_price,9d018b9de9fdf567d73f5985050e16b27d8e3d3b4c30531233e5677558244647,established_a-b112,established_a,112,,,,100,,,,-10.464754770626794,-7.233095341216346,2.6940314316963807,19.437521426062904,31.839941915462013,,,,,,,,,,,,0.026940314316963806,-0.10464754770626794,0.3183994191546201,,145.0,-19.321747651540083,-0.19321747651540083,,
selected_contribution_path,demo-human_decline_bot_rise-884000,human_decline_bot_rise,dynamic_hierarchy,119,fixed_price,9d018b9de9fdf567d73f5985050e16b27d8e3d3b4c30531233e5677558244647,established_a-b112,established_a,112,,,,100,,,,-10.25295024447156,-7.258095341216345,2.669031431696382,19.412521426062906,31.81494191546202,,,,,,,,,,,,0.026690314316963823,-0.10252950244471559,0.3181494191546202,,146.0,-19.34674765154008,-0.1934674765154008,,
selected_contribution_path,demo-human_decline_bot_rise-884000,human_decline_bot_rise,dynamic_hierarchy,119,hold_current,9d018b9de9fdf567d73f5985050e16b27d8e3d3b4c30531233e5677558244647,established_a-b112,established_a,112,,,,100,,,,-19.87258108761557,-16.358590553586343,-8.201030604112344,3.786577592458924,10.38174278756735,,,,,,,,,,,,-0.08201030604112343,-0.19872581087615568,0.1038174278756735,,146.0,-19.34674765154008,-0.1934674765154008,,
selected_contribution_path,demo-human_decline_bot_rise-884000,human_decline_bot_rise,dynamic_hierarchy,119,continue_recent_trend,9d018b9de9fdf567d73f5985050e16b27d8e3d3b4c30531233e5677558244647,established_a-b112,established_a,112,,,,100,,,,-22.17679540487507,-19.425686972771768,-6.634352610194611,20.341326810247995,54.004131888722455,,,,,,,,,,,,-0.0663435261019461,-0.2217679540487507,0.5400413188872245,,146.0,-19.34674765154008,-0.1934674765154008,,
selected_contribution_path,demo-human_decline_bot_rise-884000,human_decline_bot_rise,dynamic_hierarchy,119,fixed_price,9d018b9de9fdf567d73f5985050e16b27d8e3d3b4c30531233e5677558244647,established_a-b112,established_a,112,,,,100,,,,-10.277950244471558,-7.246459767571856,2.831426032675539,19.435994042573626,31.922982909403277,,,,,,,,,,,,0.02831426032675539,-0.10277950244471558,0.31922982909403275,,147.0,-19.37174765154008,-0.1937174765154008,,
selected_contribution_path,demo-human_decline_bot_rise-884000,human_decline_bot_rise,dynamic_hierarchy,119,hold_current,9d018b9de9fdf567d73f5985050e16b27d8e3d3b4c30531233e5677558244647,established_a-b112,established_a,112,,,,100,,,,-19.89758108761557,-16.38359055358634,-8.043726364564911,3.780968451891326,10.358018325559089,,,,,,,,,,,,-0.08043726364564911,-0.1989758108761557,0.10358018325559089,,147.0,-19.37174765154008,-0.1937174765154008,,
selected_contribution_path,demo-human_decline_bot_rise-884000,human_decline_bot_rise,dynamic_hierarchy,119,continue_recent_trend,9d018b9de9fdf567d73f5985050e16b27d8e3d3b4c30531233e5677558244647,established_a-b112,established_a,112,,,,100,,,,-22.198018841738044,-19.45068697277177,-6.615621919816084,20.758806121188307,55.66150776943928,,,,,,,,,,,,-0.06615621919816084,-0.22198018841738043,0.5566150776943928,,147.0,-19.37174765154008,-0.1937174765154008,,
selected_contribution_path,demo-human_decline_bot_rise-884000,human_decline_bot_rise,dynamic_hierarchy,119,continue_recent_trend,9d018b9de9fdf567d73f5985050e16b27d8e3d3b4c30531233e5677558244647,established_a-b112,established_a,112,,,,100,,,,-22.22301884173805,-19.47568697277177,-6.526137247519472,20.76477773452652,55.99766304985131,,,,,,,,,,,,-0.06526137247519471,-0.2222301884173805,0.5599766304985131,,148.0,-19.39674765154008,-0.19396747651540078,,
selected_contribution_path,demo-human_decline_bot_rise-884000,human_decline_bot_rise,dynamic_hierarchy,119,hold_current,9d018b9de9fdf567d73f5985050e16b27d8e3d3b4c30531233e5677558244647,established_a-b112,established_a,112,,,,100,,,,-19.912664672850504,-16.408590553586343,-8.06872636456491,3.835354038089058,10.458631801454098,,,,,,,,,,,,-0.0806872636456491,-0.19912664672850502,0.10458631801454098,,148.0,-19.39674765154008,-0.19396747651540078,,
selected_contribution_path,demo-human_decline_bot_rise-884000,human_decline_bot_rise,dynamic_hierarchy,119,fixed_price,9d018b9de9fdf567d73f5985050e16b27d8e3d3b4c30531233e5677558244647,established_a-b112,established_a,112,,,,100,,,,-10.30294026863324,-7.259931162340125,2.924025354088023,19.41758530643332,31.89798290940328,,,,,,,,,,,,0.029240253540880234,-0.1030294026863324,0.3189798290940328,,148.0,-19.39674765154008,-0.19396747651540078,,
selected_contribution_path,demo-human_decline_bot_rise-884000,human_decline_bot_rise,dynamic_hierarchy,119,continue_recent_trend,9d018b9de9fdf567d73f5985050e16b27d8e3d3b4c30531233e5677558244647,established_a-b112,established_a,112,,,,100,,,,-22.225783372123992,-19.500549091833253,-6.44918756433805,20.80269470054335,57.37753323214986,,,,,,,,,,,,-0.0644918756433805,-0.22225783372123992,0.5737753323214986,,149.0,-19.42174765154008,-0.1942174765154008,,
selected_contribution_path,demo-human_decline_bot_rise-884000,human_decline_bot_rise,dynamic_hierarchy,119,hold_current,9d018b9de9fdf567d73f5985050e16b27d8e3d3b4c30531233e5677558244647,established_a-b112,established_a,112,,,,100,,,,-19.937118532665576,-16.414270440856008,-8.093726364564908,3.913709908222458,10.465853710254256,,,,,,,,,,,,-0.08093726364564909,-0.19937118532665576,0.10465853710254257,,149.0,-19.42174765154008,-0.1942174765154008,,
selected_contribution_path,demo-human_decline_bot_rise-884000,human_decline_bot_rise,dynamic_hierarchy,119,fixed_price,9d018b9de9fdf567d73f5985050e16b27d8e3d3b4c30531233e5677558244647,established_a-b112,established_a,112,,,,100,,,,-10.193278311572694,-7.174571405107637,2.934573514704285,19.39258530643332,31.94121375554262,,,,,,,,,,,,0.029345735147042848,-0.10193278311572694,0.3194121375554262,,149.0,-19.42174765154008,-0.1942174765154008,,
selected_contribution_path,demo-human_decline_bot_rise-884000,human_decline_bot_rise,dynamic_hierarchy,119,fixed_price,9d018b9de9fdf567d73f5985050e16b27d8e3d3b4c30531233e5677558244647,established_a-b112,established_a,112,,,,100,,,,-10.218278311572693,-6.757417837566342,3.010362203359552,19.71391695251629,31.916213755542625,,,,,,,,,,,,0.030103622033595522,-0.10218278311572693,0.3191621375554263,,150.0,-19.446747651540075,-0.19446747651540075,,
selected_contribution_path,demo-human_decline_bot_rise-884000,human_decline_bot_rise,dynamic_hierarchy,119,hold_current,9d018b9de9fdf567d73f5985050e16b27d8e3d3b4c30531233e5677558244647,established_a-b112,established_a,112,,,,100,,,,-19.96211853266557,-16.38890177306196,-7.946745684060648,3.922393039961504,10.445943477647056,,,,,,,,,,,,-0.07946745684060648,-0.1996211853266557,0.10445943477647056,,150.0,-19.446747651540075,-0.19446747651540075,,
selected_contribution_path,demo-human_decline_bot_rise-884000,human_decline_bot_rise,dynamic_hierarchy,119,continue_recent_trend,9d018b9de9fdf567d73f5985050e16b27d8e3d3b4c30531233e5677558244647,established_a-b112,established_a,112,,,,100,,,,-22.24732540967944,-19.511083485854726,-6.416017362427088,21.203792382675804,59.502344322579525,,,,,,,,,,,,-0.06416017362427089,-0.22247325409679441,0.5950234432257953,,150.0,-19.446747651540075,-0.19446747651540075,,
selected_contribution_path,demo-human_decline_bot_rise-884000,human_decline_bot_rise,dynamic_hierarchy,119,hold_current,9d018b9de9fdf567d73f5985050e16b27d8e3d3b4c30531233e5677558244647,established_a-b112,established_a,112,,,,100,,,,-19.987118532665573,-16.41242179744266,-7.971059795664424,3.992008651673341,10.420943477647056,,,,,,,,,,,,-0.07971059795664423,-0.19987118532665574,0.10420943477647056,,151.0,-19.471747651540078,-0.19471747651540078,,
selected_contribution_path,demo-human_decline_bot_rise-884000,human_decline_bot_rise,dynamic_hierarchy,119,continue_recent_trend,9d018b9de9fdf567d73f5985050e16b27d8e3d3b4c30531233e5677558244647,established_a-b112,established_a,112,,,,100,,,,-22.2532458946634,-19.536083485854725,-6.429669142768105,21.19815411737517,59.91517766535279,,,,,,,,,,,,-0.06429669142768106,-0.222532458946634,0.5991517766535279,,151.0,-19.471747651540078,-0.19471747651540078,,
selected_contribution_path,demo-human_decline_bot_rise-884000,human_decline_bot_rise,dynamic_hierarchy,119,fixed_price,9d018b9de9fdf567d73f5985050e16b27d8e3d3b4c30531233e5677558244647,established_a-b112,established_a,112,,,,100,,,,-10.182904474213816,-6.651945889885111,2.985362203359553,19.68891695251629,31.974610242790707,,,,,,,,,,,,0.02985362203359553,-0.10182904474213815,0.3197461024279071,,151.0,-19.471747651540078,-0.19471747651540078,,
selected_contribution_path,demo-human_decline_bot_rise-884000,human_decline_bot_rise,dynamic_hierarchy,119,continue_recent_trend,9d018b9de9fdf567d73f5985050e16b27d8e3d3b4c30531233e5677558244647,established_a-b112,established_a,112,,,,100,,,,-22.271558033180085,-19.55017082243708,-6.372093177192156,23.05793541079319,60.73783474102623,,,,,,,,,,,,-0.06372093177192156,-0.22271558033180086,0.6073783474102623,,152.0,-19.496747651540076,-0.19496747651540075,,
selected_contribution_path,demo-human_decline_bot_rise-884000,human_decline_bot_rise,dynamic_hierarchy,119,fixed_price,9d018b9de9fdf567d73f5985050e16b27d8e3d3b4c30531233e5677558244647,established_a-b112,established_a,112,,,,100,,,,-9.971016954392836,-6.6769458898851095,3.0873869314088616,19.70807395034488,31.949610242790705,,,,,,,,,,,,0.030873869314088614,-0.09971016954392836,0.31949610242790705,,152.0,-19.496747651540076,-0.19496747651540075,,
selected_contribution_path,demo-human_decline_bot_rise-884000,human_decline_bot_rise,dynamic_hierarchy,119,hold_current,9d018b9de9fdf567d73f5985050e16b27d8e3d3b4c30531233e5677558244647,established_a-b112,established_a,112,,,,100,,,,-19.93776041275259,-16.43742179744266,-7.985528448009401,4.08653516632544,10.54425054437182,,,,,,,,,,,,-0.079855284480094,-0.1993776041275259,0.1054425054437182,,152.0,-19.496747651540076,-0.19496747651540075,,
selected_contribution_path,demo-human_decline_bot_rise-884000,human_decline_bot_rise,dynamic_hierarchy,119,fixed_price,9d018b9de9fdf567d73f5985050e16b27d8e3d3b4c30531233e5677558244647,established_a-b112,established_a,112,,,,100,,,,-9.818047323915058,-6.687652464759928,3.188740937403569,19.884997819659144,31.924610242838547,,,,,,,,,,,,0.03188740937403569,-0.09818047323915058,0.31924610242838547,,153.0,-19.52174765154007,-0.19521747651540072,,
selected_contribution_path,demo-human_decline_bot_rise-884000,human_decline_bot_rise,dynamic_hierarchy,119,continue_recent_trend,9d018b9de9fdf567d73f5985050e16b27d8e3d3b4c30531233e5677558244647,established_a-b112,established_a,112,,,,100,,,,-22.29300375031112,-19.57517082243708,-6.372466462483176,23.52173462897681,61.19094382595668,,,,,,,,,,,,-0.06372466462483177,-0.2229300375031112,0.6119094382595668,,153.0,-19.52174765154007,-0.19521747651540072,,
selected_contribution_path,demo-human_decline_bot_rise-884000,human_decline_bot_rise,dynamic_hierarchy,119,hold_current,9d018b9de9fdf567d73f5985050e16b27d8e3d3b4c30531233e5677558244647,established_a-b112,established_a,112,,,,100,,,,-19.92165634588128,-16.41284620353614,-7.923851449616345,4.177730150455169,10.561798045232004,,,,,,,,,,,,-0.07923851449616345,-0.1992165634588128,0.10561798045232004,,153.0,-19.52174765154007,-0.19521747651540072,,
selected_contribution_path,demo-human_decline_bot_rise-884000,human_decline_bot_rise,dynamic_hierarchy,119,continue_recent_trend,9d018b9de9fdf567d73f5985050e16b27d8e3d3b4c30531233e5677558244647,established_a-b112,established_a,112,,,,100,,,,-22.31691440125421,-19.521181881030003,-6.227927767091819,23.628359833571714,62.467174276882346,,,,,,,,,,,,-0.06227927767091819,-0.2231691440125421,0.6246717427688234,,154.0,-19.54674765154007,-0.1954674765154007,,
selected_contribution_path,demo-human_decline_bot_rise-884000,human_decline_bot_rise,dynamic_hierarchy,119,fixed_price,9d018b9de9fdf567d73f5985050e16b27d8e3d3b4c30531233e5677558244647,established_a-b112,established_a,112,,,,100,,,,-9.81462621795959,-6.643683658371309,3.4713082893605254,19.859997819659142,31.899610242838552,,,,,,,,,,,,0.03471308289360525,-0.0981462621795959,0.3189961024283855,,154.0,-19.54674765154007,-0.1954674765154007,,
selected_contribution_path,demo-human_decline_bot_rise-884000,human_decline_bot_rise,dynamic_hierarchy,119,hold_current,9d018b9de9fdf567d73f5985050e16b27d8e3d3b4c30531233e5677558244647,established_a-b112,established_a,112,,,,100,,,,-19.87795572717607,-16.425411885142008,-7.713008288489785,4.441057299565223,10.536798045232004,,,,,,,,,,,,-0.07713008288489785,-0.1987795572717607,0.10536798045232004,,154.0,-19.54674765154007,-0.1954674765154007,,
selected_contribution_path,demo-human_decline_bot_rise-884000,human_decline_bot_rise,dynamic_hierarchy,119,fixed_price,9d018b9de9fdf567d73f5985050e16b27d8e3d3b4c30531233e5677558244647,established_a-b112,established_a,112,,,,100,,,,-9.695058293055071,-6.631824644981512,3.521672207650745,19.929612481201172,31.87461024283855,,,,,,,,,,,,0.03521672207650745,-0.09695058293055071,0.3187461024283855,,155.0,-19.57174765154007,-0.1957174765154007,,
selected_contribution_path,demo-human_decline_bot_rise-884000,human_decline_bot_rise,dynamic_hierarchy,119,continue_recent_trend,9d018b9de9fdf567d73f5985050e16b27d8e3d3b4c30531233e5677558244647,established_a-b112,established_a,112,,,,100,,,,-22.28894261117038,-19.54346142953109,-6.252927767091817,24.488049201089108,63.10341648167572,,,,,,,,,,,,-0.06252927767091818,-0.22288942611170381,0.6310341648167572,,155.0,-19.57174765154007,-0.1957174765154007,,
selected_contribution_path,demo-human_decline_bot_rise-884000,human_decline_bot_rise,dynamic_hierarchy,119,hold_current,9d018b9de9fdf567d73f5985050e16b27d8e3d3b4c30531233e5677558244647,established_a-b112,established_a,112,,,,100,,,,-19.902955727176067,-16.38788652574576,-7.738008288489784,4.430882003237354,10.51585327975542,,,,,,,,,,,,-0.07738008288489784,-0.19902955727176067,0.1051585327975542,,155.0,-19.57174765154007,-0.1957174765154007,,
selected_contribution_path,demo-human_decline_bot_rise-884000,human_decline_bot_rise,dynamic_hierarchy,119,fixed_price,9d018b9de9fdf567d73f5985050e16b27d8e3d3b4c30531233e5677558244647,established_a-b112,established_a,112,,,,100,,,,-9.533671691143043,-6.652554213879521,3.539396312551593,19.97513122616673,32.380976816542606,,,,,,,,,,,,0.03539396312551593,-0.09533671691143043,0.32380976816542606,,156.0,-19.596747651540067,-0.19596747651540067,,
selected_contribution_path,demo-human_decline_bot_rise-884000,human_decline_bot_rise,dynamic_hierarchy,119,hold_current,9d018b9de9fdf567d73f5985050e16b27d8e3d3b4c30531233e5677558244647,established_a-b112,established_a,112,,,,100,,,,-19.92795572717607,-16.369222668369183,-7.728479710770712,4.405882003237355,10.648779153415855,,,,,,,,,,,,-0.07728479710770712,-0.1992795572717607,0.10648779153415855,,156.0,-19.596747651540067,-0.19596747651540067,,
selected_contribution_path,demo-human_decline_bot_rise-884000,human_decline_bot_rise,dynamic_hierarchy,119,continue_recent_trend,9d018b9de9fdf567d73f5985050e16b27d8e3d3b4c30531233e5677558244647,established_a-b112,established_a,112,,,,100,,,,-22.313942611170383,-19.56846142953109,-6.153162260273994,25.17942515254224,64.18029958808329,,,,,,,,,,,,-0.06153162260273994,-0.22313942611170381,0.6418029958808329,,156.0,-19.596747651540067,-0.19596747651540067,,
selected_contribution_path,demo-human_decline_bot_rise-884000,human_decline_bot_rise,dynamic_hierarchy,119,hold_current,9d018b9de9fdf567d73f5985050e16b27d8e3d3b4c30531233e5677558244647,established_a-b112,established_a,112,,,,100,,,,-19.95295572717607,-16.364594327584133,-7.752182597692986,4.380882003237357,10.623779153415857,,,,,,,,,,,,-0.07752182597692986,-0.19952955727176072,0.10623779153415856,,157.0,-19.5397945252318,-0.19539794525231802,,
selected_contribution_path,demo-human_decline_bot_rise-884000,human_decline_bot_rise,dynamic_hierarchy,119,continue_recent_trend,9d018b9de9fdf567d73f5985050e16b27d8e3d3b4c30531233e5677558244647,established_a-b112,established_a,112,,,,100,,,,-22.33068893533272,-19.51088527071277,-6.156339340360869,25.66938422301958,64.43392772199866,,,,,,,,,,,,-0.061563393403608696,-0.2233068893533272,0.6443392772199865,,157.0,-19.5397945252318,-0.19539794525231802,,
selected_contribution_path,demo-human_decline_bot_rise-884000,human_decline_bot_rise,dynamic_hierarchy,119,fixed_price,9d018b9de9fdf567d73f5985050e16b27d8e3d3b4c30531233e5677558244647,established_a-b112,established_a,112,,,,100,,,,-9.538510422726429,-6.672860000065757,3.514396312551595,19.95013122616673,32.3559768165426,,,,,,,,,,,,0.03514396312551595,-0.09538510422726429,0.32355976816542603,,157.0,-19.5397945252318,-0.19539794525231802,,
selected_contribution_path,demo-human_decline_bot_rise-884000,human_decline_bot_rise,dynamic_hierarchy,119,hold_current,9d018b9de9fdf567d73f5985050e16b27d8e3d3b4c30531233e5677558244647,established_a-b112,established_a,112,,,,100,,,,-19.955695706959773,-16.364457636532673,-7.777182597692985,4.355882003237358,10.810807610535914,,,,,,,,,,,,-0.07777182597692985,-0.19955695706959772,0.10810807610535914,,158.0,-19.428974673378683,-0.19428974673378682,,
selected_contribution_path,demo-human_decline_bot_rise-884000,human_decline_bot_rise,dynamic_hierarchy,119,continue_recent_trend,9d018b9de9fdf567d73f5985050e16b27d8e3d3b4c30531233e5677558244647,established_a-b112,established_a,112,,,,100,,,,-22.355060761396626,-19.535885270712768,-6.02480977528448,25.79135145146384,64.68981426140385,,,,,,,,,,,,-0.060248097752844794,-0.22355060761396625,0.6468981426140386,,158.0,-19.428974673378683,-0.19428974673378682,,
selected_contribution_path,demo-human_decline_bot_rise-884000,human_decline_bot_rise,dynamic_hierarchy,119,fixed_price,9d018b9de9fdf567d73f5985050e16b27d8e3d3b4c30531233e5677558244647,established_a-b112,established_a,112,,,,100,,,,-9.563510422726427,-6.697860000065756,3.5649872497415256,20.04306962224932,32.345701099358074,,,,,,,,,,,,0.035649872497415254,-0.09563510422726428,0.32345701099358076,,158.0,-19.428974673378683,-0.19428974673378682,,
selected_contribution_path,demo-human_decline_bot_rise-884000,human_decline_bot_rise,dynamic_hierarchy,119,hold_current,9d018b9de9fdf567d73f5985050e16b27d8e3d3b4c30531233e5677558244647,established_a-b112,established_a,112,,,,100,,,,-19.98069570695977,-16.26805533980815,-7.752204470882113,4.33088200323736,10.785807610535915,,,,,,,,,,,,-0.07752204470882113,-0.19980695706959772,0.10785807610535915,,159.0,-19.45397467337868,-0.19453974673378682,,
selected_contribution_path,demo-human_decline_bot_rise-884000,human_decline_bot_rise,dynamic_hierarchy,119,fixed_price,9d018b9de9fdf567d73f5985050e16b27d8e3d3b4c30531233e5677558244647,established_a-b112,established_a,112,,,,100,,,,-9.529893127202405,-6.722860000065754,3.68817319547918,20.051620251485744,32.64397070942038,,,,,,,,,,,,0.0368817319547918,-0.09529893127202405,0.3264397070942038,,159.0,-19.45397467337868,-0.19453974673378682,,
selected_contribution_path,demo-human_decline_bot_rise-884000,human_decline_bot_rise,dynamic_hierarchy,119,continue_recent_trend,9d018b9de9fdf567d73f5985050e16b27d8e3d3b4c30531233e5677558244647,established_a-b112,established_a,112,,,,100,,,,-22.37015463814316,-19.56088527071277,-6.026880954915832,25.76635145146384,65.12111702879241,,,,,,,,,,,,-0.06026880954915832,-0.22370154638143158,0.6512111702879241,,159.0,-19.45397467337868,-0.19453974673378682,,
selected_contribution_path,demo-human_decline_bot_rise-884000,human_decline_bot_rise,dynamic_hierarchy,119,continue_recent_trend,9d018b9de9fdf567d73f5985050e16b27d8e3d3b4c30531233e5677558244647,established_a-b112,established_a,112,,,,100,,,,-22.39515463814316,-19.58588527071277,-5.988510047637616,25.822361461978332,65.89222097668375,,,,,,,,,,,,-0.059885100476376164,-0.2239515463814316,0.6589222097668375,,160.0,-19.47897467337868,-0.1947897467337868,,
selected_contribution_path,demo-human_decline_bot_rise-884000,human_decline_bot_rise,dynamic_hierarchy,119,hold_current,9d018b9de9fdf567d73f5985050e16b27d8e3d3b4c30531233e5677558244647,established_a-b112,established_a,112,,,,100,,,,-20.005695706959774,-16.292754030552203,-7.777204470882111,4.321177010095315,11.485706453680578,,,,,,,,,,,,-0.07777204470882111,-0.20005695706959772,0.11485706453680578,,160.0,-19.47897467337868,-0.1947897467337868,,
selected_contribution_path,demo-human_decline_bot_rise-884000,human_decline_bot_rise,dynamic_hierarchy,119,fixed_price,9d018b9de9fdf567d73f5985050e16b27d8e3d3b4c30531233e5677558244647,established_a-b112,established_a,112,,,,100,,,,-9.42576003314498,-6.747860000065753,3.708289254209838,20.12745296940444,32.6903524908462,,,,,,,,,,,,0.03708289254209838,-0.09425760033144981,0.32690352490846203,,160.0,-19.47897467337868,-0.1947897467337868,,
selected_contribution_path,demo-human_decline_bot_rise-884000,human_decline_bot_rise,dynamic_hierarchy,119,fixed_price,9d018b9de9fdf567d73f5985050e16b27d8e3d3b4c30531233e5677558244647,established_a-b112,established_a,112,,,,100,,,,-9.450760033144975,-6.7654179922061815,3.696189814355749,20.52257671187143,32.748378184702496,,,,,,,,,,,,0.03696189814355749,-0.09450760033144975,0.327483781847025,,161.0,-19.50397467337868,-0.1950397467337868,,
selected_contribution_path,demo-human_decline_bot_rise-884000,human_decline_bot_rise,dynamic_hierarchy,119,hold_current,9d018b9de9fdf567d73f5985050e16b27d8e3d3b4c30531233e5677558244647,established_a-b112,established_a,112,,,,100,,,,-20.01857597104715,-16.295370430264477,-7.582026364588124,4.3404732420609164,12.466466315187397,,,,,,,,,,,,-0.07582026364588124,-0.20018575971047148,0.12466466315187397,,161.0,-19.50397467337868,-0.1950397467337868,,
selected_contribution_path,demo-human_decline_bot_rise-884000,human_decline_bot_rise,dynamic_hierarchy,119,continue_recent_trend,9d018b9de9fdf567d73f5985050e16b27d8e3d3b4c30531233e5677558244647,established_a-b112,established_a,112,,,,100,,,,-22.4146835908146,-19.61088527071277,-5.995294543996065,26.30433885684395,66.84735642879164,,,,,,,,,,,,-0.05995294543996065,-0.22414683590814602,0.6684735642879164,,161.0,-19.50397467337868,-0.1950397467337868,,
selected_contribution_path,demo-human_decline_bot_rise-884000,human_decline_bot_rise,dynamic_hierarchy,119,continue_recent_trend,9d018b9de9fdf567d73f5985050e16b27d8e3d3b4c30531233e5677558244647,established_a-b112,established_a,112,,,,100,,,,-22.40238485542633,-19.63588527071277,-5.986130983351643,26.392455384140085,68.62360164376656,,,,,,,,,,,,-0.05986130983351643,-0.2240238485542633,0.6862360164376656,,162.0,-19.52897467337868,-0.1952897467337868,,
selected_contribution_path,demo-human_decline_bot_rise-884000,human_decline_bot_rise,dynamic_hierarchy,119,hold_current,9d018b9de9fdf567d73f5985050e16b27d8e3d3b4c30531233e5677558244647,established_a-b112,established_a,112,,,,100,,,,-20.04357597104715,-16.306708045100706,-7.607026364588123,4.315473242060918,12.441466315187398,,,,,,,,,,,,-0.07607026364588122,-0.2004357597104715,0.12441466315187398,,162.0,-19.52897467337868,-0.1952897467337868,,
selected_contribution_path,demo-human_decline_bot_rise-884000,human_decline_bot_rise,dynamic_hierarchy,119,fixed_price,9d018b9de9fdf567d73f5985050e16b27d8e3d3b4c30531233e5677558244647,established_a-b112,established_a,112,,,,100,,,,-9.47568799861029,-6.79041799220618,3.671189814355751,20.49757671187143,33.22772040322888,,,,,,,,,,,,0.036711898143557506,-0.0947568799861029,0.3322772040322888,,162.0,-19.52897467337868,-0.1952897467337868,,
selected_contribution_path,demo-human_decline_bot_rise-884000,human_decline_bot_rise,dynamic_hierarchy,119,hold_current,9d018b9de9fdf567d73f5985050e16b27d8e3d3b4c30531233e5677558244647,established_a-b112,established_a,112,,,,100,,,,-20.068566002556917,-16.331708045100704,-7.632026364588121,4.290536183776894,12.579031736203216,,,,,,,,,,,,-0.07632026364588121,-0.20068566002556917,0.12579031736203217,,163.0,-19.55397467337868,-0.1955397467337868,,
selected_contribution_path,demo-human_decline_bot_rise-884000,human_decline_bot_rise,dynamic_hierarchy,119,fixed_price,9d018b9de9fdf567d73f5985050e16b27d8e3d3b4c30531233e5677558244647,established_a-b112,established_a,112,,,,100,,,,-9.406150222499772,-6.815417992206179,3.695062943985741,20.472670010997344,33.426867763681955,,,,,,,,,,,,0.03695062943985741,-0.09406150222499772,0.33426867763681956,,163.0,-19.55397467337868,-0.1955397467337868,,
selected_contribution_path,demo-human_decline_bot_rise-884000,human_decline_bot_rise,dynamic_hierarchy,119,continue_recent_trend,9d018b9de9fdf567d73f5985050e16b27d8e3d3b4c30531233e5677558244647,established_a-b112,established_a,112,,,,100,,,,-22.4236457420747,-19.66088527071277,-5.973778524953028,26.65694370089049,69.74577029426658,,,,,,,,,,,,-0.05973778524953028,-0.22423645742074702,0.6974577029426657,,163.0,-19.55397467337868,-0.1955397467337868,,
selected_contribution_path,demo-human_decline_bot_rise-884000,human_decline_bot_rise,dynamic_hierarchy,119,hold_current,9d018b9de9fdf567d73f5985050e16b27d8e3d3b4c30531233e5677558244647,established_a-b112,established_a,112,,,,100,,,,-20.093563781107253,-16.35613841111347,-7.585419551507115,4.534506021866822,12.829419728442964,,,,,,,,,,,,-0.07585419551507115,-0.20093563781107254,0.12829419728442965,,164.0,-19.578974673378674,-0.19578974673378674,,
selected_contribution_path,demo-human_decline_bot_rise-884000,human_decline_bot_rise,dynamic_hierarchy,119,continue_recent_trend,9d018b9de9fdf567d73f5985050e16b27d8e3d3b4c30531233e5677558244647,established_a-b112,established_a,112,,,,100,,,,-22.445527962156515,-19.67989094458949,-5.952616620484283,26.631943700890496,70.35731559596802,,,,,,,,,,,,-0.059526166204842836,-0.22445527962156514,0.7035731559596802,,164.0,-19.578974673378674,-0.19578974673378674,,
selected_contribution_path,demo-human_decline_bot_rise-884000,human_decline_bot_rise,dynamic_hierarchy,119,fixed_price,9d018b9de9fdf567d73f5985050e16b27d8e3d3b4c30531233e5677558244647,established_a-b112,established_a,112,,,,100,,,,-9.143799591141583,-6.552455713404909,3.670062943985743,20.763109105022984,33.40785880678223,,,,,,,,,,,,0.036700629439857434,-0.09143799591141583,0.3340785880678223,,164.0,-19.578974673378674,-0.19578974673378674,,
selected_contribution_path,demo-human_decline_bot_rise-884000,human_decline_bot_rise,dynamic_hierarchy,119,fixed_price,9d018b9de9fdf567d73f5985050e16b27d8e3d3b4c30531233e5677558244647,established_a-b112,established_a,112,,,,100,,,,-9.168799591141582,-6.554242786468079,3.8973743158470544,20.743872137455188,33.38285880678223,,,,,,,,,,,,0.03897374315847055,-0.09168799591141581,0.3338285880678223,,165.0,-19.603974673378676,-0.19603974673378677,,
selected_contribution_path,demo-human_decline_bot_rise-884000,human_decline_bot_rise,dynamic_hierarchy,119,continue_recent_trend,9d018b9de9fdf567d73f5985050e16b27d8e3d3b4c30531233e5677558244647,established_a-b112,established_a,112,,,,100,,,,-22.46685505629717,-19.704890944589494,-5.9712450220353865,27.19728737952995,73.06633150095908,,,,,,,,,,,,-0.05971245022035387,-0.2246685505629717,0.7306633150095908,,165.0,-19.603974673378676,-0.19603974673378677,,
selected_contribution_path,demo-human_decline_bot_rise-884000,human_decline_bot_rise,dynamic_hierarchy,119,hold_current,9d018b9de9fdf567d73f5985050e16b27d8e3d3b4c30531233e5677558244647,established_a-b112,established_a,112,,,,100,,,,-20.11856378110725,-16.37110883299501,-7.407087577681384,4.514430577852156,12.804419728442966,,,,,,,,,,,,-0.07407087577681384,-0.20118563781107252,0.12804419728442964,,165.0,-19.603974673378676,-0.19603974673378677,,
selected_contribution_path,demo-human_decline_bot_rise-884000,human_decline_bot_rise,dynamic_hierarchy,119,continue_recent_trend,9d018b9de9fdf567d73f5985050e16b27d8e3d3b4c30531233e5677558244647,established_a-b112,established_a,112,,,,100,,,,-22.491746136853266,-19.72989094458949,-5.855654336117897,27.913177655418146,74.34450365596659,,,,,,,,,,,,-0.05855654336117897,-0.22491746136853266,0.7434450365596659,,166.0,-19.62897467337867,-0.1962897467337867,,
selected_contribution_path,demo-human_decline_bot_rise-884000,human_decline_bot_rise,dynamic_hierarchy,119,hold_current,9d018b9de9fdf567d73f5985050e16b27d8e3d3b4c30531233e5677558244647,established_a-b112,established_a,112,,,,100,,,,-20.131479294225493,-16.39610883299501,-7.09251905999162,4.557681967681834,12.779419728442967,,,,,,,,,,,,-0.0709251905999162,-0.20131479294225493,0.12779419728442967,,166.0,-19.62897467337867,-0.1962897467337867,,
selected_contribution_path,demo-human_decline_bot_rise-884000,human_decline_bot_rise,dynamic_hierarchy,119,fixed_price,9d018b9de9fdf567d73f5985050e16b27d8e3d3b4c30531233e5677558244647,established_a-b112,established_a,112,,,,100,,,,-9.19379959114158,-6.53854324797787,4.276420496175895,20.846388060391803,33.55619192923807,,,,,,,,,,,,0.04276420496175895,-0.0919379959114158,0.33556191929238066,,166.0,-19.62897467337867,-0.1962897467337867,,
selected_contribution_path,demo-human_decline_bot_rise-884000,human_decline_bot_rise,dynamic_hierarchy,119,hold_current,9d018b9de9fdf567d73f5985050e16b27d8e3d3b4c30531233e5677558244647,established_a-b112,established_a,112,,,,100,,,,-20.14912695077697,-16.415984831489105,-6.990385372455419,4.532681967681835,13.32502686455619,,,,,,,,,,,,-0.0699038537245542,-0.20149126950776972,0.1332502686455619,,167.0,-19.65397467337867,-0.1965397467337867,,
selected_contribution_path,demo-human_decline_bot_rise-884000,human_decline_bot_rise,dynamic_hierarchy,119,fixed_price,9d018b9de9fdf567d73f5985050e16b27d8e3d3b4c30531233e5677558244647,established_a-b112,established_a,112,,,,100,,,,-9.124373457908035,-6.559102985932611,4.511754382862705,20.821388060391804,33.6125374815392,,,,,,,,,,,,0.04511754382862705,-0.09124373457908036,0.336125374815392,,167.0,-19.65397467337867,-0.1965397467337867,,
selected_contribution_path,demo-human_decline_bot_rise-884000,human_decline_bot_rise,dynamic_hierarchy,119,continue_recent_trend,9d018b9de9fdf567d73f5985050e16b27d8e3d3b4c30531233e5677558244647,established_a-b112,established_a,112,,,,100,,,,-22.51653162121932,-19.754018828084572,-5.819087699722301,28.145000029924528,75.27633794652574,,,,,,,,,,,,-0.05819087699722301,-0.22516531621219318,0.7527633794652574,,167.0,-19.65397467337867,-0.1965397467337867,,
selected_contribution_path,demo-human_decline_bot_rise-884000,human_decline_bot_rise,dynamic_hierarchy,119,fixed_price,9d018b9de9fdf567d73f5985050e16b27d8e3d3b4c30531233e5677558244647,established_a-b112,established_a,112,,,,100,,,,-9.077722654151971,-6.58410298593261,4.486754382862706,21.006184118684555,33.587537481539194,,,,,,,,,,,,0.044867543828627066,-0.0907772265415197,0.3358753748153919,,168.0,-19.67897467337867,-0.19678974673378669,,
selected_contribution_path,demo-human_decline_bot_rise-884000,human_decline_bot_rise,dynamic_hierarchy,119,hold_current,9d018b9de9fdf567d73f5985050e16b27d8e3d3b4c30531233e5677558244647,established_a-b112,established_a,112,,,,100,,,,-20.174126950776973,-16.440984831489104,-6.979734273192747,4.543995116415992,13.300026864556193,,,,,,,,,,,,-0.06979734273192748,-0.20174126950776972,0.13300026864556191,,168.0,-19.67897467337867,-0.19678974673378669,,
selected_contribution_path,demo-human_decline_bot_rise-884000,human_decline_bot_rise,dynamic_hierarchy,119,continue_recent_trend,9d018b9de9fdf567d73f5985050e16b27d8e3d3b4c30531233e5677558244647,established_a-b112,established_a,112,,,,100,,,,-22.5367289181124,-19.75960315332793,-5.808453569703193,29.417039700335597,76.53158946173511,,,,,,,,,,,,-0.05808453569703193,-0.22536728918112398,0.7653158946173511,,168.0,-19.67897467337867,-0.19678974673378669,,
selected_contribution_path,demo-human_decline_bot_rise-884000,human_decline_bot_rise,dynamic_hierarchy,119,continue_recent_trend,9d018b9de9fdf567d73f5985050e16b27d8e3d3b4c30531233e5677558244647,established_a-b112,established_a,112,,,,100,,,,-22.5617289181124,-19.7708890795113,-5.654429798810105,29.628334253105805,77.48470491658067,,,,,,,,,,,,-0.056544297988101046,-0.225617289181124,0.7748470491658067,,169.0,-19.703974673378667,-0.19703974673378666,,
selected_contribution_path,demo-human_decline_bot_rise-884000,human_decline_bot_rise,dynamic_hierarchy,119,hold_current,9d018b9de9fdf567d73f5985050e16b27d8e3d3b4c30531233e5677558244647,established_a-b112,established_a,112,,,,100,,,,-20.19912695077697,-16.24223775099553,-7.004734273192746,4.573409642707414,13.276120681959192,,,,,,,,,,,,-0.07004734273192746,-0.20199126950776972,0.13276120681959191,,169.0,-19.703974673378667,-0.19703974673378666,,
selected_contribution_path,demo-human_decline_bot_rise-884000,human_decline_bot_rise,dynamic_hierarchy,119,fixed_price,9d018b9de9fdf567d73f5985050e16b27d8e3d3b4c30531233e5677558244647,established_a-b112,established_a,112,,,,100,,,,-9.102722654151972,-6.6091029859326085,4.461754382862708,21.06371620833527,33.564425162179205,,,,,,,,,,,,0.04461754382862708,-0.09102722654151972,0.33564425162179207,,169.0,-19.703974673378667,-0.19703974673378666,,
selected_contribution_path,demo-human_decline_bot_rise-884000,human_decline_bot_rise,dynamic_hierarchy,119,hold_current,9d018b9de9fdf567d73f5985050e16b27d8e3d3b4c30531233e5677558244647,established_a-b112,established_a,112,,,,100,,,,-20.224126950776977,-15.87315798324752,-7.025212026336488,4.685826882474235,13.97905344961966,,,,,,,,,,,,-0.07025212026336489,-0.20224126950776977,0.1397905344961966,,170.0,-19.728974673378666,-0.19728974673378666,,
selected_contribution_path,demo-human_decline_bot_rise-884000,human_decline_bot_rise,dynamic_hierarchy,119,fixed_price,9d018b9de9fdf567d73f5985050e16b27d8e3d3b4c30531233e5677558244647,established_a-b112,established_a,112,,,,100,,,,-9.025108580145432,-6.634102985932607,4.436754382862709,21.20144258755892,33.631532127574204,,,,,,,,,,,,0.04436754382862709,-0.09025108580145431,0.33631532127574204,,170.0,-19.728974673378666,-0.19728974673378666,,
selected_contribution_path,demo-human_decline_bot_rise-884000,human_decline_bot_rise,dynamic_hierarchy,119,continue_recent_trend,9d018b9de9fdf567d73f5985050e16b27d8e3d3b4c30531233e5677558244647,established_a-b112,established_a,112,,,,100,,,,-22.583409275503293,-19.795889079511294,-5.677512394283191,29.60667343077534,78.47566482349453,,,,,,,,,,,,-0.056775123942831913,-0.22583409275503294,0.7847566482349453,,170.0,-19.728974673378666,-0.19728974673378666,,
selected_contribution_path,demo-human_decline_bot_rise-884000,human_decline_bot_rise,dynamic_hierarchy,119,fixed_price,9d018b9de9fdf567d73f5985050e16b27d8e3d3b4c30531233e5677558244647,established_a-b112,established_a,112,,,,100,,,,-9.05010858014543,-6.659102985932606,4.430102958688082,21.21879696294611,35.001363884143515,,,,,,,,,,,,0.044301029586880813,-0.0905010858014543,0.35001363884143516,,171.0,-19.753974673378664,-0.19753974673378663,,
selected_contribution_path,demo-human_decline_bot_rise-884000,human_decline_bot_rise,dynamic_hierarchy,119,continue_recent_trend,9d018b9de9fdf567d73f5985050e16b27d8e3d3b4c30531233e5677558244647,established_a-b112,established_a,112,,,,100,,,,-22.608254843294706,-19.8208890795113,-5.642094487948334,29.79951865211585,78.94079013364231,,,,,,,,,,,,-0.05642094487948334,-0.22608254843294706,0.7894079013364231,,171.0,-19.753974673378664,-0.19753974673378663,,
selected_contribution_path,demo-human_decline_bot_rise-884000,human_decline_bot_rise,dynamic_hierarchy,119,hold_current,9d018b9de9fdf567d73f5985050e16b27d8e3d3b4c30531233e5677558244647,established_a-b112,established_a,112,,,,100,,,,-20.249126950776976,-15.89815798324752,-7.050212026336487,4.6620108469397685,14.172731652197662,,,,,,,,,,,,-0.07050212026336487,-0.20249126950776974,0.14172731652197662,,171.0,-19.753974673378664,-0.19753974673378663,,
selected_contribution_path,demo-human_decline_bot_rise-884000,human_decline_bot_rise,dynamic_hierarchy,119,fixed_price,9d018b9de9fdf567d73f5985050e16b27d8e3d3b4c30531233e5677558244647,established_a-b112,established_a,112,,,,100,,,,-9.075108580145429,-6.684102985932604,4.434716170969391,21.30462034631547,34.97636388414351,,,,,,,,,,,,0.04434716170969391,-0.09075108580145429,0.3497636388414351,,172.0,-19.778974673378663,-0.19778974673378663,,
selected_contribution_path,demo-human_decline_bot_rise-884000,human_decline_bot_rise,dynamic_hierarchy,119,continue_recent_trend,9d018b9de9fdf567d73f5985050e16b27d8e3d3b4c30531233e5677558244647,established_a-b112,established_a,112,,,,100,,,,-22.632270194906685,-19.821722770524115,-5.638083084731896,29.78069568075626,79.19261059893515,,,,,,,,,,,,-0.05638083084731896,-0.22632270194906684,0.7919261059893514,,172.0,-19.778974673378663,-0.19778974673378663,,
selected_contribution_path,demo-human_decline_bot_rise-884000,human_decline_bot_rise,dynamic_hierarchy,119,hold_current,9d018b9de9fdf567d73f5985050e16b27d8e3d3b4c30531233e5677558244647,established_a-b112,established_a,112,,,,100,,,,-20.09675774849029,-15.92315798324752,-7.074969569175037,4.758672032797268,14.173643279022592,,,,,,,,,,,,-0.07074969569175037,-0.2009675774849029,0.1417364327902259,,172.0,-19.778974673378663,-0.19778974673378663,,
selected_contribution_path,demo-human_decline_bot_rise-884000,human_decline_bot_rise,dynamic_hierarchy,119,hold_current,9d018b9de9fdf567d73f5985050e16b27d8e3d3b4c30531233e5677558244647,established_a-b112,established_a,112,,,,100,,,,-20.121757748490296,-15.94815798324752,-6.942228960261453,4.77037908068457,14.311698819900268,,,,,,,,,,,,-0.06942228960261453,-0.20121757748490296,0.14311698819900268,,173.0,-19.80397467337866,-0.1980397467337866,,
selected_contribution_path,demo-human_decline_bot_rise-884000,human_decline_bot_rise,dynamic_hierarchy,119,fixed_price,9d018b9de9fdf567d73f5985050e16b27d8e3d3b4c30531233e5677558244647,established_a-b112,established_a,112,,,,100,,,,-9.100108580145427,-6.709102985932603,4.409716170969393,21.279620346315472,35.22812598181312,,,,,,,,,,,,0.04409716170969393,-0.09100108580145427,0.35228125981813124,,173.0,-19.80397467337866,-0.1980397467337866,,
selected_contribution_path,demo-human_decline_bot_rise-884000,human_decline_bot_rise,dynamic_hierarchy,119,continue_recent_trend,9d018b9de9fdf567d73f5985050e16b27d8e3d3b4c30531233e5677558244647,established_a-b112,established_a,112,,,,100,,,,-22.64141264796581,-19.84672277052412,-5.625206558854238,30.385591865759093,80.6649992292774,,,,,,,,,,,,-0.05625206558854238,-0.2264141264796581,0.806649992292774,,173.0,-19.80397467337866,-0.1980397467337866,,
selected_contribution_path,demo-human_decline_bot_rise-884000,human_decline_bot_rise,dynamic_hierarchy,119,hold_current,9d018b9de9fdf567d73f5985050e16b27d8e3d3b4c30531233e5677558244647,established_a-b112,established_a,112,,,,100,,,,-20.14675774849029,-15.948958167774922,-6.960297152963067,4.745379080684572,14.28669881990027,,,,,,,,,,,,-0.06960297152963067,-0.2014675774849029,0.1428669881990027,,174.0,-19.82897467337866,-0.1982897467337866,,
selected_contribution_path,demo-human_decline_bot_rise-884000,human_decline_bot_rise,dynamic_hierarchy,119,fixed_price,9d018b9de9fdf567d73f5985050e16b27d8e3d3b4c30531233e5677558244647,established_a-b112,established_a,112,,,,100,,,,-8.826078105810566,-6.734102985932601,4.384716170969394,21.30260739206736,35.20312598181312,,,,,,,,,,,,0.043847161709693945,-0.08826078105810567,0.3520312598181312,,174.0,-19.82897467337866,-0.1982897467337866,,
selected_contribution_path,demo-human_decline_bot_rise-884000,human_decline_bot_rise,dynamic_hierarchy,119,continue_recent_trend,9d018b9de9fdf567d73f5985050e16b27d8e3d3b4c30531233e5677558244647,established_a-b112,established_a,112,,,,100,,,,-22.66641106454252,-19.814846172997303,-5.625058717587974,30.71802846690013,81.58716024101662,,,,,,,,,,,,-0.05625058717587974,-0.2266641106454252,0.8158716024101662,,174.0,-19.82897467337866,-0.1982897467337866,,
selected_contribution_path,demo-human_decline_bot_rise-884000,human_decline_bot_rise,dynamic_hierarchy,119,hold_current,9d018b9de9fdf567d73f5985050e16b27d8e3d3b4c30531233e5677558244647,established_a-b112,established_a,112,,,,100,,,,-20.171757748490293,-15.973958167774924,-6.95199383724081,4.795169920576388,14.26169882158644,,,,,,,,,,,,-0.0695199383724081,-0.20171757748490293,0.1426169882158644,,175.0,-19.85397467337866,-0.19853974673378658,,
selected_contribution_path,demo-human_decline_bot_rise-884000,human_decline_bot_rise,dynamic_hierarchy,119,continue_recent_trend,9d018b9de9fdf567d73f5985050e16b27d8e3d3b4c30531233e5677558244647,established_a-b112,established_a,112,,,,100,,,,-22.682283889889117,-19.81739569821399,-5.602357105160307,31.71952122729791,82.89296993597793,,,,,,,,,,,,-0.05602357105160307,-0.22682283889889118,0.8289296993597793,,175.0,-19.85397467337866,-0.19853974673378658,,
selected_contribution_path,demo-human_decline_bot_rise-884000,human_decline_bot_rise,dynamic_hierarchy,119,fixed_price,9d018b9de9fdf567d73f5985050e16b27d8e3d3b4c30531233e5677558244647,established_a-b112,established_a,112,,,,100,,,,-8.837281079082612,-6.7591029859326,4.445265382516045,21.33119980656268,35.24565814205607,,,,,,,,,,,,0.04445265382516045,-0.08837281079082611,0.35245658142056074,,175.0,-19.85397467337866,-0.19853974673378658,,
selected_contribution_path,demo-human_decline_bot_rise-884000,human_decline_bot_rise,dynamic_hierarchy,119,hold_current,9d018b9de9fdf567d73f5985050e16b27d8e3d3b4c30531233e5677558244647,established_a-b112,established_a,112,,,,100,,,,-20.196757748490292,-15.998958167774925,-6.9769938372408085,5.093998840143353,14.243157598223654,,,,,,,,,,,,-0.06976993837240808,-0.2019675774849029,0.14243157598223655,,176.0,-19.878974673378657,-0.19878974673378658,,
selected_contribution_path,demo-human_decline_bot_rise-884000,human_decline_bot_rise,dynamic_hierarchy,119,fixed_price,9d018b9de9fdf567d73f5985050e16b27d8e3d3b4c30531233e5677558244647,established_a-b112,established_a,112,,,,100,,,,-8.86228107908261,-6.784102985932599,4.728963638616211,21.30619980656268,35.69454697589999,,,,,,,,,,,,0.047289636386162105,-0.0886228107908261,0.3569454697589999,,176.0,-19.878974673378657,-0.19878974673378658,,
selected_contribution_path,demo-human_decline_bot_rise-884000,human_decline_bot_rise,dynamic_hierarchy,119,continue_recent_trend,9d018b9de9fdf567d73f5985050e16b27d8e3d3b4c30531233e5677558244647,established_a-b112,established_a,112,,,,100,,,,-22.70371387500434,-19.84239569821399,-5.627357105160305,32.87106625231329,83.82105685154112,,,,,,,,,,,,-0.05627357105160305,-0.2270371387500434,0.8382105685154112,,176.0,-19.878974673378657,-0.19878974673378658,,
selected_contribution_path,demo-human_decline_bot_rise-884000,human_decline_bot_rise,dynamic_hierarchy,119,hold_current,9d018b9de9fdf567d73f5985050e16b27d8e3d3b4c30531233e5677558244647,established_a-b112,established_a,112,,,,100,,,,-20.221757748490298,-15.892182333365508,-7.001993837240807,5.07016803942275,14.224745998162229,,,,,,,,,,,,-0.07001993837240807,-0.202217577484903,0.14224745998162228,,177.0,-19.903974673378656,-0.19903974673378655,,
selected_contribution_path,demo-human_decline_bot_rise-884000,human_decline_bot_rise,dynamic_hierarchy,119,continue_recent_trend,9d018b9de9fdf567d73f5985050e16b27d8e3d3b4c30531233e5677558244647,established_a-b112,established_a,112,,,,100,,,,-22.72871387500434,-19.739407951721013,-5.53692342021067,32.870597699167924,85.37333552879318,,,,,,,,,,,,-0.055369234202106696,-0.2272871387500434,0.8537333552879318,,177.0,-19.903974673378656,-0.19903974673378655,,
selected_contribution_path,demo-human_decline_bot_rise-884000,human_decline_bot_rise,dynamic_hierarchy,119,fixed_price,9d018b9de9fdf567d73f5985050e16b27d8e3d3b4c30531233e5677558244647,established_a-b112,established_a,112,,,,100,,,,-8.887281079082609,-6.809102985932597,4.703963638616212,21.28119980656268,35.74720332419581,,,,,,,,,,,,0.047039636386162126,-0.08887281079082608,0.3574720332419581,,177.0,-19.903974673378656,-0.19903974673378655,,
selected_contribution_path,demo-human_decline_bot_rise-884000,human_decline_bot_rise,dynamic_hierarchy,119,fixed_price,9d018b9de9fdf567d73f5985050e16b27d8e3d3b4c30531233e5677558244647,established_a-b112,established_a,112,,,,100,,,,-8.912281079082607,-6.805787350419655,4.678963638616214,21.256199806562684,36.20191633425129,,,,,,,,,,,,0.04678963638616214,-0.08912281079082607,0.3620191633425129,,178.0,-19.92897467337865,-0.19928974673378652,,
selected_contribution_path,demo-human_decline_bot_rise-884000,human_decline_bot_rise,dynamic_hierarchy,119,hold_current,9d018b9de9fdf567d73f5985050e16b27d8e3d3b4c30531233e5677558244647,established_a-b112,established_a,112,,,,100,,,,-20.246757748490296,-15.843459839105565,-6.846245078772824,5.148234554520364,14.199745998162228,,,,,,,,,,,,-0.06846245078772824,-0.20246757748490296,0.14199745998162228,,178.0,-19.92897467337865,-0.19928974673378652,,
selected_contribution_path,demo-human_decline_bot_rise-884000,human_decline_bot_rise,dynamic_hierarchy,119,continue_recent_trend,9d018b9de9fdf567d73f5985050e16b27d8e3d3b4c30531233e5677558244647,established_a-b112,established_a,112,,,,100,,,,-22.75370664636744,-19.76440795172101,-5.556868711912097,33.04768300829763,86.91876156380194,,,,,,,,,,,,-0.05556868711912097,-0.22753706646367441,0.8691876156380194,,178.0,-19.92897467337865,-0.19928974673378652,,
selected_contribution_path,demo-human_decline_bot_rise-884000,human_decline_bot_rise,dynamic_hierarchy,119,fixed_price,9d018b9de9fdf567d73f5985050e16b27d8e3d3b4c30531233e5677558244647,established_a-b112,established_a,112,,,,100,,,,-8.937281079082606,-6.830787350419653,4.900474257254803,21.24785971519949,36.31387089993588,,,,,,,,,,,,0.049004742572548034,-0.08937281079082605,0.3631387089993588,,179.0,-19.953974673378653,-0.19953974673378652,,
selected_contribution_path,demo-human_decline_bot_rise-884000,human_decline_bot_rise,dynamic_hierarchy,119,continue_recent_trend,9d018b9de9fdf567d73f5985050e16b27d8e3d3b4c30531233e5677558244647,established_a-b112,established_a,112,,,,100,,,,-22.77731929756034,-19.78940795172101,-5.564281300766902,33.02500973382851,88.06610954357117,,,,,,,,,,,,-0.055642813007669024,-0.2277731929756034,0.8806610954357117,,179.0,-19.953974673378653,-0.19953974673378652,,
selected_contribution_path,demo-human_decline_bot_rise-884000,human_decline_bot_rise,dynamic_hierarchy,119,hold_current,9d018b9de9fdf567d73f5985050e16b27d8e3d3b4c30531233e5677558244647,established_a-b112,established_a,112,,,,100,,,,-20.27175774849029,-15.868459839105563,-6.871245078772823,5.132314949277998,14.345838876760617,,,,,,,,,,,,-0.06871245078772822,-0.2027175774849029,0.14345838876760617,,179.0,-19.953974673378653,-0.19953974673378652,,
selected_contribution_path,demo-human_decline_bot_rise-884000,human_decline_bot_rise,dynamic_hierarchy,119,fixed_price,9d018b9de9fdf567d73f5985050e16b27d8e3d3b4c30531233e5677558244647,established_a-b112,established_a,112,,,,100,,,,-8.962281079082604,-6.65715205774697,4.904148233775292,21.22924059079407,36.2904138522896,,,,,,,,,,,,0.04904148233775292,-0.08962281079082604,0.36290413852289605,,180.0,-19.97897467337865,-0.19978974673378652,,
selected_contribution_path,demo-human_decline_bot_rise-884000,human_decline_bot_rise,dynamic_hierarchy,119,hold_current,9d018b9de9fdf567d73f5985050e16b27d8e3d3b4c30531233e5677558244647,established_a-b112,established_a,112,,,,100,,,,-20.24182805728106,-15.809419546656189,-6.896245078772822,5.19147638625472,14.416607958528555,,,,,,,,,,,,-0.06896245078772821,-0.2024182805728106,0.14416607958528554,,180.0,-19.97897467337865,-0.19978974673378652,,
selected_contribution_path,demo-human_decline_bot_rise-884000,human_decline_bot_rise,dynamic_hierarchy,119,continue_recent_trend,9d018b9de9fdf567d73f5985050e16b27d8e3d3b4c30531233e5677558244647,established_a-b112,established_a,112,,,,100,,,,-22.802319297560334,-19.61775643105168,-5.511045169558329,33.06569776389422,89.19885177833545,,,,,,,,,,,,-0.05511045169558329,-0.22802319297560333,0.8919885177833545,,180.0,-19.97897467337865,-0.19978974673378652,,
selected_contribution_path,demo-human_decline_bot_rise-884000,human_decline_bot_rise,dynamic_hierarchy,119,continue_recent_trend,9d018b9de9fdf567d73f5985050e16b27d8e3d3b4c30531233e5677558244647,established_a-b112,established_a,112,,,,100,,,,-22.82380291065434,-19.64275643105168,-5.477050549143312,33.90112403504307,89.81775543329375,,,,,,,,,,,,-0.05477050549143312,-0.2282380291065434,0.8981775543329376,,181.0,-20.00397467337865,-0.2000397467337865,,
selected_contribution_path,demo-human_decline_bot_rise-884000,human_decline_bot_rise,dynamic_hierarchy,119,hold_current,9d018b9de9fdf567d73f5985050e16b27d8e3d3b4c30531233e5677558244647,established_a-b112,established_a,112,,,,100,,,,-20.260813048453933,-15.834419546656187,-6.92124507877282,5.166476386254722,14.556151124231144,,,,,,,,,,,,-0.0692124507877282,-0.20260813048453932,0.14556151124231145,,181.0,-20.00397467337865,-0.2000397467337865,,
selected_contribution_path,demo-human_decline_bot_rise-884000,human_decline_bot_rise,dynamic_hierarchy,119,fixed_price,9d018b9de9fdf567d73f5985050e16b27d8e3d3b4c30531233e5677558244647,established_a-b112,established_a,112,,,,100,,,,-8.943361095164686,-6.593545748925129,4.879148233775293,21.26174399523676,36.29429929789334,,,,,,,,,,,,0.048791482337752934,-0.08943361095164687,0.3629429929789334,,181.0,-20.00397467337865,-0.2000397467337865,,
selected_contribution_path,demo-human_decline_bot_rise-884000,human_decline_bot_rise,dynamic_hierarchy,119,fixed_price,9d018b9de9fdf567d73f5985050e16b27d8e3d3b4c30531233e5677558244647,established_a-b112,established_a,112,,,,100,,,,-8.95890094715769,-6.570188839779274,4.854148233775295,21.23674399523676,36.67393975943484,,,,,,,,,,,,0.04854148233775295,-0.08958900947157691,0.36673939759434837,,182.0,-20.02897467337865,-0.2002897467337865,,
selected_contribution_path,demo-human_decline_bot_rise-884000,human_decline_bot_rise,dynamic_hierarchy,119,continue_recent_trend,9d018b9de9fdf567d73f5985050e16b27d8e3d3b4c30531233e5677558244647,established_a-b112,established_a,112,,,,100,,,,-22.846280723123375,-19.54386095908372,-5.481681715930689,34.03158037250656,91.12435871940066,,,,,,,,,,,,-0.05481681715930689,-0.22846280723123374,0.9112435871940066,,182.0,-20.02897467337865,-0.2002897467337865,,
selected_contribution_path,demo-human_decline_bot_rise-884000,human_decline_bot_rise,dynamic_hierarchy,119,hold_current,9d018b9de9fdf567d73f5985050e16b27d8e3d3b4c30531233e5677558244647,established_a-b112,established_a,112,,,,100,,,,-20.28581304845394,-15.85862289038751,-6.760767813313635,5.422829502760092,14.588782913552349,,,,,,,,,,,,-0.06760767813313634,-0.20285813048453938,0.14588782913552348,,182.0,-20.02897467337865,-0.2002897467337865,,
selected_contribution_path,demo-human_decline_bot_rise-884000,human_decline_bot_rise,dynamic_hierarchy,119,fixed_price,9d018b9de9fdf567d73f5985050e16b27d8e3d3b4c30531233e5677558244647,established_a-b112,established_a,112,,,,100,,,,-8.98390094715769,-6.536041615769182,4.847504967286628,21.211743995236763,36.64893975943483,,,,,,,,,,,,0.04847504967286628,-0.0898390094715769,0.36648939759434834,,183.0,-20.053974673378647,-0.20053974673378647,,
selected_contribution_path,demo-human_decline_bot_rise-884000,human_decline_bot_rise,dynamic_hierarchy,119,hold_current,9d018b9de9fdf567d73f5985050e16b27d8e3d3b4c30531233e5677558244647,established_a-b112,established_a,112,,,,100,,,,-20.310813048453937,-15.88362289038751,-6.785767813313633,5.397829502760093,14.74548981611003,,,,,,,,,,,,-0.06785767813313633,-0.20310813048453938,0.1474548981611003,,183.0,-20.053974673378647,-0.20053974673378647,,
selected_contribution_path,demo-human_decline_bot_rise-884000,human_decline_bot_rise,dynamic_hierarchy,119,continue_recent_trend,9d018b9de9fdf567d73f5985050e16b27d8e3d3b4c30531233e5677558244647,established_a-b112,established_a,112,,,,100,,,,-22.871113113174957,-19.567230224721968,-5.50063696242808,34.22386597956043,91.75281105448563,,,,,,,,,,,,-0.05500636962428081,-0.22871113113174957,0.9175281105448563,,183.0,-20.053974673378647,-0.20053974673378647,,
selected_contribution_path,demo-human_decline_bot_rise-884000,human_decline_bot_rise,dynamic_hierarchy,119,fixed_price,9d018b9de9fdf567d73f5985050e16b27d8e3d3b4c30531233e5677558244647,established_a-b112,established_a,112,,,,100,,,,-9.008900947157688,-6.561041615769181,4.82250496728663,21.186743995236764,36.62393975943483,,,,,,,,,,,,0.048225049672866296,-0.09008900947157689,0.3662393975943483,,184.0,-20.07897467337865,-0.2007897467337865,,
selected_contribution_path,demo-human_decline_bot_rise-884000,human_decline_bot_rise,dynamic_hierarchy,119,continue_recent_trend,9d018b9de9fdf567d73f5985050e16b27d8e3d3b4c30531233e5677558244647,established_a-b112,established_a,112,,,,100,,,,-22.89339915514775,-19.59223022472197,-5.4771585874371205,34.606867019601786,93.26305206294546,,,,,,,,,,,,-0.054771585874371205,-0.2289339915514775,0.9326305206294546,,184.0,-20.07897467337865,-0.2007897467337865,,
selected_contribution_path,demo-human_decline_bot_rise-884000,human_decline_bot_rise,dynamic_hierarchy,119,hold_current,9d018b9de9fdf567d73f5985050e16b27d8e3d3b4c30531233e5677558244647,established_a-b112,established_a,112,,,,100,,,,-20.335813048453936,-15.76559837873078,-6.810767813313632,5.387279861866528,14.955081935342916,,,,,,,,,,,,-0.06810767813313631,-0.20335813048453935,0.14955081935342915,,184.0,-20.07897467337865,-0.2007897467337865,,
selected_contribution_path,demo-human_decline_bot_rise-884000,human_decline_bot_rise,dynamic_hierarchy,119,continue_recent_trend,9d018b9de9fdf567d73f5985050e16b27d8e3d3b4c30531233e5677558244647,established_a-b112,established_a,112,,,,100,,,,-22.911173354362823,-19.614478478282244,-5.414799208841302,34.58186701960178,94.72513263411604,,,,,,,,,,,,-0.05414799208841302,-0.22911173354362824,0.9472513263411604,,185.0,-20.103974673378644,-0.20103974673378644,,
selected_contribution_path,demo-human_decline_bot_rise-884000,human_decline_bot_rise,dynamic_hierarchy,119,hold_current,9d018b9de9fdf567d73f5985050e16b27d8e3d3b4c30531233e5677558244647,established_a-b112,established_a,112,,,,100,,,,-20.21956436080164,-15.790598378730778,-6.807701315048094,5.362279861866529,14.941978461934408,,,,,,,,,,,,-0.06807701315048094,-0.20219564360801642,0.14941978461934408,,185.0,-20.103974673378644,-0.20103974673378644,,
selected_contribution_path,demo-human_decline_bot_rise-884000,human_decline_bot_rise,dynamic_hierarchy,119,fixed_price,9d018b9de9fdf567d73f5985050e16b27d8e3d3b4c30531233e5677558244647,established_a-b112,established_a,112,,,,100,,,,-9.033900947157688,-6.58604161576918,4.797504967286631,21.4422587969335,36.93505925391575,,,,,,,,,,,,0.04797504967286631,-0.09033900947157689,0.36935059253915753,,185.0,-20.103974673378644,-0.20103974673378644,,
selected_contribution_path,demo-human_decline_bot_rise-884000,human_decline_bot_rise,dynamic_hierarchy,119,fixed_price,9d018b9de9fdf567d73f5985050e16b27d8e3d3b4c30531233e5677558244647,established_a-b112,established_a,112,,,,100,,,,-9.02867860346084,-6.33911479844217,4.788024060311937,21.417258796933503,37.05138390780815,,,,,,,,,,,,0.04788024060311937,-0.0902867860346084,0.3705138390780815,,186.0,-20.128974673378643,-0.20128974673378644,,
selected_contribution_path,demo-human_decline_bot_rise-884000,human_decline_bot_rise,dynamic_hierarchy,119,continue_recent_trend,9d018b9de9fdf567d73f5985050e16b27d8e3d3b4c30531233e5677558244647,established_a-b112,established_a,112,,,,100,,,,-22.936173354362825,-19.615989034711063,-5.429471899281728,34.60723256608729,95.22893536060636,,,,,,,,,,,,-0.05429471899281728,-0.22936173354362827,0.9522893536060636,,186.0,-20.128974673378643,-0.20128974673378644,,
selected_contribution_path,demo-human_decline_bot_rise-884000,human_decline_bot_rise,dynamic_hierarchy,119,hold_current,9d018b9de9fdf567d73f5985050e16b27d8e3d3b4c30531233e5677558244647,established_a-b112,established_a,112,,,,100,,,,-20.200387810944928,-15.788856119969529,-6.832701315048093,5.338150510991508,14.927228057295428,,,,,,,,,,,,-0.06832701315048093,-0.20200387810944928,0.14927228057295427,,186.0,-20.128974673378643,-0.20128974673378644,,
selected_contribution_path,demo-human_decline_bot_rise-884000,human_decline_bot_rise,dynamic_hierarchy,119,fixed_price,9d018b9de9fdf567d73f5985050e16b27d8e3d3b4c30531233e5677558244647,established_a-b112,established_a,112,,,,100,,,,-8.93307810776178,-6.364114798442168,4.81137026503982,21.392258796933504,37.02638390780814,,,,,,,,,,,,0.048113702650398195,-0.0893307810776178,0.3702638390780814,,187.0,-20.15397467337864,-0.2015397467337864,,
selected_contribution_path,demo-human_decline_bot_rise-884000,human_decline_bot_rise,dynamic_hierarchy,119,continue_recent_trend,9d018b9de9fdf567d73f5985050e16b27d8e3d3b4c30531233e5677558244647,established_a-b112,established_a,112,,,,100,,,,-22.959807847706944,-19.640989034711065,-5.427860559563566,34.70830415305649,96.78960694086663,,,,,,,,,,,,-0.05427860559563566,-0.22959807847706945,0.9678960694086663,,187.0,-20.15397467337864,-0.2015397467337864,,
selected_contribution_path,demo-human_decline_bot_rise-884000,human_decline_bot_rise,dynamic_hierarchy,119,hold_current,9d018b9de9fdf567d73f5985050e16b27d8e3d3b4c30531233e5677558244647,established_a-b112,established_a,112,,,,100,,,,-20.225387810944927,-15.70366759581876,-6.857701315048091,5.325969154829611,14.902228057295428,,,,,,,,,,,,-0.06857701315048091,-0.20225387810944928,0.14902228057295427,,187.0,-20.15397467337864,-0.2015397467337864,,
selected_contribution_path,demo-human_decline_bot_rise-884000,human_decline_bot_rise,dynamic_hierarchy,119,continue_recent_trend,9d018b9de9fdf567d73f5985050e16b27d8e3d3b4c30531233e5677558244647,established_a-b112,established_a,112,,,,100,,,,-22.98476360130085,-19.66598903471106,-5.3457458635924695,34.97177561195429,98.0860063749628,,,,,,,,,,,,-0.053457458635924694,-0.22984763601300848,0.9808600637496281,,188.0,-20.17897467337864,-0.2017897467337864,,
selected_contribution_path,demo-human_decline_bot_rise-884000,human_decline_bot_rise,dynamic_hierarchy,119,hold_current,9d018b9de9fdf567d73f5985050e16b27d8e3d3b4c30531233e5677558244647,established_a-b112,established_a,112,,,,100,,,,-20.25038781094493,-15.723235009643094,-6.841259185911653,5.3009691548296125,15.33536237258285,,,,,,,,,,,,-0.06841259185911654,-0.20250387810944928,0.1533536237258285,,188.0,-20.17897467337864,-0.2017897467337864,,
selected_contribution_path,demo-human_decline_bot_rise-884000,human_decline_bot_rise,dynamic_hierarchy,119,fixed_price,9d018b9de9fdf567d73f5985050e16b27d8e3d3b4c30531233e5677558244647,established_a-b112,established_a,112,,,,100,,,,-8.936379507412099,-6.389114798442167,4.835045527598371,22.02938432084732,37.00684261927981,,,,,,,,,,,,0.048350455275983716,-0.08936379507412098,0.37006842619279806,,188.0,-20.17897467337864,-0.2017897467337864,,
selected_contribution_path,demo-human_decline_bot_rise-884000,human_decline_bot_rise,dynamic_hierarchy,119,hold_current,9d018b9de9fdf567d73f5985050e16b27d8e3d3b4c30531233e5677558244647,established_a-b112,established_a,112,,,,100,,,,-20.2742238654894,-15.748235009643093,-6.8018408121265175,5.275969154829614,15.518081369851767,,,,,,,,,,,,-0.06801840812126518,-0.202742238654894,0.15518081369851766,,189.0,-20.20397467337864,-0.20203974673378639,,
selected_contribution_path,demo-human_decline_bot_rise-884000,human_decline_bot_rise,dynamic_hierarchy,119,continue_recent_trend,9d018b9de9fdf567d73f5985050e16b27d8e3d3b4c30531233e5677558244647,established_a-b112,established_a,112,,,,100,,,,-23.007075827779055,-19.690989034711063,-5.3642975592583255,35.04847820503159,99.79986727636567,,,,,,,,,,,,-0.053642975592583256,-0.23007075827779055,0.9979986727636567,,189.0,-20.20397467337864,-0.20203974673378639,,
selected_contribution_path,demo-human_decline_bot_rise-884000,human_decline_bot_rise,dynamic_hierarchy,119,fixed_price,9d018b9de9fdf567d73f5985050e16b27d8e3d3b4c30531233e5677558244647,established_a-b112,established_a,112,,,,100,,,,-8.961379507412097,-6.279007517362212,4.810045527598373,22.00438432084732,37.24969111126891,,,,,,,,,,,,0.04810045527598373,-0.08961379507412097,0.37249691111268907,,189.0,-20.20397467337864,-0.20203974673378639,,
selected_contribution_path,demo-human_decline_bot_rise-884000,human_decline_bot_rise,dynamic_hierarchy,119,fixed_price,9d018b9de9fdf567d73f5985050e16b27d8e3d3b4c30531233e5677558244647,established_a-b112,established_a,112,,,,100,,,,-8.986379507412096,-6.30400751736221,4.836440800384672,22.0108849630922,37.22844576098765,,,,,,,,,,,,0.04836440800384672,-0.08986379507412096,0.3722844576098765,,190.0,-20.22897467337864,-0.2022897467337864,,
selected_contribution_path,demo-human_decline_bot_rise-884000,human_decline_bot_rise,dynamic_hierarchy,119,continue_recent_trend,9d018b9de9fdf567d73f5985050e16b27d8e3d3b4c30531233e5677558244647,established_a-b112,established_a,112,,,,100,,,,-23.02317244947324,-19.715989034711065,-5.389297559258324,35.692140281231886,100.23277478734484,,,,,,,,,,,,-0.05389297559258324,-0.2302317244947324,1.0023277478734485,,190.0,-20.22897467337864,-0.2022897467337864,,
selected_contribution_path,demo-human_decline_bot_rise-884000,human_decline_bot_rise,dynamic_hierarchy,119,hold_current,9d018b9de9fdf567d73f5985050e16b27d8e3d3b4c30531233e5677558244647,established_a-b112,established_a,112,,,,100,,,,-20.2992238654894,-15.738148763540996,-6.747776246287373,5.252289974932111,15.493081369851769,,,,,,,,,,,,-0.06747776246287372,-0.202992238654894,0.1549308136985177,,190.0,-20.22897467337864,-0.2022897467337864,,
selected_contribution_path,demo-human_decline_bot_rise-884000,human_decline_bot_rise,dynamic_hierarchy,119,hold_current,9d018b9de9fdf567d73f5985050e16b27d8e3d3b4c30531233e5677558244647,established_a-b112,established_a,112,,,,100,,,,-20.3242238654894,-15.763148763540997,-6.772151506813454,5.227289974932113,15.46808136985177,,,,,,,,,,,,-0.06772151506813455,-0.20324223865489402,0.15468081369851772,,191.0,-20.03177912031329,-0.2003177912031329,,
selected_contribution_path,demo-human_decline_bot_rise-884000,human_decline_bot_rise,dynamic_hierarchy,119,continue_recent_trend,9d018b9de9fdf567d73f5985050e16b27d8e3d3b4c30531233e5677558244647,established_a-b112,established_a,112,,,,100,,,,-23.04109092078364,-19.740989034711063,-5.391454153339524,36.12770844779308,102.0700300694562,,,,,,,,,,,,-0.053914541533395234,-0.23041090920783638,1.0207003006945619,,191.0,-20.03177912031329,-0.2003177912031329,,
selected_contribution_path,demo-human_decline_bot_rise-884000,human_decline_bot_rise,dynamic_hierarchy,119,fixed_price,9d018b9de9fdf567d73f5985050e16b27d8e3d3b4c30531233e5677558244647,established_a-b112,established_a,112,,,,100,,,,-8.774734811832676,-6.329007517362209,5.108771389990363,22.07316870764453,37.20344576098765,,,,,,,,,,,,0.051087713899903624,-0.08774734811832677,0.37203445760987647,,191.0,-20.03177912031329,-0.2003177912031329,,
selected_contribution_path,demo-human_decline_bot_rise-884000,human_decline_bot_rise,dynamic_hierarchy,119,fixed_price,9d018b9de9fdf567d73f5985050e16b27d8e3d3b4c30531233e5677558244647,established_a-b112,established_a,112,,,,100,,,,-8.799734811832675,-6.276021240579006,5.253956576957741,22.129529202871748,37.27035149945601,,,,,,,,,,,,0.052539565769577405,-0.08799734811832675,0.3727035149945601,,192.0,-20.05677912031329,-0.2005677912031329,,
selected_contribution_path,demo-human_decline_bot_rise-884000,human_decline_bot_rise,dynamic_hierarchy,119,continue_recent_trend,9d018b9de9fdf567d73f5985050e16b27d8e3d3b4c30531233e5677558244647,established_a-b112,established_a,112,,,,100,,,,-23.066090920783644,-19.765989034711065,-5.390184142696826,36.10270844779308,102.98427825925177,,,,,,,,,,,,-0.053901841426968265,-0.23066090920783644,1.0298427825925176,,192.0,-20.05677912031329,-0.2005677912031329,,
selected_contribution_path,demo-human_decline_bot_rise-884000,human_decline_bot_rise,dynamic_hierarchy,119,hold_current,9d018b9de9fdf567d73f5985050e16b27d8e3d3b4c30531233e5677558244647,established_a-b112,established_a,112,,,,100,,,,-20.349223865489403,-15.783899109144537,-6.71379910877573,5.202289974932114,15.443081369851772,,,,,,,,,,,,-0.0671379910877573,-0.20349223865489402,0.15443081369851772,,192.0,-20.05677912031329,-0.2005677912031329,,
selected_contribution_path,demo-human_decline_bot_rise-884000,human_decline_bot_rise,dynamic_hierarchy,119,hold_current,9d018b9de9fdf567d73f5985050e16b27d8e3d3b4c30531233e5677558244647,established_a-b112,established_a,112,,,,100,,,,-20.3742238654894,-15.793540611086572,-6.699897235588319,5.3385006321331545,15.44291149742118,,,,,,,,,,,,-0.06699897235588319,-0.20374223865489402,0.1544291149742118,,193.0,-20.08177912031329,-0.2008177912031329,,
selected_contribution_path,demo-human_decline_bot_rise-884000,human_decline_bot_rise,dynamic_hierarchy,119,fixed_price,9d018b9de9fdf567d73f5985050e16b27d8e3d3b4c30531233e5677558244647,established_a-b112,established_a,112,,,,100,,,,-8.824734811832673,-6.301021240579004,5.3537813043704645,22.10452920287175,37.24535149945601,,,,,,,,,,,,0.05353781304370465,-0.08824734811832674,0.3724535149945601,,193.0,-20.08177912031329,-0.2008177912031329,,
selected_contribution_path,demo-human_decline_bot_rise-884000,human_decline_bot_rise,dynamic_hierarchy,119,continue_recent_trend,9d018b9de9fdf567d73f5985050e16b27d8e3d3b4c30531233e5677558244647,established_a-b112,established_a,112,,,,100,,,,-23.09045987938233,-19.66982500062114,-5.398979505694658,36.60482534108256,103.2584701275073,,,,,,,,,,,,-0.053989795056946586,-0.2309045987938233,1.0325847012750728,,193.0,-20.08177912031329,-0.2008177912031329,,
selected_contribution_path,demo-human_decline_bot_rise-884000,human_decline_bot_rise,dynamic_hierarchy,119,continue_recent_trend,9d018b9de9fdf567d73f5985050e16b27d8e3d3b4c30531233e5677558244647,established_a-b112,established_a,112,,,,100,,,,-23.11545987938233,-19.694743744292488,-5.4134421656511815,36.62259744110242,104.25087819879568,,,,,,,,,,,,-0.05413442165651181,-0.23115459879382327,1.0425087819879568,,194.0,-20.07047745772921,-0.2007047745772921,,
selected_contribution_path,demo-human_decline_bot_rise-884000,human_decline_bot_rise,dynamic_hierarchy,119,hold_current,9d018b9de9fdf567d73f5985050e16b27d8e3d3b4c30531233e5677558244647,established_a-b112,established_a,112,,,,100,,,,-20.26276164996655,-15.663930971982186,-6.6605959056684,5.327751746841223,15.41791149742118,,,,,,,,,,,,-0.066605959056684,-0.20262761649966549,0.1541791149742118,,194.0,-20.07047745772921,-0.2007047745772921,,
selected_contribution_path,demo-human_decline_bot_rise-884000,human_decline_bot_rise,dynamic_hierarchy,119,fixed_price,9d018b9de9fdf567d73f5985050e16b27d8e3d3b4c30531233e5677558244647,established_a-b112,established_a,112,,,,100,,,,-8.849734811832672,-6.326021240579003,5.443851083395721,22.10999837788484,38.124773442631074,,,,,,,,,,,,0.05443851083395721,-0.08849734811832671,0.38124773442631077,,194.0,-20.07047745772921,-0.2007047745772921,,
selected_contribution_path,demo-human_decline_bot_rise-884000,human_decline_bot_rise,dynamic_hierarchy,119,fixed_price,9d018b9de9fdf567d73f5985050e16b27d8e3d3b4c30531233e5677558244647,established_a-b112,established_a,112,,,,100,,,,-8.87473481183267,-6.186943762019167,5.441458557614165,22.103794427924612,38.09977344263107,,,,,,,,,,,,0.05441458557614166,-0.0887473481183267,0.3809977344263107,,195.0,-20.09547745772921,-0.2009547745772921,,
selected_contribution_path,demo-human_decline_bot_rise-884000,human_decline_bot_rise,dynamic_hierarchy,119,hold_current,9d018b9de9fdf567d73f5985050e16b27d8e3d3b4c30531233e5677558244647,established_a-b112,established_a,112,,,,100,,,,-20.28776164996655,-15.688896997566422,-6.685595905668398,5.32621976799901,15.497176641323112,,,,,,,,,,,,-0.06685595905668398,-0.20287761649966551,0.15497176641323113,,195.0,-20.09547745772921,-0.2009547745772921,,
selected_contribution_path,demo-human_decline_bot_rise-884000,human_decline_bot_rise,dynamic_hierarchy,119,continue_recent_trend,9d018b9de9fdf567d73f5985050e16b27d8e3d3b4c30531233e5677558244647,established_a-b112,established_a,112,,,,100,,,,-23.136499336900933,-19.70486361432045,-5.382628581117812,37.02821642184912,106.61086303444672,,,,,,,,,,,,-0.05382628581117812,-0.23136499336900931,1.0661086303444671,,195.0,-20.09547745772921,-0.2009547745772921,,
selected_contribution_path,demo-human_decline_bot_rise-884000,human_decline_bot_rise,dynamic_hierarchy,119,hold_current,9d018b9de9fdf567d73f5985050e16b27d8e3d3b4c30531233e5677558244647,established_a-b112,established_a,112,,,,100,,,,-20.31276164996655,-15.710015005718937,-6.6657509609937495,5.368651294365968,15.581770701790472,,,,,,,,,,,,-0.0666575096099375,-0.2031276164996655,0.1558177070179047,,196.0,-20.12047745772921,-0.20120477457729208,,
selected_contribution_path,demo-human_decline_bot_rise-884000,human_decline_bot_rise,dynamic_hierarchy,119,continue_recent_trend,9d018b9de9fdf567d73f5985050e16b27d8e3d3b4c30531233e5677558244647,established_a-b112,established_a,112,,,,100,,,,-23.154604045600728,-19.72986361432045,-5.407628581117811,37.15288229968569,107.50508101880604,,,,,,,,,,,,-0.054076285811178106,-0.23154604045600727,1.0750508101880605,,196.0,-20.12047745772921,-0.20120477457729208,,
selected_contribution_path,demo-human_decline_bot_rise-884000,human_decline_bot_rise,dynamic_hierarchy,119,fixed_price,9d018b9de9fdf567d73f5985050e16b27d8e3d3b4c30531233e5677558244647,established_a-b112,established_a,112,,,,100,,,,-8.89973481183267,-6.081997729800918,5.416458557614167,22.08121540799814,38.07477344263107,,,,,,,,,,,,0.05416458557614167,-0.08899734811832669,0.3807477344263107,,196.0,-20.12047745772921,-0.20120477457729208,,
selected_contribution_path,demo-human_decline_bot_rise-884000,human_decline_bot_rise,dynamic_hierarchy,119,fixed_price,9d018b9de9fdf567d73f5985050e16b27d8e3d3b4c30531233e5677558244647,established_a-b112,established_a,112,,,,100,,,,-8.924734811832668,-6.106997729800916,5.395887405169166,22.056215407998145,38.04977344263106,,,,,,,,,,,,0.05395887405169166,-0.08924734811832667,0.3804977344263106,,197.0,-20.145477457729207,-0.20145477457729208,,
selected_contribution_path,demo-human_decline_bot_rise-884000,human_decline_bot_rise,dynamic_hierarchy,119,hold_current,9d018b9de9fdf567d73f5985050e16b27d8e3d3b4c30531233e5677558244647,established_a-b112,established_a,112,,,,100,,,,-20.33776164996655,-15.686664890285885,-6.625597310441702,5.343651294365969,15.556770701790471,,,,,,,,,,,,-0.06625597310441701,-0.2033776164996655,0.1555677070179047,,197.0,-20.145477457729207,-0.20145477457729208,,
selected_contribution_path,demo-human_decline_bot_rise-884000,human_decline_bot_rise,dynamic_hierarchy,119,continue_recent_trend,9d018b9de9fdf567d73f5985050e16b27d8e3d3b4c30531233e5677558244647,established_a-b112,established_a,112,,,,100,,,,-23.178798413165232,-19.75486361432045,-5.362687804545752,37.27336268754164,108.70677581648864,,,,,,,,,,,,-0.05362687804545752,-0.23178798413165233,1.0870677581648864,,197.0,-20.145477457729207,-0.20145477457729208,,
selected_contribution_path,demo-human_decline_bot_rise-884000,human_decline_bot_rise,dynamic_hierarchy,119,continue_recent_trend,9d018b9de9fdf567d73f5985050e16b27d8e3d3b4c30531233e5677558244647,established_a-b112,established_a,112,,,,100,,,,-23.203742761820912,-19.779863614320448,-5.387687804545751,37.44438960962091,110.0138892623989,,,,,,,,,,,,-0.05387687804545751,-0.2320374276182091,1.100138892623989,,198.0,-20.17047745772921,-0.20170477457729208,,
selected_contribution_path,demo-human_decline_bot_rise-884000,human_decline_bot_rise,dynamic_hierarchy,119,hold_current,9d018b9de9fdf567d73f5985050e16b27d8e3d3b4c30531233e5677558244647,established_a-b112,established_a,112,,,,100,,,,-20.36276164996655,-15.689295825526536,-6.537440219734132,5.324013848369539,15.74901551746938,,,,,,,,,,,,-0.06537440219734132,-0.20362761649966551,0.15749015517469378,,198.0,-20.17047745772921,-0.20170477457729208,,
selected_contribution_path,demo-human_decline_bot_rise-884000,human_decline_bot_rise,dynamic_hierarchy,119,fixed_price,9d018b9de9fdf567d73f5985050e16b27d8e3d3b4c30531233e5677558244647,established_a-b112,established_a,112,,,,100,,,,-8.762971563957985,-6.131997729800915,5.543614219818107,22.56493493115755,38.24372681541814,,,,,,,,,,,,0.05543614219818107,-0.08762971563957984,0.38243726815418144,,198.0,-20.17047745772921,-0.20170477457729208,,
selected_contribution_path,demo-human_decline_bot_rise-884000,human_decline_bot_rise,dynamic_hierarchy,119,hold_current,9d018b9de9fdf567d73f5985050e16b27d8e3d3b4c30531233e5677558244647,established_a-b112,established_a,112,,,,100,,,,-20.316371818322395,-15.714295825526534,-6.56244021973413,5.29901384836954,15.730647359373334,,,,,,,,,,,,-0.0656244021973413,-0.20316371818322396,0.15730647359373334,,199.0,-20.195477457729204,-0.20195477457729205,,
selected_contribution_path,demo-human_decline_bot_rise-884000,human_decline_bot_rise,dynamic_hierarchy,119,continue_recent_trend,9d018b9de9fdf567d73f5985050e16b27d8e3d3b4c30531233e5677558244647,established_a-b112,established_a,112,,,,100,,,,-23.22874276182091,-19.80486358730071,-5.406561873801586,38.138056068840704,111.7713636590844,,,,,,,,,,,,-0.05406561873801586,-0.2322874276182091,1.117713636590844,,199.0,-20.195477457729204,-0.20195477457729205,,
selected_contribution_path,demo-human_decline_bot_rise-884000,human_decline_bot_rise,dynamic_hierarchy,119,fixed_price,9d018b9de9fdf567d73f5985050e16b27d8e3d3b4c30531233e5677558244647,established_a-b112,established_a,112,,,,100,,,,-8.787971563957983,-5.863016107061034,5.625565686952708,22.64309306054712,38.27000459154076,,,,,,,,,,,,0.056255656869527076,-0.08787971563957983,0.3827000459154076,,199.0,-20.195477457729204,-0.20195477457729205,,
selected_contribution_path,demo-human_decline_bot_rise-884000,human_decline_bot_rise,dynamic_hierarchy,119,fixed_price,9d018b9de9fdf567d73f5985050e16b27d8e3d3b4c30531233e5677558244647,established_a-b112,established_a,112,,,,100,,,,-8.812971563957982,-5.888016107061032,5.647757823188563,22.61809306054712,38.27677702864331,,,,,,,,,,,,0.05647757823188563,-0.08812971563957982,0.3827677702864331,,200.0,-20.220477457729203,-0.20220477457729202,,
selected_contribution_path,demo-human_decline_bot_rise-884000,human_decline_bot_rise,dynamic_hierarchy,119,hold_current,9d018b9de9fdf567d73f5985050e16b27d8e3d3b4c30531233e5677558244647,established_a-b112,established_a,112,,,,100,,,,-20.341371818322397,-15.739295825526536,-6.587440219734129,5.646028660244024,15.910358181919984,,,,,,,,,,,,-0.06587440219734128,-0.20341371818322396,0.15910358181919984,,200.0,-20.220477457729203,-0.20220477457729202,,
selected_contribution_path,demo-human_decline_bot_rise-884000,human_decline_bot_rise,dynamic_hierarchy,119,continue_recent_trend,9d018b9de9fdf567d73f5985050e16b27d8e3d3b4c30531233e5677558244647,established_a-b112,established_a,112,,,,100,,,,-23.25374276182091,-19.829863587300707,-5.318794817639814,38.645559989544296,114.80190759170132,,,,,,,,,,,,-0.05318794817639814,-0.23253742761820909,1.1480190759170132,,200.0,-20.220477457729203,-0.20220477457729202,,
selected_contribution_path,demo-human_decline_bot_rise-884000,human_decline_bot_rise,dynamic_hierarchy,119,fixed_price,9d018b9de9fdf567d73f5985050e16b27d8e3d3b4c30531233e5677558244647,established_a-b112,established_a,112,,,,100,,,,-8.83797156395798,-5.913016107061031,5.622757823188564,22.61613685659828,38.2517770286433,,,,,,,,,,,,0.05622757823188564,-0.0883797156395798,0.382517770286433,,201.0,-20.2454774577292,-0.20245477457729202,,
selected_contribution_path,demo-human_decline_bot_rise-884000,human_decline_bot_rise,dynamic_hierarchy,119,hold_current,9d018b9de9fdf567d73f5985050e16b27d8e3d3b4c30531233e5677558244647,established_a-b112,established_a,112,,,,100,,,,-20.366371818322392,-15.763128708794678,-6.612440219734127,5.655553246659832,15.885358181919988,,,,,,,,,,,,-0.06612440219734127,-0.20366371818322393,0.1588535818191999,,201.0,-20.2454774577292,-0.20245477457729202,,
selected_contribution_path,demo-human_decline_bot_rise-884000,human_decline_bot_rise,dynamic_hierarchy,119,continue_recent_trend,9d018b9de9fdf567d73f5985050e16b27d8e3d3b4c30531233e5677558244647,established_a-b112,established_a,112,,,,100,,,,-23.278742761820915,-19.854863587300706,-5.343794817639813,38.88176202860913,115.0065970714732,,,,,,,,,,,,-0.053437948176398124,-0.23278742761820914,1.150065970714732,,201.0,-20.2454774577292,-0.20245477457729202,,
selected_contribution_path,demo-human_decline_bot_rise-884000,human_decline_bot_rise,dynamic_hierarchy,119,hold_current,9d018b9de9fdf567d73f5985050e16b27d8e3d3b4c30531233e5677558244647,established_a-b112,established_a,112,,,,100,,,,-20.30277530157226,-15.788128708794678,-6.637440219734126,5.761446201867159,15.860358181919988,,,,,,,,,,,,-0.06637440219734125,-0.20302775301572262,0.15860358181919987,,202.0,-20.2704774577292,-0.202704774577292,,
selected_contribution_path,demo-human_decline_bot_rise-884000,human_decline_bot_rise,dynamic_hierarchy,119,fixed_price,9d018b9de9fdf567d73f5985050e16b27d8e3d3b4c30531233e5677558244647,established_a-b112,established_a,112,,,,100,,,,-8.861134420935457,-5.922668467598454,5.734276118048861,22.61982861194604,38.2267770286433,,,,,,,,,,,,0.05734276118048861,-0.08861134420935457,0.382267770286433,,202.0,-20.2704774577292,-0.202704774577292,,
selected_contribution_path,demo-human_decline_bot_rise-884000,human_decline_bot_rise,dynamic_hierarchy,119,continue_recent_trend,9d018b9de9fdf567d73f5985050e16b27d8e3d3b4c30531233e5677558244647,established_a-b112,established_a,112,,,,100,,,,-23.302754927091797,-19.8794883011808,-5.363546508012986,38.97488022884056,116.7487654150892,,,,,,,,,,,,-0.05363546508012986,-0.23302754927091798,1.167487654150892,,202.0,-20.2704774577292,-0.202704774577292,,
selected_contribution_path,demo-human_decline_bot_rise-884000,human_decline_bot_rise,dynamic_hierarchy,119,hold_current,9d018b9de9fdf567d73f5985050e16b27d8e3d3b4c30531233e5677558244647,established_a-b112,established_a,112,,,,100,,,,-20.3271935165628,-15.643557051016074,-6.662440219734124,5.73644620186716,15.90696451439374,,,,,,,,,,,,-0.06662440219734124,-0.203271935165628,0.1590696451439374,,203.0,-20.2954774577292,-0.202954774577292,,
selected_contribution_path,demo-human_decline_bot_rise-884000,human_decline_bot_rise,dynamic_hierarchy,119,fixed_price,9d018b9de9fdf567d73f5985050e16b27d8e3d3b4c30531233e5677558244647,established_a-b112,established_a,112,,,,100,,,,-8.879106481895986,-5.947668467598453,5.709276118048862,22.59482861194604,38.282431680957146,,,,,,,,,,,,0.05709276118048862,-0.08879106481895986,0.38282431680957146,,203.0,-20.2954774577292,-0.202954774577292,,
selected_contribution_path,demo-human_decline_bot_rise-884000,human_decline_bot_rise,dynamic_hierarchy,119,continue_recent_trend,9d018b9de9fdf567d73f5985050e16b27d8e3d3b4c30531233e5677558244647,established_a-b112,established_a,112,,,,100,,,,-23.325191019228782,-19.9044883011808,-5.37676104621794,39.65834071752279,117.5106475223876,,,,,,,,,,,,-0.0537676104621794,-0.23325191019228783,1.175106475223876,,203.0,-20.2954774577292,-0.202954774577292,,
selected_contribution_path,demo-human_decline_bot_rise-884000,human_decline_bot_rise,dynamic_hierarchy,119,hold_current,9d018b9de9fdf567d73f5985050e16b27d8e3d3b4c30531233e5677558244647,established_a-b112,established_a,112,,,,100,,,,-20.3521935165628,-15.58035420538975,-6.687440219734123,5.711446201867162,15.88196451439374,,,,,,,,,,,,-0.06687440219734123,-0.203521935165628,0.1588196451439374,,204.0,-20.3204774577292,-0.203204774577292,,
selected_contribution_path,demo-human_decline_bot_rise-884000,human_decline_bot_rise,dynamic_hierarchy,119,continue_recent_trend,9d018b9de9fdf567d73f5985050e16b27d8e3d3b4c30531233e5677558244647,established_a-b112,established_a,112,,,,100,,,,-23.35019101922878,-19.90909843660598,-5.401761046217938,40.03021796294462,117.90493092454496,,,,,,,,,,,,-0.054017610462179386,-0.2335019101922878,1.1790493092454495,,204.0,-20.3204774577292,-0.203204774577292,,
selected_contribution_path,demo-human_decline_bot_rise-884000,human_decline_bot_rise,dynamic_hierarchy,119,fixed_price,9d018b9de9fdf567d73f5985050e16b27d8e3d3b4c30531233e5677558244647,established_a-b112,established_a,112,,,,100,,,,-8.87152368825698,-5.862434950360493,5.684276118048864,22.56993003755503,38.25743168095714,,,,,,,,,,,,0.056842761180488637,-0.0887152368825698,0.3825743168095714,,204.0,-20.3204774577292,-0.203204774577292,,
selected_contribution_path,demo-human_decline_bot_rise-884000,human_decline_bot_rise,dynamic_hierarchy,119,fixed_price,9d018b9de9fdf567d73f5985050e16b27d8e3d3b4c30531233e5677558244647,established_a-b112,established_a,112,,,,100,,,,-8.896523688256979,-5.887434950360492,5.659276118048865,22.54493003755503,38.232431680957134,,,,,,,,,,,,0.05659276118048865,-0.08896523688256978,0.38232431680957135,,205.0,-20.3454774577292,-0.203454774577292,,
selected_contribution_path,demo-human_decline_bot_rise-884000,human_decline_bot_rise,dynamic_hierarchy,119,continue_recent_trend,9d018b9de9fdf567d73f5985050e16b27d8e3d3b4c30531233e5677558244647,established_a-b112,established_a,112,,,,100,,,,-23.374437866123845,-19.930807337424543,-5.426761046217937,40.255052186254616,119.91459658981825,,,,,,,,,,,,-0.05426761046217937,-0.23374437866123846,1.1991459658981825,,205.0,-20.3454774577292,-0.203454774577292,,
selected_contribution_path,demo-human_decline_bot_rise-884000,human_decline_bot_rise,dynamic_hierarchy,119,hold_current,9d018b9de9fdf567d73f5985050e16b27d8e3d3b4c30531233e5677558244647,established_a-b112,established_a,112,,,,100,,,,-20.37006420784481,-15.605354205389752,-6.7124402197341215,5.686446201867163,15.85696451439374,,,,,,,,,,,,-0.06712440219734121,-0.2037006420784481,0.1585696451439374,,205.0,-20.3454774577292,-0.203454774577292,,
selected_contribution_path,demo-human_decline_bot_rise-884000,human_decline_bot_rise,dynamic_hierarchy,119,hold_current,9d018b9de9fdf567d73f5985050e16b27d8e3d3b4c30531233e5677558244647,established_a-b112,established_a,112,,,,100,,,,-20.395064207844804,-15.63035420538975,-6.633982653048246,5.823073463077499,15.831964514393745,,,,,,,,,,,,-0.06633982653048247,-0.20395064207844804,0.15831964514393745,,206.0,-20.25266525804236,-0.2025266525804236,,
selected_contribution_path,demo-human_decline_bot_rise-884000,human_decline_bot_rise,dynamic_hierarchy,119,fixed_price,9d018b9de9fdf567d73f5985050e16b27d8e3d3b4c30531233e5677558244647,established_a-b112,established_a,112,,,,100,,,,-8.797346411987654,-5.91243495036049,5.865124121648627,22.51993003755503,38.20743168095713,,,,,,,,,,,,0.058651241216486266,-0.08797346411987654,0.38207431680957127,,206.0,-20.25266525804236,-0.2025266525804236,,
selected_contribution_path,demo-human_decline_bot_rise-884000,human_decline_bot_rise,dynamic_hierarchy,119,continue_recent_trend,9d018b9de9fdf567d73f5985050e16b27d8e3d3b4c30531233e5677558244647,established_a-b112,established_a,112,,,,100,,,,-23.39740331288752,-19.95166910636491,-5.307315165285573,40.35439388258078,121.56075732437176,,,,,,,,,,,,-0.05307315165285573,-0.2339740331288752,1.2156075732437177,,206.0,-20.25266525804236,-0.2025266525804236,,
selected_contribution_path,demo-human_decline_bot_rise-884000,human_decline_bot_rise,dynamic_hierarchy,119,hold_current,9d018b9de9fdf567d73f5985050e16b27d8e3d3b4c30531233e5677558244647,established_a-b112,established_a,112,,,,100,,,,-20.420064207844806,-15.639448449123991,-6.649351418488143,5.870592416590785,15.890833422996025,,,,,,,,,,,,-0.06649351418488143,-0.20420064207844807,0.15890833422996026,,207.0,-20.21056034633185,-0.2021056034633185,,
selected_contribution_path,demo-human_decline_bot_rise-884000,human_decline_bot_rise,dynamic_hierarchy,119,continue_recent_trend,9d018b9de9fdf567d73f5985050e16b27d8e3d3b4c30531233e5677558244647,established_a-b112,established_a,112,,,,100,,,,-23.42240331288752,-19.976669106364916,-5.109914293299221,40.69866015301372,123.17380406162184,,,,,,,,,,,,-0.05109914293299221,-0.23422403312887521,1.2317380406162184,,207.0,-20.21056034633185,-0.2021056034633185,,
selected_contribution_path,demo-human_decline_bot_rise-884000,human_decline_bot_rise,dynamic_hierarchy,119,fixed_price,9d018b9de9fdf567d73f5985050e16b27d8e3d3b4c30531233e5677558244647,established_a-b112,established_a,112,,,,100,,,,-8.822346411987652,-5.937434950360489,5.840124121648628,22.494930037555037,38.18243168095712,,,,,,,,,,,,0.05840124121648629,-0.08822346411987653,0.38182431680957124,,207.0,-20.21056034633185,-0.2021056034633185,,
selected_contribution_path,demo-human_decline_bot_rise-884000,human_decline_bot_rise,dynamic_hierarchy,119,fixed_price,9d018b9de9fdf567d73f5985050e16b27d8e3d3b4c30531233e5677558244647,established_a-b112,established_a,112,,,,100,,,,-8.61438544918622,-5.962434950360487,5.91115865492122,22.481987667669408,38.15743168095712,,,,,,,,,,,,0.0591115865492122,-0.0861438544918622,0.38157431680957116,,208.0,-20.235560346331845,-0.20235560346331843,,
selected_contribution_path,demo-human_decline_bot_rise-884000,human_decline_bot_rise,dynamic_hierarchy,119,continue_recent_trend,9d018b9de9fdf567d73f5985050e16b27d8e3d3b4c30531233e5677558244647,established_a-b112,established_a,112,,,,100,,,,-23.44740331288752,-20.001669106364915,-5.087742481258028,41.03535618479588,123.72844335658394,,,,,,,,,,,,-0.05087742481258028,-0.2344740331288752,1.2372844335658393,,208.0,-20.235560346331845,-0.20235560346331843,,
selected_contribution_path,demo-human_decline_bot_rise-884000,human_decline_bot_rise,dynamic_hierarchy,119,hold_current,9d018b9de9fdf567d73f5985050e16b27d8e3d3b4c30531233e5677558244647,established_a-b112,established_a,112,,,,100,,,,-20.445064207844805,-15.664448449123991,-6.638465280229786,5.845592416590787,15.865833422996026,,,,,,,,,,,,-0.06638465280229786,-0.20445064207844804,0.15865833422996026,,208.0,-20.235560346331845,-0.20235560346331843,,
selected_contribution_path,demo-human_decline_bot_rise-884000,human_decline_bot_rise,dynamic_hierarchy,119,hold_current,9d018b9de9fdf567d73f5985050e16b27d8e3d3b4c30531233e5677558244647,established_a-b112,established_a,112,,,,100,,,,-20.470064207844807,-15.689448449123994,-6.663465280229785,5.8425206627567015,15.858632731780837,,,,,,,,,,,,-0.06663465280229784,-0.20470064207844807,0.15858632731780836,,209.0,-20.260560346331843,-0.20260560346331843,,
selected_contribution_path,demo-human_decline_bot_rise-884000,human_decline_bot_rise,dynamic_hierarchy,119,continue_recent_trend,9d018b9de9fdf567d73f5985050e16b27d8e3d3b4c30531233e5677558244647,established_a-b112,established_a,112,,,,100,,,,-23.4723784002088,-20.02647972377479,-5.102053800756288,41.20667660875372,126.35282637640968,,,,,,,,,,,,-0.05102053800756288,-0.23472378400208802,1.2635282637640968,,209.0,-20.260560346331843,-0.20260560346331843,,
selected_contribution_path,demo-human_decline_bot_rise-884000,human_decline_bot_rise,dynamic_hierarchy,119,fixed_price,9d018b9de9fdf567d73f5985050e16b27d8e3d3b4c30531233e5677558244647,established_a-b112,established_a,112,,,,100,,,,-8.639385449186218,-5.985215343211554,5.886158654921221,22.45698766766941,38.1530581317276,,,,,,,,,,,,0.05886158654921221,-0.08639385449186218,0.38153058131727596,,209.0,-20.260560346331843,-0.20260560346331843,,
selected_contribution_path,demo-human_decline_bot_rise-884000,human_decline_bot_rise,dynamic_hierarchy,119,fixed_price,9d018b9de9fdf567d73f5985050e16b27d8e3d3b4c30531233e5677558244647,established_a-b112,established_a,112,,,,100,,,,-8.637980872953161,-5.987828303032083,5.861158654921223,22.43198766766941,38.12805813172759,,,,,,,,,,,,0.058611586549212225,-0.0863798087295316,0.38128058131727594,,210.0,-20.188516910995475,-0.20188516910995474,,
selected_contribution_path,demo-human_decline_bot_rise-884000,human_decline_bot_rise,dynamic_hierarchy,119,hold_current,9d018b9de9fdf567d73f5985050e16b27d8e3d3b4c30531233e5677558244647,established_a-b112,established_a,112,,,,100,,,,-20.49506420784481,-15.714448449123994,-6.688465280229783,5.820170170850645,15.833686354510082,,,,,,,,,,,,-0.06688465280229783,-0.2049506420784481,0.15833686354510082,,210.0,-20.188516910995475,-0.20188516910995474,,
selected_contribution_path,demo-human_decline_bot_rise-884000,human_decline_bot_rise,dynamic_hierarchy,119,continue_recent_trend,9d018b9de9fdf567d73f5985050e16b27d8e3d3b4c30531233e5677558244647,established_a-b112,established_a,112,,,,100,,,,-23.494175812533356,-20.051479723774797,-5.127053800756286,41.73925478073389,127.31450567718078,,,,,,,,,,,,-0.051270538007562864,-0.23494175812533358,1.2731450567718077,,210.0,-20.188516910995475,-0.20188516910995474,,
selected_contribution_path,demo-human_decline_bot_rise-884000,human_decline_bot_rise,dynamic_hierarchy,119,fixed_price,9d018b9de9fdf567d73f5985050e16b27d8e3d3b4c30531233e5677558244647,established_a-b112,established_a,112,,,,100,,,,-8.66298087295316,-5.813311614392939,5.953381933735763,22.40698766766941,38.16004215553446,,,,,,,,,,,,0.05953381933735763,-0.08662980872953159,0.3816004215553446,,211.0,-20.213516910995477,-0.20213516910995477,,
selected_contribution_path,demo-human_decline_bot_rise-884000,human_decline_bot_rise,dynamic_hierarchy,119,continue_recent_trend,9d018b9de9fdf567d73f5985050e16b27d8e3d3b4c30531233e5677558244647,established_a-b112,established_a,112,,,,100,,,,-23.519175812533355,-20.07285849872508,-5.125919346932008,42.12269295638133,129.3210609211214,,,,,,,,,,,,-0.051259193469320084,-0.23519175812533355,1.293210609211214,,211.0,-20.213516910995477,-0.20213516910995477,,
selected_contribution_path,demo-human_decline_bot_rise-884000,human_decline_bot_rise,dynamic_hierarchy,119,hold_current,9d018b9de9fdf567d73f5985050e16b27d8e3d3b4c30531233e5677558244647,established_a-b112,established_a,112,,,,100,,,,-20.520064207844808,-15.734846201217742,-6.713465280229782,5.796467789612386,16.004293382528555,,,,,,,,,,,,-0.06713465280229781,-0.20520064207844807,0.16004293382528556,,211.0,-20.213516910995477,-0.20213516910995477,,
selected_contribution_path,demo-human_decline_bot_rise-884000,human_decline_bot_rise,dynamic_hierarchy,119,hold_current,9d018b9de9fdf567d73f5985050e16b27d8e3d3b4c30531233e5677558244647,established_a-b112,established_a,112,,,,100,,,,-20.545064207844806,-15.628816586826566,-6.721791858610537,5.8095991899547705,15.979293382528557,,,,,,,,,,,,-0.06721791858610537,-0.20545064207844807,0.15979293382528556,,212.0,-20.23851691099547,-0.20238516910995472,,
selected_contribution_path,demo-human_decline_bot_rise-884000,human_decline_bot_rise,dynamic_hierarchy,119,continue_recent_trend,9d018b9de9fdf567d73f5985050e16b27d8e3d3b4c30531233e5677558244647,established_a-b112,established_a,112,,,,100,,,,-23.544175812533357,-20.09785849872508,-5.143616865040302,42.38661463573581,131.4959889305135,,,,,,,,,,,,-0.05143616865040302,-0.23544175812533358,1.314959889305135,,212.0,-20.23851691099547,-0.20238516910995472,,
selected_contribution_path,demo-human_decline_bot_rise-884000,human_decline_bot_rise,dynamic_hierarchy,119,fixed_price,9d018b9de9fdf567d73f5985050e16b27d8e3d3b4c30531233e5677558244647,established_a-b112,established_a,112,,,,100,,,,-8.687980872953158,-5.838311614392937,5.928381933735764,22.38792162168171,38.2202539649986,,,,,,,,,,,,0.05928381933735764,-0.08687980872953158,0.38220253964998596,,212.0,-20.23851691099547,-0.20238516910995472,,
selected_contribution_path,demo-human_decline_bot_rise-884000,human_decline_bot_rise,dynamic_hierarchy,119,continue_recent_trend,9d018b9de9fdf567d73f5985050e16b27d8e3d3b4c30531233e5677558244647,established_a-b112,established_a,112,,,,100,,,,-23.56917581253336,-20.12161086705492,-5.118204271015433,42.64462541662112,132.4362381413802,,,,,,,,,,,,-0.05118204271015433,-0.2356917581253336,1.324362381413802,,213.0,-20.144600794351835,-0.20144600794351836,,
selected_contribution_path,demo-human_decline_bot_rise-884000,human_decline_bot_rise,dynamic_hierarchy,119,fixed_price,9d018b9de9fdf567d73f5985050e16b27d8e3d3b4c30531233e5677558244647,established_a-b112,established_a,112,,,,100,,,,-8.527095459602505,-5.683325908211778,5.903381933735766,22.36292162168171,38.19525396499859,,,,,,,,,,,,0.05903381933735766,-0.08527095459602504,0.38195253964998593,,213.0,-20.144600794351835,-0.20144600794351836,,
selected_contribution_path,demo-human_decline_bot_rise-884000,human_decline_bot_rise,dynamic_hierarchy,119,hold_current,9d018b9de9fdf567d73f5985050e16b27d8e3d3b4c30531233e5677558244647,established_a-b112,established_a,112,,,,100,,,,-20.57006420784481,-15.653816586826569,-6.684168288534753,5.784599189954772,15.960208795870972,,,,,,,,,,,,-0.06684168288534753,-0.20570064207844807,0.15960208795870973,,213.0,-20.144600794351835,-0.20144600794351836,,
selected_contribution_path,demo-human_decline_bot_rise-884000,human_decline_bot_rise,dynamic_hierarchy,119,hold_current,9d018b9de9fdf567d73f5985050e16b27d8e3d3b4c30531233e5677558244647,established_a-b112,established_a,112,,,,100,,,,-20.59493865354109,-15.678816586826567,-6.61419931197166,5.9878746715166855,15.935208795870974,,,,,,,,,,,,-0.06614199311971661,-0.2059493865354109,0.15935208795870973,,214.0,-20.169600794351837,-0.20169600794351836,,
selected_contribution_path,demo-human_decline_bot_rise-884000,human_decline_bot_rise,dynamic_hierarchy,119,fixed_price,9d018b9de9fdf567d73f5985050e16b27d8e3d3b4c30531233e5677558244647,established_a-b112,established_a,112,,,,100,,,,-8.40542951165696,-5.708325908211776,6.078351805386983,22.371784761785243,38.4883544246371,,,,,,,,,,,,0.060783518053869834,-0.0840542951165696,0.384883544246371,,214.0,-20.169600794351837,-0.20169600794351836,,
selected_contribution_path,demo-human_decline_bot_rise-884000,human_decline_bot_rise,dynamic_hierarchy,119,continue_recent_trend,9d018b9de9fdf567d73f5985050e16b27d8e3d3b4c30531233e5677558244647,established_a-b112,established_a,112,,,,100,,,,-23.590799585454302,-20.14661086705492,-5.108472444104521,42.88482042599863,135.79905896108505,,,,,,,,,,,,-0.05108472444104521,-0.23590799585454303,1.3579905896108506,,214.0,-20.169600794351837,-0.20169600794351836,,
selected_contribution_path,demo-human_decline_bot_rise-884000,human_decline_bot_rise,dynamic_hierarchy,119,hold_current,9d018b9de9fdf567d73f5985050e16b27d8e3d3b4c30531233e5677558244647,established_a-b112,established_a,112,,,,100,,,,-20.60769433502558,-15.70381658682657,-6.639199311971659,5.962874671516687,15.91463764131148,,,,,,,,,,,,-0.0663919931197166,-0.2060769433502558,0.1591463764131148,,215.0,-20.19460079435183,-0.20194600794351833,,
selected_contribution_path,demo-human_decline_bot_rise-884000,human_decline_bot_rise,dynamic_hierarchy,119,continue_recent_trend,9d018b9de9fdf567d73f5985050e16b27d8e3d3b4c30531233e5677558244647,established_a-b112,established_a,112,,,,100,,,,-23.61455541829063,-20.171332142786888,-5.133472425073832,43.04721212366725,136.7002799938445,,,,,,,,,,,,-0.051334724250738324,-0.2361455541829063,1.367002799938445,,215.0,-20.19460079435183,-0.20194600794351833,,
selected_contribution_path,demo-human_decline_bot_rise-884000,human_decline_bot_rise,dynamic_hierarchy,119,fixed_price,9d018b9de9fdf567d73f5985050e16b27d8e3d3b4c30531233e5677558244647,established_a-b112,established_a,112,,,,100,,,,-8.347566356181595,-5.733325908211775,6.053351805386985,22.395835834997342,38.463354424637096,,,,,,,,,,,,0.06053351805386985,-0.08347566356181595,0.384633544246371,,215.0,-20.19460079435183,-0.20194600794351833,,
selected_contribution_path,demo-human_decline_bot_rise-884000,human_decline_bot_rise,dynamic_hierarchy,119,fixed_price,9d018b9de9fdf567d73f5985050e16b27d8e3d3b4c30531233e5677558244647,established_a-b112,established_a,112,,,,100,,,,-8.372566356181594,-5.7583259082117735,6.05697227918073,22.455424518627403,38.43835442463709,,,,,,,,,,,,0.0605697227918073,-0.08372566356181593,0.3843835442463709,,216.0,-20.21960079435183,-0.2021960079435183,,
selected_contribution_path,demo-human_decline_bot_rise-884000,human_decline_bot_rise,dynamic_hierarchy,119,continue_recent_trend,9d018b9de9fdf567d73f5985050e16b27d8e3d3b4c30531233e5677558244647,established_a-b112,established_a,112,,,,100,,,,-23.633797592376595,-20.196332142786893,-4.950162328166481,43.22362347473065,137.7070026215576,,,,,,,,,,,,-0.04950162328166481,-0.23633797592376596,1.377070026215576,,216.0,-20.21960079435183,-0.2021960079435183,,
selected_contribution_path,demo-human_decline_bot_rise-884000,human_decline_bot_rise,dynamic_hierarchy,119,hold_current,9d018b9de9fdf567d73f5985050e16b27d8e3d3b4c30531233e5677558244647,established_a-b112,established_a,112,,,,100,,,,-20.632480187235775,-15.728816586826568,-6.658996014164337,5.948070861878556,15.932603152821589,,,,,,,,,,,,-0.06658996014164337,-0.20632480187235774,0.1593260315282159,,216.0,-20.21960079435183,-0.2021960079435183,,
selected_contribution_path,demo-human_decline_bot_rise-884000,human_decline_bot_rise,dynamic_hierarchy,119,hold_current,9d018b9de9fdf567d73f5985050e16b27d8e3d3b4c30531233e5677558244647,established_a-b112,established_a,112,,,,100,,,,-20.588865475526777,-15.748745216263462,-6.603284918488152,5.949221773309912,15.907603152821588,,,,,,,,,,,,-0.06603284918488152,-0.20588865475526777,0.1590760315282159,,217.0,-20.24460079435183,-0.2024460079435183,,
selected_contribution_path,demo-human_decline_bot_rise-884000,human_decline_bot_rise,dynamic_hierarchy,119,continue_recent_trend,9d018b9de9fdf567d73f5985050e16b27d8e3d3b4c30531233e5677558244647,established_a-b112,established_a,112,,,,100,,,,-23.658222488646025,-20.22133214278689,-4.954333336384257,43.25585638942374,139.34219617619505,,,,,,,,,,,,-0.049543333363842576,-0.23658222488646025,1.3934219617619505,,217.0,-20.24460079435183,-0.2024460079435183,,
selected_contribution_path,demo-human_decline_bot_rise-884000,human_decline_bot_rise,dynamic_hierarchy,119,fixed_price,9d018b9de9fdf567d73f5985050e16b27d8e3d3b4c30531233e5677558244647,established_a-b112,established_a,112,,,,100,,,,-8.385829261032889,-5.783325908211772,6.043487769970351,22.634486996691955,38.413354424637085,,,,,,,,,,,,0.060434877699703515,-0.08385829261032889,0.38413354424637086,,217.0,-20.24460079435183,-0.2024460079435183,,
selected_contribution_path,demo-human_decline_bot_rise-884000,human_decline_bot_rise,dynamic_hierarchy,119,fixed_price,9d018b9de9fdf567d73f5985050e16b27d8e3d3b4c30531233e5677558244647,established_a-b112,established_a,112,,,,100,,,,-8.410829261032887,-5.799624787433785,6.0460311377575735,22.60948699669196,38.38835442463708,,,,,,,,,,,,0.06046031137757574,-0.08410829261032887,0.3838835442463708,,218.0,-20.088370516724613,-0.20088370516724613,,
selected_contribution_path,demo-human_decline_bot_rise-884000,human_decline_bot_rise,dynamic_hierarchy,119,hold_current,9d018b9de9fdf567d73f5985050e16b27d8e3d3b4c30531233e5677558244647,established_a-b112,established_a,112,,,,100,,,,-20.60767966082436,-15.77374521626346,-6.496473954997672,5.947372678124609,15.929218959530896,,,,,,,,,,,,-0.06496473954997672,-0.2060767966082436,0.15929218959530897,,218.0,-20.088370516724613,-0.20088370516724613,,
selected_contribution_path,demo-human_decline_bot_rise-884000,human_decline_bot_rise,dynamic_hierarchy,119,continue_recent_trend,9d018b9de9fdf567d73f5985050e16b27d8e3d3b4c30531233e5677558244647,established_a-b112,established_a,112,,,,100,,,,-23.681633583537213,-20.24633214278689,-4.9765166009251285,43.33020960435198,140.72859952038138,,,,,,,,,,,,-0.04976516600925129,-0.23681633583537212,1.4072859952038137,,218.0,-20.088370516724613,-0.20088370516724613,,
selected_contribution_path,demo-human_decline_bot_rise-884000,human_decline_bot_rise,dynamic_hierarchy,119,hold_current,9d018b9de9fdf567d73f5985050e16b27d8e3d3b4c30531233e5677558244647,established_a-b112,established_a,112,,,,100,,,,-20.63228660956588,-15.798745216263464,-6.521473954997671,5.92237267812461,15.904218959530898,,,,,,,,,,,,-0.06521473954997671,-0.2063228660956588,0.15904218959530897,,219.0,-19.80866736483589,-0.1980866736483589,,
selected_contribution_path,demo-human_decline_bot_rise-884000,human_decline_bot_rise,dynamic_hierarchy,119,continue_recent_trend,9d018b9de9fdf567d73f5985050e16b27d8e3d3b4c30531233e5677558244647,established_a-b112,established_a,112,,,,100,,,,-23.70663358353721,-20.27133214278689,-4.920065915380267,43.51748483992879,143.17952057021915,,,,,,,,,,,,-0.049200659153802666,-0.23706633583537212,1.4317952057021914,,219.0,-19.80866736483589,-0.1980866736483589,,
selected_contribution_path,demo-human_decline_bot_rise-884000,human_decline_bot_rise,dynamic_hierarchy,119,fixed_price,9d018b9de9fdf567d73f5985050e16b27d8e3d3b4c30531233e5677558244647,established_a-b112,established_a,112,,,,100,,,,-8.293533037363988,-5.824624787433784,6.075698183830301,22.58448699669196,38.36335442463707,,,,,,,,,,,,0.06075698183830301,-0.08293533037363987,0.38363354424637075,,219.0,-19.80866736483589,-0.1980866736483589,,
selected_contribution_path,demo-human_decline_bot_rise-884000,human_decline_bot_rise,dynamic_hierarchy,119,fixed_price,9d018b9de9fdf567d73f5985050e16b27d8e3d3b4c30531233e5677558244647,established_a-b112,established_a,112,,,,100,,,,-8.318533037363986,-5.849624787433783,6.33233897388196,22.64741577232167,38.46269853401623,,,,,,,,,,,,0.0633233897388196,-0.08318533037363986,0.3846269853401623,,220.0,-19.833667364835893,-0.19833667364835894,,
selected_contribution_path,demo-human_decline_bot_rise-884000,human_decline_bot_rise,dynamic_hierarchy,119,continue_recent_trend,9d018b9de9fdf567d73f5985050e16b27d8e3d3b4c30531233e5677558244647,established_a-b112,established_a,112,,,,100,,,,-23.731375887736046,-20.29241413234882,-4.936926543966782,43.55491721773401,146.9652542810263,,,,,,,,,,,,-0.049369265439667825,-0.23731375887736048,1.469652542810263,,220.0,-19.833667364835893,-0.19833667364835894,,
selected_contribution_path,demo-human_decline_bot_rise-884000,human_decline_bot_rise,dynamic_hierarchy,119,hold_current,9d018b9de9fdf567d73f5985050e16b27d8e3d3b4c30531233e5677558244647,established_a-b112,established_a,112,,,,100,,,,-20.65728660956588,-15.82374521626346,-6.546473954997669,5.9023974634008525,15.984892951979337,,,,,,,,,,,,-0.0654647395499767,-0.2065728660956588,0.15984892951979338,,220.0,-19.833667364835893,-0.19833667364835894,,
selected_contribution_path,demo-human_decline_bot_rise-884000,human_decline_bot_rise,dynamic_hierarchy,119,hold_current,9d018b9de9fdf567d73f5985050e16b27d8e3d3b4c30531233e5677558244647,established_a-b112,established_a,112,,,,100,,,,-20.667291177097155,-15.848745216263463,-6.571473954997668,5.877397463400854,15.959892951979338,,,,,,,,,,,,-0.06571473954997668,-0.20667291177097155,0.15959892951979338,,221.0,-19.85866736483589,-0.19858667364835889,,
selected_contribution_path,demo-human_decline_bot_rise-884000,human_decline_bot_rise,dynamic_hierarchy,119,continue_recent_trend,9d018b9de9fdf567d73f5985050e16b27d8e3d3b4c30531233e5677558244647,established_a-b112,established_a,112,,,,100,,,,-23.756375887736045,-20.317414132348823,-4.953538679081671,43.741935317814985,147.598243112076,,,,,,,,,,,,-0.04953538679081671,-0.23756375887736045,1.47598243112076,,221.0,-19.85866736483589,-0.19858667364835889,,
selected_contribution_path,demo-human_decline_bot_rise-884000,human_decline_bot_rise,dynamic_hierarchy,119,fixed_price,9d018b9de9fdf567d73f5985050e16b27d8e3d3b4c30531233e5677558244647,established_a-b112,established_a,112,,,,100,,,,-8.343533037363985,-5.874624787433781,6.307693108620423,22.62241577232167,38.43769853401623,,,,,,,,,,,,0.06307693108620423,-0.08343533037363984,0.3843769853401623,,221.0,-19.85866736483589,-0.19858667364835889,,
selected_contribution_path,demo-human_decline_bot_rise-884000,human_decline_bot_rise,dynamic_hierarchy,119,fixed_price,9d018b9de9fdf567d73f5985050e16b27d8e3d3b4c30531233e5677558244647,established_a-b112,established_a,112,,,,100,,,,-8.368533037363983,-5.679290211978071,6.282693108620425,22.59741577232167,38.453586241782105,,,,,,,,,,,,0.06282693108620424,-0.08368533037363983,0.38453586241782106,,222.0,-19.88366736483589,-0.1988366736483589,,
selected_contribution_path,demo-human_decline_bot_rise-884000,human_decline_bot_rise,dynamic_hierarchy,119,hold_current,9d018b9de9fdf567d73f5985050e16b27d8e3d3b4c30531233e5677558244647,established_a-b112,established_a,112,,,,100,,,,-20.588903093644696,-15.873745216263462,-6.596473954997666,5.852397463400855,15.973948442845948,,,,,,,,,,,,-0.06596473954997667,-0.20588903093644695,0.15973948442845948,,222.0,-19.88366736483589,-0.1988366736483589,,
selected_contribution_path,demo-human_decline_bot_rise-884000,human_decline_bot_rise,dynamic_hierarchy,119,continue_recent_trend,9d018b9de9fdf567d73f5985050e16b27d8e3d3b4c30531233e5677558244647,established_a-b112,established_a,112,,,,100,,,,-23.781375887736047,-20.34241413234882,-4.970499195743177,43.80337381750559,149.0684586791002,,,,,,,,,,,,-0.04970499195743176,-0.23781375887736048,1.490684586791002,,222.0,-19.88366736483589,-0.1988366736483589,,
selected_contribution_path,demo-human_decline_bot_rise-884000,human_decline_bot_rise,dynamic_hierarchy,119,hold_current,9d018b9de9fdf567d73f5985050e16b27d8e3d3b4c30531233e5677558244647,established_a-b112,established_a,112,,,,100,,,,-20.458973382591463,-15.89763381392646,-6.594391388679687,5.848040796020257,16.191410098639693,,,,,,,,,,,,-0.06594391388679688,-0.20458973382591464,0.16191410098639694,,223.0,-19.90866736483589,-0.1990866736483589,,
selected_contribution_path,demo-human_decline_bot_rise-884000,human_decline_bot_rise,dynamic_hierarchy,119,continue_recent_trend,9d018b9de9fdf567d73f5985050e16b27d8e3d3b4c30531233e5677558244647,established_a-b112,established_a,112,,,,100,,,,-23.80637588773605,-20.36741413234882,-4.992706795586434,44.02310857435853,152.911326668707,,,,,,,,,,,,-0.049927067955864345,-0.2380637588773605,1.5291132666870701,,223.0,-19.90866736483589,-0.1990866736483589,,
selected_contribution_path,demo-human_decline_bot_rise-884000,human_decline_bot_rise,dynamic_hierarchy,119,fixed_price,9d018b9de9fdf567d73f5985050e16b27d8e3d3b4c30531233e5677558244647,established_a-b112,established_a,112,,,,100,,,,-8.393533037363982,-5.703978975556687,6.257693108620426,22.733568183162426,38.71762146966402,,,,,,,,,,,,0.06257693108620427,-0.08393533037363982,0.38717621469664015,,223.0,-19.90866736483589,-0.1990866736483589,,
selected_contribution_path,demo-human_decline_bot_rise-884000,human_decline_bot_rise,dynamic_hierarchy,119,fixed_price,9d018b9de9fdf567d73f5985050e16b27d8e3d3b4c30531233e5677558244647,established_a-b112,established_a,112,,,,100,,,,-8.41853303736398,-5.637792267107104,6.292499100050417,22.70937230615434,38.69262146966402,,,,,,,,,,,,0.06292499100050417,-0.0841853303736398,0.3869262146966402,,224.0,-19.933667364835888,-0.1993366736483589,,
selected_contribution_path,demo-human_decline_bot_rise-884000,human_decline_bot_rise,dynamic_hierarchy,119,continue_recent_trend,9d018b9de9fdf567d73f5985050e16b27d8e3d3b4c30531233e5677558244647,established_a-b112,established_a,112,,,,100,,,,-23.831375887736048,-20.392414132348826,-5.013157877851283,44.431112118064334,155.3681091848266,,,,,,,,,,,,-0.05013157877851283,-0.23831375887736048,1.553681091848266,,224.0,-19.933667364835888,-0.1993366736483589,,
selected_contribution_path,demo-human_decline_bot_rise-884000,human_decline_bot_rise,dynamic_hierarchy,119,hold_current,9d018b9de9fdf567d73f5985050e16b27d8e3d3b4c30531233e5677558244647,established_a-b112,established_a,112,,,,100,,,,-20.483973382591465,-15.92263381392646,-6.592158154398181,5.823040796020258,16.16769504214777,,,,,,,,,,,,-0.06592158154398181,-0.20483973382591464,0.1616769504214777,,224.0,-19.933667364835888,-0.1993366736483589,,
selected_contribution_path,demo-human_decline_bot_rise-884000,human_decline_bot_rise,dynamic_hierarchy,119,hold_current,9d018b9de9fdf567d73f5985050e16b27d8e3d3b4c30531233e5677558244647,established_a-b112,established_a,112,,,,100,,,,-20.508973382591464,-15.947633813926462,-6.492500271935324,5.79804079602026,16.14269504214777,,,,,,,,,,,,-0.06492500271935324,-0.20508973382591464,0.1614269504214777,,225.0,-19.95866736483589,-0.1995866736483589,,
selected_contribution_path,demo-human_decline_bot_rise-884000,human_decline_bot_rise,dynamic_hierarchy,119,continue_recent_trend,9d018b9de9fdf567d73f5985050e16b27d8e3d3b4c30531233e5677558244647,established_a-b112,established_a,112,,,,100,,,,-23.856375887736046,-20.417414132348824,-5.038157877851281,44.9149549610076,161.39722351326807,,,,,,,,,,,,-0.05038157877851281,-0.23856375887736048,1.6139722351326808,,225.0,-19.95866736483589,-0.1995866736483589,,
selected_contribution_path,demo-human_decline_bot_rise-884000,human_decline_bot_rise,dynamic_hierarchy,119,fixed_price,9d018b9de9fdf567d73f5985050e16b27d8e3d3b4c30531233e5677558244647,established_a-b112,established_a,112,,,,100,,,,-8.443533037363979,-5.662792267107102,6.2674991000504185,22.70615450910388,38.66778289350547,,,,,,,,,,,,0.06267499100050418,-0.08443533037363979,0.3866778289350547,,225.0,-19.95866736483589,-0.1995866736483589,,
selected_contribution_path,demo-human_decline_bot_rise-884000,human_decline_bot_rise,dynamic_hierarchy,119,fixed_price,9d018b9de9fdf567d73f5985050e16b27d8e3d3b4c30531233e5677558244647,established_a-b112,established_a,112,,,,100,,,,-8.468533037363978,-5.687792267107101,6.368900384561247,22.68115450910388,38.64278289350546,,,,,,,,,,,,0.06368900384561246,-0.08468533037363978,0.3864278289350546,,226.0,-19.983667364835885,-0.19983667364835886,,
selected_contribution_path,demo-human_decline_bot_rise-884000,human_decline_bot_rise,dynamic_hierarchy,119,continue_recent_trend,9d018b9de9fdf567d73f5985050e16b27d8e3d3b4c30531233e5677558244647,established_a-b112,established_a,112,,,,100,,,,-23.88137588773605,-20.442414132348823,-5.037347629830142,45.06930234158705,162.69377368094274,,,,,,,,,,,,-0.050373476298301426,-0.23881375887736048,1.6269377368094273,,226.0,-19.983667364835885,-0.19983667364835886,,
selected_contribution_path,demo-human_decline_bot_rise-884000,human_decline_bot_rise,dynamic_hierarchy,119,hold_current,9d018b9de9fdf567d73f5985050e16b27d8e3d3b4c30531233e5677558244647,established_a-b112,established_a,112,,,,100,,,,-20.529975347127937,-15.972569243462155,-6.517500271935322,5.773040796020261,16.117695042147773,,,,,,,,,,,,-0.06517500271935323,-0.20529975347127938,0.16117695042147773,,226.0,-19.983667364835885,-0.19983667364835886,,
selected_contribution_path,demo-human_decline_bot_rise-884000,human_decline_bot_rise,dynamic_hierarchy,119,hold_current,9d018b9de9fdf567d73f5985050e16b27d8e3d3b4c30531233e5677558244647,established_a-b112,established_a,112,,,,100,,,,-20.554975347127936,-15.997569243462156,-6.542500271935321,5.748040796020263,16.092695042147774,,,,,,,,,,,,-0.06542500271935321,-0.20554975347127935,0.16092695042147775,,227.0,-20.008667364835883,-0.20008667364835883,,
selected_contribution_path,demo-human_decline_bot_rise-884000,human_decline_bot_rise,dynamic_hierarchy,119,continue_recent_trend,9d018b9de9fdf567d73f5985050e16b27d8e3d3b4c30531233e5677558244647,established_a-b112,established_a,112,,,,100,,,,-23.904724490262755,-20.46698464523918,-5.062347629830141,45.43695961905858,164.5307903018292,,,,,,,,,,,,-0.05062347629830141,-0.23904724490262755,1.645307903018292,,227.0,-20.008667364835883,-0.20008667364835883,,
selected_contribution_path,demo-human_decline_bot_rise-884000,human_decline_bot_rise,dynamic_hierarchy,119,fixed_price,9d018b9de9fdf567d73f5985050e16b27d8e3d3b4c30531233e5677558244647,established_a-b112,established_a,112,,,,100,,,,-8.493533037363976,-5.712792267107099,6.343900384561248,22.65615450910388,38.617782893505456,,,,,,,,,,,,0.06343900384561248,-0.08493533037363976,0.3861778289350546,,227.0,-20.008667364835883,-0.20008667364835883,,
selected_contribution_path,demo-human_decline_bot_rise-884000,human_decline_bot_rise,dynamic_hierarchy,119,fixed_price,9d018b9de9fdf567d73f5985050e16b27d8e3d3b4c30531233e5677558244647,established_a-b112,established_a,112,,,,100,,,,-8.518533037363975,-5.737792267107098,6.31890038456125,22.631154509103883,38.59278289350545,,,,,,,,,,,,0.06318900384561249,-0.08518533037363975,0.3859278289350545,,228.0,-20.03366736483588,-0.20033667364835878,,
selected_contribution_path,demo-human_decline_bot_rise-884000,human_decline_bot_rise,dynamic_hierarchy,119,continue_recent_trend,9d018b9de9fdf567d73f5985050e16b27d8e3d3b4c30531233e5677558244647,established_a-b112,established_a,112,,,,100,,,,-23.929668267500304,-20.491984645239175,-5.082872962653712,46.94321302428463,165.76490301913884,,,,,,,,,,,,-0.050828729626537124,-0.23929668267500304,1.6576490301913884,,228.0,-20.03366736483588,-0.20033667364835878,,
selected_contribution_path,demo-human_decline_bot_rise-884000,human_decline_bot_rise,dynamic_hierarchy,119,hold_current,9d018b9de9fdf567d73f5985050e16b27d8e3d3b4c30531233e5677558244647,established_a-b112,established_a,112,,,,100,,,,-20.579975347127935,-16.022569243462158,-6.56750027193532,5.730299190963997,16.067695042147776,,,,,,,,,,,,-0.0656750027193532,-0.20579975347127935,0.16067695042147775,,228.0,-20.03366736483588,-0.20033667364835878,,
selected_contribution_path,demo-human_decline_bot_rise-884000,human_decline_bot_rise,dynamic_hierarchy,119,continue_recent_trend,9d018b9de9fdf567d73f5985050e16b27d8e3d3b4c30531233e5677558244647,established_a-b112,established_a,112,,,,100,,,,-23.95261770587117,-20.516984645239177,-4.938077996090739,47.17504164515711,167.79823174220505,,,,,,,,,,,,-0.04938077996090739,-0.2395261770587117,1.6779823174220505,,229.0,-20.05866736483588,-0.2005866736483588,,
selected_contribution_path,demo-human_decline_bot_rise-884000,human_decline_bot_rise,dynamic_hierarchy,119,hold_current,9d018b9de9fdf567d73f5985050e16b27d8e3d3b4c30531233e5677558244647,established_a-b112,established_a,112,,,,100,,,,-20.604183260600863,-16.04756924346216,-6.434924380973282,6.002040373216524,16.168377976002798,,,,,,,,,,,,-0.06434924380973282,-0.2060418326060086,0.16168377976002798,,229.0,-20.05866736483588,-0.2005866736483588,,
selected_contribution_path,demo-human_decline_bot_rise-884000,human_decline_bot_rise,dynamic_hierarchy,119,fixed_price,9d018b9de9fdf567d73f5985050e16b27d8e3d3b4c30531233e5677558244647,established_a-b112,established_a,112,,,,100,,,,-8.543533037363973,-5.751722661063228,6.358425138631713,22.606154509103884,38.715409171727046,,,,,,,,,,,,0.06358425138631713,-0.08543533037363973,0.38715409171727044,,229.0,-20.05866736483588,-0.2005866736483588,,
selected_contribution_path,demo-human_decline_bot_rise-884000,human_decline_bot_rise,dynamic_hierarchy,119,fixed_price,9d018b9de9fdf567d73f5985050e16b27d8e3d3b4c30531233e5677558244647,established_a-b112,established_a,112,,,,100,,,,-8.448277301480058,-5.7767155102085805,6.333425138631714,22.58115450910389,38.69040917172704,,,,,,,,,,,,0.06333425138631714,-0.08448277301480057,0.3869040917172704,,230.0,-20.08366736483588,-0.20083667364835878,,
selected_contribution_path,demo-human_decline_bot_rise-884000,human_decline_bot_rise,dynamic_hierarchy,119,hold_current,9d018b9de9fdf567d73f5985050e16b27d8e3d3b4c30531233e5677558244647,established_a-b112,established_a,112,,,,100,,,,-20.62918326060086,-16.066190052250477,-6.4599243809732805,5.977040373216525,16.1433779760028,,,,,,,,,,,,-0.06459924380973281,-0.2062918326060086,0.16143377976002798,,230.0,-20.08366736483588,-0.20083667364835878,,
selected_contribution_path,demo-human_decline_bot_rise-884000,human_decline_bot_rise,dynamic_hierarchy,119,continue_recent_trend,9d018b9de9fdf567d73f5985050e16b27d8e3d3b4c30531233e5677558244647,established_a-b112,established_a,112,,,,100,,,,-23.96946701404468,-20.541984645239182,-4.96207994794352,47.39741814603285,168.91415944661446,,,,,,,,,,,,-0.0496207994794352,-0.23969467014044682,1.6891415944661445,,230.0,-20.08366736483588,-0.20083667364835878,,
selected_contribution_path,demo-human_decline_bot_rise-884000,human_decline_bot_rise,dynamic_hierarchy,119,fixed_price,9d018b9de9fdf567d73f5985050e16b27d8e3d3b4c30531233e5677558244647,established_a-b112,established_a,112,,,,100,,,,-8.473277301480056,-5.801715510208579,6.418070620501261,22.556154509103887,38.71743412060479,,,,,,,,,,,,0.06418070620501261,-0.08473277301480056,0.38717434120604793,,231.0,-20.10866736483588,-0.2010866736483588,,
selected_contribution_path,demo-human_decline_bot_rise-884000,human_decline_bot_rise,dynamic_hierarchy,119,continue_recent_trend,9d018b9de9fdf567d73f5985050e16b27d8e3d3b4c30531233e5677558244647,established_a-b112,established_a,112,,,,100,,,,-23.99322596564617,-20.564915785128715,-4.90894678253583,47.50359185196344,169.34770614158532,,,,,,,,,,,,-0.0490894678253583,-0.23993225965646173,1.6934770614158532,,231.0,-20.10866736483588,-0.2010866736483588,,
selected_contribution_path,demo-human_decline_bot_rise-884000,human_decline_bot_rise,dynamic_hierarchy,119,hold_current,9d018b9de9fdf567d73f5985050e16b27d8e3d3b4c30531233e5677558244647,established_a-b112,established_a,112,,,,100,,,,-20.427239732102876,-16.07411804898947,-6.484924380973279,6.232256322720421,16.16289776678193,,,,,,,,,,,,-0.0648492438097328,-0.20427239732102875,0.1616289776678193,,231.0,-20.10866736483588,-0.2010866736483588,,
selected_contribution_path,demo-human_decline_bot_rise-884000,human_decline_bot_rise,dynamic_hierarchy,119,hold_current,9d018b9de9fdf567d73f5985050e16b27d8e3d3b4c30531233e5677558244647,established_a-b112,established_a,112,,,,100,,,,-20.426344419403453,-16.099118048989467,-6.509924380973278,6.207256322720422,16.137897766781933,,,,,,,,,,,,-0.06509924380973278,-0.20426344419403453,0.16137897766781933,,232.0,-20.13366736483588,-0.2013366736483588,,
selected_contribution_path,demo-human_decline_bot_rise-884000,human_decline_bot_rise,dynamic_hierarchy,119,continue_recent_trend,9d018b9de9fdf567d73f5985050e16b27d8e3d3b4c30531233e5677558244647,established_a-b112,established_a,112,,,,100,,,,-24.018225965646177,-20.58991578512872,-4.933946782535829,47.73170570556712,170.19005144569724,,,,,,,,,,,,-0.04933946782535829,-0.24018225965646178,1.7019005144569723,,232.0,-20.13366736483588,-0.2013366736483588,,
selected_contribution_path,demo-human_decline_bot_rise-884000,human_decline_bot_rise,dynamic_hierarchy,119,fixed_price,9d018b9de9fdf567d73f5985050e16b27d8e3d3b4c30531233e5677558244647,established_a-b112,established_a,112,,,,100,,,,-8.498277301480055,-5.801524592707061,6.393070620501263,22.53115450910389,38.69243412060479,,,,,,,,,,,,0.06393070620501262,-0.08498277301480055,0.38692434120604785,,232.0,-20.13366736483588,-0.2013366736483588,,
selected_contribution_path,demo-human_decline_bot_rise-884000,human_decline_bot_rise,dynamic_hierarchy,119,fixed_price,9d018b9de9fdf567d73f5985050e16b27d8e3d3b4c30531233e5677558244647,established_a-b112,established_a,112,,,,100,,,,-8.487887020093273,-5.82652459270706,6.368070620501264,22.71284535086781,38.67298169024155,,,,,,,,,,,,0.06368070620501264,-0.08487887020093274,0.3867298169024155,,233.0,-20.158667364835875,-0.20158667364835875,,
selected_contribution_path,demo-human_decline_bot_rise-884000,human_decline_bot_rise,dynamic_hierarchy,119,continue_recent_trend,9d018b9de9fdf567d73f5985050e16b27d8e3d3b4c30531233e5677558244647,established_a-b112,established_a,112,,,,100,,,,-24.043225965646176,-20.61491578512872,-4.958946782535827,48.28377186892483,172.09162060707922,,,,,,,,,,,,-0.04958946782535827,-0.24043225965646176,1.7209162060707923,,233.0,-20.158667364835875,-0.20158667364835875,,
selected_contribution_path,demo-human_decline_bot_rise-884000,human_decline_bot_rise,dynamic_hierarchy,119,hold_current,9d018b9de9fdf567d73f5985050e16b27d8e3d3b4c30531233e5677558244647,established_a-b112,established_a,112,,,,100,,,,-20.45134441940345,-16.124118048989473,-6.534924380973276,6.503839647884277,16.11780221985544,,,,,,,,,,,,-0.06534924380973277,-0.2045134441940345,0.16117802219855443,,233.0,-20.158667364835875,-0.20158667364835875,,
selected_contribution_path,demo-human_decline_bot_rise-884000,human_decline_bot_rise,dynamic_hierarchy,119,continue_recent_trend,9d018b9de9fdf567d73f5985050e16b27d8e3d3b4c30531233e5677558244647,established_a-b112,established_a,112,,,,100,,,,-24.068225965646175,-20.639915785128714,-4.9722911483656524,48.93345210484734,173.22031857679556,,,,,,,,,,,,-0.049722911483656526,-0.24068225965646176,1.7322031857679556,,234.0,-20.183667364835877,-0.20183667364835878,,
selected_contribution_path,demo-human_decline_bot_rise-884000,human_decline_bot_rise,dynamic_hierarchy,119,fixed_price,9d018b9de9fdf567d73f5985050e16b27d8e3d3b4c30531233e5677558244647,established_a-b112,established_a,112,,,,100,,,,-8.512887020093272,-5.851524592707058,6.410298252053984,22.68784535086781,38.64798169024154,,,,,,,,,,,,0.06410298252053984,-0.08512887020093272,0.38647981690241534,,234.0,-20.183667364835877,-0.20183667364835878,,
selected_contribution_path,demo-human_decline_bot_rise-884000,human_decline_bot_rise,dynamic_hierarchy,119,hold_current,9d018b9de9fdf567d73f5985050e16b27d8e3d3b4c30531233e5677558244647,established_a-b112,established_a,112,,,,100,,,,-20.47634416791541,-16.147444316780266,-6.559924380973275,6.526453062992534,16.097127501407147,,,,,,,,,,,,-0.06559924380973275,-0.2047634416791541,0.16097127501407146,,234.0,-20.183667364835877,-0.20183667364835878,,
selected_contribution_path,demo-human_decline_bot_rise-884000,human_decline_bot_rise,dynamic_hierarchy,119,fixed_price,9d018b9de9fdf567d73f5985050e16b27d8e3d3b4c30531233e5677558244647,established_a-b112,established_a,112,,,,100,,,,-8.53788702009327,-5.876524592707057,6.385298252053985,22.66284535086781,38.62298169024154,,,,,,,,,,,,0.06385298252053985,-0.08537887020093271,0.38622981690241537,,235.0,-20.208667364835872,-0.20208667364835872,,
selected_contribution_path,demo-human_decline_bot_rise-884000,human_decline_bot_rise,dynamic_hierarchy,119,continue_recent_trend,9d018b9de9fdf567d73f5985050e16b27d8e3d3b4c30531233e5677558244647,established_a-b112,established_a,112,,,,100,,,,-24.093225965646177,-20.66491578512872,-4.875677727850201,49.21323376339222,174.47518251365034,,,,,,,,,,,,-0.04875677727850201,-0.24093225965646176,1.7447518251365033,,235.0,-20.208667364835872,-0.20208667364835872,,
selected_contribution_path,demo-human_decline_bot_rise-884000,human_decline_bot_rise,dynamic_hierarchy,119,hold_current,9d018b9de9fdf567d73f5985050e16b27d8e3d3b4c30531233e5677558244647,established_a-b112,established_a,112,,,,100,,,,-20.501344167915413,-16.172444316780265,-6.584924380973273,6.501453062992535,16.07212750140715,,,,,,,,,,,,-0.06584924380973273,-0.20501344167915414,0.1607212750140715,,235.0,-20.208667364835872,-0.20208667364835872,,
selected_contribution_path,demo-human_decline_bot_rise-884000,human_decline_bot_rise,dynamic_hierarchy,119,fixed_price,9d018b9de9fdf567d73f5985050e16b27d8e3d3b4c30531233e5677558244647,established_a-b112,established_a,112,,,,100,,,,-8.56288702009327,-5.901524592707055,6.360298252053987,22.637845350867813,38.59798169024153,,,,,,,,,,,,0.06360298252053986,-0.0856288702009327,0.38597981690241534,,236.0,-20.1841417286367,-0.201841417286367,,
selected_contribution_path,demo-human_decline_bot_rise-884000,human_decline_bot_rise,dynamic_hierarchy,119,continue_recent_trend,9d018b9de9fdf567d73f5985050e16b27d8e3d3b4c30531233e5677558244647,established_a-b112,established_a,112,,,,100,,,,-24.11822596564617,-20.68991578512872,-4.9006777278502,49.70794946353141,175.45188488357005,,,,,,,,,,,,-0.049006777278501994,-0.24118225965646173,1.7545188488357004,,236.0,-20.1841417286367,-0.201841417286367,,
selected_contribution_path,demo-human_decline_bot_rise-884000,human_decline_bot_rise,dynamic_hierarchy,119,hold_current,9d018b9de9fdf567d73f5985050e16b27d8e3d3b4c30531233e5677558244647,established_a-b112,established_a,112,,,,100,,,,-20.52634416791541,-16.197444316780263,-6.515800036923441,6.476453062992537,16.04712750140715,,,,,,,,,,,,-0.06515800036923441,-0.2052634416791541,0.1604712750140715,,236.0,-20.1841417286367,-0.201841417286367,,
selected_contribution_path,demo-human_decline_bot_rise-884000,human_decline_bot_rise,dynamic_hierarchy,119,hold_current,9d018b9de9fdf567d73f5985050e16b27d8e3d3b4c30531233e5677558244647,established_a-b112,established_a,112,,,,100,,,,-20.551344167915413,-16.222444316780265,-6.540800036923439,6.451453062992538,16.330667872668766,,,,,,,,,,,,-0.06540800036923439,-0.20551344167915414,0.16330667872668767,,237.0,-20.2091417286367,-0.20209141728636698,,
selected_contribution_path,demo-human_decline_bot_rise-884000,human_decline_bot_rise,dynamic_hierarchy,119,continue_recent_trend,9d018b9de9fdf567d73f5985050e16b27d8e3d3b4c30531233e5677558244647,established_a-b112,established_a,112,,,,100,,,,-24.143225783836897,-20.714322582737204,-4.605590096942462,49.77699943733512,176.8814606418442,,,,,,,,,,,,-0.04605590096942462,-0.24143225783836897,1.768814606418442,,237.0,-20.2091417286367,-0.20209141728636698,,
selected_contribution_path,demo-human_decline_bot_rise-884000,human_decline_bot_rise,dynamic_hierarchy,119,fixed_price,9d018b9de9fdf567d73f5985050e16b27d8e3d3b4c30531233e5677558244647,established_a-b112,established_a,112,,,,100,,,,-8.587887020093268,-5.926524592707054,6.335298252053988,22.680528853836904,39.079710408258094,,,,,,,,,,,,0.06335298252053988,-0.08587887020093268,0.39079710408258095,,237.0,-20.2091417286367,-0.20209141728636698,,
selected_contribution_path,demo-human_decline_bot_rise-884000,human_decline_bot_rise,dynamic_hierarchy,119,continue_recent_trend,9d018b9de9fdf567d73f5985050e16b27d8e3d3b4c30531233e5677558244647,established_a-b112,established_a,112,,,,100,,,,-24.168225783836892,-20.7393225827372,-4.630590096942461,50.16349212019002,177.33133751552072,,,,,,,,,,,,-0.04630590096942461,-0.2416822578383689,1.7733133751552073,,238.0,-20.234141728636697,-0.20234141728636698,,
selected_contribution_path,demo-human_decline_bot_rise-884000,human_decline_bot_rise,dynamic_hierarchy,119,fixed_price,9d018b9de9fdf567d73f5985050e16b27d8e3d3b4c30531233e5677558244647,established_a-b112,established_a,112,,,,100,,,,-8.551079089755822,-5.939320470747919,6.31029825205399,22.655528853836906,39.05471040825809,,,,,,,,,,,,0.06310298252053989,-0.08551079089755823,0.39054710408258086,,238.0,-20.234141728636697,-0.20234141728636698,,
selected_contribution_path,demo-human_decline_bot_rise-884000,human_decline_bot_rise,dynamic_hierarchy,119,hold_current,9d018b9de9fdf567d73f5985050e16b27d8e3d3b4c30531233e5677558244647,established_a-b112,established_a,112,,,,100,,,,-20.576344167915416,-16.24072348928609,-6.565800036923438,6.42645306299254,16.305667872668767,,,,,,,,,,,,-0.06565800036923437,-0.20576344167915417,0.16305667872668766,,238.0,-20.234141728636697,-0.20234141728636698,,
selected_contribution_path,demo-human_decline_bot_rise-884000,human_decline_bot_rise,dynamic_hierarchy,119,continue_recent_trend,9d018b9de9fdf567d73f5985050e16b27d8e3d3b4c30531233e5677558244647,established_a-b112,established_a,112,,,,100,,,,-24.19322578383689,-20.76382207430273,-4.65559009694246,50.24091881733872,179.70658774225578,,,,,,,,,,,,-0.04655590096942461,-0.2419322578383689,1.7970658774225579,,239.0,-20.259141728636692,-0.20259141728636693,,
selected_contribution_path,demo-human_decline_bot_rise-884000,human_decline_bot_rise,dynamic_hierarchy,119,hold_current,9d018b9de9fdf567d73f5985050e16b27d8e3d3b4c30531233e5677558244647,established_a-b112,established_a,112,,,,100,,,,-20.556005056736016,-16.265723489286096,-6.5908000369234365,6.493699249241153,16.44307512859872,,,,,,,,,,,,-0.06590800036923436,-0.20556005056736015,0.16443075128598722,,239.0,-20.259141728636692,-0.20259141728636693,,
selected_contribution_path,demo-human_decline_bot_rise-884000,human_decline_bot_rise,dynamic_hierarchy,119,fixed_price,9d018b9de9fdf567d73f5985050e16b27d8e3d3b4c30531233e5677558244647,established_a-b112,established_a,112,,,,100,,,,-8.57607908975582,-5.964320470747918,6.285298252053991,22.630528853836907,39.0519819533111,,,,,,,,,,,,0.0628529825205399,-0.08576079089755821,0.390519819533111,,239.0,-20.259141728636692,-0.20259141728636693,,
selected_contribution_path,demo-human_decline_bot_rise-884000,human_decline_bot_rise,dynamic_hierarchy,119,hold_current,9d018b9de9fdf567d73f5985050e16b27d8e3d3b4c30531233e5677558244647,established_a-b112,established_a,112,,,,100,,,,-20.58100505673601,-16.290723489286094,-6.615800036923435,6.468699249241155,16.418075128598723,,,,,,,,,,,,-0.06615800036923435,-0.2058100505673601,0.16418075128598722,,240.0,-20.28414172863669,-0.2028414172863669,,
selected_contribution_path,demo-human_decline_bot_rise-884000,human_decline_bot_rise,dynamic_hierarchy,119,continue_recent_trend,9d018b9de9fdf567d73f5985050e16b27d8e3d3b4c30531233e5677558244647,established_a-b112,established_a,112,,,,100,,,,-24.218225783836893,-20.78610177280093,-4.680590096942458,50.43095796995686,181.9197670421001,,,,,,,,,,,,-0.04680590096942458,-0.24218225783836891,1.819197670421001,,240.0,-20.28414172863669,-0.2028414172863669,,
selected_contribution_path,demo-human_decline_bot_rise-884000,human_decline_bot_rise,dynamic_hierarchy,119,fixed_price,9d018b9de9fdf567d73f5985050e16b27d8e3d3b4c30531233e5677558244647,established_a-b112,established_a,112,,,,100,,,,-8.60107908975582,-5.989320470747916,6.2602982520539925,22.706042093961592,39.02698195331109,,,,,,,,,,,,0.06260298252053992,-0.0860107908975582,0.3902698195331109,,240.0,-20.28414172863669,-0.2028414172863669,,
selected_contribution_path,demo-human_decline_bot_rise-884000,human_decline_bot_rise,dynamic_hierarchy,119,fixed_price,9d018b9de9fdf567d73f5985050e16b27d8e3d3b4c30531233e5677558244647,established_a-b112,established_a,112,,,,100,,,,-8.626079089755818,-5.836224216993815,6.248141292501781,22.89549168566645,39.00198195331109,,,,,,,,,,,,0.06248141292501781,-0.08626079089755817,0.3900198195331109,,241.0,-20.309141728636693,-0.20309141728636693,,
selected_contribution_path,demo-human_decline_bot_rise-884000,human_decline_bot_rise,dynamic_hierarchy,119,continue_recent_trend,9d018b9de9fdf567d73f5985050e16b27d8e3d3b4c30531233e5677558244647,established_a-b112,established_a,112,,,,100,,,,-24.24322578383689,-20.81110177280093,-4.705590096942457,50.4073456117866,183.0546139212215,,,,,,,,,,,,-0.047055900969424566,-0.24243225783836891,1.8305461392122149,,241.0,-20.309141728636693,-0.20309141728636693,,
selected_contribution_path,demo-human_decline_bot_rise-884000,human_decline_bot_rise,dynamic_hierarchy,119,hold_current,9d018b9de9fdf567d73f5985050e16b27d8e3d3b4c30531233e5677558244647,established_a-b112,established_a,112,,,,100,,,,-20.606005056736013,-16.128724861101897,-6.639254288684313,6.444693581855812,16.393075128598724,,,,,,,,,,,,-0.06639254288684313,-0.20606005056736013,0.16393075128598725,,241.0,-20.309141728636693,-0.20309141728636693,,
selected_contribution_path,demo-human_decline_bot_rise-884000,human_decline_bot_rise,dynamic_hierarchy,119,hold_current,9d018b9de9fdf567d73f5985050e16b27d8e3d3b4c30531233e5677558244647,established_a-b112,established_a,112,,,,100,,,,-20.63100505673601,-16.1537248611019,-6.664254288684312,6.419693581855814,16.373142434372618,,,,,,,,,,,,-0.06664254288684311,-0.20631005056736013,0.16373142434372617,,242.0,-20.33414172863669,-0.2033414172863669,,
selected_contribution_path,demo-human_decline_bot_rise-884000,human_decline_bot_rise,dynamic_hierarchy,119,continue_recent_trend,9d018b9de9fdf567d73f5985050e16b27d8e3d3b4c30531233e5677558244647,established_a-b112,established_a,112,,,,100,,,,-24.268225783836893,-20.83610177280093,-4.650582527369634,50.953761256762206,184.6639030346256,,,,,,,,,,,,-0.046505825273696344,-0.24268225783836894,1.846639030346256,,242.0,-20.33414172863669,-0.2033414172863669,,
selected_contribution_path,demo-human_decline_bot_rise-884000,human_decline_bot_rise,dynamic_hierarchy,119,fixed_price,9d018b9de9fdf567d73f5985050e16b27d8e3d3b4c30531233e5677558244647,established_a-b112,established_a,112,,,,100,,,,-8.651079089755816,-5.828591170468073,6.223141292501783,22.87566771812153,38.98201956492023,,,,,,,,,,,,0.062231412925017826,-0.08651079089755816,0.3898201956492023,,242.0,-20.33414172863669,-0.2033414172863669,,
selected_contribution_path,demo-human_decline_bot_rise-884000,human_decline_bot_rise,dynamic_hierarchy,119,fixed_price,9d018b9de9fdf567d73f5985050e16b27d8e3d3b4c30531233e5677558244647,established_a-b112,established_a,112,,,,100,,,,-8.669070377378763,-5.853591170468071,6.198141292501784,22.984346643561068,38.95701956492022,,,,,,,,,,,,0.06198141292501784,-0.08669070377378763,0.38957019564920226,,243.0,-20.35914172863669,-0.2035914172863669,,
selected_contribution_path,demo-human_decline_bot_rise-884000,human_decline_bot_rise,dynamic_hierarchy,119,continue_recent_trend,9d018b9de9fdf567d73f5985050e16b27d8e3d3b4c30531233e5677558244647,established_a-b112,established_a,112,,,,100,,,,-24.291230944278844,-20.86110177280093,-4.675582527369633,51.01033017485247,184.86934890655075,,,,,,,,,,,,-0.04675582527369633,-0.24291230944278844,1.8486934890655076,,243.0,-20.35914172863669,-0.2035914172863669,,
selected_contribution_path,demo-human_decline_bot_rise-884000,human_decline_bot_rise,dynamic_hierarchy,119,hold_current,9d018b9de9fdf567d73f5985050e16b27d8e3d3b4c30531233e5677558244647,established_a-b112,established_a,112,,,,100,,,,-20.656005056736017,-16.178724861101898,-6.68925428868431,6.394693581855815,16.38265161106517,,,,,,,,,,,,-0.0668925428868431,-0.20656005056736018,0.16382651611065172,,243.0,-20.35914172863669,-0.2035914172863669,,
selected_contribution_path,demo-human_decline_bot_rise-884000,human_decline_bot_rise,dynamic_hierarchy,119,hold_current,9d018b9de9fdf567d73f5985050e16b27d8e3d3b4c30531233e5677558244647,established_a-b112,established_a,112,,,,100,,,,-20.640266820462685,-16.2037248611019,-6.714254288684309,6.369693581855817,16.357651611065172,,,,,,,,,,,,-0.06714254288684308,-0.20640266820462685,0.16357651611065172,,244.0,-20.38414172863669,-0.20384141728636687,,
selected_contribution_path,demo-human_decline_bot_rise-884000,human_decline_bot_rise,dynamic_hierarchy,119,fixed_price,9d018b9de9fdf567d73f5985050e16b27d8e3d3b4c30531233e5677558244647,established_a-b112,established_a,112,,,,100,,,,-8.694070377378761,-5.87859117046807,6.173141292501786,22.96167683264933,38.93201956492022,,,,,,,,,,,,0.06173141292501785,-0.08694070377378761,0.38932019564920217,,244.0,-20.38414172863669,-0.20384141728636687,,
selected_contribution_path,demo-human_decline_bot_rise-884000,human_decline_bot_rise,dynamic_hierarchy,119,continue_recent_trend,9d018b9de9fdf567d73f5985050e16b27d8e3d3b4c30531233e5677558244647,established_a-b112,established_a,112,,,,100,,,,-24.314593171871348,-20.88610177280093,-4.700582527369631,51.06966247344686,185.909895377345,,,,,,,,,,,,-0.04700582527369632,-0.2431459317187135,1.8590989537734501,,244.0,-20.38414172863669,-0.20384141728636687,,
selected_contribution_path,demo-human_decline_bot_rise-884000,human_decline_bot_rise,dynamic_hierarchy,119,hold_current,9d018b9de9fdf567d73f5985050e16b27d8e3d3b4c30531233e5677558244647,established_a-b112,established_a,112,,,,100,,,,-20.60972496829114,-16.2287248611019,-6.730666757725899,6.396624445464074,16.332651611065174,,,,,,,,,,,,-0.06730666757725899,-0.2060972496829114,0.16332651611065174,,245.0,-20.409141728636687,-0.20409141728636687,,
selected_contribution_path,demo-human_decline_bot_rise-884000,human_decline_bot_rise,dynamic_hierarchy,119,continue_recent_trend,9d018b9de9fdf567d73f5985050e16b27d8e3d3b4c30531233e5677558244647,established_a-b112,established_a,112,,,,100,,,,-24.33959317187135,-20.90467387143169,-4.72558252736963,51.48336291885229,186.9361598654085,,,,,,,,,,,,-0.047255825273696296,-0.2433959317187135,1.869361598654085,,245.0,-20.409141728636687,-0.20409141728636687,,
selected_contribution_path,demo-human_decline_bot_rise-884000,human_decline_bot_rise,dynamic_hierarchy,119,fixed_price,9d018b9de9fdf567d73f5985050e16b27d8e3d3b4c30531233e5677558244647,established_a-b112,established_a,112,,,,100,,,,-8.71907037737876,-5.903591170468069,6.148141292501787,22.936676832649336,38.90701956492021,,,,,,,,,,,,0.061481412925017874,-0.0871907037737876,0.38907019564920214,,245.0,-20.409141728636687,-0.20409141728636687,,
selected_contribution_path,demo-human_decline_bot_rise-884000,human_decline_bot_rise,dynamic_hierarchy,119,continue_recent_trend,9d018b9de9fdf567d73f5985050e16b27d8e3d3b4c30531233e5677558244647,established_a-b112,established_a,112,,,,100,,,,-24.364558245606123,-20.92967387143169,-4.7505825273696285,51.84888514690022,188.75946753811107,,,,,,,,,,,,-0.04750582527369628,-0.24364558245606122,1.8875946753811106,,246.0,-20.43414172863669,-0.2043414172863669,,
selected_contribution_path,demo-human_decline_bot_rise-884000,human_decline_bot_rise,dynamic_hierarchy,119,hold_current,9d018b9de9fdf567d73f5985050e16b27d8e3d3b4c30531233e5677558244647,established_a-b112,established_a,112,,,,100,,,,-20.63472496829114,-16.25241819406492,-6.755666757725898,6.371624445464075,16.307651611065175,,,,,,,,,,,,-0.06755666757725898,-0.20634724968291138,0.16307651611065174,,246.0,-20.43414172863669,-0.2043414172863669,,
selected_contribution_path,demo-human_decline_bot_rise-884000,human_decline_bot_rise,dynamic_hierarchy,119,fixed_price,9d018b9de9fdf567d73f5985050e16b27d8e3d3b4c30531233e5677558244647,established_a-b112,established_a,112,,,,100,,,,-8.744070377378758,-5.583247597786771,6.1231412925017885,22.91277535308477,38.88473406924451,,,,,,,,,,,,0.06123141292501789,-0.08744070377378758,0.3888473406924451,,246.0,-20.43414172863669,-0.2043414172863669,,
selected_contribution_path,demo-human_decline_bot_rise-884000,human_decline_bot_rise,dynamic_hierarchy,119,hold_current,9d018b9de9fdf567d73f5985050e16b27d8e3d3b4c30531233e5677558244647,established_a-b112,established_a,112,,,,100,,,,-20.65972496829114,-16.257743425725653,-6.780666757725896,6.346624445464077,16.470848920789805,,,,,,,,,,,,-0.06780666757725896,-0.2065972496829114,0.16470848920789805,,247.0,-20.459141728636684,-0.20459141728636684,,
selected_contribution_path,demo-human_decline_bot_rise-884000,human_decline_bot_rise,dynamic_hierarchy,119,fixed_price,9d018b9de9fdf567d73f5985050e16b27d8e3d3b4c30531233e5677558244647,established_a-b112,established_a,112,,,,100,,,,-8.769070377378757,-5.60824759778677,6.09814129250179,22.91251144566602,39.035177743817776,,,,,,,,,,,,0.0609814129250179,-0.08769070377378757,0.3903517774381778,,247.0,-20.459141728636684,-0.20459141728636684,,
selected_contribution_path,demo-human_decline_bot_rise-884000,human_decline_bot_rise,dynamic_hierarchy,119,continue_recent_trend,9d018b9de9fdf567d73f5985050e16b27d8e3d3b4c30531233e5677558244647,established_a-b112,established_a,112,,,,100,,,,-24.386990769115897,-20.95467387143169,-4.775582527369627,51.82388514690022,192.53085413465607,,,,,,,,,,,,-0.04775582527369627,-0.24386990769115896,1.9253085413465607,,247.0,-20.459141728636684,-0.20459141728636684,,
selected_contribution_path,demo-human_decline_bot_rise-884000,human_decline_bot_rise,dynamic_hierarchy,119,hold_current,9d018b9de9fdf567d73f5985050e16b27d8e3d3b4c30531233e5677558244647,established_a-b112,established_a,112,,,,100,,,,-20.68472496829114,-16.282743425725656,-6.805666757725895,6.321624445464078,16.651420156935664,,,,,,,,,,,,-0.06805666757725895,-0.20684724968291138,0.16651420156935665,,248.0,-20.484141728636683,-0.20484141728636682,,
selected_contribution_path,demo-human_decline_bot_rise-884000,human_decline_bot_rise,dynamic_hierarchy,119,continue_recent_trend,9d018b9de9fdf567d73f5985050e16b27d8e3d3b4c30531233e5677558244647,established_a-b112,established_a,112,,,,100,,,,-24.41066193879892,-20.97755286939373,-4.800582527369626,52.1136977247763,193.31660248467009,,,,,,,,,,,,-0.048005825273696255,-0.2441066193879892,1.9331660248467009,,248.0,-20.484141728636683,-0.20484141728636682,,
selected_contribution_path,demo-human_decline_bot_rise-884000,human_decline_bot_rise,dynamic_hierarchy,119,fixed_price,9d018b9de9fdf567d73f5985050e16b27d8e3d3b4c30531233e5677558244647,established_a-b112,established_a,112,,,,100,,,,-8.794070377378755,-5.633247597786768,6.073141292501791,23.053821121058963,39.187043413573264,,,,,,,,,,,,0.060731412925017915,-0.08794070377378756,0.39187043413573264,,248.0,-20.484141728636683,-0.20484141728636682,,
selected_contribution_path,demo-human_decline_bot_rise-884000,human_decline_bot_rise,dynamic_hierarchy,119,hold_current,9d018b9de9fdf567d73f5985050e16b27d8e3d3b4c30531233e5677558244647,established_a-b112,established_a,112,,,,100,,,,-20.70972496829114,-16.307743425725654,-6.8306667577258935,6.296624445464079,16.626420156935666,,,,,,,,,,,,-0.06830666757725894,-0.2070972496829114,0.16626420156935665,,249.0,-20.50914172863668,-0.20509141728636682,,
selected_contribution_path,demo-human_decline_bot_rise-884000,human_decline_bot_rise,dynamic_hierarchy,119,fixed_price,9d018b9de9fdf567d73f5985050e16b27d8e3d3b4c30531233e5677558244647,established_a-b112,established_a,112,,,,100,,,,-8.819070377378754,-5.658247597786767,6.048141292501793,23.084461850507434,39.16204341357326,,,,,,,,,,,,0.06048141292501793,-0.08819070377378754,0.39162043413573255,,249.0,-20.50914172863668,-0.20509141728636682,,
selected_contribution_path,demo-human_decline_bot_rise-884000,human_decline_bot_rise,dynamic_hierarchy,119,continue_recent_trend,9d018b9de9fdf567d73f5985050e16b27d8e3d3b4c30531233e5677558244647,established_a-b112,established_a,112,,,,100,,,,-24.43566193879892,-21.002552869393725,-4.649221977660373,52.47339940451078,194.9365378609766,,,,,,,,,,,,-0.04649221977660373,-0.2443566193879892,1.9493653786097662,,249.0,-20.50914172863668,-0.20509141728636682,,
selected_contribution_path,demo-human_decline_bot_rise-884000,human_decline_bot_rise,dynamic_hierarchy,119,continue_recent_trend,9d018b9de9fdf567d73f5985050e16b27d8e3d3b4c30531233e5677558244647,established_a-b112,established_a,112,,,,100,,,,-24.46066193879892,-21.01179085050484,-4.611290999591105,52.957638963440445,195.170434582562,,,,,,,,,,,,-0.046112909995911056,-0.24460661938798922,1.95170434582562,,250.0,-20.53414172863668,-0.2053414172863668,,
selected_contribution_path,demo-human_decline_bot_rise-884000,human_decline_bot_rise,dynamic_hierarchy,119,hold_current,9d018b9de9fdf567d73f5985050e16b27d8e3d3b4c30531233e5677558244647,established_a-b112,established_a,112,,,,100,,,,-20.73472496829114,-16.332743425725653,-6.855666757725892,6.271624445464081,16.607031944918567,,,,,,,,,,,,-0.06855666757725892,-0.2073472496829114,0.16607031944918568,,250.0,-20.53414172863668,-0.2053414172863668,,
selected_contribution_path,demo-human_decline_bot_rise-884000,human_decline_bot_rise,dynamic_hierarchy,119,fixed_price,9d018b9de9fdf567d73f5985050e16b27d8e3d3b4c30531233e5677558244647,established_a-b112,established_a,112,,,,100,,,,-8.844070377378753,-5.681721498347439,6.023141292501794,23.064695267781183,39.25350169270756,,,,,,,,,,,,0.06023141292501794,-0.08844070377378753,0.3925350169270756,,250.0,-20.53414172863668,-0.2053414172863668,,
selected_contribution_path,demo-human_decline_bot_rise-884000,human_decline_bot_rise,dynamic_hierarchy,119,continue_recent_trend,9d018b9de9fdf567d73f5985050e16b27d8e3d3b4c30531233e5677558244647,established_a-b112,established_a,112,,,,100,,,,-24.48566193879892,-21.036704190060195,-4.636290999591104,53.30647811839845,196.35349693713707,,,,,,,,,,,,-0.04636290999591104,-0.2448566193879892,1.9635349693713706,,251.0,-20.55914172863668,-0.2055914172863668,,
selected_contribution_path,demo-human_decline_bot_rise-884000,human_decline_bot_rise,dynamic_hierarchy,119,fixed_price,9d018b9de9fdf567d73f5985050e16b27d8e3d3b4c30531233e5677558244647,established_a-b112,established_a,112,,,,100,,,,-8.869070377378751,-5.706721498347438,5.998141292501796,23.039695267781184,39.22850169270755,,,,,,,,,,,,0.059981412925017956,-0.08869070377378752,0.3922850169270755,,251.0,-20.55914172863668,-0.2055914172863668,,
selected_contribution_path,demo-human_decline_bot_rise-884000,human_decline_bot_rise,dynamic_hierarchy,119,hold_current,9d018b9de9fdf567d73f5985050e16b27d8e3d3b4c30531233e5677558244647,established_a-b112,established_a,112,,,,100,,,,-20.759724968291145,-16.357743425725655,-6.880666757725891,6.246624445464082,16.81956873959618,,,,,,,,,,,,-0.06880666757725891,-0.20759724968291146,0.16819568739596177,,251.0,-20.55914172863668,-0.2055914172863668,,
selected_contribution_path,demo-human_decline_bot_rise-884000,human_decline_bot_rise,dynamic_hierarchy,119,continue_recent_trend,9d018b9de9fdf567d73f5985050e16b27d8e3d3b4c30531233e5677558244647,established_a-b112,established_a,112,,,,100,,,,-24.50952163919924,-21.0617041900602,-4.620927189198234,53.35384865442894,197.51036208171172,,,,,,,,,,,,-0.04620927189198234,-0.2450952163919924,1.975103620817117,,252.0,-20.58414172863668,-0.20584141728636682,,
selected_contribution_path,demo-human_decline_bot_rise-884000,human_decline_bot_rise,dynamic_hierarchy,119,fixed_price,9d018b9de9fdf567d73f5985050e16b27d8e3d3b4c30531233e5677558244647,established_a-b112,established_a,112,,,,100,,,,-8.89407037737875,-5.7317214983474365,5.973141292501797,23.12160078642601,39.20350169270755,,,,,,,,,,,,0.05973141292501797,-0.0889407037737875,0.3920350169270755,,252.0,-20.58414172863668,-0.20584141728636682,,
selected_contribution_path,demo-human_decline_bot_rise-884000,human_decline_bot_rise,dynamic_hierarchy,119,hold_current,9d018b9de9fdf567d73f5985050e16b27d8e3d3b4c30531233e5677558244647,established_a-b112,established_a,112,,,,100,,,,-20.78472496829114,-16.382743425725657,-6.905666757725889,6.221624445464084,16.79456873959618,,,,,,,,,,,,-0.0690566675772589,-0.2078472496829114,0.1679456873959618,,252.0,-20.58414172863668,-0.20584141728636682,,
selected_contribution_path,demo-human_decline_bot_rise-884000,human_decline_bot_rise,dynamic_hierarchy,119,hold_current,9d018b9de9fdf567d73f5985050e16b27d8e3d3b4c30531233e5677558244647,established_a-b112,established_a,112,,,,100,,,,-20.809724968291142,-16.407743425725656,-6.927004463224529,6.8682182824975335,16.76956873959618,,,,,,,,,,,,-0.06927004463224529,-0.20809724968291143,0.1676956873959618,,253.0,-20.60914172863668,-0.2060914172863668,,
selected_contribution_path,demo-human_decline_bot_rise-884000,human_decline_bot_rise,dynamic_hierarchy,119,continue_recent_trend,9d018b9de9fdf567d73f5985050e16b27d8e3d3b4c30531233e5677558244647,established_a-b112,established_a,112,,,,100,,,,-24.533405312373443,-21.0867041900602,-4.542089972307119,53.38250355785728,200.3786334172394,,,,,,,,,,,,-0.045420899723071194,-0.24533405312373444,2.003786334172394,,253.0,-20.60914172863668,-0.2060914172863668,,
selected_contribution_path,demo-human_decline_bot_rise-884000,human_decline_bot_rise,dynamic_hierarchy,119,fixed_price,9d018b9de9fdf567d73f5985050e16b27d8e3d3b4c30531233e5677558244647,established_a-b112,established_a,112,,,,100,,,,-8.916527651304575,-5.582152085079269,5.948141292501799,23.29471459558677,39.17850169270754,,,,,,,,,,,,0.05948141292501799,-0.08916527651304575,0.3917850169270754,,253.0,-20.60914172863668,-0.2060914172863668,,
selected_contribution_path,demo-human_decline_bot_rise-884000,human_decline_bot_rise,dynamic_hierarchy,119,hold_current,9d018b9de9fdf567d73f5985050e16b27d8e3d3b4c30531233e5677558244647,established_a-b112,established_a,112,,,,100,,,,-20.83161589559688,-16.432743425725654,-6.952004463224528,6.846931223973769,16.74645278233699,,,,,,,,,,,,-0.06952004463224527,-0.2083161589559688,0.1674645278233699,,254.0,-20.634141728636678,-0.2063414172863668,,
selected_contribution_path,demo-human_decline_bot_rise-884000,human_decline_bot_rise,dynamic_hierarchy,119,fixed_price,9d018b9de9fdf567d73f5985050e16b27d8e3d3b4c30531233e5677558244647,established_a-b112,established_a,112,,,,100,,,,-8.941527651304574,-5.607152085079267,5.9231412925018,23.26971459558677,39.153501692707536,,,,,,,,,,,,0.059231412925018,-0.08941527651304573,0.3915350169270754,,254.0,-20.634141728636678,-0.2063414172863668,,
selected_contribution_path,demo-human_decline_bot_rise-884000,human_decline_bot_rise,dynamic_hierarchy,119,continue_recent_trend,9d018b9de9fdf567d73f5985050e16b27d8e3d3b4c30531233e5677558244647,established_a-b112,established_a,112,,,,100,,,,-24.55840531237344,-21.1117041900602,-4.567089972307118,53.36077363613695,201.87064644880925,,,,,,,,,,,,-0.04567089972307117,-0.2455840531237344,2.0187064644880923,,254.0,-20.634141728636678,-0.2063414172863668,,
selected_contribution_path,demo-human_decline_bot_rise-884000,human_decline_bot_rise,dynamic_hierarchy,119,hold_current,9d018b9de9fdf567d73f5985050e16b27d8e3d3b4c30531233e5677558244647,established_a-b112,established_a,112,,,,100,,,,-20.855881904703782,-16.457743425725656,-6.977004463224526,6.82193122397377,16.797007995396775,,,,,,,,,,,,-0.06977004463224526,-0.20855881904703782,0.16797007995396776,,255.0,-20.659141728636676,-0.20659141728636676,,
selected_contribution_path,demo-human_decline_bot_rise-884000,human_decline_bot_rise,dynamic_hierarchy,119,fixed_price,9d018b9de9fdf567d73f5985050e16b27d8e3d3b4c30531233e5677558244647,established_a-b112,established_a,112,,,,100,,,,-8.966527651304572,-5.628142747239179,5.898141292501801,23.24949620747548,39.21828172806448,,,,,,,,,,,,0.05898141292501801,-0.08966527651304572,0.3921828172806448,,255.0,-20.659141728636676,-0.20659141728636676,,
selected_contribution_path,demo-human_decline_bot_rise-884000,human_decline_bot_rise,dynamic_hierarchy,119,continue_recent_trend,9d018b9de9fdf567d73f5985050e16b27d8e3d3b4c30531233e5677558244647,established_a-b112,established_a,112,,,,100,,,,-24.58340531237344,-21.13658137551792,-4.576026247041302,53.508533064788914,202.84435824448465,,,,,,,,,,,,-0.04576026247041302,-0.2458340531237344,2.0284435824448463,,255.0,-20.659141728636676,-0.20659141728636676,,
selected_contribution_path,demo-human_decline_bot_rise-884000,human_decline_bot_rise,dynamic_hierarchy,119,hold_current,9d018b9de9fdf567d73f5985050e16b27d8e3d3b4c30531233e5677558244647,established_a-b112,established_a,112,,,,100,,,,-20.880881904703784,-16.482666007886635,-7.002004463224525,6.813472568930049,16.772007995396777,,,,,,,,,,,,-0.07002004463224525,-0.20880881904703785,0.16772007995396776,,256.0,-20.68414172863667,-0.2068414172863667,,
selected_contribution_path,demo-human_decline_bot_rise-884000,human_decline_bot_rise,dynamic_hierarchy,119,continue_recent_trend,9d018b9de9fdf567d73f5985050e16b27d8e3d3b4c30531233e5677558244647,established_a-b112,established_a,112,,,,100,,,,-24.606389723892264,-21.16158137551792,-4.463908280259277,53.62647565427808,203.29394574565305,,,,,,,,,,,,-0.044639082802592774,-0.24606389723892264,2.0329394574565303,,256.0,-20.68414172863667,-0.2068414172863667,,
selected_contribution_path,demo-human_decline_bot_rise-884000,human_decline_bot_rise,dynamic_hierarchy,119,fixed_price,9d018b9de9fdf567d73f5985050e16b27d8e3d3b4c30531233e5677558244647,established_a-b112,established_a,112,,,,100,,,,-8.99152765130457,-5.653142747239178,5.873141292501803,23.22449620747548,39.19328172806447,,,,,,,,,,,,0.058731412925018024,-0.0899152765130457,0.3919328172806447,,256.0,-20.68414172863667,-0.2068414172863667,,
selected_contribution_path,demo-human_decline_bot_rise-884000,human_decline_bot_rise,dynamic_hierarchy,119,hold_current,9d018b9de9fdf567d73f5985050e16b27d8e3d3b4c30531233e5677558244647,established_a-b112,established_a,112,,,,100,,,,-20.905881904703783,-16.507666007886638,-7.027004463224523,6.801446973011959,16.978663133781232,,,,,,,,,,,,-0.07027004463224523,-0.20905881904703782,0.16978663133781233,,257.0,-20.70914172863667,-0.2070914172863667,,
selected_contribution_path,demo-human_decline_bot_rise-884000,human_decline_bot_rise,dynamic_hierarchy,119,continue_recent_trend,9d018b9de9fdf567d73f5985050e16b27d8e3d3b4c30531233e5677558244647,established_a-b112,established_a,112,,,,100,,,,-24.631380069560745,-21.18658137551792,-4.488908280259276,53.62879691290981,206.57725660031585,,,,,,,,,,,,-0.04488908280259276,-0.24631380069560746,2.0657725660031585,,257.0,-20.70914172863667,-0.2070914172863667,,
selected_contribution_path,demo-human_decline_bot_rise-884000,human_decline_bot_rise,dynamic_hierarchy,119,fixed_price,9d018b9de9fdf567d73f5985050e16b27d8e3d3b4c30531233e5677558244647,established_a-b112,established_a,112,,,,100,,,,-9.01652765130457,-5.678142747239177,5.848141292501804,23.19949620747548,39.168281728064464,,,,,,,,,,,,0.058481412925018045,-0.09016527651304569,0.39168281728064464,,257.0,-20.70914172863667,-0.2070914172863667,,
selected_contribution_path,demo-human_decline_bot_rise-884000,human_decline_bot_rise,dynamic_hierarchy,119,fixed_price,9d018b9de9fdf567d73f5985050e16b27d8e3d3b4c30531233e5677558244647,established_a-b112,established_a,112,,,,100,,,,-9.041527651304568,-5.703142747239175,5.840683442142915,23.1755021459924,39.14328172806446,,,,,,,,,,,,0.058406834421429146,-0.09041527651304568,0.3914328172806446,,258.0,-20.73414172863667,-0.20734141728636668,,
selected_contribution_path,demo-human_decline_bot_rise-884000,human_decline_bot_rise,dynamic_hierarchy,119,hold_current,9d018b9de9fdf567d73f5985050e16b27d8e3d3b4c30531233e5677558244647,established_a-b112,established_a,112,,,,100,,,,-20.930881904703785,-16.532666007886636,-7.052004463224522,6.776446973011961,17.17062008973369,,,,,,,,,,,,-0.07052004463224522,-0.20930881904703785,0.17170620089733687,,258.0,-20.73414172863667,-0.20734141728636668,,
selected_contribution_path,demo-human_decline_bot_rise-884000,human_decline_bot_rise,dynamic_hierarchy,119,continue_recent_trend,9d018b9de9fdf567d73f5985050e16b27d8e3d3b4c30531233e5677558244647,established_a-b112,established_a,112,,,,100,,,,-24.65516408878606,-21.211581375517923,-4.513908280259274,53.838663281352176,208.60550933087703,,,,,,,,,,,,-0.04513908280259274,-0.24655164088786058,2.0860550933087705,,258.0,-20.73414172863667,-0.20734141728636668,,
selected_contribution_path,demo-human_decline_bot_rise-884000,human_decline_bot_rise,dynamic_hierarchy,119,fixed_price,9d018b9de9fdf567d73f5985050e16b27d8e3d3b4c30531233e5677558244647,established_a-b112,established_a,112,,,,100,,,,-9.066527651304568,-5.643340256419657,5.815683442142916,23.1505021459924,39.17616792918178,,,,,,,,,,,,0.05815683442142916,-0.09066527651304568,0.3917616792918178,,259.0,-20.759141728636667,-0.20759141728636668,,
selected_contribution_path,demo-human_decline_bot_rise-884000,human_decline_bot_rise,dynamic_hierarchy,119,hold_current,9d018b9de9fdf567d73f5985050e16b27d8e3d3b4c30531233e5677558244647,established_a-b112,established_a,112,,,,100,,,,-20.955881904703787,-16.55766600788664,-7.077004463224521,6.822233960713579,17.216120279230775,,,,,,,,,,,,-0.0707700446322452,-0.20955881904703788,0.17216120279230776,,259.0,-20.759141728636667,-0.20759141728636668,,
selected_contribution_path,demo-human_decline_bot_rise-884000,human_decline_bot_rise,dynamic_hierarchy,119,continue_recent_trend,9d018b9de9fdf567d73f5985050e16b27d8e3d3b4c30531233e5677558244647,established_a-b112,established_a,112,,,,100,,,,-24.68016408878606,-21.23658137551792,-4.449733487307567,54.25714473902837,208.80587244068352,,,,,,,,,,,,-0.04449733487307567,-0.2468016408878606,2.088058724406835,,259.0,-20.759141728636667,-0.20759141728636668,,
selected_contribution_path,demo-human_decline_bot_rise-884000,human_decline_bot_rise,dynamic_hierarchy,119,hold_current,9d018b9de9fdf567d73f5985050e16b27d8e3d3b4c30531233e5677558244647,established_a-b112,established_a,112,,,,100,,,,-20.980881904703782,-16.582666007886637,-7.102004463224519,6.79723396071358,17.191120279230777,,,,,,,,,,,,-0.07102004463224519,-0.20980881904703783,0.17191120279230776,,260.0,-20.784141728636666,-0.20784141728636665,,
selected_contribution_path,demo-human_decline_bot_rise-884000,human_decline_bot_rise,dynamic_hierarchy,119,fixed_price,9d018b9de9fdf567d73f5985050e16b27d8e3d3b4c30531233e5677558244647,established_a-b112,established_a,112,,,,100,,,,-9.091527651304563,-5.667256946791504,5.790683442142917,23.17230721525115,39.49015986293453,,,,,,,,,,,,0.057906834421429174,-0.09091527651304564,0.3949015986293453,,260.0,-20.784141728636666,-0.20784141728636665,,
selected_contribution_path,demo-human_decline_bot_rise-884000,human_decline_bot_rise,dynamic_hierarchy,119,continue_recent_trend,9d018b9de9fdf567d73f5985050e16b27d8e3d3b4c30531233e5677558244647,established_a-b112,established_a,112,,,,100,,,,-24.70516408878606,-21.26158137551792,-4.4747334873075655,55.68411614508275,210.08486325409223,,,,,,,,,,,,-0.04474733487307565,-0.24705164088786058,2.1008486325409224,,260.0,-20.784141728636666,-0.20784141728636665,,
selected_contribution_path,demo-human_decline_bot_rise-884000,human_decline_bot_rise,dynamic_hierarchy,119,hold_current,9d018b9de9fdf567d73f5985050e16b27d8e3d3b4c30531233e5677558244647,established_a-b112,established_a,112,,,,100,,,,-21.005881904703784,-16.60766600788664,-7.127004463224518,6.7722339607135815,17.16612027923078,,,,,,,,,,,,-0.07127004463224518,-0.21005881904703785,0.1716612027923078,,261.0,-20.809141728636664,-0.20809141728636665,,
selected_contribution_path,demo-human_decline_bot_rise-884000,human_decline_bot_rise,dynamic_hierarchy,119,continue_recent_trend,9d018b9de9fdf567d73f5985050e16b27d8e3d3b4c30531233e5677558244647,established_a-b112,established_a,112,,,,100,,,,-24.729779660380856,-21.27928733277421,-4.285191958140635,56.16611510512788,213.2875010536604,,,,,,,,,,,,-0.04285191958140635,-0.24729779660380857,2.132875010536604,,261.0,-20.809141728636664,-0.20809141728636665,,
selected_contribution_path,demo-human_decline_bot_rise-884000,human_decline_bot_rise,dynamic_hierarchy,119,fixed_price,9d018b9de9fdf567d73f5985050e16b27d8e3d3b4c30531233e5677558244647,established_a-b112,established_a,112,,,,100,,,,-9.116527651304564,-5.692256946791503,5.834478225719685,23.14730721525115,39.46901879942829,,,,,,,,,,,,0.05834478225719685,-0.09116527651304564,0.3946901879942829,,261.0,-20.809141728636664,-0.20809141728636665,,
selected_contribution_path,demo-human_decline_bot_rise-884000,human_decline_bot_rise,dynamic_hierarchy,119,continue_recent_trend,9d018b9de9fdf567d73f5985050e16b27d8e3d3b4c30531233e5677558244647,established_a-b112,established_a,112,,,,100,,,,-24.75477966038086,-21.30428733277421,-4.252869677894802,56.3563359338349,216.19647354972585,,,,,,,,,,,,-0.04252869677894802,-0.24754779660380857,2.1619647354972584,,262.0,-20.834141728636663,-0.20834141728636663,,
selected_contribution_path,demo-human_decline_bot_rise-884000,human_decline_bot_rise,dynamic_hierarchy,119,fixed_price,9d018b9de9fdf567d73f5985050e16b27d8e3d3b4c30531233e5677558244647,established_a-b112,established_a,112,,,,100,,,,-9.141527651304562,-5.683537961922616,5.809478225719687,23.125000104817275,39.53572533045131,,,,,,,,,,,,0.058094782257196866,-0.09141527651304562,0.39535725330451305,,262.0,-20.834141728636663,-0.20834141728636663,,
selected_contribution_path,demo-human_decline_bot_rise-884000,human_decline_bot_rise,dynamic_hierarchy,119,hold_current,9d018b9de9fdf567d73f5985050e16b27d8e3d3b4c30531233e5677558244647,established_a-b112,established_a,112,,,,100,,,,-21.030881904703783,-16.632666007886638,-7.152004463224516,6.747233960713583,17.14112027923078,,,,,,,,,,,,-0.07152004463224516,-0.21030881904703783,0.1714112027923078,,262.0,-20.834141728636663,-0.20834141728636663,,
selected_contribution_path,demo-human_decline_bot_rise-884000,human_decline_bot_rise,dynamic_hierarchy,119,fixed_price,9d018b9de9fdf567d73f5985050e16b27d8e3d3b4c30531233e5677558244647,established_a-b112,established_a,112,,,,100,,,,-9.031769708203232,-5.708537961922614,5.784478225719688,23.10000010481728,39.5697540881941,,,,,,,,,,,,0.057844782257196886,-0.09031769708203231,0.39569754088194103,,263.0,-20.85914172863666,-0.20859141728636663,,
selected_contribution_path,demo-human_decline_bot_rise-884000,human_decline_bot_rise,dynamic_hierarchy,119,continue_recent_trend,9d018b9de9fdf567d73f5985050e16b27d8e3d3b4c30531233e5677558244647,established_a-b112,established_a,112,,,,100,,,,-24.779779660380857,-21.32928733277421,-4.264498225353929,56.391156040393874,221.42527144998263,,,,,,,,,,,,-0.04264498225353929,-0.24779779660380857,2.2142527144998265,,263.0,-20.85914172863666,-0.20859141728636663,,
selected_contribution_path,demo-human_decline_bot_rise-884000,human_decline_bot_rise,dynamic_hierarchy,119,hold_current,9d018b9de9fdf567d73f5985050e16b27d8e3d3b4c30531233e5677558244647,established_a-b112,established_a,112,,,,100,,,,-21.024767586525755,-16.65766600788664,-7.143402139246383,6.722233960713584,17.161180027720096,,,,,,,,,,,,-0.07143402139246384,-0.21024767586525756,0.17161180027720097,,263.0,-20.85914172863666,-0.20859141728636663,,
selected_contribution_path,demo-human_decline_bot_rise-884000,human_decline_bot_rise,dynamic_hierarchy,119,continue_recent_trend,9d018b9de9fdf567d73f5985050e16b27d8e3d3b4c30531233e5677558244647,established_a-b112,established_a,112,,,,100,,,,-24.804214833619724,-21.352662224591377,-4.286683160937185,56.70628907979999,222.46169353837317,,,,,,,,,,,,-0.04286683160937185,-0.24804214833619725,2.2246169353837315,,264.0,-20.88414172863666,-0.2088414172863666,,
selected_contribution_path,demo-human_decline_bot_rise-884000,human_decline_bot_rise,dynamic_hierarchy,119,fixed_price,9d018b9de9fdf567d73f5985050e16b27d8e3d3b4c30531233e5677558244647,established_a-b112,established_a,112,,,,100,,,,-9.05676970820323,-5.722893185618684,5.75947822571969,23.07500010481728,39.5447540881941,,,,,,,,,,,,0.0575947822571969,-0.0905676970820323,0.39544754088194095,,264.0,-20.88414172863666,-0.2088414172863666,,
selected_contribution_path,demo-human_decline_bot_rise-884000,human_decline_bot_rise,dynamic_hierarchy,119,hold_current,9d018b9de9fdf567d73f5985050e16b27d8e3d3b4c30531233e5677558244647,established_a-b112,established_a,112,,,,100,,,,-21.049767586525757,-16.676135071968538,-7.168402139246382,6.697233960713586,17.159629956978208,,,,,,,,,,,,-0.07168402139246383,-0.21049767586525758,0.17159629956978206,,264.0,-20.88414172863666,-0.2088414172863666,,
selected_contribution_path,demo-human_decline_bot_rise-884000,human_decline_bot_rise,dynamic_hierarchy,119,hold_current,9d018b9de9fdf567d73f5985050e16b27d8e3d3b4c30531233e5677558244647,established_a-b112,established_a,112,,,,100,,,,-21.074767586525752,-16.70113507196854,-7.1934021392463805,6.672233960713587,17.13462995697821,,,,,,,,,,,,-0.0719340213924638,-0.21074767586525753,0.1713462995697821,,265.0,-20.90914172863666,-0.2090914172863666,,
selected_contribution_path,demo-human_decline_bot_rise-884000,human_decline_bot_rise,dynamic_hierarchy,119,fixed_price,9d018b9de9fdf567d73f5985050e16b27d8e3d3b4c30531233e5677558244647,established_a-b112,established_a,112,,,,100,,,,-9.081769708203227,-5.747893185618683,5.734478225719691,23.05000010481728,39.5442166995776,,,,,,,,,,,,0.05734478225719691,-0.09081769708203227,0.39544216699577606,,265.0,-20.90914172863666,-0.2090914172863666,,
selected_contribution_path,demo-human_decline_bot_rise-884000,human_decline_bot_rise,dynamic_hierarchy,119,continue_recent_trend,9d018b9de9fdf567d73f5985050e16b27d8e3d3b4c30531233e5677558244647,established_a-b112,established_a,112,,,,100,,,,-24.829214833619723,-21.377662224591376,-4.290680572336388,56.68882591950299,223.6814229720462,,,,,,,,,,,,-0.04290680572336388,-0.24829214833619723,2.236814229720462,,265.0,-20.90914172863666,-0.2090914172863666,,
selected_contribution_path,demo-human_decline_bot_rise-884000,human_decline_bot_rise,dynamic_hierarchy,119,continue_recent_trend,9d018b9de9fdf567d73f5985050e16b27d8e3d3b4c30531233e5677558244647,established_a-b112,established_a,112,,,,100,,,,-24.85421483361972,-21.402662224591374,-4.311879672421748,57.05642971601429,225.011641381986,,,,,,,,,,,,-0.04311879672421748,-0.24854214833619723,2.25011641381986,,266.0,-20.934141728636657,-0.20934141728636657,,
selected_contribution_path,demo-human_decline_bot_rise-884000,human_decline_bot_rise,dynamic_hierarchy,119,fixed_price,9d018b9de9fdf567d73f5985050e16b27d8e3d3b4c30531233e5677558244647,established_a-b112,established_a,112,,,,100,,,,-9.106769708203228,-5.772893185618681,5.7094782257196925,23.02500010481728,39.5192166995776,,,,,,,,,,,,0.05709478225719693,-0.09106769708203227,0.395192166995776,,266.0,-20.934141728636657,-0.20934141728636657,,
selected_contribution_path,demo-human_decline_bot_rise-884000,human_decline_bot_rise,dynamic_hierarchy,119,hold_current,9d018b9de9fdf567d73f5985050e16b27d8e3d3b4c30531233e5677558244647,established_a-b112,established_a,112,,,,100,,,,-21.099767586525758,-16.72613507196854,-7.218402139246379,6.669671061250739,17.10962995697821,,,,,,,,,,,,-0.07218402139246378,-0.21099767586525758,0.17109629956978212,,266.0,-20.934141728636657,-0.20934141728636657,,
selected_contribution_path,demo-human_decline_bot_rise-884000,human_decline_bot_rise,dynamic_hierarchy,119,continue_recent_trend,9d018b9de9fdf567d73f5985050e16b27d8e3d3b4c30531233e5677558244647,established_a-b112,established_a,112,,,,100,,,,-24.879192432958614,-21.42766222459138,-4.333140246741234,57.35041838451438,225.37930174618197,,,,,,,,,,,,-0.043331402467412336,-0.24879192432958613,2.2537930174618195,,267.0,-20.959141728636656,-0.20959141728636654,,
selected_contribution_path,demo-human_decline_bot_rise-884000,human_decline_bot_rise,dynamic_hierarchy,119,hold_current,9d018b9de9fdf567d73f5985050e16b27d8e3d3b4c30531233e5677558244647,established_a-b112,established_a,112,,,,100,,,,-21.12476758652576,-16.75113507196854,-7.223303538790853,6.64467106125074,17.08488482862209,,,,,,,,,,,,-0.07223303538790854,-0.2112476758652576,0.1708488482862209,,267.0,-20.959141728636656,-0.20959141728636654,,
selected_contribution_path,demo-human_decline_bot_rise-884000,human_decline_bot_rise,dynamic_hierarchy,119,fixed_price,9d018b9de9fdf567d73f5985050e16b27d8e3d3b4c30531233e5677558244647,established_a-b112,established_a,112,,,,100,,,,-9.130506764950397,-5.79789318561868,5.692254465004204,23.2389785238274,39.49421669957759,,,,,,,,,,,,0.05692254465004204,-0.09130506764950397,0.39494216699577595,,267.0,-20.959141728636656,-0.20959141728636654,,
selected_contribution_path,demo-human_decline_bot_rise-884000,human_decline_bot_rise,dynamic_hierarchy,119,continue_recent_trend,9d018b9de9fdf567d73f5985050e16b27d8e3d3b4c30531233e5677558244647,established_a-b112,established_a,112,,,,100,,,,-24.904192432958617,-21.45266222459138,-4.347188475864835,57.35646872125791,226.13383005170832,,,,,,,,,,,,-0.04347188475864835,-0.24904192432958616,2.261338300517083,,268.0,-20.89540702544154,-0.2089540702544154,,
selected_contribution_path,demo-human_decline_bot_rise-884000,human_decline_bot_rise,dynamic_hierarchy,119,fixed_price,9d018b9de9fdf567d73f5985050e16b27d8e3d3b4c30531233e5677558244647,established_a-b112,established_a,112,,,,100,,,,-9.155506764950395,-5.822893185618678,5.670941837624387,23.213978523827404,39.46921669957759,,,,,,,,,,,,0.05670941837624387,-0.09155506764950395,0.3946921669957759,,268.0,-20.89540702544154,-0.2089540702544154,,
selected_contribution_path,demo-human_decline_bot_rise-884000,human_decline_bot_rise,dynamic_hierarchy,119,hold_current,9d018b9de9fdf567d73f5985050e16b27d8e3d3b4c30531233e5677558244647,established_a-b112,established_a,112,,,,100,,,,-21.149767586525755,-16.77613507196854,-7.248303538790852,6.619671061250742,17.059884828622092,,,,,,,,,,,,-0.07248303538790851,-0.21149767586525756,0.17059884828622093,,268.0,-20.89540702544154,-0.2089540702544154,,
selected_contribution_path,demo-human_decline_bot_rise-884000,human_decline_bot_rise,dynamic_hierarchy,119,hold_current,9d018b9de9fdf567d73f5985050e16b27d8e3d3b4c30531233e5677558244647,established_a-b112,established_a,112,,,,100,,,,-21.164777653539357,-16.761817929094388,-7.27330353879085,6.594671061250743,17.034884828622094,,,,,,,,,,,,-0.0727330353879085,-0.21164777653539357,0.17034884828622093,,269.0,-20.920407025441538,-0.20920407025441537,,
selected_contribution_path,demo-human_decline_bot_rise-884000,human_decline_bot_rise,dynamic_hierarchy,119,fixed_price,9d018b9de9fdf567d73f5985050e16b27d8e3d3b4c30531233e5677558244647,established_a-b112,established_a,112,,,,100,,,,-9.180506764950394,-5.847893185618677,5.645941837624388,23.35192653441013,39.44421669957758,,,,,,,,,,,,0.05645941837624388,-0.09180506764950394,0.39444216699577583,,269.0,-20.920407025441538,-0.20920407025441537,,
selected_contribution_path,demo-human_decline_bot_rise-884000,human_decline_bot_rise,dynamic_hierarchy,119,continue_recent_trend,9d018b9de9fdf567d73f5985050e16b27d8e3d3b4c30531233e5677558244647,established_a-b112,established_a,112,,,,100,,,,-24.929099815872835,-21.477662224591377,-4.363319606634761,57.50102458391792,228.12732267249052,,,,,,,,,,,,-0.04363319606634761,-0.24929099815872835,2.281273226724905,,269.0,-20.920407025441538,-0.20920407025441537,,
selected_contribution_path,demo-human_decline_bot_rise-884000,human_decline_bot_rise,dynamic_hierarchy,119,continue_recent_trend,9d018b9de9fdf567d73f5985050e16b27d8e3d3b4c30531233e5677558244647,established_a-b112,established_a,112,,,,100,,,,-24.95409981587284,-21.50266222459138,-4.369664675955159,58.75109116513315,229.9671591111892,,,,,,,,,,,,-0.04369664675955159,-0.2495409981587284,2.299671591111892,,270.0,-20.945407025441536,-0.20945407025441537,,
selected_contribution_path,demo-human_decline_bot_rise-884000,human_decline_bot_rise,dynamic_hierarchy,119,fixed_price,9d018b9de9fdf567d73f5985050e16b27d8e3d3b4c30531233e5677558244647,established_a-b112,established_a,112,,,,100,,,,-9.205506764950393,-5.872893185618676,5.62094183762439,23.419661679686435,39.419216699577575,,,,,,,,,,,,0.056209418376243894,-0.09205506764950393,0.39419216699577575,,270.0,-20.945407025441536,-0.20945407025441537,,
selected_contribution_path,demo-human_decline_bot_rise-884000,human_decline_bot_rise,dynamic_hierarchy,119,hold_current,9d018b9de9fdf567d73f5985050e16b27d8e3d3b4c30531233e5677558244647,established_a-b112,established_a,112,,,,100,,,,-21.189777653539352,-16.690188628963295,-7.298303538790849,6.573037887701705,17.009884828622095,,,,,,,,,,,,-0.07298303538790848,-0.21189777653539352,0.17009884828622096,,270.0,-20.945407025441536,-0.20945407025441537,,
selected_contribution_path,demo-human_decline_bot_rise-884000,human_decline_bot_rise,dynamic_hierarchy,119,hold_current,9d018b9de9fdf567d73f5985050e16b27d8e3d3b4c30531233e5677558244647,established_a-b112,established_a,112,,,,100,,,,-21.214777653539358,-16.715188628963297,-7.265214445688903,6.548037887701707,16.984884828622096,,,,,,,,,,,,-0.07265214445688903,-0.21214777653539357,0.16984884828622096,,271.0,-20.97040702544153,-0.20970407025441531,,
selected_contribution_path,demo-human_decline_bot_rise-884000,human_decline_bot_rise,dynamic_hierarchy,119,continue_recent_trend,9d018b9de9fdf567d73f5985050e16b27d8e3d3b4c30531233e5677558244647,established_a-b112,established_a,112,,,,100,,,,-24.978914599094978,-21.52766222459138,-4.389207382872518,59.44362376360338,231.4115951555787,,,,,,,,,,,,-0.04389207382872518,-0.24978914599094978,2.314115951555787,,271.0,-20.97040702544153,-0.20970407025441531,,
selected_contribution_path,demo-human_decline_bot_rise-884000,human_decline_bot_rise,dynamic_hierarchy,119,fixed_price,9d018b9de9fdf567d73f5985050e16b27d8e3d3b4c30531233e5677558244647,established_a-b112,established_a,112,,,,100,,,,-9.230506764950391,-5.897893185618674,5.595941837624391,23.39466167968644,39.58163511024117,,,,,,,,,,,,0.05595941837624391,-0.09230506764950391,0.39581635110241176,,271.0,-20.97040702544153,-0.20970407025441531,,
selected_contribution_path,demo-human_decline_bot_rise-884000,human_decline_bot_rise,dynamic_hierarchy,119,fixed_price,9d018b9de9fdf567d73f5985050e16b27d8e3d3b4c30531233e5677558244647,established_a-b112,established_a,112,,,,100,,,,-9.25550676495039,-5.922893185618673,5.570941837624392,23.72772788445251,39.55663511024117,,,,,,,,,,,,0.05570941837624392,-0.0925550676495039,0.3955663511024117,,272.0,-20.995407025441533,-0.20995407025441534,,
selected_contribution_path,demo-human_decline_bot_rise-884000,human_decline_bot_rise,dynamic_hierarchy,119,continue_recent_trend,9d018b9de9fdf567d73f5985050e16b27d8e3d3b4c30531233e5677558244647,established_a-b112,established_a,112,,,,100,,,,-25.003914599094976,-21.55266222459138,-4.358673958635077,60.33473256665095,232.7522654119288,,,,,,,,,,,,-0.043586739586350766,-0.2500391459909498,2.3275226541192877,,272.0,-20.995407025441533,-0.20995407025441534,,
selected_contribution_path,demo-human_decline_bot_rise-884000,human_decline_bot_rise,dynamic_hierarchy,119,hold_current,9d018b9de9fdf567d73f5985050e16b27d8e3d3b4c30531233e5677558244647,established_a-b112,established_a,112,,,,100,,,,-21.23977765353936,-16.7401886289633,-7.140238717099042,6.529378422473215,16.959884828622098,,,,,,,,,,,,-0.07140238717099041,-0.2123977765353936,0.169598848286221,,272.0,-20.995407025441533,-0.20995407025441534,,
selected_contribution_path,demo-human_decline_bot_rise-884000,human_decline_bot_rise,dynamic_hierarchy,119,fixed_price,9d018b9de9fdf567d73f5985050e16b27d8e3d3b4c30531233e5677558244647,established_a-b112,established_a,112,,,,100,,,,-9.280506764950388,-5.849914117281074,5.545941837624394,23.72537758181564,39.53163511024116,,,,,,,,,,,,0.055459418376243935,-0.09280506764950389,0.3953163511024116,,273.0,-21.02040702544153,-0.2102040702544153,,
selected_contribution_path,demo-human_decline_bot_rise-884000,human_decline_bot_rise,dynamic_hierarchy,119,hold_current,9d018b9de9fdf567d73f5985050e16b27d8e3d3b4c30531233e5677558244647,established_a-b112,established_a,112,,,,100,,,,-21.264777653539355,-16.765188628963298,-7.071663869926876,6.504378422473216,17.03956339772312,,,,,,,,,,,,-0.07071663869926877,-0.21264777653539355,0.1703956339772312,,273.0,-21.02040702544153,-0.2102040702544153,,
selected_contribution_path,demo-human_decline_bot_rise-884000,human_decline_bot_rise,dynamic_hierarchy,119,continue_recent_trend,9d018b9de9fdf567d73f5985050e16b27d8e3d3b4c30531233e5677558244647,established_a-b112,established_a,112,,,,100,,,,-25.028007195494727,-21.57766222459138,-4.383673958635075,60.44834195396773,233.1887552336221,,,,,,,,,,,,-0.04383673958635075,-0.2502800719549473,2.331887552336221,,273.0,-21.02040702544153,-0.2102040702544153,,
selected_contribution_path,demo-human_decline_bot_rise-884000,human_decline_bot_rise,dynamic_hierarchy,119,continue_recent_trend,9d018b9de9fdf567d73f5985050e16b27d8e3d3b4c30531233e5677558244647,established_a-b112,established_a,112,,,,100,,,,-25.053002466248103,-21.60266039940152,-4.408673958635074,60.70083778174142,236.33221614109524,,,,,,,,,,,,-0.04408673958635074,-0.25053002466248103,2.3633221614109523,,274.0,-21.04540702544153,-0.21045407025441532,,
selected_contribution_path,demo-human_decline_bot_rise-884000,human_decline_bot_rise,dynamic_hierarchy,119,hold_current,9d018b9de9fdf567d73f5985050e16b27d8e3d3b4c30531233e5677558244647,established_a-b112,established_a,112,,,,100,,,,-21.224179716423304,-16.790188628963296,-7.096663869926875,6.479378422473218,17.014563397723123,,,,,,,,,,,,-0.07096663869926875,-0.21224179716423305,0.17014563397723123,,274.0,-21.04540702544153,-0.21045407025441532,,
selected_contribution_path,demo-human_decline_bot_rise-884000,human_decline_bot_rise,dynamic_hierarchy,119,fixed_price,9d018b9de9fdf567d73f5985050e16b27d8e3d3b4c30531233e5677558244647,established_a-b112,established_a,112,,,,100,,,,-9.305506764950389,-5.874914117281072,5.547230558770966,23.76049174950492,39.50663511024116,,,,,,,,,,,,0.055472305587709665,-0.09305506764950389,0.3950663511024116,,274.0,-21.04540702544153,-0.21045407025441532,,
selected_contribution_path,demo-human_decline_bot_rise-884000,human_decline_bot_rise,dynamic_hierarchy,119,hold_current,9d018b9de9fdf567d73f5985050e16b27d8e3d3b4c30531233e5677558244647,established_a-b112,established_a,112,,,,100,,,,-21.229762903269283,-16.8151886289633,-7.1216638699268735,6.454378422473219,16.989563397723124,,,,,,,,,,,,-0.07121663869926874,-0.21229762903269284,0.16989563397723123,,275.0,-21.07040702544153,-0.2107040702544153,,
selected_contribution_path,demo-human_decline_bot_rise-884000,human_decline_bot_rise,dynamic_hierarchy,119,fixed_price,9d018b9de9fdf567d73f5985050e16b27d8e3d3b4c30531233e5677558244647,established_a-b112,established_a,112,,,,100,,,,-9.330506764950384,-5.756850599656184,5.563265239373678,23.735491749504924,39.48163511024115,,,,,,,,,,,,0.05563265239373678,-0.09330506764950383,0.3948163511024115,,275.0,-21.07040702544153,-0.2107040702544153,,
selected_contribution_path,demo-human_decline_bot_rise-884000,human_decline_bot_rise,dynamic_hierarchy,119,continue_recent_trend,9d018b9de9fdf567d73f5985050e16b27d8e3d3b4c30531233e5677558244647,established_a-b112,established_a,112,,,,100,,,,-25.07758068317421,-21.59531460641547,-4.433673958635072,60.93022802924877,238.3313834911963,,,,,,,,,,,,-0.044336739586350725,-0.2507758068317421,2.383313834911963,,275.0,-21.07040702544153,-0.2107040702544153,,
selected_contribution_path,demo-human_decline_bot_rise-884000,human_decline_bot_rise,dynamic_hierarchy,119,hold_current,9d018b9de9fdf567d73f5985050e16b27d8e3d3b4c30531233e5677558244647,established_a-b112,established_a,112,,,,100,,,,-21.254762903269285,-16.8401886289633,-7.099641868236633,6.435846809029151,16.964563397723126,,,,,,,,,,,,-0.07099641868236634,-0.21254762903269284,0.16964563397723126,,276.0,-21.095407025441528,-0.2109540702544153,,
selected_contribution_path,demo-human_decline_bot_rise-884000,human_decline_bot_rise,dynamic_hierarchy,119,continue_recent_trend,9d018b9de9fdf567d73f5985050e16b27d8e3d3b4c30531233e5677558244647,established_a-b112,established_a,112,,,,100,,,,-25.102580683174214,-21.60441499724589,-4.458673958635071,61.02756376559619,240.38066529929355,,,,,,,,,,,,-0.04458673958635071,-0.25102580683174214,2.4038066529929356,,276.0,-21.095407025441528,-0.2109540702544153,,
selected_contribution_path,demo-human_decline_bot_rise-884000,human_decline_bot_rise,dynamic_hierarchy,119,fixed_price,9d018b9de9fdf567d73f5985050e16b27d8e3d3b4c30531233e5677558244647,established_a-b112,established_a,112,,,,100,,,,-9.35549324460609,-5.696549525615529,5.538265239373679,23.710491749504925,39.456635110241145,,,,,,,,,,,,0.05538265239373679,-0.09355493244606089,0.39456635110241145,,276.0,-21.095407025441528,-0.2109540702544153,,
selected_contribution_path,demo-human_decline_bot_rise-884000,human_decline_bot_rise,dynamic_hierarchy,119,fixed_price,9d018b9de9fdf567d73f5985050e16b27d8e3d3b4c30531233e5677558244647,established_a-b112,established_a,112,,,,100,,,,-9.380493244606088,-5.701117627045708,5.570806765227722,23.685540101690183,39.49246122425559,,,,,,,,,,,,0.055708067652277225,-0.09380493244606088,0.39492461224255593,,277.0,-21.120407025441526,-0.21120407025441526,,
selected_contribution_path,demo-human_decline_bot_rise-884000,human_decline_bot_rise,dynamic_hierarchy,119,hold_current,9d018b9de9fdf567d73f5985050e16b27d8e3d3b4c30531233e5677558244647,established_a-b112,established_a,112,,,,100,,,,-21.230736465999296,-16.8651886289633,-7.086509913766781,7.20168509039172,16.939563397723127,,,,,,,,,,,,-0.07086509913766781,-0.21230736465999298,0.16939563397723126,,277.0,-21.120407025441526,-0.21120407025441526,,
selected_contribution_path,demo-human_decline_bot_rise-884000,human_decline_bot_rise,dynamic_hierarchy,119,continue_recent_trend,9d018b9de9fdf567d73f5985050e16b27d8e3d3b4c30531233e5677558244647,established_a-b112,established_a,112,,,,100,,,,-25.127233515565905,-21.62941499724589,-4.48367395863507,61.133532475397466,241.01073521570368,,,,,,,,,,,,-0.0448367395863507,-0.25127233515565905,2.410107352157037,,277.0,-21.120407025441526,-0.21120407025441526,,
selected_contribution_path,demo-human_decline_bot_rise-884000,human_decline_bot_rise,dynamic_hierarchy,119,continue_recent_trend,9d018b9de9fdf567d73f5985050e16b27d8e3d3b4c30531233e5677558244647,established_a-b112,established_a,112,,,,100,,,,-25.152233515565904,-21.65441499724589,-4.508673958635068,61.53528851032525,242.26581275640208,,,,,,,,,,,,-0.045086739586350684,-0.251522335155659,2.422658127564021,,278.0,-21.145407025441525,-0.21145407025441526,,
selected_contribution_path,demo-human_decline_bot_rise-884000,human_decline_bot_rise,dynamic_hierarchy,119,fixed_price,9d018b9de9fdf567d73f5985050e16b27d8e3d3b4c30531233e5677558244647,established_a-b112,established_a,112,,,,100,,,,-9.405493244606086,-5.726117627045706,5.597727055909342,23.66057535430297,39.46746122425559,,,,,,,,,,,,0.05597727055909342,-0.09405493244606086,0.39467461224255584,,278.0,-21.145407025441525,-0.21145407025441526,,
selected_contribution_path,demo-human_decline_bot_rise-884000,human_decline_bot_rise,dynamic_hierarchy,119,hold_current,9d018b9de9fdf567d73f5985050e16b27d8e3d3b4c30531233e5677558244647,established_a-b112,established_a,112,,,,100,,,,-21.209708445405138,-16.890188628963298,-7.111509913766779,7.176685090391722,16.91456339772313,,,,,,,,,,,,-0.0711150991376678,-0.21209708445405137,0.16914563397723129,,278.0,-21.145407025441525,-0.21145407025441526,,
selected_contribution_path,demo-human_decline_bot_rise-884000,human_decline_bot_rise,dynamic_hierarchy,119,hold_current,9d018b9de9fdf567d73f5985050e16b27d8e3d3b4c30531233e5677558244647,established_a-b112,established_a,112,,,,100,,,,-21.23470844540514,-16.9151886289633,-7.136509913766778,7.151685090391723,16.904907317645517,,,,,,,,,,,,-0.07136509913766778,-0.2123470844540514,0.16904907317645518,,279.0,-21.170407025441524,-0.21170407025441523,,
selected_contribution_path,demo-human_decline_bot_rise-884000,human_decline_bot_rise,dynamic_hierarchy,119,fixed_price,9d018b9de9fdf567d73f5985050e16b27d8e3d3b4c30531233e5677558244647,established_a-b112,established_a,112,,,,100,,,,-9.430493244606083,-5.751117627045705,5.60184333745384,23.635575354302976,39.44246122425558,,,,,,,,,,,,0.0560184333745384,-0.09430493244606084,0.3944246122425558,,279.0,-21.170407025441524,-0.21170407025441523,,
selected_contribution_path,demo-human_decline_bot_rise-884000,human_decline_bot_rise,dynamic_hierarchy,119,continue_recent_trend,9d018b9de9fdf567d73f5985050e16b27d8e3d3b4c30531233e5677558244647,established_a-b112,established_a,112,,,,100,,,,-25.177233515565906,-21.67941499724589,-4.502227730815967,61.70485844747657,248.0021156598788,,,,,,,,,,,,-0.04502227730815967,-0.25177233515565905,2.480021156598788,,279.0,-21.170407025441524,-0.21170407025441523,,
selected_contribution_path,demo-human_decline_bot_rise-884000,human_decline_bot_rise,dynamic_hierarchy,119,fixed_price,9d018b9de9fdf567d73f5985050e16b27d8e3d3b4c30531233e5677558244647,established_a-b112,established_a,112,,,,100,,,,-9.455493244606084,-5.776117627045704,5.576843337453841,23.73585724132095,39.623948653554166,,,,,,,,,,,,0.05576843337453841,-0.09455493244606084,0.39623948653554164,,280.0,-21.19540702544152,-0.21195407025441518,,
selected_contribution_path,demo-human_decline_bot_rise-884000,human_decline_bot_rise,dynamic_hierarchy,119,continue_recent_trend,9d018b9de9fdf567d73f5985050e16b27d8e3d3b4c30531233e5677558244647,established_a-b112,established_a,112,,,,100,,,,-25.2006868201706,-21.70441499724589,-4.527227730815966,61.71068032697524,249.76516631585065,,,,,,,,,,,,-0.04527227730815966,-0.252006868201706,2.4976516631585066,,280.0,-21.19540702544152,-0.21195407025441518,,
selected_contribution_path,demo-human_decline_bot_rise-884000,human_decline_bot_rise,dynamic_hierarchy,119,hold_current,9d018b9de9fdf567d73f5985050e16b27d8e3d3b4c30531233e5677558244647,established_a-b112,established_a,112,,,,100,,,,-21.25970250704408,-16.940188628963302,-7.161509913766777,7.1266850903917245,17.172325356989244,,,,,,,,,,,,-0.07161509913766777,-0.2125970250704408,0.17172325356989243,,280.0,-21.19540702544152,-0.21195407025441518,,
selected_contribution_path,demo-human_decline_bot_rise-884000,human_decline_bot_rise,dynamic_hierarchy,119,fixed_price,9d018b9de9fdf567d73f5985050e16b27d8e3d3b4c30531233e5677558244647,established_a-b112,established_a,112,,,,100,,,,-9.480493244606082,-5.801117627045702,5.582560359872495,23.71085724132095,39.59894865355416,,,,,,,,,,,,0.05582560359872495,-0.09480493244606082,0.3959894865355416,,281.0,-21.22040702544152,-0.2122040702544152,,
selected_contribution_path,demo-human_decline_bot_rise-884000,human_decline_bot_rise,dynamic_hierarchy,119,hold_current,9d018b9de9fdf567d73f5985050e16b27d8e3d3b4c30531233e5677558244647,established_a-b112,established_a,112,,,,100,,,,-21.28470250704408,-16.960881412031124,-7.186509913766775,7.101685090391726,17.147325356989246,,,,,,,,,,,,-0.07186509913766775,-0.21284702507044082,0.17147325356989246,,281.0,-21.22040702544152,-0.2122040702544152,,
selected_contribution_path,demo-human_decline_bot_rise-884000,human_decline_bot_rise,dynamic_hierarchy,119,continue_recent_trend,9d018b9de9fdf567d73f5985050e16b27d8e3d3b4c30531233e5677558244647,established_a-b112,established_a,112,,,,100,,,,-25.220661892391544,-21.729299226871326,-4.552227730815964,61.88184898913019,250.68208346081784,,,,,,,,,,,,-0.045522277308159644,-0.25220661892391544,2.5068208346081784,,281.0,-21.22040702544152,-0.2122040702544152,,
selected_contribution_path,demo-human_decline_bot_rise-884000,human_decline_bot_rise,dynamic_hierarchy,119,continue_recent_trend,9d018b9de9fdf567d73f5985050e16b27d8e3d3b4c30531233e5677558244647,established_a-b112,established_a,112,,,,100,,,,-25.245661892391546,-21.750589818338177,-4.568780263357326,62.105626389458514,255.0271154649212,,,,,,,,,,,,-0.045687802633573256,-0.25245661892391547,2.550271154649212,,282.0,-21.24540702544152,-0.2124540702544152,,
selected_contribution_path,demo-human_decline_bot_rise-884000,human_decline_bot_rise,dynamic_hierarchy,119,hold_current,9d018b9de9fdf567d73f5985050e16b27d8e3d3b4c30531233e5677558244647,established_a-b112,established_a,112,,,,100,,,,-21.30970250704408,-16.985881412031127,-7.211509913766774,7.076685090391727,17.122325356989247,,,,,,,,,,,,-0.07211509913766774,-0.2130970250704408,0.17122325356989246,,282.0,-21.24540702544152,-0.2124540702544152,,
selected_contribution_path,demo-human_decline_bot_rise-884000,human_decline_bot_rise,dynamic_hierarchy,119,fixed_price,9d018b9de9fdf567d73f5985050e16b27d8e3d3b4c30531233e5677558244647,established_a-b112,established_a,112,,,,100,,,,-9.50549324460608,-5.826117627045701,5.559009184743221,23.685857241320956,39.57394865355416,,,,,,,,,,,,0.055590091847432216,-0.09505493244606081,0.39573948653554164,,282.0,-21.24540702544152,-0.2124540702544152,,
selected_contribution_path,demo-human_decline_bot_rise-884000,human_decline_bot_rise,dynamic_hierarchy,119,hold_current,9d018b9de9fdf567d73f5985050e16b27d8e3d3b4c30531233e5677558244647,established_a-b112,established_a,112,,,,100,,,,-21.33470250704408,-17.010881412031125,-7.236509913766772,7.056563128823136,17.09732535698925,,,,,,,,,,,,-0.07236509913766773,-0.21334702507044082,0.17097325356989249,,283.0,-21.27040702544152,-0.2127040702544152,,
selected_contribution_path,demo-human_decline_bot_rise-884000,human_decline_bot_rise,dynamic_hierarchy,119,fixed_price,9d018b9de9fdf567d73f5985050e16b27d8e3d3b4c30531233e5677558244647,established_a-b112,established_a,112,,,,100,,,,-9.53049324460608,-5.851117627045699,5.604730029015943,23.660857241320954,39.54894865355415,,,,,,,,,,,,0.05604730029015943,-0.0953049324460608,0.3954894865355415,,283.0,-21.27040702544152,-0.2127040702544152,,
selected_contribution_path,demo-human_decline_bot_rise-884000,human_decline_bot_rise,dynamic_hierarchy,119,continue_recent_trend,9d018b9de9fdf567d73f5985050e16b27d8e3d3b4c30531233e5677558244647,established_a-b112,established_a,112,,,,100,,,,-25.27066189239154,-21.77558410093424,-4.593780263357324,62.12178922085759,259.09040951127,,,,,,,,,,,,-0.04593780263357324,-0.2527066189239154,2.5909040951127,,283.0,-21.27040702544152,-0.2127040702544152,,
selected_contribution_path,demo-human_decline_bot_rise-884000,human_decline_bot_rise,dynamic_hierarchy,119,fixed_price,9d018b9de9fdf567d73f5985050e16b27d8e3d3b4c30531233e5677558244647,established_a-b112,established_a,112,,,,100,,,,-9.521541019054643,-5.876117627045698,5.579730029015945,23.63585724132096,39.52394865355414,,,,,,,,,,,,0.055797300290159446,-0.09521541019054643,0.3952394865355414,,284.0,-21.29540702544152,-0.2129540702544152,,
selected_contribution_path,demo-human_decline_bot_rise-884000,human_decline_bot_rise,dynamic_hierarchy,119,continue_recent_trend,9d018b9de9fdf567d73f5985050e16b27d8e3d3b4c30531233e5677558244647,established_a-b112,established_a,112,,,,100,,,,-25.295661892391543,-21.80058410093424,-4.618780263357323,62.63849570345332,262.00159180888363,,,,,,,,,,,,-0.04618780263357323,-0.2529566189239154,2.6200159180888365,,284.0,-21.29540702544152,-0.2129540702544152,,
selected_contribution_path,demo-human_decline_bot_rise-884000,human_decline_bot_rise,dynamic_hierarchy,119,hold_current,9d018b9de9fdf567d73f5985050e16b27d8e3d3b4c30531233e5677558244647,established_a-b112,established_a,112,,,,100,,,,-21.359702507044084,-17.035881412031127,-7.261509913766771,7.031563128823137,17.07232535698925,,,,,,,,,,,,-0.07261509913766771,-0.21359702507044084,0.17072325356989249,,284.0,-21.29540702544152,-0.2129540702544152,,
selected_contribution_path,demo-human_decline_bot_rise-884000,human_decline_bot_rise,dynamic_hierarchy,119,fixed_price,9d018b9de9fdf567d73f5985050e16b27d8e3d3b4c30531233e5677558244647,established_a-b112,established_a,112,,,,100,,,,-9.546541019054642,-5.901117627045696,5.554730029015946,23.69563382348014,39.49945867518159,,,,,,,,,,,,0.05554730029015946,-0.09546541019054641,0.3949945867518159,,285.0,-21.320407025441515,-0.21320407025441515,,
selected_contribution_path,demo-human_decline_bot_rise-884000,human_decline_bot_rise,dynamic_hierarchy,119,hold_current,9d018b9de9fdf567d73f5985050e16b27d8e3d3b4c30531233e5677558244647,established_a-b112,established_a,112,,,,100,,,,-21.38470250704408,-17.060881412031126,-7.2865099137667695,7.006563128823139,17.04732535698925,,,,,,,,,,,,-0.0728650991376677,-0.2138470250704408,0.1704732535698925,,285.0,-21.320407025441515,-0.21320407025441515,,
selected_contribution_path,demo-human_decline_bot_rise-884000,human_decline_bot_rise,dynamic_hierarchy,119,continue_recent_trend,9d018b9de9fdf567d73f5985050e16b27d8e3d3b4c30531233e5677558244647,established_a-b112,established_a,112,,,,100,,,,-25.32066189239154,-21.82558410093424,-4.643780263357321,63.28430831231965,262.9910507187078,,,,,,,,,,,,-0.046437802633573215,-0.25320661892391544,2.6299105071870783,,285.0,-21.320407025441515,-0.21320407025441515,,
selected_contribution_path,demo-human_decline_bot_rise-884000,human_decline_bot_rise,dynamic_hierarchy,119,hold_current,9d018b9de9fdf567d73f5985050e16b27d8e3d3b4c30531233e5677558244647,established_a-b112,established_a,112,,,,100,,,,-21.40970250704408,-17.085881412031128,-7.311509913766768,6.98156312882314,17.022325356989253,,,,,,,,,,,,-0.07311509913766769,-0.21409702507044082,0.17022325356989254,,286.0,-21.345407025441517,-0.21345407025441518,,
selected_contribution_path,demo-human_decline_bot_rise-884000,human_decline_bot_rise,dynamic_hierarchy,119,fixed_price,9d018b9de9fdf567d73f5985050e16b27d8e3d3b4c30531233e5677558244647,established_a-b112,established_a,112,,,,100,,,,-9.57154101905464,-5.926117627045695,5.529730029015948,23.67063382348014,39.47445867518158,,,,,,,,,,,,0.05529730029015947,-0.0957154101905464,0.3947445867518158,,286.0,-21.345407025441517,-0.21345407025441518,,
selected_contribution_path,demo-human_decline_bot_rise-884000,human_decline_bot_rise,dynamic_hierarchy,119,continue_recent_trend,9d018b9de9fdf567d73f5985050e16b27d8e3d3b4c30531233e5677558244647,established_a-b112,established_a,112,,,,100,,,,-25.345661892391544,-21.85058410093424,-4.66878026335732,63.58446977728585,265.23198247002085,,,,,,,,,,,,-0.0466878026335732,-0.2534566189239154,2.6523198247002084,,286.0,-21.345407025441517,-0.21345407025441518,,
selected_contribution_path,demo-human_decline_bot_rise-884000,human_decline_bot_rise,dynamic_hierarchy,119,continue_recent_trend,9d018b9de9fdf567d73f5985050e16b27d8e3d3b4c30531233e5677558244647,established_a-b112,established_a,112,,,,100,,,,-25.370661892391546,-21.87558410093424,-4.624412121782404,63.6703520661728,266.4000019236826,,,,,,,,,,,,-0.04624412121782404,-0.25370661892391544,2.664000019236826,,287.0,-21.370407025441512,-0.21370407025441512,,
selected_contribution_path,demo-human_decline_bot_rise-884000,human_decline_bot_rise,dynamic_hierarchy,119,hold_current,9d018b9de9fdf567d73f5985050e16b27d8e3d3b4c30531233e5677558244647,established_a-b112,established_a,112,,,,100,,,,-21.434702507044083,-17.110881412031127,-7.336509913766767,6.9565631288231415,16.997325356989254,,,,,,,,,,,,-0.07336509913766767,-0.21434702507044082,0.16997325356989254,,287.0,-21.370407025441512,-0.21370407025441512,,
selected_contribution_path,demo-human_decline_bot_rise-884000,human_decline_bot_rise,dynamic_hierarchy,119,fixed_price,9d018b9de9fdf567d73f5985050e16b27d8e3d3b4c30531233e5677558244647,established_a-b112,established_a,112,,,,100,,,,-9.59654101905464,-5.951117627045694,5.504730029015949,23.645633823480143,39.449458675181575,,,,,,,,,,,,0.055047300290159494,-0.09596541019054641,0.39449458675181576,,287.0,-21.370407025441512,-0.21370407025441512,,
selected_contribution_path,demo-human_decline_bot_rise-884000,human_decline_bot_rise,dynamic_hierarchy,119,hold_current,9d018b9de9fdf567d73f5985050e16b27d8e3d3b4c30531233e5677558244647,established_a-b112,established_a,112,,,,100,,,,-21.459702507044085,-17.13588141203113,-7.361509913766765,6.931563128823143,16.97529954811503,,,,,,,,,,,,-0.07361509913766766,-0.21459702507044084,0.16975299548115028,,288.0,-21.39540702544151,-0.2139540702544151,,
selected_contribution_path,demo-human_decline_bot_rise-884000,human_decline_bot_rise,dynamic_hierarchy,119,fixed_price,9d018b9de9fdf567d73f5985050e16b27d8e3d3b4c30531233e5677558244647,established_a-b112,established_a,112,,,,100,,,,-9.621541019054638,-5.976117627045692,5.479730029015951,23.620633823480144,39.42445867518157,,,,,,,,,,,,0.054797300290159515,-0.09621541019054637,0.3942445867518157,,288.0,-21.39540702544151,-0.2139540702544151,,
selected_contribution_path,demo-human_decline_bot_rise-884000,human_decline_bot_rise,dynamic_hierarchy,119,continue_recent_trend,9d018b9de9fdf567d73f5985050e16b27d8e3d3b4c30531233e5677558244647,established_a-b112,established_a,112,,,,100,,,,-25.395659117046847,-21.90058410093424,-4.238751445622158,63.89857598724404,267.43813544730074,,,,,,,,,,,,-0.04238751445622158,-0.2539565911704685,2.6743813544730073,,288.0,-21.39540702544151,-0.2139540702544151,,
selected_contribution_path,demo-human_decline_bot_rise-884000,human_decline_bot_rise,dynamic_hierarchy,119,continue_recent_trend,9d018b9de9fdf567d73f5985050e16b27d8e3d3b4c30531233e5677558244647,established_a-b112,established_a,112,,,,100,,,,-25.42065911704685,-21.92558410093424,-4.263751445622157,63.938916704772346,268.65220446808644,,,,,,,,,,,,-0.04263751445622157,-0.2542065911704685,2.6865220446808644,,289.0,-21.42040702544151,-0.2142040702544151,,
selected_contribution_path,demo-human_decline_bot_rise-884000,human_decline_bot_rise,dynamic_hierarchy,119,fixed_price,9d018b9de9fdf567d73f5985050e16b27d8e3d3b4c30531233e5677558244647,established_a-b112,established_a,112,,,,100,,,,-9.646541019054636,-6.001117627045691,5.454730029015952,23.595633823480146,39.39945867518156,,,,,,,,,,,,0.05454730029015952,-0.09646541019054636,0.39399458675181565,,289.0,-21.42040702544151,-0.2142040702544151,,
selected_contribution_path,demo-human_decline_bot_rise-884000,human_decline_bot_rise,dynamic_hierarchy,119,hold_current,9d018b9de9fdf567d73f5985050e16b27d8e3d3b4c30531233e5677558244647,established_a-b112,established_a,112,,,,100,,,,-21.377877646096504,-17.160881412031127,-7.335827257406438,6.906563128823144,16.95029954811503,,,,,,,,,,,,-0.07335827257406438,-0.21377877646096505,0.1695029954811503,,289.0,-21.42040702544151,-0.2142040702544151,,
selected_contribution_path,demo-human_decline_bot_rise-884000,human_decline_bot_rise,dynamic_hierarchy,119,fixed_price,9d018b9de9fdf567d73f5985050e16b27d8e3d3b4c30531233e5677558244647,established_a-b112,established_a,112,,,,100,,,,-9.671541019054636,-6.022649956688728,5.429730029015953,23.82526223952109,39.37445867518156,,,,,,,,,,,,0.054297300290159535,-0.09671541019054636,0.39374458675181556,,290.0,-21.445407025441508,-0.21445407025441507,,
selected_contribution_path,demo-human_decline_bot_rise-884000,human_decline_bot_rise,dynamic_hierarchy,119,continue_recent_trend,9d018b9de9fdf567d73f5985050e16b27d8e3d3b4c30531233e5677558244647,established_a-b112,established_a,112,,,,100,,,,-25.445659117046848,-21.950584100934243,-4.151241694955187,64.29197261805334,274.81328047262826,,,,,,,,,,,,-0.04151241694955187,-0.2544565911704685,2.7481328047262825,,290.0,-21.445407025441508,-0.21445407025441507,,
selected_contribution_path,demo-human_decline_bot_rise-884000,human_decline_bot_rise,dynamic_hierarchy,119,hold_current,9d018b9de9fdf567d73f5985050e16b27d8e3d3b4c30531233e5677558244647,established_a-b112,established_a,112,,,,100,,,,-21.402877646096503,-17.18588141203113,-7.360827257406436,6.881563128823146,16.92529954811503,,,,,,,,,,,,-0.07360827257406437,-0.21402877646096502,0.1692529954811503,,290.0,-21.445407025441508,-0.21445407025441507,,
selected_contribution_path,demo-human_decline_bot_rise-884000,human_decline_bot_rise,dynamic_hierarchy,119,hold_current,9d018b9de9fdf567d73f5985050e16b27d8e3d3b4c30531233e5677558244647,established_a-b112,established_a,112,,,,100,,,,-21.4278776460965,-17.210881412031128,-7.274937923294155,6.856563128823147,16.900299548115033,,,,,,,,,,,,-0.07274937923294156,-0.21427877646096502,0.16900299548115033,,291.0,-21.470407025441503,-0.21470407025441504,,
selected_contribution_path,demo-human_decline_bot_rise-884000,human_decline_bot_rise,dynamic_hierarchy,119,continue_recent_trend,9d018b9de9fdf567d73f5985050e16b27d8e3d3b4c30531233e5677558244647,established_a-b112,established_a,112,,,,100,,,,-25.470659117046846,-21.97558410093424,-4.176190760281557,68.50320628420224,275.4979881206285,,,,,,,,,,,,-0.04176190760281557,-0.25470659117046845,2.7549798812062853,,291.0,-21.470407025441503,-0.21470407025441504,,
selected_contribution_path,demo-human_decline_bot_rise-884000,human_decline_bot_rise,dynamic_hierarchy,119,fixed_price,9d018b9de9fdf567d73f5985050e16b27d8e3d3b4c30531233e5677558244647,established_a-b112,established_a,112,,,,100,,,,-9.696541019054632,-6.047649956688726,5.404730029015955,23.800262239521093,39.34945867518155,,,,,,,,,,,,0.05404730029015955,-0.09696541019054632,0.39349458675181553,,291.0,-21.470407025441503,-0.21470407025441504,,
selected_contribution_path,demo-human_decline_bot_rise-884000,human_decline_bot_rise,dynamic_hierarchy,119,continue_recent_trend,9d018b9de9fdf567d73f5985050e16b27d8e3d3b4c30531233e5677558244647,established_a-b112,established_a,112,,,,100,,,,-25.495659117046845,-22.00058410093424,-4.201190760281556,68.86424600748654,277.9815535199636,,,,,,,,,,,,-0.04201190760281556,-0.2549565911704684,2.779815535199636,,292.0,-21.495407025441505,-0.21495407025441504,,
selected_contribution_path,demo-human_decline_bot_rise-884000,human_decline_bot_rise,dynamic_hierarchy,119,fixed_price,9d018b9de9fdf567d73f5985050e16b27d8e3d3b4c30531233e5677558244647,established_a-b112,established_a,112,,,,100,,,,-9.721541019054632,-6.072649956688725,5.379730029015956,23.77539264656549,39.379935049603205,,,,,,,,,,,,0.05379730029015956,-0.09721541019054632,0.39379935049603204,,292.0,-21.495407025441505,-0.21495407025441504,,
selected_contribution_path,demo-human_decline_bot_rise-884000,human_decline_bot_rise,dynamic_hierarchy,119,hold_current,9d018b9de9fdf567d73f5985050e16b27d8e3d3b4c30531233e5677558244647,established_a-b112,established_a,112,,,,100,,,,-21.452877646096503,-17.23588141203113,-7.299937923294154,6.85252253041438,16.875299548115034,,,,,,,,,,,,-0.07299937923294154,-0.21452877646096502,0.16875299548115033,,292.0,-21.495407025441505,-0.21495407025441504,,
selected_contribution_path,demo-human_decline_bot_rise-884000,human_decline_bot_rise,dynamic_hierarchy,119,continue_recent_trend,9d018b9de9fdf567d73f5985050e16b27d8e3d3b4c30531233e5677558244647,established_a-b112,established_a,112,,,,100,,,,-25.520224353638,-22.02558410093424,-4.211746942369162,69.35368855295769,280.3849635552217,,,,,,,,,,,,-0.04211746942369162,-0.25520224353638,2.803849635552217,,293.0,-21.520407025441504,-0.21520407025441504,,
selected_contribution_path,demo-human_decline_bot_rise-884000,human_decline_bot_rise,dynamic_hierarchy,119,fixed_price,9d018b9de9fdf567d73f5985050e16b27d8e3d3b4c30531233e5677558244647,established_a-b112,established_a,112,,,,100,,,,-9.74654101905463,-6.0976499566887234,5.365803154828772,23.75039264656549,39.3549350496032,,,,,,,,,,,,0.053658031548287716,-0.0974654101905463,0.393549350496032,,293.0,-21.520407025441504,-0.21520407025441504,,
selected_contribution_path,demo-human_decline_bot_rise-884000,human_decline_bot_rise,dynamic_hierarchy,119,hold_current,9d018b9de9fdf567d73f5985050e16b27d8e3d3b4c30531233e5677558244647,established_a-b112,established_a,112,,,,100,,,,-21.47598985304574,-17.26088141203113,-7.324937923294152,6.827522530414381,16.850299548115036,,,,,,,,,,,,-0.07324937923294152,-0.2147598985304574,0.16850299548115036,,293.0,-21.520407025441504,-0.21520407025441504,,
selected_contribution_path,demo-human_decline_bot_rise-884000,human_decline_bot_rise,dynamic_hierarchy,119,continue_recent_trend,9d018b9de9fdf567d73f5985050e16b27d8e3d3b4c30531233e5677558244647,established_a-b112,established_a,112,,,,100,,,,-25.543776786973385,-22.050584100934245,-4.236746942369161,69.81909644827732,282.92042078684835,,,,,,,,,,,,-0.04236746942369161,-0.2554377678697339,2.8292042078684836,,294.0,-21.545407025441506,-0.21545407025441507,,
selected_contribution_path,demo-human_decline_bot_rise-884000,human_decline_bot_rise,dynamic_hierarchy,119,fixed_price,9d018b9de9fdf567d73f5985050e16b27d8e3d3b4c30531233e5677558244647,established_a-b112,established_a,112,,,,100,,,,-9.771541019054627,-6.122649956688722,5.493721479936447,23.72539264656549,39.35738985407104,,,,,,,,,,,,0.05493721479936447,-0.09771541019054628,0.3935738985407104,,294.0,-21.545407025441506,-0.21545407025441507,,
selected_contribution_path,demo-human_decline_bot_rise-884000,human_decline_bot_rise,dynamic_hierarchy,119,hold_current,9d018b9de9fdf567d73f5985050e16b27d8e3d3b4c30531233e5677558244647,established_a-b112,established_a,112,,,,100,,,,-21.50098985304574,-17.28588141203113,-7.256991351825496,6.802522530414382,16.836765510361897,,,,,,,,,,,,-0.07256991351825497,-0.2150098985304574,0.16836765510361895,,294.0,-21.545407025441506,-0.21545407025441507,,
selected_contribution_path,demo-human_decline_bot_rise-884000,human_decline_bot_rise,dynamic_hierarchy,119,hold_current,9d018b9de9fdf567d73f5985050e16b27d8e3d3b4c30531233e5677558244647,established_a-b112,established_a,112,,,,100,,,,-21.52598985304574,-17.31088141203113,-7.281991351825495,6.777522530414384,16.811765510361898,,,,,,,,,,,,-0.07281991351825495,-0.2152598985304574,0.16811765510361898,,295.0,-21.5704070254415,-0.21570407025441501,,
selected_contribution_path,demo-human_decline_bot_rise-884000,human_decline_bot_rise,dynamic_hierarchy,119,continue_recent_trend,9d018b9de9fdf567d73f5985050e16b27d8e3d3b4c30531233e5677558244647,established_a-b112,established_a,112,,,,100,,,,-25.568776786973384,-22.075584100934243,-4.258140023806799,70.07556431423399,285.2803935114591,,,,,,,,,,,,-0.042581400238067994,-0.25568776786973385,2.8528039351145913,,295.0,-21.5704070254415,-0.21570407025441501,,
selected_contribution_path,demo-human_decline_bot_rise-884000,human_decline_bot_rise,dynamic_hierarchy,119,fixed_price,9d018b9de9fdf567d73f5985050e16b27d8e3d3b4c30531233e5677558244647,established_a-b112,established_a,112,,,,100,,,,-9.796541019054628,-6.147649956688721,5.494753917136006,23.700392646565493,39.33238985407103,,,,,,,,,,,,0.054947539171360055,-0.09796541019054628,0.3933238985407103,,295.0,-21.5704070254415,-0.21570407025441501,,
selected_contribution_path,demo-human_decline_bot_rise-884000,human_decline_bot_rise,dynamic_hierarchy,119,fixed_price,9d018b9de9fdf567d73f5985050e16b27d8e3d3b4c30531233e5677558244647,established_a-b112,established_a,112,,,,100,,,,-9.821541019054626,-6.172649956688719,5.497274399371033,23.67539264656549,39.30738985407103,,,,,,,,,,,,0.054972743993710334,-0.09821541019054626,0.39307389854071034,,296.0,-21.5954070254415,-0.215954070254415,,
selected_contribution_path,demo-human_decline_bot_rise-884000,human_decline_bot_rise,dynamic_hierarchy,119,continue_recent_trend,9d018b9de9fdf567d73f5985050e16b27d8e3d3b4c30531233e5677558244647,established_a-b112,established_a,112,,,,100,,,,-25.593776786973383,-22.10058410093424,-4.281534992377759,70.10793145655455,286.5192847480492,,,,,,,,,,,,-0.04281534992377759,-0.2559377678697338,2.865192847480492,,296.0,-21.5954070254415,-0.215954070254415,,
selected_contribution_path,demo-human_decline_bot_rise-884000,human_decline_bot_rise,dynamic_hierarchy,119,hold_current,9d018b9de9fdf567d73f5985050e16b27d8e3d3b4c30531233e5677558244647,established_a-b112,established_a,112,,,,100,,,,-21.550989853045746,-17.33588141203113,-7.306991351825493,6.752522530414385,16.7867655103619,,,,,,,,,,,,-0.07306991351825493,-0.21550989853045746,0.167867655103619,,296.0,-21.5954070254415,-0.215954070254415,,
selected_contribution_path,demo-human_decline_bot_rise-884000,human_decline_bot_rise,dynamic_hierarchy,119,fixed_price,9d018b9de9fdf567d73f5985050e16b27d8e3d3b4c30531233e5677558244647,established_a-b112,established_a,112,,,,100,,,,-9.846541019054625,-6.197649956688718,5.838064169748009,23.650392646565496,39.56203582932418,,,,,,,,,,,,0.058380641697480085,-0.09846541019054625,0.3956203582932418,,297.0,-21.620407025441494,-0.21620407025441493,,
selected_contribution_path,demo-human_decline_bot_rise-884000,human_decline_bot_rise,dynamic_hierarchy,119,hold_current,9d018b9de9fdf567d73f5985050e16b27d8e3d3b4c30531233e5677558244647,established_a-b112,established_a,112,,,,100,,,,-21.57598985304574,-17.36088141203113,-7.331991351825492,6.7276335747431695,16.791441787193975,,,,,,,,,,,,-0.07331991351825491,-0.2157598985304574,0.16791441787193975,,297.0,-21.620407025441494,-0.21620407025441493,,
selected_contribution_path,demo-human_decline_bot_rise-884000,human_decline_bot_rise,dynamic_hierarchy,119,continue_recent_trend,9d018b9de9fdf567d73f5985050e16b27d8e3d3b4c30531233e5677558244647,established_a-b112,established_a,112,,,,100,,,,-25.618776786973385,-22.12558410093424,-4.300660157990464,70.1840127235041,288.5226566671561,,,,,,,,,,,,-0.04300660157990464,-0.25618776786973385,2.885226566671561,,297.0,-21.620407025441494,-0.21620407025441493,,
selected_contribution_path,demo-human_decline_bot_rise-884000,human_decline_bot_rise,dynamic_hierarchy,119,hold_current,9d018b9de9fdf567d73f5985050e16b27d8e3d3b4c30531233e5677558244647,established_a-b112,established_a,112,,,,100,,,,-21.600989853045743,-17.385881412031132,-7.355350566995282,6.702633574743171,16.766441787193976,,,,,,,,,,,,-0.07355350566995282,-0.21600989853045743,0.16766441787193975,,298.0,-21.645407025441497,-0.21645407025441496,,
selected_contribution_path,demo-human_decline_bot_rise-884000,human_decline_bot_rise,dynamic_hierarchy,119,continue_recent_trend,9d018b9de9fdf567d73f5985050e16b27d8e3d3b4c30531233e5677558244647,established_a-b112,established_a,112,,,,100,,,,-25.643776786973383,-22.15058410093425,-4.325660157990463,70.4371625282093,288.8135429160929,,,,,,,,,,,,-0.04325660157990464,-0.2564377678697338,2.888135429160929,,298.0,-21.645407025441497,-0.21645407025441496,,
selected_contribution_path,demo-human_decline_bot_rise-884000,human_decline_bot_rise,dynamic_hierarchy,119,fixed_price,9d018b9de9fdf567d73f5985050e16b27d8e3d3b4c30531233e5677558244647,established_a-b112,established_a,112,,,,100,,,,-9.68677102113705,-6.10531128622662,5.81306416974801,23.625392646565498,39.537035829324175,,,,,,,,,,,,0.0581306416974801,-0.0968677102113705,0.39537035829324174,,298.0,-21.645407025441497,-0.21645407025441496,,
selected_contribution_path,demo-human_decline_bot_rise-884000,human_decline_bot_rise,dynamic_hierarchy,119,hold_current,9d018b9de9fdf567d73f5985050e16b27d8e3d3b4c30531233e5677558244647,established_a-b112,established_a,112,,,,100,,,,-21.62598985304574,-17.41088141203113,-7.380350566995281,6.677633574743172,16.832635799378437,,,,,,,,,,,,-0.0738035056699528,-0.2162598985304574,0.16832635799378437,,299.0,-21.67040702544149,-0.2167040702544149,,
selected_contribution_path,demo-human_decline_bot_rise-884000,human_decline_bot_rise,dynamic_hierarchy,119,fixed_price,9d018b9de9fdf567d73f5985050e16b27d8e3d3b4c30531233e5677558244647,established_a-b112,established_a,112,,,,100,,,,-9.702267240460207,-6.130311286226618,6.075350421638344,23.6003926465655,39.51203582932417,,,,,,,,,,,,0.06075350421638344,-0.09702267240460208,0.3951203582932417,,299.0,-21.67040702544149,-0.2167040702544149,,
selected_contribution_path,demo-human_decline_bot_rise-884000,human_decline_bot_rise,dynamic_hierarchy,119,continue_recent_trend,9d018b9de9fdf567d73f5985050e16b27d8e3d3b4c30531233e5677558244647,established_a-b112,established_a,112,,,,100,,,,-25.668776786973385,-22.175584100934245,-4.335050230492927,71.14986959765878,291.0866721216769,,,,,,,,,,,,-0.04335050230492927,-0.25668776786973385,2.910866721216769,,299.0,-21.67040702544149,-0.2167040702544149,,
selected_contribution_path,demo-human_decline_bot_rise-884000,human_decline_bot_rise,dynamic_hierarchy,119,continue_recent_trend,9d018b9de9fdf567d73f5985050e16b27d8e3d3b4c30531233e5677558244647,established_a-b112,established_a,112,,,,100,,,,-25.692948745101383,-22.200584100934243,-4.360050230492925,71.36480904336608,291.9996511154793,,,,,,,,,,,,-0.043600502304929255,-0.25692948745101385,2.919996511154793,,300.0,-21.695407025441494,-0.21695407025441493,,
selected_contribution_path,demo-human_decline_bot_rise-884000,human_decline_bot_rise,dynamic_hierarchy,119,hold_current,9d018b9de9fdf567d73f5985050e16b27d8e3d3b4c30531233e5677558244647,established_a-b112,established_a,112,,,,100,,,,-21.650989853045743,-17.435881412031133,-7.405350566995279,6.652633574743174,16.80763579937844,,,,,,,,,,,,-0.07405350566995278,-0.21650989853045743,0.1680763579937844,,300.0,-21.695407025441494,-0.21695407025441493,,
selected_contribution_path,demo-human_decline_bot_rise-884000,human_decline_bot_rise,dynamic_hierarchy,119,fixed_price,9d018b9de9fdf567d73f5985050e16b27d8e3d3b4c30531233e5677558244647,established_a-b112,established_a,112,,,,100,,,,-9.727267240460208,-6.155311286226617,6.0503504216383455,23.5753926465655,39.48703582932416,,,,,,,,,,,,0.06050350421638345,-0.09727267240460208,0.3948703582932416,,300.0,-21.695407025441494,-0.21695407025441493,,
selected_contribution_path,demo-human_decline_bot_rise-884000,human_decline_bot_rise,dynamic_hierarchy,119,fixed_price,9d018b9de9fdf567d73f5985050e16b27d8e3d3b4c30531233e5677558244647,established_a-b112,established_a,112,,,,100,,,,-9.752267240460206,-6.180311286226615,6.025350421638347,23.568479872869396,39.78518620842851,,,,,,,,,,,,0.060253504216383466,-0.09752267240460206,0.39785186208428513,,301.0,-21.72040702544149,-0.21720407025441488,,
selected_contribution_path,demo-human_decline_bot_rise-884000,human_decline_bot_rise,dynamic_hierarchy,119,continue_recent_trend,9d018b9de9fdf567d73f5985050e16b27d8e3d3b4c30531233e5677558244647,established_a-b112,established_a,112,,,,100,,,,-25.71794874510139,-22.22558410093424,-4.385050230492924,71.43695780663796,294.41955005610794,,,,,,,,,,,,-0.04385050230492924,-0.2571794874510139,2.9441955005610794,,301.0,-21.72040702544149,-0.21720407025441488,,
selected_contribution_path,demo-human_decline_bot_rise-884000,human_decline_bot_rise,dynamic_hierarchy,119,hold_current,9d018b9de9fdf567d73f5985050e16b27d8e3d3b4c30531233e5677558244647,established_a-b112,established_a,112,,,,100,,,,-21.675989853045746,-17.46088141203113,-7.393580135024976,6.627633574743175,17.093154846684612,,,,,,,,,,,,-0.07393580135024976,-0.21675989853045746,0.17093154846684613,,301.0,-21.72040702544149,-0.21720407025441488,,
selected_contribution_path,demo-human_decline_bot_rise-884000,human_decline_bot_rise,dynamic_hierarchy,119,hold_current,9d018b9de9fdf567d73f5985050e16b27d8e3d3b4c30531233e5677558244647,established_a-b112,established_a,112,,,,100,,,,-21.700989853045744,-17.485881412031134,-7.370320019487886,6.602633574743177,17.068154846684614,,,,,,,,,,,,-0.07370320019487886,-0.21700989853045743,0.17068154846684613,,302.0,-21.74540702544149,-0.2174540702544149,,
selected_contribution_path,demo-human_decline_bot_rise-884000,human_decline_bot_rise,dynamic_hierarchy,119,continue_recent_trend,9d018b9de9fdf567d73f5985050e16b27d8e3d3b4c30531233e5677558244647,established_a-b112,established_a,112,,,,100,,,,-25.742948745101387,-22.250584100934248,-4.4100502304929226,71.66733635970319,296.6405190697732,,,,,,,,,,,,-0.04410050230492923,-0.25742948745101385,2.966405190697732,,302.0,-21.74540702544149,-0.2174540702544149,,
selected_contribution_path,demo-human_decline_bot_rise-884000,human_decline_bot_rise,dynamic_hierarchy,119,fixed_price,9d018b9de9fdf567d73f5985050e16b27d8e3d3b4c30531233e5677558244647,established_a-b112,established_a,112,,,,100,,,,-9.777267240460205,-6.205311286226614,6.000350421638348,23.543479872869398,39.76018620842851,,,,,,,,,,,,0.06000350421638348,-0.09777267240460205,0.39760186208428505,,302.0,-21.74540702544149,-0.2174540702544149,,
selected_contribution_path,demo-human_decline_bot_rise-884000,human_decline_bot_rise,dynamic_hierarchy,119,fixed_price,9d018b9de9fdf567d73f5985050e16b27d8e3d3b4c30531233e5677558244647,established_a-b112,established_a,112,,,,100,,,,-9.802267240460203,-6.230311286226613,5.97535042163835,23.5184798728694,39.84800878047582,,,,,,,,,,,,0.0597535042163835,-0.09802267240460204,0.39848008780475824,,303.0,-21.77040702544149,-0.2177040702544149,,
selected_contribution_path,demo-human_decline_bot_rise-884000,human_decline_bot_rise,dynamic_hierarchy,119,continue_recent_trend,9d018b9de9fdf567d73f5985050e16b27d8e3d3b4c30531233e5677558244647,established_a-b112,established_a,112,,,,100,,,,-25.767948745101386,-22.27558410093425,-4.435050230492921,71.79266401027513,300.2771379994317,,,,,,,,,,,,-0.044350502304929214,-0.2576794874510139,3.002771379994317,,303.0,-21.77040702544149,-0.2177040702544149,,
selected_contribution_path,demo-human_decline_bot_rise-884000,human_decline_bot_rise,dynamic_hierarchy,119,hold_current,9d018b9de9fdf567d73f5985050e16b27d8e3d3b4c30531233e5677558244647,established_a-b112,established_a,112,,,,100,,,,-21.725989853045743,-17.510881412031132,-7.395320019487885,6.577633574743178,17.069152420908,,,,,,,,,,,,-0.07395320019487885,-0.21725989853045743,0.17069152420908001,,303.0,-21.77040702544149,-0.2177040702544149,,
selected_contribution_path,demo-human_decline_bot_rise-884000,human_decline_bot_rise,dynamic_hierarchy,119,hold_current,9d018b9de9fdf567d73f5985050e16b27d8e3d3b4c30531233e5677558244647,established_a-b112,established_a,112,,,,100,,,,-21.750989853045745,-17.535881412031134,-7.420320019487884,6.552633574743179,17.044152420908002,,,,,,,,,,,,-0.07420320019487883,-0.21750989853045744,0.17044152420908001,,304.0,-21.795407025441488,-0.21795407025441488,,
selected_contribution_path,demo-human_decline_bot_rise-884000,human_decline_bot_rise,dynamic_hierarchy,119,continue_recent_trend,9d018b9de9fdf567d73f5985050e16b27d8e3d3b4c30531233e5677558244647,established_a-b112,established_a,112,,,,100,,,,-25.792948745101388,-22.299936941421738,-4.46005023049292,72.33069529253495,300.97602720427363,,,,,,,,,,,,-0.0446005023049292,-0.25792948745101385,3.0097602720427363,,304.0,-21.795407025441488,-0.21795407025441488,,
selected_contribution_path,demo-human_decline_bot_rise-884000,human_decline_bot_rise,dynamic_hierarchy,119,fixed_price,9d018b9de9fdf567d73f5985050e16b27d8e3d3b4c30531233e5677558244647,established_a-b112,established_a,112,,,,100,,,,-9.809533264536835,-6.124049570634702,5.950350421638351,23.587995296437605,39.82300878047582,,,,,,,,,,,,0.059503504216383514,-0.09809533264536835,0.39823008780475816,,304.0,-21.795407025441488,-0.21795407025441488,,
selected_contribution_path,demo-human_decline_bot_rise-884000,human_decline_bot_rise,dynamic_hierarchy,119,fixed_price,9d018b9de9fdf567d73f5985050e16b27d8e3d3b4c30531233e5677558244647,established_a-b112,established_a,112,,,,100,,,,-9.834533264536834,-6.1490495706347,5.925350421638353,23.56299529643761,39.79800878047581,,,,,,,,,,,,0.05925350421638353,-0.09834533264536834,0.39798008780475813,,305.0,-21.820407025441487,-0.21820407025441488,,
selected_contribution_path,demo-human_decline_bot_rise-884000,human_decline_bot_rise,dynamic_hierarchy,119,continue_recent_trend,9d018b9de9fdf567d73f5985050e16b27d8e3d3b4c30531233e5677558244647,established_a-b112,established_a,112,,,,100,,,,-25.817948745101383,-22.32493694142174,-4.485050230492918,72.56322015900625,302.6962314693862,,,,,,,,,,,,-0.04485050230492918,-0.2581794874510138,3.026962314693862,,305.0,-21.820407025441487,-0.21820407025441488,,
selected_contribution_path,demo-human_decline_bot_rise-884000,human_decline_bot_rise,dynamic_hierarchy,119,hold_current,9d018b9de9fdf567d73f5985050e16b27d8e3d3b4c30531233e5677558244647,established_a-b112,established_a,112,,,,100,,,,-21.775989853045743,-17.560881412031133,-7.445320019487882,6.527633574743181,17.019152420908004,,,,,,,,,,,,-0.07445320019487882,-0.21775989853045744,0.17019152420908004,,305.0,-21.820407025441487,-0.21820407025441488,,
selected_contribution_path,demo-human_decline_bot_rise-884000,human_decline_bot_rise,dynamic_hierarchy,119,hold_current,9d018b9de9fdf567d73f5985050e16b27d8e3d3b4c30531233e5677558244647,established_a-b112,established_a,112,,,,100,,,,-21.800989853045746,-17.516534135741516,-7.470320019487881,6.502633574743182,16.994152420908005,,,,,,,,,,,,-0.0747032001948788,-0.21800989853045746,0.16994152420908004,,306.0,-21.845407025441485,-0.21845407025441485,,
selected_contribution_path,demo-human_decline_bot_rise-884000,human_decline_bot_rise,dynamic_hierarchy,119,continue_recent_trend,9d018b9de9fdf567d73f5985050e16b27d8e3d3b4c30531233e5677558244647,established_a-b112,established_a,112,,,,100,,,,-25.842948745101385,-22.34993694142174,-4.510050230492917,72.74146156530637,304.41601583753953,,,,,,,,,,,,-0.045100502304929166,-0.25842948745101385,3.044160158375395,,306.0,-21.845407025441485,-0.21845407025441485,,
selected_contribution_path,demo-human_decline_bot_rise-884000,human_decline_bot_rise,dynamic_hierarchy,119,fixed_price,9d018b9de9fdf567d73f5985050e16b27d8e3d3b4c30531233e5677558244647,established_a-b112,established_a,112,,,,100,,,,-9.859533264536832,-6.174049570634699,5.900350421638354,23.660741794387278,39.773008780475806,,,,,,,,,,,,0.05900350421638354,-0.09859533264536832,0.39773008780475805,,306.0,-21.845407025441485,-0.21845407025441485,,
selected_contribution_path,demo-human_decline_bot_rise-884000,human_decline_bot_rise,dynamic_hierarchy,119,fixed_price,9d018b9de9fdf567d73f5985050e16b27d8e3d3b4c30531233e5677558244647,established_a-b112,established_a,112,,,,100,,,,-9.884533264536833,-6.199049570634697,5.990942844713754,23.635741794387275,39.7480087804758,,,,,,,,,,,,0.059909428447137536,-0.09884533264536832,0.397480087804758,,307.0,-21.870407025441484,-0.21870407025441485,,
selected_contribution_path,demo-human_decline_bot_rise-884000,human_decline_bot_rise,dynamic_hierarchy,119,continue_recent_trend,9d018b9de9fdf567d73f5985050e16b27d8e3d3b4c30531233e5677558244647,established_a-b112,established_a,112,,,,100,,,,-25.867948745101387,-22.37493694142174,-4.5350502304929154,72.7666999223917,306.908499398061,,,,,,,,,,,,-0.04535050230492915,-0.2586794874510139,3.06908499398061,,307.0,-21.870407025441484,-0.21870407025441485,,
selected_contribution_path,demo-human_decline_bot_rise-884000,human_decline_bot_rise,dynamic_hierarchy,119,hold_current,9d018b9de9fdf567d73f5985050e16b27d8e3d3b4c30531233e5677558244647,established_a-b112,established_a,112,,,,100,,,,-21.815702866616164,-17.541534135741514,-7.371071730084061,6.477633574743184,16.969152420908006,,,,,,,,,,,,-0.07371071730084061,-0.21815702866616163,0.16969152420908007,,307.0,-21.870407025441484,-0.21870407025441485,,
selected_contribution_path,demo-human_decline_bot_rise-884000,human_decline_bot_rise,dynamic_hierarchy,119,hold_current,9d018b9de9fdf567d73f5985050e16b27d8e3d3b4c30531233e5677558244647,established_a-b112,established_a,112,,,,100,,,,-21.84070286661616,-17.566534135741513,-7.39607173008406,6.571596959390643,16.948231154310538,,,,,,,,,,,,-0.0739607173008406,-0.21840702866616157,0.16948231154310536,,308.0,-21.89540702544148,-0.2189540702544148,,
selected_contribution_path,demo-human_decline_bot_rise-884000,human_decline_bot_rise,dynamic_hierarchy,119,continue_recent_trend,9d018b9de9fdf567d73f5985050e16b27d8e3d3b4c30531233e5677558244647,established_a-b112,established_a,112,,,,100,,,,-25.892948745101386,-22.39993694142174,-4.560050230492914,72.9034099034736,312.75943750000425,,,,,,,,,,,,-0.04560050230492914,-0.25892948745101385,3.1275943750000423,,308.0,-21.89540702544148,-0.2189540702544148,,
selected_contribution_path,demo-human_decline_bot_rise-884000,human_decline_bot_rise,dynamic_hierarchy,119,fixed_price,9d018b9de9fdf567d73f5985050e16b27d8e3d3b4c30531233e5677558244647,established_a-b112,established_a,112,,,,100,,,,-9.908572603507652,-6.224049570634696,5.965942844713755,23.61074179438728,40.18547643938846,,,,,,,,,,,,0.05965942844713755,-0.09908572603507652,0.40185476439388457,,308.0,-21.89540702544148,-0.2189540702544148,,
selected_contribution_path,demo-human_decline_bot_rise-884000,human_decline_bot_rise,dynamic_hierarchy,119,fixed_price,9d018b9de9fdf567d73f5985050e16b27d8e3d3b4c30531233e5677558244647,established_a-b112,established_a,112,,,,100,,,,-9.908940468056713,-6.249049570634695,5.940942844713756,23.771295811948367,40.16047643938845,,,,,,,,,,,,0.05940942844713756,-0.09908940468056712,0.4016047643938845,,309.0,-21.92040702544148,-0.2192040702544148,,
selected_contribution_path,demo-human_decline_bot_rise-884000,human_decline_bot_rise,dynamic_hierarchy,119,continue_recent_trend,9d018b9de9fdf567d73f5985050e16b27d8e3d3b4c30531233e5677558244647,established_a-b112,established_a,112,,,,100,,,,-25.917948745101388,-22.42493694142174,-4.585050230492913,73.05038977113347,314.4929985516015,,,,,,,,,,,,-0.045850502304929125,-0.2591794874510139,3.144929985516015,,309.0,-21.92040702544148,-0.2192040702544148,,
selected_contribution_path,demo-human_decline_bot_rise-884000,human_decline_bot_rise,dynamic_hierarchy,119,hold_current,9d018b9de9fdf567d73f5985050e16b27d8e3d3b4c30531233e5677558244647,established_a-b112,established_a,112,,,,100,,,,-21.86570286661616,-17.59153413574151,-7.421071730084058,6.569494725432335,16.92323115431054,,,,,,,,,,,,-0.07421071730084057,-0.2186570286661616,0.1692323115431054,,309.0,-21.92040702544148,-0.2192040702544148,,
selected_contribution_path,demo-human_decline_bot_rise-884000,human_decline_bot_rise,dynamic_hierarchy,119,fixed_price,9d018b9de9fdf567d73f5985050e16b27d8e3d3b4c30531233e5677558244647,established_a-b112,established_a,112,,,,100,,,,-9.93394046805671,-6.274049570634693,5.915942844713758,23.746295811948368,40.13547643938845,,,,,,,,,,,,0.05915942844713758,-0.0993394046805671,0.40135476439388446,,310.0,-21.94540702544148,-0.2194540702544148,,
selected_contribution_path,demo-human_decline_bot_rise-884000,human_decline_bot_rise,dynamic_hierarchy,119,continue_recent_trend,9d018b9de9fdf567d73f5985050e16b27d8e3d3b4c30531233e5677558244647,established_a-b112,established_a,112,,,,100,,,,-25.942948745101383,-22.44993694142174,-4.610050230492911,74.52008709243424,316.3833047487924,,,,,,,,,,,,-0.04610050230492911,-0.25942948745101385,3.163833047487924,,310.0,-21.94540702544148,-0.2194540702544148,,
selected_contribution_path,demo-human_decline_bot_rise-884000,human_decline_bot_rise,dynamic_hierarchy,119,hold_current,9d018b9de9fdf567d73f5985050e16b27d8e3d3b4c30531233e5677558244647,established_a-b112,established_a,112,,,,100,,,,-21.890702866616163,-17.616534135741517,-7.367235230059132,6.544494725432337,16.900470155252442,,,,,,,,,,,,-0.07367235230059131,-0.21890702866616163,0.16900470155252442,,310.0,-21.94540702544148,-0.2194540702544148,,
selected_contribution_path,demo-human_decline_bot_rise-884000,human_decline_bot_rise,dynamic_hierarchy,119,fixed_price,9d018b9de9fdf567d73f5985050e16b27d8e3d3b4c30531233e5677558244647,established_a-b112,established_a,112,,,,100,,,,-9.958940468056708,-6.299049570634692,5.890942844713759,23.72129581194837,40.12873605298507,,,,,,,,,,,,0.05890942844713759,-0.09958940468056708,0.4012873605298507,,311.0,-21.97040702544148,-0.21970407025441482,,
selected_contribution_path,demo-human_decline_bot_rise-884000,human_decline_bot_rise,dynamic_hierarchy,119,continue_recent_trend,9d018b9de9fdf567d73f5985050e16b27d8e3d3b4c30531233e5677558244647,established_a-b112,established_a,112,,,,100,,,,-25.967948745101385,-22.474936941421745,-4.63505023049291,74.61395389046652,317.6159151870463,,,,,,,,,,,,-0.0463505023049291,-0.2596794874510138,3.176159151870463,,311.0,-21.97040702544148,-0.21970407025441482,,
selected_contribution_path,demo-human_decline_bot_rise-884000,human_decline_bot_rise,dynamic_hierarchy,119,hold_current,9d018b9de9fdf567d73f5985050e16b27d8e3d3b4c30531233e5677558244647,established_a-b112,established_a,112,,,,100,,,,-21.915702866616165,-17.641534135741516,-7.39223523005913,6.519494725432338,16.875470155252444,,,,,,,,,,,,-0.0739223523005913,-0.21915702866616166,0.16875470155252445,,311.0,-21.97040702544148,-0.21970407025441482,,
selected_contribution_path,demo-human_decline_bot_rise-884000,human_decline_bot_rise,dynamic_hierarchy,119,hold_current,9d018b9de9fdf567d73f5985050e16b27d8e3d3b4c30531233e5677558244647,established_a-b112,established_a,112,,,,100,,,,-21.940702866616164,-17.658517341679065,-7.395592236317002,6.49449472543234,16.850470155252445,,,,,,,,,,,,-0.07395592236317002,-0.21940702866616163,0.16850470155252445,,312.0,-21.99540702544148,-0.2199540702544148,,
selected_contribution_path,demo-human_decline_bot_rise-884000,human_decline_bot_rise,dynamic_hierarchy,119,continue_recent_trend,9d018b9de9fdf567d73f5985050e16b27d8e3d3b4c30531233e5677558244647,established_a-b112,established_a,112,,,,100,,,,-25.992948745101387,-22.49993694142174,-4.660050230492908,75.8267373063992,320.16935350857864,,,,,,,,,,,,-0.046600502304929084,-0.25992948745101385,3.2016935350857865,,312.0,-21.99540702544148,-0.2199540702544148,,
selected_contribution_path,demo-human_decline_bot_rise-884000,human_decline_bot_rise,dynamic_hierarchy,119,fixed_price,9d018b9de9fdf567d73f5985050e16b27d8e3d3b4c30531233e5677558244647,established_a-b112,established_a,112,,,,100,,,,-9.983940468056709,-6.319212167745453,5.865942844713761,23.69629581194837,40.10373605298506,,,,,,,,,,,,0.058659428447137604,-0.09983940468056708,0.4010373605298506,,312.0,-21.99540702544148,-0.2199540702544148,,
selected_contribution_path,demo-human_decline_bot_rise-884000,human_decline_bot_rise,dynamic_hierarchy,119,fixed_price,9d018b9de9fdf567d73f5985050e16b27d8e3d3b4c30531233e5677558244647,established_a-b112,established_a,112,,,,100,,,,-10.008940468056704,-6.344212167745452,5.840942844713762,23.67129581194837,40.34491831223355,,,,,,,,,,,,0.05840942844713762,-0.10008940468056704,0.4034491831223355,,313.0,-22.020407025441475,-0.22020407025441474,,
selected_contribution_path,demo-human_decline_bot_rise-884000,human_decline_bot_rise,dynamic_hierarchy,119,continue_recent_trend,9d018b9de9fdf567d73f5985050e16b27d8e3d3b4c30531233e5677558244647,established_a-b112,established_a,112,,,,100,,,,-26.017948745101386,-22.524936941421743,-4.685050230492907,75.87878151644867,321.8278763437125,,,,,,,,,,,,-0.04685050230492907,-0.2601794874510139,3.218278763437125,,313.0,-22.020407025441475,-0.22020407025441474,,
selected_contribution_path,demo-human_decline_bot_rise-884000,human_decline_bot_rise,dynamic_hierarchy,119,hold_current,9d018b9de9fdf567d73f5985050e16b27d8e3d3b4c30531233e5677558244647,established_a-b112,established_a,112,,,,100,,,,-21.96570286661616,-17.683517341679064,-7.420592236317001,6.469494725432341,16.949019766007634,,,,,,,,,,,,-0.07420592236317,-0.21965702866616157,0.16949019766007634,,313.0,-22.020407025441475,-0.22020407025441474,,
selected_contribution_path,demo-human_decline_bot_rise-884000,human_decline_bot_rise,dynamic_hierarchy,119,hold_current,9d018b9de9fdf567d73f5985050e16b27d8e3d3b4c30531233e5677558244647,established_a-b112,established_a,112,,,,100,,,,-21.990702866616164,-17.708517341679066,-7.445592236316999,6.586209549233384,17.022107574321993,,,,,,,,,,,,-0.07445592236316999,-0.21990702866616163,0.17022107574321993,,314.0,-22.045407025441477,-0.22045407025441477,,
selected_contribution_path,demo-human_decline_bot_rise-884000,human_decline_bot_rise,dynamic_hierarchy,119,continue_recent_trend,9d018b9de9fdf567d73f5985050e16b27d8e3d3b4c30531233e5677558244647,established_a-b112,established_a,112,,,,100,,,,-26.042948745101384,-22.54993694142174,-4.7100502304929055,75.93858282761212,323.8044955271314,,,,,,,,,,,,-0.04710050230492906,-0.26042948745101385,3.238044955271314,,314.0,-22.045407025441477,-0.22045407025441477,,
selected_contribution_path,demo-human_decline_bot_rise-884000,human_decline_bot_rise,dynamic_hierarchy,119,fixed_price,9d018b9de9fdf567d73f5985050e16b27d8e3d3b4c30531233e5677558244647,established_a-b112,established_a,112,,,,100,,,,-10.033940468056704,-6.3692121677454505,5.815942844713764,23.646295811948374,40.47770086000264,,,,,,,,,,,,0.058159428447137645,-0.10033940468056704,0.4047770086000264,,314.0,-22.045407025441477,-0.22045407025441477,,
selected_contribution_path,demo-human_decline_bot_rise-884000,human_decline_bot_rise,dynamic_hierarchy,119,fixed_price,9d018b9de9fdf567d73f5985050e16b27d8e3d3b4c30531233e5677558244647,established_a-b112,established_a,112,,,,100,,,,-10.058940468056702,-6.394212167745449,5.791319330655707,23.62129581194837,40.45270086000264,,,,,,,,,,,,0.057913193306557066,-0.10058940468056703,0.40452700860002644,,315.0,-22.070407025441472,-0.2207040702544147,,
selected_contribution_path,demo-human_decline_bot_rise-884000,human_decline_bot_rise,dynamic_hierarchy,119,continue_recent_trend,9d018b9de9fdf567d73f5985050e16b27d8e3d3b4c30531233e5677558244647,established_a-b112,established_a,112,,,,100,,,,-26.067948745101383,-22.574936941421743,-4.735050230492904,75.95725054319814,326.07686630831165,,,,,,,,,,,,-0.04735050230492904,-0.2606794874510138,3.2607686630831165,,315.0,-22.070407025441472,-0.2207040702544147,,
selected_contribution_path,demo-human_decline_bot_rise-884000,human_decline_bot_rise,dynamic_hierarchy,119,hold_current,9d018b9de9fdf567d73f5985050e16b27d8e3d3b4c30531233e5677558244647,established_a-b112,established_a,112,,,,100,,,,-22.015702866616166,-17.733517341679068,-7.470592236316998,6.561209549233386,16.997107574321994,,,,,,,,,,,,-0.07470592236316997,-0.22015702866616166,0.16997107574321993,,315.0,-22.070407025441472,-0.2207040702544147,,
selected_contribution_path,demo-human_decline_bot_rise-884000,human_decline_bot_rise,dynamic_hierarchy,119,hold_current,9d018b9de9fdf567d73f5985050e16b27d8e3d3b4c30531233e5677558244647,established_a-b112,established_a,112,,,,100,,,,-22.040702866616165,-17.758517341679067,-7.495592236316996,6.54151848574087,16.972107574321996,,,,,,,,,,,,-0.07495592236316996,-0.22040702866616166,0.16972107574321996,,316.0,-21.993742618413243,-0.21993742618413242,,
selected_contribution_path,demo-human_decline_bot_rise-884000,human_decline_bot_rise,dynamic_hierarchy,119,continue_recent_trend,9d018b9de9fdf567d73f5985050e16b27d8e3d3b4c30531233e5677558244647,established_a-b112,established_a,112,,,,100,,,,-26.092948745101385,-22.59913858377809,-4.760050230492903,75.97513178366236,328.1677507954948,,,,,,,,,,,,-0.04760050230492903,-0.26092948745101385,3.2816775079549476,,316.0,-21.993742618413243,-0.21993742618413242,,
selected_contribution_path,demo-human_decline_bot_rise-884000,human_decline_bot_rise,dynamic_hierarchy,119,fixed_price,9d018b9de9fdf567d73f5985050e16b27d8e3d3b4c30531233e5677558244647,established_a-b112,established_a,112,,,,100,,,,-10.03517367619808,-6.419212167745448,5.766319330655708,23.63672117350165,40.59312634980749,,,,,,,,,,,,0.05766319330655709,-0.1003517367619808,0.4059312634980749,,316.0,-21.993742618413243,-0.21993742618413242,,
selected_contribution_path,demo-human_decline_bot_rise-884000,human_decline_bot_rise,dynamic_hierarchy,119,fixed_price,9d018b9de9fdf567d73f5985050e16b27d8e3d3b4c30531233e5677558244647,established_a-b112,established_a,112,,,,100,,,,-10.060173676198078,-6.444212167745446,5.74131933065571,23.61172117350165,40.568126349807486,,,,,,,,,,,,0.0574131933065571,-0.10060173676198078,0.4056812634980749,,317.0,-22.01874261841324,-0.2201874261841324,,
selected_contribution_path,demo-human_decline_bot_rise-884000,human_decline_bot_rise,dynamic_hierarchy,119,continue_recent_trend,9d018b9de9fdf567d73f5985050e16b27d8e3d3b4c30531233e5677558244647,established_a-b112,established_a,112,,,,100,,,,-26.117948745101387,-22.62413858377809,-4.74552654630644,76.18367109609376,329.2479236461911,,,,,,,,,,,,-0.0474552654630644,-0.2611794874510139,3.292479236461911,,317.0,-22.01874261841324,-0.2201874261841324,,
selected_contribution_path,demo-human_decline_bot_rise-884000,human_decline_bot_rise,dynamic_hierarchy,119,hold_current,9d018b9de9fdf567d73f5985050e16b27d8e3d3b4c30531233e5677558244647,established_a-b112,established_a,112,,,,100,,,,-22.065702866616164,-17.783517341679065,-7.520592236316995,6.8132444922430935,17.127370013306027,,,,,,,,,,,,-0.07520592236316995,-0.22065702866616163,0.17127370013306029,,317.0,-22.01874261841324,-0.2201874261841324,,
selected_contribution_path,demo-human_decline_bot_rise-884000,human_decline_bot_rise,dynamic_hierarchy,119,fixed_price,9d018b9de9fdf567d73f5985050e16b27d8e3d3b4c30531233e5677558244647,established_a-b112,established_a,112,,,,100,,,,-10.08069406037916,-6.469212167745445,5.716319330655711,23.58672117350165,40.54312634980748,,,,,,,,,,,,0.057163193306557114,-0.10080694060379161,0.4054312634980748,,318.0,-22.04374261841324,-0.2204374261841324,,
selected_contribution_path,demo-human_decline_bot_rise-884000,human_decline_bot_rise,dynamic_hierarchy,119,continue_recent_trend,9d018b9de9fdf567d73f5985050e16b27d8e3d3b4c30531233e5677558244647,established_a-b112,established_a,112,,,,100,,,,-26.142948745101386,-22.6465604390351,-4.770526546306439,76.81033036873976,335.3391056071073,,,,,,,,,,,,-0.04770526546306439,-0.26142948745101385,3.353391056071073,,318.0,-22.04374261841324,-0.2204374261841324,,
selected_contribution_path,demo-human_decline_bot_rise-884000,human_decline_bot_rise,dynamic_hierarchy,119,hold_current,9d018b9de9fdf567d73f5985050e16b27d8e3d3b4c30531233e5677558244647,established_a-b112,established_a,112,,,,100,,,,-22.09070286661617,-17.808517341679067,-7.545592236316994,6.788244492243095,17.10237001330603,,,,,,,,,,,,-0.07545592236316993,-0.2209070286661617,0.17102370013306029,,318.0,-22.04374261841324,-0.2204374261841324,,
selected_contribution_path,demo-human_decline_bot_rise-884000,human_decline_bot_rise,dynamic_hierarchy,119,fixed_price,9d018b9de9fdf567d73f5985050e16b27d8e3d3b4c30531233e5677558244647,established_a-b112,established_a,112,,,,100,,,,-10.105694060379156,-6.494212167745443,5.691319330655713,23.561721173501653,40.518126349807474,,,,,,,,,,,,0.05691319330655713,-0.10105694060379156,0.40518126349807476,,319.0,-22.06874261841324,-0.2206874261841324,,
selected_contribution_path,demo-human_decline_bot_rise-884000,human_decline_bot_rise,dynamic_hierarchy,119,continue_recent_trend,9d018b9de9fdf567d73f5985050e16b27d8e3d3b4c30531233e5677558244647,established_a-b112,established_a,112,,,,100,,,,-26.167948745101384,-22.6715604390351,-4.795526546306437,78.52506556168089,337.21306746398966,,,,,,,,,,,,-0.04795526546306437,-0.2616794874510138,3.3721306746398967,,319.0,-22.06874261841324,-0.2206874261841324,,
selected_contribution_path,demo-human_decline_bot_rise-884000,human_decline_bot_rise,dynamic_hierarchy,119,hold_current,9d018b9de9fdf567d73f5985050e16b27d8e3d3b4c30531233e5677558244647,established_a-b112,established_a,112,,,,100,,,,-22.115702866616168,-17.83351734167907,-7.551017430576678,6.778556158625147,17.07737001330603,,,,,,,,,,,,-0.07551017430576679,-0.2211570286661617,0.1707737001330603,,319.0,-22.06874261841324,-0.2206874261841324,,
selected_contribution_path,demo-human_decline_bot_rise-884000,human_decline_bot_rise,dynamic_hierarchy,119,hold_current,9d018b9de9fdf567d73f5985050e16b27d8e3d3b4c30531233e5677558244647,established_a-b112,established_a,112,,,,100,,,,-22.140702866616166,-17.858517341679068,-7.576017430576677,6.753556158625148,17.05237001330603,,,,,,,,,,,,-0.07576017430576677,-0.22140702866616166,0.1705237001330603,,320.0,-22.09374261841324,-0.22093742618413242,,
selected_contribution_path,demo-human_decline_bot_rise-884000,human_decline_bot_rise,dynamic_hierarchy,119,continue_recent_trend,9d018b9de9fdf567d73f5985050e16b27d8e3d3b4c30531233e5677558244647,established_a-b112,established_a,112,,,,100,,,,-26.192948745101383,-22.6965604390351,-4.820526546306436,78.84865860594788,340.5000586650141,,,,,,,,,,,,-0.048205265463064355,-0.26192948745101385,3.4050005866501407,,320.0,-22.09374261841324,-0.22093742618413242,,
selected_contribution_path,demo-human_decline_bot_rise-884000,human_decline_bot_rise,dynamic_hierarchy,119,fixed_price,9d018b9de9fdf567d73f5985050e16b27d8e3d3b4c30531233e5677558244647,established_a-b112,established_a,112,,,,100,,,,-10.130694060379156,-6.519212167745442,5.666319330655714,23.53672117350165,40.49312634980747,,,,,,,,,,,,0.05666319330655714,-0.10130694060379156,0.4049312634980747,,320.0,-22.09374261841324,-0.22093742618413242,,
selected_contribution_path,demo-human_decline_bot_rise-884000,human_decline_bot_rise,dynamic_hierarchy,119,fixed_price,9d018b9de9fdf567d73f5985050e16b27d8e3d3b4c30531233e5677558244647,established_a-b112,established_a,112,,,,100,,,,-10.155694060379156,-6.544212167745441,5.6413193306557154,23.511721173501652,40.46812634980746,,,,,,,,,,,,0.056413193306557155,-0.10155694060379156,0.40468126349807465,,321.0,-22.11874261841324,-0.2211874261841324,,
selected_contribution_path,demo-human_decline_bot_rise-884000,human_decline_bot_rise,dynamic_hierarchy,119,continue_recent_trend,9d018b9de9fdf567d73f5985050e16b27d8e3d3b4c30531233e5677558244647,established_a-b112,established_a,112,,,,100,,,,-26.217948745101385,-22.721560439035105,-4.845526546306434,79.06860344615421,342.47511349700085,,,,,,,,,,,,-0.04845526546306434,-0.2621794874510138,3.4247511349700086,,321.0,-22.11874261841324,-0.2211874261841324,,
selected_contribution_path,demo-human_decline_bot_rise-884000,human_decline_bot_rise,dynamic_hierarchy,119,hold_current,9d018b9de9fdf567d73f5985050e16b27d8e3d3b4c30531233e5677558244647,established_a-b112,established_a,112,,,,100,,,,-22.165702866616165,-17.883517341679067,-7.601017430576675,6.72855615862515,17.027370013306033,,,,,,,,,,,,-0.07601017430576676,-0.22165702866616166,0.17027370013306034,,321.0,-22.11874261841324,-0.2211874261841324,,
selected_contribution_path,demo-human_decline_bot_rise-884000,human_decline_bot_rise,dynamic_hierarchy,119,hold_current,9d018b9de9fdf567d73f5985050e16b27d8e3d3b4c30531233e5677558244647,established_a-b112,established_a,112,,,,100,,,,-22.190702866616167,-17.90851734167907,-7.626017430576674,6.703556158625151,17.002370013306034,,,,,,,,,,,,-0.07626017430576675,-0.22190702866616166,0.17002370013306034,,322.0,-22.143742618413235,-0.22143742618413234,,
selected_contribution_path,demo-human_decline_bot_rise-884000,human_decline_bot_rise,dynamic_hierarchy,119,continue_recent_trend,9d018b9de9fdf567d73f5985050e16b27d8e3d3b4c30531233e5677558244647,established_a-b112,established_a,112,,,,100,,,,-26.242059626632788,-22.7465604390351,-4.867804854405138,79.04360344615421,344.34059555167715,,,,,,,,,,,,-0.04867804854405138,-0.26242059626632785,3.4434059555167718,,322.0,-22.143742618413235,-0.22143742618413234,,
selected_contribution_path,demo-human_decline_bot_rise-884000,human_decline_bot_rise,dynamic_hierarchy,119,fixed_price,9d018b9de9fdf567d73f5985050e16b27d8e3d3b4c30531233e5677558244647,established_a-b112,established_a,112,,,,100,,,,-10.180694060379151,-6.569212167745439,5.620056727364293,23.486721173501657,40.44312634980746,,,,,,,,,,,,0.056200567273642935,-0.10180694060379152,0.40443126349807457,,322.0,-22.143742618413235,-0.22143742618413234,,
selected_contribution_path,demo-human_decline_bot_rise-884000,human_decline_bot_rise,dynamic_hierarchy,119,fixed_price,9d018b9de9fdf567d73f5985050e16b27d8e3d3b4c30531233e5677558244647,established_a-b112,established_a,112,,,,100,,,,-10.205694060379152,-6.594212167745438,5.614118786330057,23.461721173501655,40.49086904437248,,,,,,,,,,,,0.056141187863300565,-0.10205694060379152,0.4049086904437248,,323.0,-22.168742618413237,-0.22168742618413237,,
selected_contribution_path,demo-human_decline_bot_rise-884000,human_decline_bot_rise,dynamic_hierarchy,119,continue_recent_trend,9d018b9de9fdf567d73f5985050e16b27d8e3d3b4c30531233e5677558244647,established_a-b112,established_a,112,,,,100,,,,-26.267059626632783,-22.771560439035103,-4.892804854405137,79.0186034461542,347.1837170955973,,,,,,,,,,,,-0.04892804854405137,-0.2626705962663278,3.4718371709559728,,323.0,-22.168742618413237,-0.22168742618413237,,
selected_contribution_path,demo-human_decline_bot_rise-884000,human_decline_bot_rise,dynamic_hierarchy,119,hold_current,9d018b9de9fdf567d73f5985050e16b27d8e3d3b4c30531233e5677558244647,established_a-b112,established_a,112,,,,100,,,,-22.21570286661617,-17.93351734167907,-7.651017430576672,6.6785561586251525,16.977370013306036,,,,,,,,,,,,-0.07651017430576672,-0.2221570286661617,0.16977370013306037,,323.0,-22.168742618413237,-0.22168742618413237,,
selected_contribution_path,demo-human_decline_bot_rise-884000,human_decline_bot_rise,dynamic_hierarchy,119,hold_current,9d018b9de9fdf567d73f5985050e16b27d8e3d3b4c30531233e5677558244647,established_a-b112,established_a,112,,,,100,,,,-22.240702866616168,-17.95851734167907,-7.676017430576671,6.653556158625154,16.952370013306037,,,,,,,,,,,,-0.0767601743057667,-0.2224070286661617,0.16952370013306037,,324.0,-22.193742618413232,-0.2219374261841323,,
selected_contribution_path,demo-human_decline_bot_rise-884000,human_decline_bot_rise,dynamic_hierarchy,119,continue_recent_trend,9d018b9de9fdf567d73f5985050e16b27d8e3d3b4c30531233e5677558244647,established_a-b112,established_a,112,,,,100,,,,-26.292059626632785,-22.7965604390351,-4.917804854405135,78.9936034461542,349.63127437997025,,,,,,,,,,,,-0.049178048544051355,-0.26292059626632786,3.4963127437997024,,324.0,-22.193742618413232,-0.2219374261841323,,
selected_contribution_path,demo-human_decline_bot_rise-884000,human_decline_bot_rise,dynamic_hierarchy,119,fixed_price,9d018b9de9fdf567d73f5985050e16b27d8e3d3b4c30531233e5677558244647,established_a-b112,established_a,112,,,,100,,,,-10.23069406037915,-6.619212167745436,5.589118786330058,23.71859341411337,41.05263541819426,,,,,,,,,,,,0.05589118786330058,-0.1023069406037915,0.41052635418194255,,324.0,-22.193742618413232,-0.2219374261841323,,
selected_contribution_path,demo-human_decline_bot_rise-884000,human_decline_bot_rise,dynamic_hierarchy,119,fixed_price,9d018b9de9fdf567d73f5985050e16b27d8e3d3b4c30531233e5677558244647,established_a-b112,established_a,112,,,,100,,,,-10.242641034225745,-6.644212167745435,5.564118786330059,23.693593414113373,41.02763541819425,,,,,,,,,,,,0.05564118786330059,-0.10242641034225745,0.4102763541819425,,325.0,-22.21874261841323,-0.22218742618413231,,
selected_contribution_path,demo-human_decline_bot_rise-884000,human_decline_bot_rise,dynamic_hierarchy,119,continue_recent_trend,9d018b9de9fdf567d73f5985050e16b27d8e3d3b4c30531233e5677558244647,established_a-b112,established_a,112,,,,100,,,,-26.317059626632787,-22.821560439035103,-4.942804854405134,79.16323861508721,351.6589191682513,,,,,,,,,,,,-0.04942804854405134,-0.2631705962663279,3.516589191682513,,325.0,-22.21874261841323,-0.22218742618413231,,
selected_contribution_path,demo-human_decline_bot_rise-884000,human_decline_bot_rise,dynamic_hierarchy,119,hold_current,9d018b9de9fdf567d73f5985050e16b27d8e3d3b4c30531233e5677558244647,established_a-b112,established_a,112,,,,100,,,,-22.265702866616166,-17.983517341679068,-7.690747747680946,6.643500641993345,16.92737001330604,,,,,,,,,,,,-0.07690747747680945,-0.22265702866616166,0.1692737001330604,,325.0,-22.21874261841323,-0.22218742618413231,,
selected_contribution_path,demo-human_decline_bot_rise-884000,human_decline_bot_rise,dynamic_hierarchy,119,fixed_price,9d018b9de9fdf567d73f5985050e16b27d8e3d3b4c30531233e5677558244647,established_a-b112,established_a,112,,,,100,,,,-10.267641034225743,-6.6692121677454335,5.539118786330061,23.66859341411337,41.002635418194245,,,,,,,,,,,,0.055391187863300606,-0.10267641034225744,0.41002635418194244,,326.0,-22.24374261841323,-0.2224374261841323,,
selected_contribution_path,demo-human_decline_bot_rise-884000,human_decline_bot_rise,dynamic_hierarchy,119,continue_recent_trend,9d018b9de9fdf567d73f5985050e16b27d8e3d3b4c30531233e5677558244647,established_a-b112,established_a,112,,,,100,,,,-26.342059626632786,-22.846560439035105,-4.901174908666436,79.1382386150872,354.2267925418139,,,,,,,,,,,,-0.04901174908666436,-0.26342059626632786,3.542267925418139,,326.0,-22.24374261841323,-0.2224374261841323,,
selected_contribution_path,demo-human_decline_bot_rise-884000,human_decline_bot_rise,dynamic_hierarchy,119,hold_current,9d018b9de9fdf567d73f5985050e16b27d8e3d3b4c30531233e5677558244647,established_a-b112,established_a,112,,,,100,,,,-22.25899594995821,-18.00851734167907,-7.715747747680945,6.6185006419933465,16.90237001330604,,,,,,,,,,,,-0.07715747747680946,-0.22258995949958207,0.1690237001330604,,326.0,-22.24374261841323,-0.2224374261841323,,
selected_contribution_path,demo-human_decline_bot_rise-884000,human_decline_bot_rise,dynamic_hierarchy,119,fixed_price,9d018b9de9fdf567d73f5985050e16b27d8e3d3b4c30531233e5677558244647,established_a-b112,established_a,112,,,,100,,,,-10.292641034225742,-6.694212167745432,5.514118786330062,23.643593414113376,41.534582325944,,,,,,,,,,,,0.05514118786330062,-0.10292641034225741,0.41534582325944003,,327.0,-22.268742618413228,-0.2226874261841323,,
selected_contribution_path,demo-human_decline_bot_rise-884000,human_decline_bot_rise,dynamic_hierarchy,119,continue_recent_trend,9d018b9de9fdf567d73f5985050e16b27d8e3d3b4c30531233e5677558244647,established_a-b112,established_a,112,,,,100,,,,-26.36704765220208,-22.871560439035104,-4.926174908666434,79.1132386150872,355.6371951820548,,,,,,,,,,,,-0.04926174908666434,-0.2636704765220208,3.556371951820548,,327.0,-22.268742618413228,-0.2226874261841323,,
selected_contribution_path,demo-human_decline_bot_rise-884000,human_decline_bot_rise,dynamic_hierarchy,119,hold_current,9d018b9de9fdf567d73f5985050e16b27d8e3d3b4c30531233e5677558244647,established_a-b112,established_a,112,,,,100,,,,-22.28399594995821,-18.033517341679072,-7.740747747680944,6.593500641993348,17.086161071375102,,,,,,,,,,,,-0.07740747747680944,-0.2228399594995821,0.17086161071375103,,327.0,-22.268742618413228,-0.2226874261841323,,
selected_contribution_path,demo-human_decline_bot_rise-884000,human_decline_bot_rise,dynamic_hierarchy,119,hold_current,9d018b9de9fdf567d73f5985050e16b27d8e3d3b4c30531233e5677558244647,established_a-b112,established_a,112,,,,100,,,,-22.28798801691325,-17.973817268639237,-7.74525877702813,6.568500641993349,17.061161071375103,,,,,,,,,,,,-0.0774525877702813,-0.2228798801691325,0.17061161071375103,,328.0,-22.293742618413223,-0.22293742618413223,,
selected_contribution_path,demo-human_decline_bot_rise-884000,human_decline_bot_rise,dynamic_hierarchy,119,continue_recent_trend,9d018b9de9fdf567d73f5985050e16b27d8e3d3b4c30531233e5677558244647,established_a-b112,established_a,112,,,,100,,,,-26.39204765220208,-22.896560439035103,-4.951174908666433,81.17011192551226,357.4275539595382,,,,,,,,,,,,-0.04951174908666433,-0.26392047652202083,3.5742755395953822,,328.0,-22.293742618413223,-0.22293742618413223,,
selected_contribution_path,demo-human_decline_bot_rise-884000,human_decline_bot_rise,dynamic_hierarchy,119,fixed_price,9d018b9de9fdf567d73f5985050e16b27d8e3d3b4c30531233e5677558244647,established_a-b112,established_a,112,,,,100,,,,-10.31764103422574,-6.719212167745431,5.489118786330064,23.618593414113377,41.509582325944,,,,,,,,,,,,0.05489118786330063,-0.1031764103422574,0.41509582325944,,328.0,-22.293742618413223,-0.22293742618413223,,
selected_contribution_path,demo-human_decline_bot_rise-884000,human_decline_bot_rise,dynamic_hierarchy,119,fixed_price,9d018b9de9fdf567d73f5985050e16b27d8e3d3b4c30531233e5677558244647,established_a-b112,established_a,112,,,,100,,,,-10.34264103422574,-6.744212167745429,5.464118786330065,23.59359341411338,41.48458232594399,,,,,,,,,,,,0.054641187863300654,-0.10342641034225741,0.4148458232594399,,329.0,-22.318742618413225,-0.22318742618413226,,
selected_contribution_path,demo-human_decline_bot_rise-884000,human_decline_bot_rise,dynamic_hierarchy,119,continue_recent_trend,9d018b9de9fdf567d73f5985050e16b27d8e3d3b4c30531233e5677558244647,established_a-b112,established_a,112,,,,100,,,,-26.41704765220208,-22.921560439035105,-4.976174908666431,81.90829579569908,357.90305343689994,,,,,,,,,,,,-0.049761749086664316,-0.2641704765220208,3.579030534368999,,329.0,-22.318742618413225,-0.22318742618413226,,
selected_contribution_path,demo-human_decline_bot_rise-884000,human_decline_bot_rise,dynamic_hierarchy,119,hold_current,9d018b9de9fdf567d73f5985050e16b27d8e3d3b4c30531233e5677558244647,established_a-b112,established_a,112,,,,100,,,,-22.31298801691325,-17.998817268639236,-7.770258777028129,6.543500641993351,17.036161071375105,,,,,,,,,,,,-0.07770258777028129,-0.2231298801691325,0.17036161071375105,,329.0,-22.318742618413225,-0.22318742618413226,,
selected_contribution_path,demo-human_decline_bot_rise-884000,human_decline_bot_rise,dynamic_hierarchy,119,fixed_price,9d018b9de9fdf567d73f5985050e16b27d8e3d3b4c30531233e5677558244647,established_a-b112,established_a,112,,,,100,,,,-10.367641034225738,-6.769212167745428,5.4391187863300665,23.56859341411338,41.459582325943984,,,,,,,,,,,,0.05439118786330067,-0.10367641034225737,0.41459582325943983,,330.0,-22.343742618413224,-0.22343742618413223,,
selected_contribution_path,demo-human_decline_bot_rise-884000,human_decline_bot_rise,dynamic_hierarchy,119,continue_recent_trend,9d018b9de9fdf567d73f5985050e16b27d8e3d3b4c30531233e5677558244647,established_a-b112,established_a,112,,,,100,,,,-26.44204765220208,-22.94548357306065,-5.00117490866643,82.03308890334748,359.7858946119221,,,,,,,,,,,,-0.0500117490866643,-0.26442047652202083,3.597858946119221,,330.0,-22.343742618413224,-0.22343742618413223,,
selected_contribution_path,demo-human_decline_bot_rise-884000,human_decline_bot_rise,dynamic_hierarchy,119,hold_current,9d018b9de9fdf567d73f5985050e16b27d8e3d3b4c30531233e5677558244647,established_a-b112,established_a,112,,,,100,,,,-22.33798801691325,-18.02381726863924,-7.795258777028128,6.518500641993352,17.011161071375106,,,,,,,,,,,,-0.07795258777028127,-0.22337988016913252,0.17011161071375105,,330.0,-22.343742618413224,-0.22343742618413223,,
selected_contribution_path,demo-human_decline_bot_rise-884000,human_decline_bot_rise,dynamic_hierarchy,119,fixed_price,9d018b9de9fdf567d73f5985050e16b27d8e3d3b4c30531233e5677558244647,established_a-b112,established_a,112,,,,100,,,,-10.392641034225736,-6.794212167745426,5.414118786330068,23.54359341411338,41.43458232594398,,,,,,,,,,,,0.05414118786330068,-0.10392641034225736,0.4143458232594398,,331.0,-22.368742618413226,-0.22368742618413226,,
selected_contribution_path,demo-human_decline_bot_rise-884000,human_decline_bot_rise,dynamic_hierarchy,119,continue_recent_trend,9d018b9de9fdf567d73f5985050e16b27d8e3d3b4c30531233e5677558244647,established_a-b112,established_a,112,,,,100,,,,-26.46704765220208,-22.970483573060648,-5.0261749086664285,83.97416051906113,361.4600322222745,,,,,,,,,,,,-0.05026174908666428,-0.2646704765220208,3.6146003222227447,,331.0,-22.368742618413226,-0.22368742618413226,,
selected_contribution_path,demo-human_decline_bot_rise-884000,human_decline_bot_rise,dynamic_hierarchy,119,hold_current,9d018b9de9fdf567d73f5985050e16b27d8e3d3b4c30531233e5677558244647,established_a-b112,established_a,112,,,,100,,,,-22.36298801691325,-18.04881726863924,-7.820258777028126,6.493500641993354,16.986161071375108,,,,,,,,,,,,-0.07820258777028126,-0.2236298801691325,0.16986161071375108,,331.0,-22.368742618413226,-0.22368742618413226,,
selected_contribution_path,demo-human_decline_bot_rise-884000,human_decline_bot_rise,dynamic_hierarchy,119,hold_current,9d018b9de9fdf567d73f5985050e16b27d8e3d3b4c30531233e5677558244647,established_a-b112,established_a,112,,,,100,,,,-22.331431261255197,-18.07381726863924,-7.845258777028125,6.5805960722337815,16.96116107137511,,,,,,,,,,,,-0.07845258777028125,-0.22331431261255197,0.16961161071375108,,332.0,-22.39374261841322,-0.2239374261841322,,
selected_contribution_path,demo-human_decline_bot_rise-884000,human_decline_bot_rise,dynamic_hierarchy,119,continue_recent_trend,9d018b9de9fdf567d73f5985050e16b27d8e3d3b4c30531233e5677558244647,established_a-b112,established_a,112,,,,100,,,,-26.49204765220208,-22.99548357306065,-5.051174908666427,84.01953879773947,362.53318470927945,,,,,,,,,,,,-0.05051174908666427,-0.2649204765220208,3.6253318470927947,,332.0,-22.39374261841322,-0.2239374261841322,,
selected_contribution_path,demo-human_decline_bot_rise-884000,human_decline_bot_rise,dynamic_hierarchy,119,fixed_price,9d018b9de9fdf567d73f5985050e16b27d8e3d3b4c30531233e5677558244647,established_a-b112,established_a,112,,,,100,,,,-10.417641034225737,-6.819212167745425,5.389118786330069,23.518593414113383,41.44291655339429,,,,,,,,,,,,0.053891187863300695,-0.10417641034225737,0.41442916553394293,,332.0,-22.39374261841322,-0.2239374261841322,,
selected_contribution_path,demo-human_decline_bot_rise-884000,human_decline_bot_rise,dynamic_hierarchy,119,fixed_price,9d018b9de9fdf567d73f5985050e16b27d8e3d3b4c30531233e5677558244647,established_a-b112,established_a,112,,,,100,,,,-10.442641034225732,-6.844212167745424,5.364118786330071,23.493593414113384,41.434730323984255,,,,,,,,,,,,0.05364118786330071,-0.10442641034225732,0.41434730323984253,,333.0,-22.41874261841322,-0.2241874261841322,,
selected_contribution_path,demo-human_decline_bot_rise-884000,human_decline_bot_rise,dynamic_hierarchy,119,continue_recent_trend,9d018b9de9fdf567d73f5985050e16b27d8e3d3b4c30531233e5677558244647,established_a-b112,established_a,112,,,,100,,,,-26.51702806209161,-23.02048357306065,-5.076174908666426,85.10913254318311,363.77723209172416,,,,,,,,,,,,-0.050761749086664254,-0.26517028062091613,3.6377723209172417,,333.0,-22.41874261841322,-0.2241874261841322,,
selected_contribution_path,demo-human_decline_bot_rise-884000,human_decline_bot_rise,dynamic_hierarchy,119,hold_current,9d018b9de9fdf567d73f5985050e16b27d8e3d3b4c30531233e5677558244647,established_a-b112,established_a,112,,,,100,,,,-22.3564312612552,-18.09881726863924,-7.870258777028123,6.571011662473509,16.93616107137511,,,,,,,,,,,,-0.07870258777028123,-0.223564312612552,0.1693616107137511,,333.0,-22.41874261841322,-0.2241874261841322,,
selected_contribution_path,demo-human_decline_bot_rise-884000,human_decline_bot_rise,dynamic_hierarchy,119,fixed_price,9d018b9de9fdf567d73f5985050e16b27d8e3d3b4c30531233e5677558244647,established_a-b112,established_a,112,,,,100,,,,-10.467641034225732,-6.869212167745422,5.339118786330072,23.468593414113386,41.40973032398425,,,,,,,,,,,,0.05339118786330072,-0.10467641034225732,0.4140973032398425,,334.0,-22.443742618413214,-0.22443742618413215,,
selected_contribution_path,demo-human_decline_bot_rise-884000,human_decline_bot_rise,dynamic_hierarchy,119,continue_recent_trend,9d018b9de9fdf567d73f5985050e16b27d8e3d3b4c30531233e5677558244647,established_a-b112,established_a,112,,,,100,,,,-26.542028062091617,-23.04538324000172,-5.101174908666424,86.56096932089957,366.8459012767216,,,,,,,,,,,,-0.05101174908666424,-0.26542028062091616,3.6684590127672156,,334.0,-22.443742618413214,-0.22443742618413215,,
selected_contribution_path,demo-human_decline_bot_rise-884000,human_decline_bot_rise,dynamic_hierarchy,119,hold_current,9d018b9de9fdf567d73f5985050e16b27d8e3d3b4c30531233e5677558244647,established_a-b112,established_a,112,,,,100,,,,-22.287340064571005,-18.12381726863924,-7.870344520460172,6.870542085039155,16.911161071375112,,,,,,,,,,,,-0.07870344520460172,-0.22287340064571004,0.1691116107137511,,334.0,-22.443742618413214,-0.22443742618413215,,
selected_contribution_path,demo-human_decline_bot_rise-884000,human_decline_bot_rise,dynamic_hierarchy,119,fixed_price,9d018b9de9fdf567d73f5985050e16b27d8e3d3b4c30531233e5677558244647,established_a-b112,established_a,112,,,,100,,,,-10.49264103422573,-6.894212167745421,5.314118786330074,23.443593414113387,41.38473032398424,,,,,,,,,,,,0.053141187863300736,-0.1049264103422573,0.4138473032398424,,335.0,-22.468742618413216,-0.22468742618413218,,
selected_contribution_path,demo-human_decline_bot_rise-884000,human_decline_bot_rise,dynamic_hierarchy,119,continue_recent_trend,9d018b9de9fdf567d73f5985050e16b27d8e3d3b4c30531233e5677558244647,established_a-b112,established_a,112,,,,100,,,,-26.567028062091616,-23.07038324000172,-5.126174908666423,87.21717113304803,370.3066627393889,,,,,,,,,,,,-0.05126174908666423,-0.26567028062091613,3.703066627393889,,335.0,-22.468742618413216,-0.22468742618413218,,
selected_contribution_path,demo-human_decline_bot_rise-884000,human_decline_bot_rise,dynamic_hierarchy,119,hold_current,9d018b9de9fdf567d73f5985050e16b27d8e3d3b4c30531233e5677558244647,established_a-b112,established_a,112,,,,100,,,,-22.312340064571003,-18.14881726863924,-7.895344520460171,6.923322524188187,16.886161071375113,,,,,,,,,,,,-0.07895344520460171,-0.22312340064571004,0.16886161071375114,,335.0,-22.468742618413216,-0.22468742618413218,,
selected_contribution_path,demo-human_decline_bot_rise-884000,human_decline_bot_rise,dynamic_hierarchy,119,hold_current,9d018b9de9fdf567d73f5985050e16b27d8e3d3b4c30531233e5677558244647,established_a-b112,established_a,112,,,,100,,,,-22.33734006457101,-18.17381726863924,-7.920344520460169,6.898322524188188,16.861161071375115,,,,,,,,,,,,-0.0792034452046017,-0.2233734006457101,0.16861161071375114,,336.0,-22.49374261841321,-0.22493742618413212,,
selected_contribution_path,demo-human_decline_bot_rise-884000,human_decline_bot_rise,dynamic_hierarchy,119,continue_recent_trend,9d018b9de9fdf567d73f5985050e16b27d8e3d3b4c30531233e5677558244647,established_a-b112,established_a,112,,,,100,,,,-26.59202806209161,-23.09538324000172,-5.151174908666421,87.38862213563313,372.21642115598326,,,,,,,,,,,,-0.05151174908666421,-0.2659202806209161,3.7221642115598326,,336.0,-22.49374261841321,-0.22493742618413212,,
selected_contribution_path,demo-human_decline_bot_rise-884000,human_decline_bot_rise,dynamic_hierarchy,119,fixed_price,9d018b9de9fdf567d73f5985050e16b27d8e3d3b4c30531233e5677558244647,established_a-b112,established_a,112,,,,100,,,,-10.51764103422573,-6.919212167745419,5.289118786330075,23.41859341411339,41.35973032398424,,,,,,,,,,,,0.05289118786330075,-0.10517641034225729,0.4135973032398424,,336.0,-22.49374261841321,-0.22493742618413212,,
selected_contribution_path,demo-human_decline_bot_rise-884000,human_decline_bot_rise,dynamic_hierarchy,119,hold_current,9d018b9de9fdf567d73f5985050e16b27d8e3d3b4c30531233e5677558244647,established_a-b112,established_a,112,,,,100,,,,-22.362340064571008,-18.19881726863924,-7.904901041876325,6.87332252418819,16.836161071375116,,,,,,,,,,,,-0.07904901041876325,-0.22362340064571007,0.16836161071375116,,337.0,-22.518742618413214,-0.22518742618413212,,
selected_contribution_path,demo-human_decline_bot_rise-884000,human_decline_bot_rise,dynamic_hierarchy,119,continue_recent_trend,9d018b9de9fdf567d73f5985050e16b27d8e3d3b4c30531233e5677558244647,established_a-b112,established_a,112,,,,100,,,,-26.617028062091617,-23.120383240001715,-5.17617490866642,87.50612247361943,374.1218844678486,,,,,,,,,,,,-0.0517617490866642,-0.2661702806209162,3.7412188446784858,,337.0,-22.518742618413214,-0.22518742618413212,,
selected_contribution_path,demo-human_decline_bot_rise-884000,human_decline_bot_rise,dynamic_hierarchy,119,fixed_price,9d018b9de9fdf567d73f5985050e16b27d8e3d3b4c30531233e5677558244647,established_a-b112,established_a,112,,,,100,,,,-10.542641034225728,-6.8894243163595625,5.2641187863300765,23.39359341411339,41.56624723984658,,,,,,,,,,,,0.05264118786330076,-0.10542641034225728,0.4156624723984658,,337.0,-22.518742618413214,-0.22518742618413212,,
selected_contribution_path,demo-human_decline_bot_rise-884000,human_decline_bot_rise,dynamic_hierarchy,119,hold_current,9d018b9de9fdf567d73f5985050e16b27d8e3d3b4c30531233e5677558244647,established_a-b112,established_a,112,,,,100,,,,-22.387340064571006,-18.22381726863924,-7.929901041876324,6.848322524188191,16.83031717638859,,,,,,,,,,,,-0.07929901041876324,-0.22387340064571007,0.1683031717638859,,338.0,-22.54374261841321,-0.2254374261841321,,
selected_contribution_path,demo-human_decline_bot_rise-884000,human_decline_bot_rise,dynamic_hierarchy,119,fixed_price,9d018b9de9fdf567d73f5985050e16b27d8e3d3b4c30531233e5677558244647,established_a-b112,established_a,112,,,,100,,,,-10.567641034225726,-6.914424316359561,5.239118786330078,23.45574416496181,41.54124723984658,,,,,,,,,,,,0.05239118786330078,-0.10567641034225726,0.4154124723984658,,338.0,-22.54374261841321,-0.2254374261841321,,
selected_contribution_path,demo-human_decline_bot_rise-884000,human_decline_bot_rise,dynamic_hierarchy,119,continue_recent_trend,9d018b9de9fdf567d73f5985050e16b27d8e3d3b4c30531233e5677558244647,established_a-b112,established_a,112,,,,100,,,,-26.64202806209161,-23.140635013702493,-5.2011749086664185,87.913698327301,375.94295393027295,,,,,,,,,,,,-0.052011749086664186,-0.2664202806209161,3.7594295393027295,,338.0,-22.54374261841321,-0.2254374261841321,,
selected_contribution_path,demo-human_decline_bot_rise-884000,human_decline_bot_rise,dynamic_hierarchy,119,fixed_price,9d018b9de9fdf567d73f5985050e16b27d8e3d3b4c30531233e5677558244647,established_a-b112,established_a,112,,,,100,,,,-10.592641034225723,-6.901897220157908,5.214118786330079,23.430744164961816,41.51624723984657,,,,,,,,,,,,0.05214118786330079,-0.10592641034225724,0.4151624723984657,,339.0,-22.56874261841321,-0.2256874261841321,,
selected_contribution_path,demo-human_decline_bot_rise-884000,human_decline_bot_rise,dynamic_hierarchy,119,hold_current,9d018b9de9fdf567d73f5985050e16b27d8e3d3b4c30531233e5677558244647,established_a-b112,established_a,112,,,,100,,,,-22.412340064571005,-18.24881726863924,-7.954901041876322,6.8233225241881925,16.80531717638859,,,,,,,,,,,,-0.07954901041876322,-0.22412340064571004,0.1680531717638859,,339.0,-22.56874261841321,-0.2256874261841321,,
selected_contribution_path,demo-human_decline_bot_rise-884000,human_decline_bot_rise,dynamic_hierarchy,119,continue_recent_trend,9d018b9de9fdf567d73f5985050e16b27d8e3d3b4c30531233e5677558244647,established_a-b112,established_a,112,,,,100,,,,-26.667028062091617,-23.16563501370249,-5.118603821836803,88.0795250114124,380.1605822832955,,,,,,,,,,,,-0.051186038218368035,-0.2666702806209162,3.8016058228329555,,339.0,-22.56874261841321,-0.2256874261841321,,
selected_contribution_path,demo-human_decline_bot_rise-884000,human_decline_bot_rise,dynamic_hierarchy,119,hold_current,9d018b9de9fdf567d73f5985050e16b27d8e3d3b4c30531233e5677558244647,established_a-b112,established_a,112,,,,100,,,,-22.437340064571007,-18.126586583835923,-7.939821703917318,6.798512834389907,16.780317176388593,,,,,,,,,,,,-0.07939821703917317,-0.22437340064571007,0.16780317176388593,,340.0,-22.59374261841321,-0.2259374261841321,,
selected_contribution_path,demo-human_decline_bot_rise-884000,human_decline_bot_rise,dynamic_hierarchy,119,fixed_price,9d018b9de9fdf567d73f5985050e16b27d8e3d3b4c30531233e5677558244647,established_a-b112,established_a,112,,,,100,,,,-10.617641034225723,-6.926897220157906,5.189118786330081,23.405744164961817,41.4921532475846,,,,,,,,,,,,0.051891187863300804,-0.10617641034225724,0.414921532475846,,340.0,-22.59374261841321,-0.2259374261841321,,
selected_contribution_path,demo-human_decline_bot_rise-884000,human_decline_bot_rise,dynamic_hierarchy,119,continue_recent_trend,9d018b9de9fdf567d73f5985050e16b27d8e3d3b4c30531233e5677558244647,established_a-b112,established_a,112,,,,100,,,,-26.692028062091616,-23.190635013702497,-5.143603821836802,88.1086571791518,384.3971263910296,,,,,,,,,,,,-0.05143603821836802,-0.26692028062091616,3.843971263910296,,340.0,-22.59374261841321,-0.2259374261841321,,
selected_contribution_path,demo-human_decline_bot_rise-884000,human_decline_bot_rise,dynamic_hierarchy,119,continue_recent_trend,9d018b9de9fdf567d73f5985050e16b27d8e3d3b4c30531233e5677558244647,established_a-b112,established_a,112,,,,100,,,,-26.716573448948655,-23.215635013702496,-5.161644845381641,88.20177637573121,385.6656189737453,,,,,,,,,,,,-0.05161644845381641,-0.26716573448948655,3.8566561897374534,,341.0,-22.618742618413208,-0.22618742618413207,,
selected_contribution_path,demo-human_decline_bot_rise-884000,human_decline_bot_rise,dynamic_hierarchy,119,fixed_price,9d018b9de9fdf567d73f5985050e16b27d8e3d3b4c30531233e5677558244647,established_a-b112,established_a,112,,,,100,,,,-10.642641034225722,-6.951897220157905,5.307540157908928,23.38074416496182,41.46715324758459,,,,,,,,,,,,0.05307540157908928,-0.10642641034225722,0.4146715324758459,,341.0,-22.618742618413208,-0.22618742618413207,,
selected_contribution_path,demo-human_decline_bot_rise-884000,human_decline_bot_rise,dynamic_hierarchy,119,hold_current,9d018b9de9fdf567d73f5985050e16b27d8e3d3b4c30531233e5677558244647,established_a-b112,established_a,112,,,,100,,,,-22.456287791110764,-18.15158658383592,-7.964821703917316,6.7735128343899085,16.755317176388594,,,,,,,,,,,,-0.07964821703917316,-0.22456287791110763,0.16755317176388596,,341.0,-22.618742618413208,-0.22618742618413207,,
selected_contribution_path,demo-human_decline_bot_rise-884000,human_decline_bot_rise,dynamic_hierarchy,119,hold_current,9d018b9de9fdf567d73f5985050e16b27d8e3d3b4c30531233e5677558244647,established_a-b112,established_a,112,,,,100,,,,-22.481287791110763,-18.176586583835924,-7.989821703917315,6.74851283438991,16.730317176388596,,,,,,,,,,,,-0.07989821703917314,-0.22481287791110763,0.16730317176388596,,342.0,-22.643742618413206,-0.22643742618413207,,
selected_contribution_path,demo-human_decline_bot_rise-884000,human_decline_bot_rise,dynamic_hierarchy,119,fixed_price,9d018b9de9fdf567d73f5985050e16b27d8e3d3b4c30531233e5677558244647,established_a-b112,established_a,112,,,,100,,,,-10.66764103422572,-6.976897220157904,5.2825401579089295,23.35574416496182,41.442153247584585,,,,,,,,,,,,0.0528254015790893,-0.10667641034225721,0.41442153247584584,,342.0,-22.643742618413206,-0.22643742618413207,,
selected_contribution_path,demo-human_decline_bot_rise-884000,human_decline_bot_rise,dynamic_hierarchy,119,continue_recent_trend,9d018b9de9fdf567d73f5985050e16b27d8e3d3b4c30531233e5677558244647,established_a-b112,established_a,112,,,,100,,,,-26.74073132257304,-23.24063501370249,-5.18664484538164,88.57725333761076,389.4009777758366,,,,,,,,,,,,-0.0518664484538164,-0.2674073132257304,3.894009777758366,,342.0,-22.643742618413206,-0.22643742618413207,,
selected_contribution_path,demo-human_decline_bot_rise-884000,human_decline_bot_rise,dynamic_hierarchy,119,fixed_price,9d018b9de9fdf567d73f5985050e16b27d8e3d3b4c30531233e5677558244647,established_a-b112,established_a,112,,,,100,,,,-10.6899383067158,-7.001897220157902,5.262462375779766,23.33074416496182,41.41715324758458,,,,,,,,,,,,0.05262462375779766,-0.10689938306715799,0.4141715324758458,,343.0,-22.668742618413205,-0.22668742618413204,,
selected_contribution_path,demo-human_decline_bot_rise-884000,human_decline_bot_rise,dynamic_hierarchy,119,hold_current,9d018b9de9fdf567d73f5985050e16b27d8e3d3b4c30531233e5677558244647,established_a-b112,established_a,112,,,,100,,,,-22.506287791110765,-18.201586583835923,-8.014821703917313,6.723512834389911,16.705317176388597,,,,,,,,,,,,-0.08014821703917313,-0.22506287791110766,0.16705317176388598,,343.0,-22.668742618413205,-0.22668742618413204,,
selected_contribution_path,demo-human_decline_bot_rise-884000,human_decline_bot_rise,dynamic_hierarchy,119,continue_recent_trend,9d018b9de9fdf567d73f5985050e16b27d8e3d3b4c30531233e5677558244647,established_a-b112,established_a,112,,,,100,,,,-26.76573132257304,-23.265635013702497,-5.195051575492387,88.77980443532871,390.8195077135989,,,,,,,,,,,,-0.051950515754923876,-0.2676573132257304,3.9081950771359892,,343.0,-22.668742618413205,-0.22668742618413204,,
selected_contribution_path,demo-human_decline_bot_rise-884000,human_decline_bot_rise,dynamic_hierarchy,119,hold_current,9d018b9de9fdf567d73f5985050e16b27d8e3d3b4c30531233e5677558244647,established_a-b112,established_a,112,,,,100,,,,-22.531287791110767,-18.226586583835925,-8.031841090411286,6.698512834389913,16.6803171763886,,,,,,,,,,,,-0.08031841090411286,-0.22531287791110766,0.16680317176388598,,344.0,-22.693742618413204,-0.22693742618413204,,
selected_contribution_path,demo-human_decline_bot_rise-884000,human_decline_bot_rise,dynamic_hierarchy,119,fixed_price,9d018b9de9fdf567d73f5985050e16b27d8e3d3b4c30531233e5677558244647,established_a-b112,established_a,112,,,,100,,,,-10.714938306715798,-7.026897220157901,5.375639664331658,23.305744164961823,41.392153247584574,,,,,,,,,,,,0.05375639664331658,-0.10714938306715797,0.41392153247584573,,344.0,-22.693742618413204,-0.22693742618413204,,
selected_contribution_path,demo-human_decline_bot_rise-884000,human_decline_bot_rise,dynamic_hierarchy,119,continue_recent_trend,9d018b9de9fdf567d73f5985050e16b27d8e3d3b4c30531233e5677558244647,established_a-b112,established_a,112,,,,100,,,,-26.79071116249112,-23.2906350137025,-5.219253891879584,88.82992498557613,393.428991533772,,,,,,,,,,,,-0.052192538918795835,-0.2679071116249112,3.93428991533772,,344.0,-22.693742618413204,-0.22693742618413204,,
selected_contribution_path,demo-human_decline_bot_rise-884000,human_decline_bot_rise,dynamic_hierarchy,119,fixed_price,9d018b9de9fdf567d73f5985050e16b27d8e3d3b4c30531233e5677558244647,established_a-b112,established_a,112,,,,100,,,,-10.739938306715796,-7.051897220157899,5.52194506329678,23.280744164961824,41.36715324758457,,,,,,,,,,,,0.0552194506329678,-0.10739938306715796,0.4136715324758457,,345.0,-22.7187426184132,-0.22718742618413199,,
selected_contribution_path,demo-human_decline_bot_rise-884000,human_decline_bot_rise,dynamic_hierarchy,119,continue_recent_trend,9d018b9de9fdf567d73f5985050e16b27d8e3d3b4c30531233e5677558244647,established_a-b112,established_a,112,,,,100,,,,-26.81571116249112,-23.315635013702497,-5.183875978624695,88.99505177858705,394.601868890278,,,,,,,,,,,,-0.05183875978624695,-0.2681571116249112,3.94601868890278,,345.0,-22.7187426184132,-0.22718742618413199,,
selected_contribution_path,demo-human_decline_bot_rise-884000,human_decline_bot_rise,dynamic_hierarchy,119,hold_current,9d018b9de9fdf567d73f5985050e16b27d8e3d3b4c30531233e5677558244647,established_a-b112,established_a,112,,,,100,,,,-22.55628779111077,-18.251586583835923,-8.056841090411284,6.673512834389914,16.6553171763886,,,,,,,,,,,,-0.08056841090411285,-0.22556287791110768,0.166553171763886,,345.0,-22.7187426184132,-0.22718742618413199,,
selected_contribution_path,demo-human_decline_bot_rise-884000,human_decline_bot_rise,dynamic_hierarchy,119,hold_current,9d018b9de9fdf567d73f5985050e16b27d8e3d3b4c30531233e5677558244647,established_a-b112,established_a,112,,,,100,,,,-22.581287791110764,-18.276586583835925,-8.050439039388946,6.648512834389916,16.6303171763886,,,,,,,,,,,,-0.08050439039388946,-0.22581287791110763,0.166303171763886,,346.0,-22.7437426184132,-0.227437426184132,,
selected_contribution_path,demo-human_decline_bot_rise-884000,human_decline_bot_rise,dynamic_hierarchy,119,fixed_price,9d018b9de9fdf567d73f5985050e16b27d8e3d3b4c30531233e5677558244647,established_a-b112,established_a,112,,,,100,,,,-10.764938306715797,-7.06744672652875,5.496945063296781,23.561667413216963,41.575146626769765,,,,,,,,,,,,0.05496945063296781,-0.10764938306715796,0.41575146626769766,,346.0,-22.7437426184132,-0.227437426184132,,
selected_contribution_path,demo-human_decline_bot_rise-884000,human_decline_bot_rise,dynamic_hierarchy,119,continue_recent_trend,9d018b9de9fdf567d73f5985050e16b27d8e3d3b4c30531233e5677558244647,established_a-b112,established_a,112,,,,100,,,,-26.84071116249112,-23.340635013702496,-5.186960048992814,89.10008544048881,395.65826169478754,,,,,,,,,,,,-0.05186960048992814,-0.2684071116249112,3.9565826169478755,,346.0,-22.7437426184132,-0.227437426184132,,
selected_contribution_path,demo-human_decline_bot_rise-884000,human_decline_bot_rise,dynamic_hierarchy,119,continue_recent_trend,9d018b9de9fdf567d73f5985050e16b27d8e3d3b4c30531233e5677558244647,established_a-b112,established_a,112,,,,100,,,,-26.865682745497494,-23.362063159272623,-5.211960048992813,89.19200499506147,399.9143042308074,,,,,,,,,,,,-0.05211960048992813,-0.26865682745497493,3.9991430423080736,,347.0,-22.7687426184132,-0.22768742618413199,,
selected_contribution_path,demo-human_decline_bot_rise-884000,human_decline_bot_rise,dynamic_hierarchy,119,fixed_price,9d018b9de9fdf567d73f5985050e16b27d8e3d3b4c30531233e5677558244647,established_a-b112,established_a,112,,,,100,,,,-10.789938306715792,-7.092446726528749,5.476257570735836,23.536667413216964,41.55014662676976,,,,,,,,,,,,0.05476257570735836,-0.10789938306715792,0.4155014662676976,,347.0,-22.7687426184132,-0.22768742618413199,,
selected_contribution_path,demo-human_decline_bot_rise-884000,human_decline_bot_rise,dynamic_hierarchy,119,hold_current,9d018b9de9fdf567d73f5985050e16b27d8e3d3b4c30531233e5677558244647,established_a-b112,established_a,112,,,,100,,,,-22.606287791110766,-18.301586583835924,-8.075439039388945,6.623512834389917,16.605317176388603,,,,,,,,,,,,-0.08075439039388944,-0.22606287791110766,0.16605317176388604,,347.0,-22.7687426184132,-0.22768742618413199,,
selected_contribution_path,demo-human_decline_bot_rise-884000,human_decline_bot_rise,dynamic_hierarchy,119,fixed_price,9d018b9de9fdf567d73f5985050e16b27d8e3d3b4c30531233e5677558244647,established_a-b112,established_a,112,,,,100,,,,-10.814938306715792,-7.117446726528748,5.451257570735837,23.51166741321697,41.52514662676976,,,,,,,,,,,,0.054512575707358374,-0.10814938306715792,0.4152514662676976,,348.0,-22.7937426184132,-0.227937426184132,,
selected_contribution_path,demo-human_decline_bot_rise-884000,human_decline_bot_rise,dynamic_hierarchy,119,hold_current,9d018b9de9fdf567d73f5985050e16b27d8e3d3b4c30531233e5677558244647,established_a-b112,established_a,112,,,,100,,,,-22.63128779111077,-18.32658658383593,-8.070039057782596,6.598512834389918,16.580317176388604,,,,,,,,,,,,-0.08070039057782596,-0.22631287791110768,0.16580317176388604,,348.0,-22.7937426184132,-0.227937426184132,,
selected_contribution_path,demo-human_decline_bot_rise-884000,human_decline_bot_rise,dynamic_hierarchy,119,continue_recent_trend,9d018b9de9fdf567d73f5985050e16b27d8e3d3b4c30531233e5677558244647,established_a-b112,established_a,112,,,,100,,,,-26.890682745497497,-23.387063159272625,-5.236960048992811,89.29850108393089,400.08526974894505,,,,,,,,,,,,-0.052369600489928114,-0.26890682745497496,4.00085269748945,,348.0,-22.7937426184132,-0.227937426184132,,
selected_contribution_path,demo-human_decline_bot_rise-884000,human_decline_bot_rise,dynamic_hierarchy,119,fixed_price,9d018b9de9fdf567d73f5985050e16b27d8e3d3b4c30531233e5677558244647,established_a-b112,established_a,112,,,,100,,,,-10.83993830671579,-7.142446726528746,5.426257570735839,23.486667413216967,41.50014662676975,,,,,,,,,,,,0.05426257570735839,-0.1083993830671579,0.41500146626769746,,349.0,-22.8187426184132,-0.22818742618413201,,
selected_contribution_path,demo-human_decline_bot_rise-884000,human_decline_bot_rise,dynamic_hierarchy,119,continue_recent_trend,9d018b9de9fdf567d73f5985050e16b27d8e3d3b4c30531233e5677558244647,established_a-b112,established_a,112,,,,100,,,,-26.9156827454975,-23.412063159272623,-5.254972669759685,91.28307065084374,402.0348841710991,,,,,,,,,,,,-0.052549726697596846,-0.269156827454975,4.020348841710991,,349.0,-22.8187426184132,-0.22818742618413201,,
selected_contribution_path,demo-human_decline_bot_rise-884000,human_decline_bot_rise,dynamic_hierarchy,119,hold_current,9d018b9de9fdf567d73f5985050e16b27d8e3d3b4c30531233e5677558244647,established_a-b112,established_a,112,,,,100,,,,-22.656287791110767,-18.351586583835925,-8.095039057782595,6.57351283438992,16.555317176388606,,,,,,,,,,,,-0.08095039057782595,-0.22656287791110766,0.16555317176388606,,349.0,-22.8187426184132,-0.22818742618413201,,
selected_contribution_path,demo-human_decline_bot_rise-884000,human_decline_bot_rise,dynamic_hierarchy,119,hold_current,9d018b9de9fdf567d73f5985050e16b27d8e3d3b4c30531233e5677558244647,established_a-b112,established_a,112,,,,100,,,,-22.68128779111077,-18.376586583835927,-8.100137372174505,6.587273298267821,16.530317176388607,,,,,,,,,,,,-0.08100137372174504,-0.22681287791110769,0.16530317176388606,,350.0,-22.843742618413195,-0.22843742618413196,,
selected_contribution_path,demo-human_decline_bot_rise-884000,human_decline_bot_rise,dynamic_hierarchy,119,continue_recent_trend,9d018b9de9fdf567d73f5985050e16b27d8e3d3b4c30531233e5677558244647,established_a-b112,established_a,112,,,,100,,,,-26.940367994229224,-23.437063159272626,-5.279972669759683,91.36825172921868,409.1233351759436,,,,,,,,,,,,-0.05279972669759683,-0.26940367994229225,4.091233351759437,,350.0,-22.843742618413195,-0.22843742618413196,,
selected_contribution_path,demo-human_decline_bot_rise-884000,human_decline_bot_rise,dynamic_hierarchy,119,fixed_price,9d018b9de9fdf567d73f5985050e16b27d8e3d3b4c30531233e5677558244647,established_a-b112,established_a,112,,,,100,,,,-10.86493830671579,-7.167446726528745,5.40125757073584,23.46166741321697,41.47514662676974,,,,,,,,,,,,0.0540125757073584,-0.10864938306715789,0.41475146626769743,,350.0,-22.843742618413195,-0.22843742618413196,,
selected_contribution_path,demo-human_decline_bot_rise-884000,human_decline_bot_rise,dynamic_hierarchy,119,continue_recent_trend,9d018b9de9fdf567d73f5985050e16b27d8e3d3b4c30531233e5677558244647,established_a-b112,established_a,112,,,,100,,,,-26.965367994229226,-23.462063159272624,-5.304972669759682,94.83765168272916,411.8244381429734,,,,,,,,,,,,-0.05304972669759682,-0.2696536799422923,4.118244381429734,,351.0,-22.868742618413197,-0.22868742618413196,,
selected_contribution_path,demo-human_decline_bot_rise-884000,human_decline_bot_rise,dynamic_hierarchy,119,fixed_price,9d018b9de9fdf567d73f5985050e16b27d8e3d3b4c30531233e5677558244647,established_a-b112,established_a,112,,,,100,,,,-10.889938306715788,-7.192446726528743,5.3762575707358415,23.43666741321697,41.45014662676974,,,,,,,,,,,,0.053762575707358415,-0.10889938306715788,0.41450146626769735,,351.0,-22.868742618413197,-0.22868742618413196,,
selected_contribution_path,demo-human_decline_bot_rise-884000,human_decline_bot_rise,dynamic_hierarchy,119,hold_current,9d018b9de9fdf567d73f5985050e16b27d8e3d3b4c30531233e5677558244647,established_a-b112,established_a,112,,,,100,,,,-22.706287791110768,-18.401586583835925,-8.125137372174503,6.652631725797594,16.50531717638861,,,,,,,,,,,,-0.08125137372174503,-0.22706287791110769,0.1650531717638861,,351.0,-22.868742618413197,-0.22868742618413196,,
selected_contribution_path,demo-human_decline_bot_rise-884000,human_decline_bot_rise,dynamic_hierarchy,119,hold_current,9d018b9de9fdf567d73f5985050e16b27d8e3d3b4c30531233e5677558244647,established_a-b112,established_a,112,,,,100,,,,-22.73128779111077,-18.426586583835928,-8.150137372174502,6.72538108028138,16.48031717638861,,,,,,,,,,,,-0.08150137372174501,-0.22731287791110769,0.1648031717638861,,352.0,-22.893742618413192,-0.22893742618413193,,
selected_contribution_path,demo-human_decline_bot_rise-884000,human_decline_bot_rise,dynamic_hierarchy,119,fixed_price,9d018b9de9fdf567d73f5985050e16b27d8e3d3b4c30531233e5677558244647,established_a-b112,established_a,112,,,,100,,,,-10.636450308631767,-7.217446726528742,5.460519032570964,23.46895962274912,41.42514662676973,,,,,,,,,,,,0.054605190325709645,-0.10636450308631767,0.4142514662676973,,352.0,-22.893742618413192,-0.22893742618413193,,
selected_contribution_path,demo-human_decline_bot_rise-884000,human_decline_bot_rise,dynamic_hierarchy,119,continue_recent_trend,9d018b9de9fdf567d73f5985050e16b27d8e3d3b4c30531233e5677558244647,established_a-b112,established_a,112,,,,100,,,,-26.99036799422922,-23.487063159272623,-5.310724580744244,94.81265168272915,412.6871262028622,,,,,,,,,,,,-0.053107245807442444,-0.2699036799422922,4.126871262028622,,352.0,-22.893742618413192,-0.22893742618413193,,
selected_contribution_path,demo-human_decline_bot_rise-884000,human_decline_bot_rise,dynamic_hierarchy,119,fixed_price,9d018b9de9fdf567d73f5985050e16b27d8e3d3b4c30531233e5677558244647,established_a-b112,established_a,112,,,,100,,,,-10.661450308631768,-7.24244672652874,5.435519032570966,23.44395962274912,41.400146626769725,,,,,,,,,,,,0.05435519032570966,-0.10661450308631767,0.41400146626769724,,353.0,-22.91874261841319,-0.2291874261841319,,
selected_contribution_path,demo-human_decline_bot_rise-884000,human_decline_bot_rise,dynamic_hierarchy,119,continue_recent_trend,9d018b9de9fdf567d73f5985050e16b27d8e3d3b4c30531233e5677558244647,established_a-b112,established_a,112,,,,100,,,,-27.015367994229223,-23.512063159272625,-5.310253136323816,94.78765168272916,416.77845795228336,,,,,,,,,,,,-0.053102531363238156,-0.2701536799422922,4.167784579522833,,353.0,-22.91874261841319,-0.2291874261841319,,
selected_contribution_path,demo-human_decline_bot_rise-884000,human_decline_bot_rise,dynamic_hierarchy,119,hold_current,9d018b9de9fdf567d73f5985050e16b27d8e3d3b4c30531233e5677558244647,established_a-b112,established_a,112,,,,100,,,,-22.75628779111077,-18.45158658383593,-8.135119687788805,6.700381080281382,16.45531717638861,,,,,,,,,,,,-0.08135119687788805,-0.22756287791110769,0.16455317176388612,,353.0,-22.91874261841319,-0.2291874261841319,,
selected_contribution_path,demo-human_decline_bot_rise-884000,human_decline_bot_rise,dynamic_hierarchy,119,hold_current,9d018b9de9fdf567d73f5985050e16b27d8e3d3b4c30531233e5677558244647,established_a-b112,established_a,112,,,,100,,,,-22.781287791110767,-18.476586583835928,-8.160119687788804,6.7007599198262895,16.430317176388613,,,,,,,,,,,,-0.08160119687788804,-0.22781287791110766,0.16430317176388612,,354.0,-22.94374261841319,-0.2294374261841319,,
selected_contribution_path,demo-human_decline_bot_rise-884000,human_decline_bot_rise,dynamic_hierarchy,119,continue_recent_trend,9d018b9de9fdf567d73f5985050e16b27d8e3d3b4c30531233e5677558244647,established_a-b112,established_a,112,,,,100,,,,-27.04036799422922,-23.537063159272627,-5.335253136323814,94.76265168272916,419.9666704881777,,,,,,,,,,,,-0.05335253136323814,-0.2704036799422922,4.1996667048817775,,354.0,-22.94374261841319,-0.2294374261841319,,
selected_contribution_path,demo-human_decline_bot_rise-884000,human_decline_bot_rise,dynamic_hierarchy,119,fixed_price,9d018b9de9fdf567d73f5985050e16b27d8e3d3b4c30531233e5677558244647,established_a-b112,established_a,112,,,,100,,,,-10.686450308631766,-7.267439500614515,5.491414934488304,23.41895962274912,42.084743670109056,,,,,,,,,,,,0.05491414934488304,-0.10686450308631766,0.42084743670109054,,354.0,-22.94374261841319,-0.2294374261841319,,
selected_contribution_path,demo-human_decline_bot_rise-884000,human_decline_bot_rise,dynamic_hierarchy,119,continue_recent_trend,9d018b9de9fdf567d73f5985050e16b27d8e3d3b4c30531233e5677558244647,established_a-b112,established_a,112,,,,100,,,,-27.065367994229224,-23.562063159272626,-5.360253136323813,94.88591288081064,421.732713996487,,,,,,,,,,,,-0.05360253136323813,-0.2706536799422922,4.21732713996487,,355.0,-22.968742618413188,-0.22968742618413188,,
selected_contribution_path,demo-human_decline_bot_rise-884000,human_decline_bot_rise,dynamic_hierarchy,119,fixed_price,9d018b9de9fdf567d73f5985050e16b27d8e3d3b4c30531233e5677558244647,established_a-b112,established_a,112,,,,100,,,,-10.711450308631765,-7.292439500614513,5.466414934488306,23.405953182694567,42.05974367010905,,,,,,,,,,,,0.054664149344883055,-0.10711450308631765,0.4205974367010905,,355.0,-22.968742618413188,-0.22968742618413188,,
selected_contribution_path,demo-human_decline_bot_rise-884000,human_decline_bot_rise,dynamic_hierarchy,119,hold_current,9d018b9de9fdf567d73f5985050e16b27d8e3d3b4c30531233e5677558244647,established_a-b112,established_a,112,,,,100,,,,-22.80628779111077,-18.501586583835927,-8.185119687788802,6.702539531369638,16.405317176388614,,,,,,,,,,,,-0.08185119687788803,-0.2280628779111077,0.16405317176388615,,355.0,-22.968742618413188,-0.22968742618413188,,
selected_contribution_path,demo-human_decline_bot_rise-884000,human_decline_bot_rise,dynamic_hierarchy,119,hold_current,9d018b9de9fdf567d73f5985050e16b27d8e3d3b4c30531233e5677558244647,established_a-b112,established_a,112,,,,100,,,,-22.83128779111077,-18.52658658383593,-8.2101196877888,6.677539531369639,16.380317176388616,,,,,,,,,,,,-0.08210119687788801,-0.22831287791110771,0.16380317176388615,,356.0,-22.993742618413187,-0.22993742618413188,,
selected_contribution_path,demo-human_decline_bot_rise-884000,human_decline_bot_rise,dynamic_hierarchy,119,continue_recent_trend,9d018b9de9fdf567d73f5985050e16b27d8e3d3b4c30531233e5677558244647,established_a-b112,established_a,112,,,,100,,,,-27.090367994229226,-23.58701738631768,-5.385253136323811,94.96652510766852,424.9989626924984,,,,,,,,,,,,-0.053852531363238115,-0.27090367994229225,4.249989626924984,,356.0,-22.993742618413187,-0.22993742618413188,,
selected_contribution_path,demo-human_decline_bot_rise-884000,human_decline_bot_rise,dynamic_hierarchy,119,fixed_price,9d018b9de9fdf567d73f5985050e16b27d8e3d3b4c30531233e5677558244647,established_a-b112,established_a,112,,,,100,,,,-10.736450308631763,-7.317439500614512,5.441414934488307,23.38095318269457,42.03474367010904,,,,,,,,,,,,0.05441414934488307,-0.10736450308631763,0.42034743670109037,,356.0,-22.993742618413187,-0.22993742618413188,,
selected_contribution_path,demo-human_decline_bot_rise-884000,human_decline_bot_rise,dynamic_hierarchy,119,hold_current,9d018b9de9fdf567d73f5985050e16b27d8e3d3b4c30531233e5677558244647,established_a-b112,established_a,112,,,,100,,,,-22.85628779111077,-18.551586583835928,-8.2351196877888,6.652539531369641,16.355317176388617,,,,,,,,,,,,-0.082351196877888,-0.2285628779111077,0.16355317176388617,,357.0,-23.018742618413185,-0.23018742618413185,,
selected_contribution_path,demo-human_decline_bot_rise-884000,human_decline_bot_rise,dynamic_hierarchy,119,fixed_price,9d018b9de9fdf567d73f5985050e16b27d8e3d3b4c30531233e5677558244647,established_a-b112,established_a,112,,,,100,,,,-10.761450308631762,-7.3424395006145105,5.416414934488309,23.35595318269457,42.00974367010904,,,,,,,,,,,,0.05416414934488309,-0.10761450308631762,0.4200974367010904,,357.0,-23.018742618413185,-0.23018742618413185,,
selected_contribution_path,demo-human_decline_bot_rise-884000,human_decline_bot_rise,dynamic_hierarchy,119,continue_recent_trend,9d018b9de9fdf567d73f5985050e16b27d8e3d3b4c30531233e5677558244647,established_a-b112,established_a,112,,,,100,,,,-27.11536799422922,-23.61197364231347,-5.41025313632381,94.94152510766853,428.0488684056865,,,,,,,,,,,,-0.0541025313632381,-0.2711536799422922,4.2804886840568654,,357.0,-23.018742618413185,-0.23018742618413185,,
selected_contribution_path,demo-human_decline_bot_rise-884000,human_decline_bot_rise,dynamic_hierarchy,119,continue_recent_trend,9d018b9de9fdf567d73f5985050e16b27d8e3d3b4c30531233e5677558244647,established_a-b112,established_a,112,,,,100,,,,-27.140367994229223,-23.63697364231347,-5.435253136323809,95.74520567733126,429.96323834974265,,,,,,,,,,,,-0.05435253136323809,-0.27140367994229225,4.299632383497427,,358.0,-23.043742618413184,-0.23043742618413185,,
selected_contribution_path,demo-human_decline_bot_rise-884000,human_decline_bot_rise,dynamic_hierarchy,119,fixed_price,9d018b9de9fdf567d73f5985050e16b27d8e3d3b4c30531233e5677558244647,established_a-b112,established_a,112,,,,100,,,,-10.78645030863176,-7.367439500614509,5.39141493448831,23.57278610678917,42.13528841339093,,,,,,,,,,,,0.0539141493448831,-0.1078645030863176,0.4213528841339093,,358.0,-23.043742618413184,-0.23043742618413185,,
selected_contribution_path,demo-human_decline_bot_rise-884000,human_decline_bot_rise,dynamic_hierarchy,119,hold_current,9d018b9de9fdf567d73f5985050e16b27d8e3d3b4c30531233e5677558244647,established_a-b112,established_a,112,,,,100,,,,-22.87682555428593,-18.57658658383593,-8.260119687788798,6.627539531369642,16.33031717638862,,,,,,,,,,,,-0.08260119687788797,-0.2287682555428593,0.16330317176388617,,358.0,-23.043742618413184,-0.23043742618413185,,
selected_contribution_path,demo-human_decline_bot_rise-884000,human_decline_bot_rise,dynamic_hierarchy,119,fixed_price,9d018b9de9fdf567d73f5985050e16b27d8e3d3b4c30531233e5677558244647,established_a-b112,established_a,112,,,,100,,,,-10.81145030863176,-7.392439500614508,5.366414934488311,23.54778610678917,42.11028841339092,,,,,,,,,,,,0.053664149344883116,-0.1081145030863176,0.42110288413390917,,359.0,-23.068742618413182,-0.23068742618413182,,
selected_contribution_path,demo-human_decline_bot_rise-884000,human_decline_bot_rise,dynamic_hierarchy,119,hold_current,9d018b9de9fdf567d73f5985050e16b27d8e3d3b4c30531233e5677558244647,established_a-b112,established_a,112,,,,100,,,,-22.901825554285928,-18.601586583835928,-8.285119687788796,6.602539531369644,16.30531717638862,,,,,,,,,,,,-0.08285119687788796,-0.2290182555428593,0.1630531717638862,,359.0,-23.068742618413182,-0.23068742618413182,,
selected_contribution_path,demo-human_decline_bot_rise-884000,human_decline_bot_rise,dynamic_hierarchy,119,continue_recent_trend,9d018b9de9fdf567d73f5985050e16b27d8e3d3b4c30531233e5677558244647,established_a-b112,established_a,112,,,,100,,,,-27.16536799422922,-23.66197364231347,-5.460253136323807,95.90824434308328,431.0612946101176,,,,,,,,,,,,-0.054602531363238074,-0.2716536799422922,4.310612946101176,,359.0,-23.068742618413182,-0.23068742618413182,,
selected_contribution_path,demo-human_decline_bot_rise-884000,human_decline_bot_rise,dynamic_hierarchy,119,continue_recent_trend,9d018b9de9fdf567d73f5985050e16b27d8e3d3b4c30531233e5677558244647,established_a-b112,established_a,112,,,,100,,,,-27.190367994229224,-23.686973642313472,-5.485253136323806,96.03650210933836,433.255825869168,,,,,,,,,,,,-0.05485253136323806,-0.27190367994229225,4.33255825869168,,360.0,-23.09374261841318,-0.23093742618413182,,
selected_contribution_path,demo-human_decline_bot_rise-884000,human_decline_bot_rise,dynamic_hierarchy,119,fixed_price,9d018b9de9fdf567d73f5985050e16b27d8e3d3b4c30531233e5677558244647,established_a-b112,established_a,112,,,,100,,,,-10.836450308631758,-7.417439500614506,5.341414934488313,23.522786106789173,42.08528841339091,,,,,,,,,,,,0.05341414934488313,-0.10836450308631758,0.42085288413390914,,360.0,-23.09374261841318,-0.23093742618413182,,
selected_contribution_path,demo-human_decline_bot_rise-884000,human_decline_bot_rise,dynamic_hierarchy,119,hold_current,9d018b9de9fdf567d73f5985050e16b27d8e3d3b4c30531233e5677558244647,established_a-b112,established_a,112,,,,100,,,,-22.926825554285927,-18.62658658383593,-8.310119687788795,6.577539531369645,16.28031717638862,,,,,,,,,,,,-0.08310119687788795,-0.22926825554285926,0.1628031717638862,,360.0,-23.09374261841318,-0.23093742618413182,,
selected_contribution_path,demo-human_decline_bot_rise-884000,human_decline_bot_rise,dynamic_hierarchy,119,hold_current,9d018b9de9fdf567d73f5985050e16b27d8e3d3b4c30531233e5677558244647,established_a-b112,established_a,112,,,,100,,,,-22.95182555428593,-18.65158658383593,-8.295952649410902,6.552539531369646,16.255317176388623,,,,,,,,,,,,-0.08295952649410902,-0.2295182555428593,0.16255317176388623,,361.0,-23.11874261841318,-0.2311874261841318,,
selected_contribution_path,demo-human_decline_bot_rise-884000,human_decline_bot_rise,dynamic_hierarchy,119,fixed_price,9d018b9de9fdf567d73f5985050e16b27d8e3d3b4c30531233e5677558244647,established_a-b112,established_a,112,,,,100,,,,-10.861450308631756,-7.442439500614505,5.316414934488314,23.49778610678917,42.06028841339091,,,,,,,,,,,,0.053164149344883144,-0.10861450308631757,0.42060288413390906,,361.0,-23.11874261841318,-0.2311874261841318,,
selected_contribution_path,demo-human_decline_bot_rise-884000,human_decline_bot_rise,dynamic_hierarchy,119,continue_recent_trend,9d018b9de9fdf567d73f5985050e16b27d8e3d3b4c30531233e5677558244647,established_a-b112,established_a,112,,,,100,,,,-27.215367994229226,-23.71197364231347,-5.510253136323804,97.03052613659074,435.54742520404295,,,,,,,,,,,,-0.05510253136323804,-0.2721536799422923,4.3554742520404295,,361.0,-23.11874261841318,-0.2311874261841318,,
selected_contribution_path,demo-human_decline_bot_rise-884000,human_decline_bot_rise,dynamic_hierarchy,119,fixed_price,9d018b9de9fdf567d73f5985050e16b27d8e3d3b4c30531233e5677558244647,established_a-b112,established_a,112,,,,100,,,,-10.886450308631757,-7.467439500614503,5.291414934488316,23.631239497284795,42.26930530353905,,,,,,,,,,,,0.05291414934488316,-0.10886450308631757,0.4226930530353905,,362.0,-23.143742618413174,-0.23143742618413174,,
selected_contribution_path,demo-human_decline_bot_rise-884000,human_decline_bot_rise,dynamic_hierarchy,119,continue_recent_trend,9d018b9de9fdf567d73f5985050e16b27d8e3d3b4c30531233e5677558244647,established_a-b112,established_a,112,,,,100,,,,-27.24036799422922,-23.736973642313476,-5.535253136323803,97.28917461138442,438.9964630657504,,,,,,,,,,,,-0.055352531363238026,-0.2724036799422922,4.389964630657504,,362.0,-23.143742618413174,-0.23143742618413174,,
selected_contribution_path,demo-human_decline_bot_rise-884000,human_decline_bot_rise,dynamic_hierarchy,119,hold_current,9d018b9de9fdf567d73f5985050e16b27d8e3d3b4c30531233e5677558244647,established_a-b112,established_a,112,,,,100,,,,-22.976825554285927,-18.67658658383593,-8.3209526494109,6.527539531369648,16.230317176388624,,,,,,,,,,,,-0.08320952649410901,-0.22976825554285926,0.16230317176388623,,362.0,-23.143742618413174,-0.23143742618413174,,
selected_contribution_path,demo-human_decline_bot_rise-884000,human_decline_bot_rise,dynamic_hierarchy,119,fixed_price,9d018b9de9fdf567d73f5985050e16b27d8e3d3b4c30531233e5677558244647,established_a-b112,established_a,112,,,,100,,,,-10.911450308631752,-7.492439500614502,5.2665775047629175,23.6062394972848,42.24430530353904,,,,,,,,,,,,0.052665775047629176,-0.10911450308631751,0.4224430530353904,,363.0,-23.168742618413177,-0.23168742618413177,,
selected_contribution_path,demo-human_decline_bot_rise-884000,human_decline_bot_rise,dynamic_hierarchy,119,hold_current,9d018b9de9fdf567d73f5985050e16b27d8e3d3b4c30531233e5677558244647,established_a-b112,established_a,112,,,,100,,,,-23.00182555428593,-18.70158658383593,-8.345952649410899,6.502539531369649,16.205317176388625,,,,,,,,,,,,-0.08345952649410898,-0.2300182555428593,0.16205317176388626,,363.0,-23.168742618413177,-0.23168742618413177,,
selected_contribution_path,demo-human_decline_bot_rise-884000,human_decline_bot_rise,dynamic_hierarchy,119,continue_recent_trend,9d018b9de9fdf567d73f5985050e16b27d8e3d3b4c30531233e5677558244647,established_a-b112,established_a,112,,,,100,,,,-27.265367994229223,-23.76197364231347,-5.5602531363238015,97.56068599106614,441.487967078685,,,,,,,,,,,,-0.05560253136323801,-0.2726536799422922,4.41487967078685,,363.0,-23.168742618413177,-0.23168742618413177,,
selected_contribution_path,demo-human_decline_bot_rise-884000,human_decline_bot_rise,dynamic_hierarchy,119,hold_current,9d018b9de9fdf567d73f5985050e16b27d8e3d3b4c30531233e5677558244647,established_a-b112,established_a,112,,,,100,,,,-23.026825554285928,-18.72658658383593,-8.370952649410897,6.477539531369651,16.180317176388627,,,,,,,,,,,,-0.08370952649410897,-0.2302682555428593,0.16180317176388626,,364.0,-23.19374261841317,-0.2319374261841317,,
selected_contribution_path,demo-human_decline_bot_rise-884000,human_decline_bot_rise,dynamic_hierarchy,119,continue_recent_trend,9d018b9de9fdf567d73f5985050e16b27d8e3d3b4c30531233e5677558244647,established_a-b112,established_a,112,,,,100,,,,-27.29036799422922,-23.77357875428306,-5.549599004038871,98.00603628947192,443.17996923510657,,,,,,,,,,,,-0.055495990040388715,-0.2729036799422922,4.431799692351066,,364.0,-23.19374261841317,-0.2319374261841317,,
selected_contribution_path,demo-human_decline_bot_rise-884000,human_decline_bot_rise,dynamic_hierarchy,119,fixed_price,9d018b9de9fdf567d73f5985050e16b27d8e3d3b4c30531233e5677558244647,established_a-b112,established_a,112,,,,100,,,,-10.936450308631752,-7.5174395006145,5.2440721957917695,23.5812394972848,42.21930530353904,,,,,,,,,,,,0.05244072195791769,-0.10936450308631752,0.4221930530353904,,364.0,-23.19374261841317,-0.2319374261841317,,
selected_contribution_path,demo-human_decline_bot_rise-884000,human_decline_bot_rise,dynamic_hierarchy,119,fixed_price,9d018b9de9fdf567d73f5985050e16b27d8e3d3b4c30531233e5677558244647,established_a-b112,established_a,112,,,,100,,,,-10.96145030863175,-7.542439500614499,5.219072195791771,23.5562394972848,42.33582353951495,,,,,,,,,,,,0.05219072195791771,-0.10961450308631751,0.4233582353951495,,365.0,-23.218742618413174,-0.23218742618413174,,
selected_contribution_path,demo-human_decline_bot_rise-884000,human_decline_bot_rise,dynamic_hierarchy,119,hold_current,9d018b9de9fdf567d73f5985050e16b27d8e3d3b4c30531233e5677558244647,established_a-b112,established_a,112,,,,100,,,,-23.05182555428593,-18.727912507064417,-8.395952649410896,6.452539531369652,16.15531717638863,,,,,,,,,,,,-0.08395952649410895,-0.2305182555428593,0.16155317176388628,,365.0,-23.218742618413174,-0.23218742618413174,,
selected_contribution_path,demo-human_decline_bot_rise-884000,human_decline_bot_rise,dynamic_hierarchy,119,continue_recent_trend,9d018b9de9fdf567d73f5985050e16b27d8e3d3b4c30531233e5677558244647,established_a-b112,established_a,112,,,,100,,,,-27.315367994229224,-23.798578754283064,-5.57459900403887,99.21381304887004,445.91657881102,,,,,,,,,,,,-0.055745990040388695,-0.2731536799422922,4.4591657881102,,365.0,-23.218742618413174,-0.23218742618413174,,
selected_contribution_path,demo-human_decline_bot_rise-884000,human_decline_bot_rise,dynamic_hierarchy,119,hold_current,9d018b9de9fdf567d73f5985050e16b27d8e3d3b4c30531233e5677558244647,established_a-b112,established_a,112,,,,100,,,,-23.05182555428593,-18.727912507064417,-8.395952649410896,6.452539531369652,16.15531717638863,,,,,,,,,,,,-0.08395952649410895,-0.2305182555428593,0.16155317176388628,,366.0,-23.218742618413174,-0.23218742618413174,,
selected_contribution_path,demo-human_decline_bot_rise-884000,human_decline_bot_rise,dynamic_hierarchy,119,continue_recent_trend,9d018b9de9fdf567d73f5985050e16b27d8e3d3b4c30531233e5677558244647,established_a-b112,established_a,112,,,,100,,,,-27.315367994229224,-23.798578754283064,-5.57459900403887,99.21381304887004,445.91657881102,,,,,,,,,,,,-0.055745990040388695,-0.2731536799422922,4.4591657881102,,366.0,-23.218742618413174,-0.23218742618413174,,
selected_contribution_path,demo-human_decline_bot_rise-884000,human_decline_bot_rise,dynamic_hierarchy,119,fixed_price,9d018b9de9fdf567d73f5985050e16b27d8e3d3b4c30531233e5677558244647,established_a-b112,established_a,112,,,,100,,,,-10.96145030863175,-7.542439500614499,5.219072195791771,23.5562394972848,42.33582353951495,,,,,,,,,,,,0.05219072195791771,-0.10961450308631751,0.4233582353951495,,366.0,-23.218742618413174,-0.23218742618413174,,
selected_contribution_path,demo-human_decline_bot_rise-884000,human_decline_bot_rise,dynamic_hierarchy,119,fixed_price,9d018b9de9fdf567d73f5985050e16b27d8e3d3b4c30531233e5677558244647,established_a-b112,established_a,112,,,,100,,,,-10.96145030863175,-7.542439500614499,5.219072195791771,23.5562394972848,42.33582353951495,,,,,,,,,,,,0.05219072195791771,-0.10961450308631751,0.4233582353951495,,367.0,-23.218742618413174,-0.23218742618413174,,
selected_contribution_path,demo-human_decline_bot_rise-884000,human_decline_bot_rise,dynamic_hierarchy,119,continue_recent_trend,9d018b9de9fdf567d73f5985050e16b27d8e3d3b4c30531233e5677558244647,established_a-b112,established_a,112,,,,100,,,,-27.315367994229224,-23.798578754283064,-5.57459900403887,99.21381304887004,445.91657881102,,,,,,,,,,,,-0.055745990040388695,-0.2731536799422922,4.4591657881102,,367.0,-23.218742618413174,-0.23218742618413174,,
selected_contribution_path,demo-human_decline_bot_rise-884000,human_decline_bot_rise,dynamic_hierarchy,119,hold_current,9d018b9de9fdf567d73f5985050e16b27d8e3d3b4c30531233e5677558244647,established_a-b112,established_a,112,,,,100,,,,-23.05182555428593,-18.727912507064417,-8.395952649410896,6.452539531369652,16.15531717638863,,,,,,,,,,,,-0.08395952649410895,-0.2305182555428593,0.16155317176388628,,367.0,-23.218742618413174,-0.23218742618413174,,
selected_contribution_path,demo-human_decline_bot_rise-884000,human_decline_bot_rise,dynamic_hierarchy,119,continue_recent_trend,9d018b9de9fdf567d73f5985050e16b27d8e3d3b4c30531233e5677558244647,established_a-b112,established_a,112,,,,100,,,,-27.315367994229224,-23.798578754283064,-5.57459900403887,99.21381304887004,445.91657881102,,,,,,,,,,,,-0.055745990040388695,-0.2731536799422922,4.4591657881102,,368.0,-23.218742618413174,-0.23218742618413174,,
selected_contribution_path,demo-human_decline_bot_rise-884000,human_decline_bot_rise,dynamic_hierarchy,119,hold_current,9d018b9de9fdf567d73f5985050e16b27d8e3d3b4c30531233e5677558244647,established_a-b112,established_a,112,,,,100,,,,-23.05182555428593,-18.727912507064417,-8.395952649410896,6.452539531369652,16.15531717638863,,,,,,,,,,,,-0.08395952649410895,-0.2305182555428593,0.16155317176388628,,368.0,-23.218742618413174,-0.23218742618413174,,
selected_contribution_path,demo-human_decline_bot_rise-884000,human_decline_bot_rise,dynamic_hierarchy,119,fixed_price,9d018b9de9fdf567d73f5985050e16b27d8e3d3b4c30531233e5677558244647,established_a-b112,established_a,112,,,,100,,,,-10.96145030863175,-7.542439500614499,5.219072195791771,23.5562394972848,42.33582353951495,,,,,,,,,,,,0.05219072195791771,-0.10961450308631751,0.4233582353951495,,368.0,-23.218742618413174,-0.23218742618413174,,
selected_contribution_path,demo-human_decline_bot_rise-884000,human_decline_bot_rise,dynamic_hierarchy,119,fixed_price,9d018b9de9fdf567d73f5985050e16b27d8e3d3b4c30531233e5677558244647,established_a-b112,established_a,112,,,,100,,,,-10.96145030863175,-7.542439500614499,5.219072195791771,23.5562394972848,42.33582353951495,,,,,,,,,,,,0.05219072195791771,-0.10961450308631751,0.4233582353951495,,369.0,-23.218742618413174,-0.23218742618413174,,
selected_contribution_path,demo-human_decline_bot_rise-884000,human_decline_bot_rise,dynamic_hierarchy,119,continue_recent_trend,9d018b9de9fdf567d73f5985050e16b27d8e3d3b4c30531233e5677558244647,established_a-b112,established_a,112,,,,100,,,,-27.315367994229224,-23.798578754283064,-5.57459900403887,99.21381304887004,445.91657881102,,,,,,,,,,,,-0.055745990040388695,-0.2731536799422922,4.4591657881102,,369.0,-23.218742618413174,-0.23218742618413174,,
selected_contribution_path,demo-human_decline_bot_rise-884000,human_decline_bot_rise,dynamic_hierarchy,119,hold_current,9d018b9de9fdf567d73f5985050e16b27d8e3d3b4c30531233e5677558244647,established_a-b112,established_a,112,,,,100,,,,-23.05182555428593,-18.727912507064417,-8.395952649410896,6.452539531369652,16.15531717638863,,,,,,,,,,,,-0.08395952649410895,-0.2305182555428593,0.16155317176388628,,369.0,-23.218742618413174,-0.23218742618413174,,
selected_contribution_path,demo-human_decline_bot_rise-884000,human_decline_bot_rise,dynamic_hierarchy,119,hold_current,9d018b9de9fdf567d73f5985050e16b27d8e3d3b4c30531233e5677558244647,established_a-b112,established_a,112,,,,100,,,,-23.05182555428593,-18.727912507064417,-8.395952649410896,6.452539531369652,16.15531717638863,,,,,,,,,,,,-0.08395952649410895,-0.2305182555428593,0.16155317176388628,,370.0,-23.218742618413174,-0.23218742618413174,,
selected_contribution_path,demo-human_decline_bot_rise-884000,human_decline_bot_rise,dynamic_hierarchy,119,fixed_price,9d018b9de9fdf567d73f5985050e16b27d8e3d3b4c30531233e5677558244647,established_a-b112,established_a,112,,,,100,,,,-10.96145030863175,-7.542439500614499,5.219072195791771,23.5562394972848,42.33582353951495,,,,,,,,,,,,0.05219072195791771,-0.10961450308631751,0.4233582353951495,,370.0,-23.218742618413174,-0.23218742618413174,,
selected_contribution_path,demo-human_decline_bot_rise-884000,human_decline_bot_rise,dynamic_hierarchy,119,continue_recent_trend,9d018b9de9fdf567d73f5985050e16b27d8e3d3b4c30531233e5677558244647,established_a-b112,established_a,112,,,,100,,,,-27.315367994229224,-23.798578754283064,-5.57459900403887,99.21381304887004,445.91657881102,,,,,,,,,,,,-0.055745990040388695,-0.2731536799422922,4.4591657881102,,370.0,-23.218742618413174,-0.23218742618413174,,
selected_contribution_path,demo-human_decline_bot_rise-884000,human_decline_bot_rise,dynamic_hierarchy,119,fixed_price,9d018b9de9fdf567d73f5985050e16b27d8e3d3b4c30531233e5677558244647,established_a-b112,established_a,112,,,,100,,,,-10.96145030863175,-7.542439500614499,5.219072195791771,23.5562394972848,42.33582353951495,,,,,,,,,,,,0.05219072195791771,-0.10961450308631751,0.4233582353951495,,371.0,-23.218742618413174,-0.23218742618413174,,
selected_contribution_path,demo-human_decline_bot_rise-884000,human_decline_bot_rise,dynamic_hierarchy,119,hold_current,9d018b9de9fdf567d73f5985050e16b27d8e3d3b4c30531233e5677558244647,established_a-b112,established_a,112,,,,100,,,,-23.05182555428593,-18.727912507064417,-8.395952649410896,6.452539531369652,16.15531717638863,,,,,,,,,,,,-0.08395952649410895,-0.2305182555428593,0.16155317176388628,,371.0,-23.218742618413174,-0.23218742618413174,,
selected_contribution_path,demo-human_decline_bot_rise-884000,human_decline_bot_rise,dynamic_hierarchy,119,continue_recent_trend,9d018b9de9fdf567d73f5985050e16b27d8e3d3b4c30531233e5677558244647,established_a-b112,established_a,112,,,,100,,,,-27.315367994229224,-23.798578754283064,-5.57459900403887,99.21381304887004,445.91657881102,,,,,,,,,,,,-0.055745990040388695,-0.2731536799422922,4.4591657881102,,371.0,-23.218742618413174,-0.23218742618413174,,
selected_contribution_path,demo-human_decline_bot_rise-884000,human_decline_bot_rise,dynamic_hierarchy,119,continue_recent_trend,9d018b9de9fdf567d73f5985050e16b27d8e3d3b4c30531233e5677558244647,established_a-b112,established_a,112,,,,100,,,,-27.315367994229224,-23.798578754283064,-5.57459900403887,99.21381304887004,445.91657881102,,,,,,,,,,,,-0.055745990040388695,-0.2731536799422922,4.4591657881102,,372.0,-23.218742618413174,-0.23218742618413174,,
selected_contribution_path,demo-human_decline_bot_rise-884000,human_decline_bot_rise,dynamic_hierarchy,119,hold_current,9d018b9de9fdf567d73f5985050e16b27d8e3d3b4c30531233e5677558244647,established_a-b112,established_a,112,,,,100,,,,-23.05182555428593,-18.727912507064417,-8.395952649410896,6.452539531369652,16.15531717638863,,,,,,,,,,,,-0.08395952649410895,-0.2305182555428593,0.16155317176388628,,372.0,-23.218742618413174,-0.23218742618413174,,
selected_contribution_path,demo-human_decline_bot_rise-884000,human_decline_bot_rise,dynamic_hierarchy,119,fixed_price,9d018b9de9fdf567d73f5985050e16b27d8e3d3b4c30531233e5677558244647,established_a-b112,established_a,112,,,,100,,,,-10.96145030863175,-7.542439500614499,5.219072195791771,23.5562394972848,42.33582353951495,,,,,,,,,,,,0.05219072195791771,-0.10961450308631751,0.4233582353951495,,372.0,-23.218742618413174,-0.23218742618413174,,
selected_contribution_path,demo-human_decline_bot_rise-884000,human_decline_bot_rise,dynamic_hierarchy,119,hold_current,9d018b9de9fdf567d73f5985050e16b27d8e3d3b4c30531233e5677558244647,established_a-b112,established_a,112,,,,100,,,,-23.05182555428593,-18.727912507064417,-8.395952649410896,6.452539531369652,16.15531717638863,,,,,,,,,,,,-0.08395952649410895,-0.2305182555428593,0.16155317176388628,,373.0,-23.218742618413174,-0.23218742618413174,,
selected_contribution_path,demo-human_decline_bot_rise-884000,human_decline_bot_rise,dynamic_hierarchy,119,fixed_price,9d018b9de9fdf567d73f5985050e16b27d8e3d3b4c30531233e5677558244647,established_a-b112,established_a,112,,,,100,,,,-10.96145030863175,-7.542439500614499,5.219072195791771,23.5562394972848,42.33582353951495,,,,,,,,,,,,0.05219072195791771,-0.10961450308631751,0.4233582353951495,,373.0,-23.218742618413174,-0.23218742618413174,,
selected_contribution_path,demo-human_decline_bot_rise-884000,human_decline_bot_rise,dynamic_hierarchy,119,continue_recent_trend,9d018b9de9fdf567d73f5985050e16b27d8e3d3b4c30531233e5677558244647,established_a-b112,established_a,112,,,,100,,,,-27.315367994229224,-23.798578754283064,-5.57459900403887,99.21381304887004,445.91657881102,,,,,,,,,,,,-0.055745990040388695,-0.2731536799422922,4.4591657881102,,373.0,-23.218742618413174,-0.23218742618413174,,
selected_contribution_path,demo-human_decline_bot_rise-884000,human_decline_bot_rise,dynamic_hierarchy,119,continue_recent_trend,9d018b9de9fdf567d73f5985050e16b27d8e3d3b4c30531233e5677558244647,established_a-b112,established_a,112,,,,100,,,,-27.315367994229224,-23.798578754283064,-5.57459900403887,99.21381304887004,445.91657881102,,,,,,,,,,,,-0.055745990040388695,-0.2731536799422922,4.4591657881102,,374.0,-23.218742618413174,-0.23218742618413174,,
selected_contribution_path,demo-human_decline_bot_rise-884000,human_decline_bot_rise,dynamic_hierarchy,119,hold_current,9d018b9de9fdf567d73f5985050e16b27d8e3d3b4c30531233e5677558244647,established_a-b112,established_a,112,,,,100,,,,-23.05182555428593,-18.727912507064417,-8.395952649410896,6.452539531369652,16.15531717638863,,,,,,,,,,,,-0.08395952649410895,-0.2305182555428593,0.16155317176388628,,374.0,-23.218742618413174,-0.23218742618413174,,
selected_contribution_path,demo-human_decline_bot_rise-884000,human_decline_bot_rise,dynamic_hierarchy,119,fixed_price,9d018b9de9fdf567d73f5985050e16b27d8e3d3b4c30531233e5677558244647,established_a-b112,established_a,112,,,,100,,,,-10.96145030863175,-7.542439500614499,5.219072195791771,23.5562394972848,42.33582353951495,,,,,,,,,,,,0.05219072195791771,-0.10961450308631751,0.4233582353951495,,374.0,-23.218742618413174,-0.23218742618413174,,
selected_contribution_path,demo-human_decline_bot_rise-884000,human_decline_bot_rise,dynamic_hierarchy,119,fixed_price,9d018b9de9fdf567d73f5985050e16b27d8e3d3b4c30531233e5677558244647,established_a-b112,established_a,112,,,,100,,,,-10.96145030863175,-7.542439500614499,5.219072195791771,23.5562394972848,42.33582353951495,,,,,,,,,,,,0.05219072195791771,-0.10961450308631751,0.4233582353951495,,375.0,-23.218742618413174,-0.23218742618413174,,
selected_contribution_path,demo-human_decline_bot_rise-884000,human_decline_bot_rise,dynamic_hierarchy,119,hold_current,9d018b9de9fdf567d73f5985050e16b27d8e3d3b4c30531233e5677558244647,established_a-b112,established_a,112,,,,100,,,,-23.05182555428593,-18.727912507064417,-8.395952649410896,6.452539531369652,16.15531717638863,,,,,,,,,,,,-0.08395952649410895,-0.2305182555428593,0.16155317176388628,,375.0,-23.218742618413174,-0.23218742618413174,,
selected_contribution_path,demo-human_decline_bot_rise-884000,human_decline_bot_rise,dynamic_hierarchy,119,continue_recent_trend,9d018b9de9fdf567d73f5985050e16b27d8e3d3b4c30531233e5677558244647,established_a-b112,established_a,112,,,,100,,,,-27.315367994229224,-23.798578754283064,-5.57459900403887,99.21381304887004,445.91657881102,,,,,,,,,,,,-0.055745990040388695,-0.2731536799422922,4.4591657881102,,375.0,-23.218742618413174,-0.23218742618413174,,
selected_contribution_path,demo-human_decline_bot_rise-884000,human_decline_bot_rise,dynamic_hierarchy,119,continue_recent_trend,9d018b9de9fdf567d73f5985050e16b27d8e3d3b4c30531233e5677558244647,established_a-b112,established_a,112,,,,100,,,,-27.315367994229224,-23.798578754283064,-5.57459900403887,99.21381304887004,445.91657881102,,,,,,,,,,,,-0.055745990040388695,-0.2731536799422922,4.4591657881102,,376.0,-23.218742618413174,-0.23218742618413174,,
selected_contribution_path,demo-human_decline_bot_rise-884000,human_decline_bot_rise,dynamic_hierarchy,119,hold_current,9d018b9de9fdf567d73f5985050e16b27d8e3d3b4c30531233e5677558244647,established_a-b112,established_a,112,,,,100,,,,-23.05182555428593,-18.727912507064417,-8.395952649410896,6.452539531369652,16.15531717638863,,,,,,,,,,,,-0.08395952649410895,-0.2305182555428593,0.16155317176388628,,376.0,-23.218742618413174,-0.23218742618413174,,
selected_contribution_path,demo-human_decline_bot_rise-884000,human_decline_bot_rise,dynamic_hierarchy,119,fixed_price,9d018b9de9fdf567d73f5985050e16b27d8e3d3b4c30531233e5677558244647,established_a-b112,established_a,112,,,,100,,,,-10.96145030863175,-7.542439500614499,5.219072195791771,23.5562394972848,42.33582353951495,,,,,,,,,,,,0.05219072195791771,-0.10961450308631751,0.4233582353951495,,376.0,-23.218742618413174,-0.23218742618413174,,
selected_contribution_path,demo-human_decline_bot_rise-884000,human_decline_bot_rise,dynamic_hierarchy,119,fixed_price,9d018b9de9fdf567d73f5985050e16b27d8e3d3b4c30531233e5677558244647,established_a-b112,established_a,112,,,,100,,,,-10.96145030863175,-7.542439500614499,5.219072195791771,23.5562394972848,42.33582353951495,,,,,,,,,,,,0.05219072195791771,-0.10961450308631751,0.4233582353951495,,377.0,-23.218742618413174,-0.23218742618413174,,
selected_contribution_path,demo-human_decline_bot_rise-884000,human_decline_bot_rise,dynamic_hierarchy,119,hold_current,9d018b9de9fdf567d73f5985050e16b27d8e3d3b4c30531233e5677558244647,established_a-b112,established_a,112,,,,100,,,,-23.05182555428593,-18.727912507064417,-8.395952649410896,6.452539531369652,16.15531717638863,,,,,,,,,,,,-0.08395952649410895,-0.2305182555428593,0.16155317176388628,,377.0,-23.218742618413174,-0.23218742618413174,,
selected_contribution_path,demo-human_decline_bot_rise-884000,human_decline_bot_rise,dynamic_hierarchy,119,continue_recent_trend,9d018b9de9fdf567d73f5985050e16b27d8e3d3b4c30531233e5677558244647,established_a-b112,established_a,112,,,,100,,,,-27.315367994229224,-23.798578754283064,-5.57459900403887,99.21381304887004,445.91657881102,,,,,,,,,,,,-0.055745990040388695,-0.2731536799422922,4.4591657881102,,377.0,-23.218742618413174,-0.23218742618413174,,
selected_contribution_path,demo-human_decline_bot_rise-884000,human_decline_bot_rise,dynamic_hierarchy,119,continue_recent_trend,9d018b9de9fdf567d73f5985050e16b27d8e3d3b4c30531233e5677558244647,established_a-b112,established_a,112,,,,100,,,,-27.315367994229224,-23.798578754283064,-5.57459900403887,99.21381304887004,445.91657881102,,,,,,,,,,,,-0.055745990040388695,-0.2731536799422922,4.4591657881102,,378.0,-23.218742618413174,-0.23218742618413174,,
selected_contribution_path,demo-human_decline_bot_rise-884000,human_decline_bot_rise,dynamic_hierarchy,119,hold_current,9d018b9de9fdf567d73f5985050e16b27d8e3d3b4c30531233e5677558244647,established_a-b112,established_a,112,,,,100,,,,-23.05182555428593,-18.727912507064417,-8.395952649410896,6.452539531369652,16.15531717638863,,,,,,,,,,,,-0.08395952649410895,-0.2305182555428593,0.16155317176388628,,378.0,-23.218742618413174,-0.23218742618413174,,
selected_contribution_path,demo-human_decline_bot_rise-884000,human_decline_bot_rise,dynamic_hierarchy,119,fixed_price,9d018b9de9fdf567d73f5985050e16b27d8e3d3b4c30531233e5677558244647,established_a-b112,established_a,112,,,,100,,,,-10.96145030863175,-7.542439500614499,5.219072195791771,23.5562394972848,42.33582353951495,,,,,,,,,,,,0.05219072195791771,-0.10961450308631751,0.4233582353951495,,378.0,-23.218742618413174,-0.23218742618413174,,
selected_contribution_path,demo-human_decline_bot_rise-884000,human_decline_bot_rise,dynamic_hierarchy,119,hold_current,9d018b9de9fdf567d73f5985050e16b27d8e3d3b4c30531233e5677558244647,established_a-b112,established_a,112,,,,100,,,,-23.05182555428593,-18.727912507064417,-8.395952649410896,6.452539531369652,16.15531717638863,,,,,,,,,,,,-0.08395952649410895,-0.2305182555428593,0.16155317176388628,,379.0,-23.218742618413174,-0.23218742618413174,,
selected_contribution_path,demo-human_decline_bot_rise-884000,human_decline_bot_rise,dynamic_hierarchy,119,fixed_price,9d018b9de9fdf567d73f5985050e16b27d8e3d3b4c30531233e5677558244647,established_a-b112,established_a,112,,,,100,,,,-10.96145030863175,-7.542439500614499,5.219072195791771,23.5562394972848,42.33582353951495,,,,,,,,,,,,0.05219072195791771,-0.10961450308631751,0.4233582353951495,,379.0,-23.218742618413174,-0.23218742618413174,,
selected_contribution_path,demo-human_decline_bot_rise-884000,human_decline_bot_rise,dynamic_hierarchy,119,continue_recent_trend,9d018b9de9fdf567d73f5985050e16b27d8e3d3b4c30531233e5677558244647,established_a-b112,established_a,112,,,,100,,,,-27.315367994229224,-23.798578754283064,-5.57459900403887,99.21381304887004,445.91657881102,,,,,,,,,,,,-0.055745990040388695,-0.2731536799422922,4.4591657881102,,379.0,-23.218742618413174,-0.23218742618413174,,
selected_contribution_path,demo-human_decline_bot_rise-884000,human_decline_bot_rise,dynamic_hierarchy,119,fixed_price,9d018b9de9fdf567d73f5985050e16b27d8e3d3b4c30531233e5677558244647,established_a-b112,established_a,112,,,,100,,,,-10.96145030863175,-7.542439500614499,5.219072195791771,23.5562394972848,42.33582353951495,,,,,,,,,,,,0.05219072195791771,-0.10961450308631751,0.4233582353951495,,380.0,-23.218742618413174,-0.23218742618413174,,
selected_contribution_path,demo-human_decline_bot_rise-884000,human_decline_bot_rise,dynamic_hierarchy,119,continue_recent_trend,9d018b9de9fdf567d73f5985050e16b27d8e3d3b4c30531233e5677558244647,established_a-b112,established_a,112,,,,100,,,,-27.315367994229224,-23.798578754283064,-5.57459900403887,99.21381304887004,445.91657881102,,,,,,,,,,,,-0.055745990040388695,-0.2731536799422922,4.4591657881102,,380.0,-23.218742618413174,-0.23218742618413174,,
selected_contribution_path,demo-human_decline_bot_rise-884000,human_decline_bot_rise,dynamic_hierarchy,119,hold_current,9d018b9de9fdf567d73f5985050e16b27d8e3d3b4c30531233e5677558244647,established_a-b112,established_a,112,,,,100,,,,-23.05182555428593,-18.727912507064417,-8.395952649410896,6.452539531369652,16.15531717638863,,,,,,,,,,,,-0.08395952649410895,-0.2305182555428593,0.16155317176388628,,380.0,-23.218742618413174,-0.23218742618413174,,
selected_contribution_path,demo-human_decline_bot_rise-884000,human_decline_bot_rise,dynamic_hierarchy,119,hold_current,9d018b9de9fdf567d73f5985050e16b27d8e3d3b4c30531233e5677558244647,established_a-b112,established_a,112,,,,100,,,,-23.05182555428593,-18.727912507064417,-8.395952649410896,6.452539531369652,16.15531717638863,,,,,,,,,,,,-0.08395952649410895,-0.2305182555428593,0.16155317176388628,,381.0,-23.218742618413174,-0.23218742618413174,,
selected_contribution_path,demo-human_decline_bot_rise-884000,human_decline_bot_rise,dynamic_hierarchy,119,fixed_price,9d018b9de9fdf567d73f5985050e16b27d8e3d3b4c30531233e5677558244647,established_a-b112,established_a,112,,,,100,,,,-10.96145030863175,-7.542439500614499,5.219072195791771,23.5562394972848,42.33582353951495,,,,,,,,,,,,0.05219072195791771,-0.10961450308631751,0.4233582353951495,,381.0,-23.218742618413174,-0.23218742618413174,,
selected_contribution_path,demo-human_decline_bot_rise-884000,human_decline_bot_rise,dynamic_hierarchy,119,continue_recent_trend,9d018b9de9fdf567d73f5985050e16b27d8e3d3b4c30531233e5677558244647,established_a-b112,established_a,112,,,,100,,,,-27.315367994229224,-23.798578754283064,-5.57459900403887,99.21381304887004,445.91657881102,,,,,,,,,,,,-0.055745990040388695,-0.2731536799422922,4.4591657881102,,381.0,-23.218742618413174,-0.23218742618413174,,
selected_contribution_path,demo-human_decline_bot_rise-884000,human_decline_bot_rise,dynamic_hierarchy,119,continue_recent_trend,9d018b9de9fdf567d73f5985050e16b27d8e3d3b4c30531233e5677558244647,established_a-b112,established_a,112,,,,100,,,,-27.315367994229224,-23.798578754283064,-5.57459900403887,99.21381304887004,445.91657881102,,,,,,,,,,,,-0.055745990040388695,-0.2731536799422922,4.4591657881102,,382.0,-23.218742618413174,-0.23218742618413174,,
selected_contribution_path,demo-human_decline_bot_rise-884000,human_decline_bot_rise,dynamic_hierarchy,119,fixed_price,9d018b9de9fdf567d73f5985050e16b27d8e3d3b4c30531233e5677558244647,established_a-b112,established_a,112,,,,100,,,,-10.96145030863175,-7.542439500614499,5.219072195791771,23.5562394972848,42.33582353951495,,,,,,,,,,,,0.05219072195791771,-0.10961450308631751,0.4233582353951495,,382.0,-23.218742618413174,-0.23218742618413174,,
selected_contribution_path,demo-human_decline_bot_rise-884000,human_decline_bot_rise,dynamic_hierarchy,119,hold_current,9d018b9de9fdf567d73f5985050e16b27d8e3d3b4c30531233e5677558244647,established_a-b112,established_a,112,,,,100,,,,-23.05182555428593,-18.727912507064417,-8.395952649410896,6.452539531369652,16.15531717638863,,,,,,,,,,,,-0.08395952649410895,-0.2305182555428593,0.16155317176388628,,382.0,-23.218742618413174,-0.23218742618413174,,
selected_contribution_path,demo-human_decline_bot_rise-884000,human_decline_bot_rise,dynamic_hierarchy,119,fixed_price,9d018b9de9fdf567d73f5985050e16b27d8e3d3b4c30531233e5677558244647,established_a-b112,established_a,112,,,,100,,,,-10.96145030863175,-7.542439500614499,5.219072195791771,23.5562394972848,42.33582353951495,,,,,,,,,,,,0.05219072195791771,-0.10961450308631751,0.4233582353951495,,383.0,-23.218742618413174,-0.23218742618413174,,
selected_contribution_path,demo-human_decline_bot_rise-884000,human_decline_bot_rise,dynamic_hierarchy,119,continue_recent_trend,9d018b9de9fdf567d73f5985050e16b27d8e3d3b4c30531233e5677558244647,established_a-b112,established_a,112,,,,100,,,,-27.315367994229224,-23.798578754283064,-5.57459900403887,99.21381304887004,445.91657881102,,,,,,,,,,,,-0.055745990040388695,-0.2731536799422922,4.4591657881102,,383.0,-23.218742618413174,-0.23218742618413174,,
selected_contribution_path,demo-human_decline_bot_rise-884000,human_decline_bot_rise,dynamic_hierarchy,119,hold_current,9d018b9de9fdf567d73f5985050e16b27d8e3d3b4c30531233e5677558244647,established_a-b112,established_a,112,,,,100,,,,-23.05182555428593,-18.727912507064417,-8.395952649410896,6.452539531369652,16.15531717638863,,,,,,,,,,,,-0.08395952649410895,-0.2305182555428593,0.16155317176388628,,383.0,-23.218742618413174,-0.23218742618413174,,
selected_contribution_path,demo-human_decline_bot_rise-884000,human_decline_bot_rise,dynamic_hierarchy,119,hold_current,9d018b9de9fdf567d73f5985050e16b27d8e3d3b4c30531233e5677558244647,established_a-b112,established_a,112,,,,100,,,,-23.05182555428593,-18.727912507064417,-8.395952649410896,6.452539531369652,16.15531717638863,,,,,,,,,,,,-0.08395952649410895,-0.2305182555428593,0.16155317176388628,,384.0,-23.218742618413174,-0.23218742618413174,,
selected_contribution_path,demo-human_decline_bot_rise-884000,human_decline_bot_rise,dynamic_hierarchy,119,fixed_price,9d018b9de9fdf567d73f5985050e16b27d8e3d3b4c30531233e5677558244647,established_a-b112,established_a,112,,,,100,,,,-10.96145030863175,-7.542439500614499,5.219072195791771,23.5562394972848,42.33582353951495,,,,,,,,,,,,0.05219072195791771,-0.10961450308631751,0.4233582353951495,,384.0,-23.218742618413174,-0.23218742618413174,,
selected_contribution_path,demo-human_decline_bot_rise-884000,human_decline_bot_rise,dynamic_hierarchy,119,continue_recent_trend,9d018b9de9fdf567d73f5985050e16b27d8e3d3b4c30531233e5677558244647,established_a-b112,established_a,112,,,,100,,,,-27.315367994229224,-23.798578754283064,-5.57459900403887,99.21381304887004,445.91657881102,,,,,,,,,,,,-0.055745990040388695,-0.2731536799422922,4.4591657881102,,384.0,-23.218742618413174,-0.23218742618413174,,
selected_contribution_path,demo-human_decline_bot_rise-884000,human_decline_bot_rise,dynamic_hierarchy,119,continue_recent_trend,9d018b9de9fdf567d73f5985050e16b27d8e3d3b4c30531233e5677558244647,established_a-b112,established_a,112,,,,100,,,,-27.315367994229224,-23.798578754283064,-5.57459900403887,99.21381304887004,445.91657881102,,,,,,,,,,,,-0.055745990040388695,-0.2731536799422922,4.4591657881102,,385.0,-23.218742618413174,-0.23218742618413174,,
selected_contribution_path,demo-human_decline_bot_rise-884000,human_decline_bot_rise,dynamic_hierarchy,119,fixed_price,9d018b9de9fdf567d73f5985050e16b27d8e3d3b4c30531233e5677558244647,established_a-b112,established_a,112,,,,100,,,,-10.96145030863175,-7.542439500614499,5.219072195791771,23.5562394972848,42.33582353951495,,,,,,,,,,,,0.05219072195791771,-0.10961450308631751,0.4233582353951495,,385.0,-23.218742618413174,-0.23218742618413174,,
selected_contribution_path,demo-human_decline_bot_rise-884000,human_decline_bot_rise,dynamic_hierarchy,119,hold_current,9d018b9de9fdf567d73f5985050e16b27d8e3d3b4c30531233e5677558244647,established_a-b112,established_a,112,,,,100,,,,-23.05182555428593,-18.727912507064417,-8.395952649410896,6.452539531369652,16.15531717638863,,,,,,,,,,,,-0.08395952649410895,-0.2305182555428593,0.16155317176388628,,385.0,-23.218742618413174,-0.23218742618413174,,
selected_contribution_path,demo-human_decline_bot_rise-884000,human_decline_bot_rise,dynamic_hierarchy,119,continue_recent_trend,9d018b9de9fdf567d73f5985050e16b27d8e3d3b4c30531233e5677558244647,established_a-b112,established_a,112,,,,100,,,,-27.315367994229224,-23.798578754283064,-5.57459900403887,99.21381304887004,445.91657881102,,,,,,,,,,,,-0.055745990040388695,-0.2731536799422922,4.4591657881102,,386.0,-23.218742618413174,-0.23218742618413174,,
selected_contribution_path,demo-human_decline_bot_rise-884000,human_decline_bot_rise,dynamic_hierarchy,119,hold_current,9d018b9de9fdf567d73f5985050e16b27d8e3d3b4c30531233e5677558244647,established_a-b112,established_a,112,,,,100,,,,-23.05182555428593,-18.727912507064417,-8.395952649410896,6.452539531369652,16.15531717638863,,,,,,,,,,,,-0.08395952649410895,-0.2305182555428593,0.16155317176388628,,386.0,-23.218742618413174,-0.23218742618413174,,
selected_contribution_path,demo-human_decline_bot_rise-884000,human_decline_bot_rise,dynamic_hierarchy,119,fixed_price,9d018b9de9fdf567d73f5985050e16b27d8e3d3b4c30531233e5677558244647,established_a-b112,established_a,112,,,,100,,,,-10.96145030863175,-7.542439500614499,5.219072195791771,23.5562394972848,42.33582353951495,,,,,,,,,,,,0.05219072195791771,-0.10961450308631751,0.4233582353951495,,386.0,-23.218742618413174,-0.23218742618413174,,
selected_contribution_path,demo-human_decline_bot_rise-884000,human_decline_bot_rise,dynamic_hierarchy,119,fixed_price,9d018b9de9fdf567d73f5985050e16b27d8e3d3b4c30531233e5677558244647,established_a-b112,established_a,112,,,,100,,,,-10.96145030863175,-7.542439500614499,5.219072195791771,23.5562394972848,42.33582353951495,,,,,,,,,,,,0.05219072195791771,-0.10961450308631751,0.4233582353951495,,387.0,-23.218742618413174,-0.23218742618413174,,
selected_contribution_path,demo-human_decline_bot_rise-884000,human_decline_bot_rise,dynamic_hierarchy,119,hold_current,9d018b9de9fdf567d73f5985050e16b27d8e3d3b4c30531233e5677558244647,established_a-b112,established_a,112,,,,100,,,,-23.05182555428593,-18.727912507064417,-8.395952649410896,6.452539531369652,16.15531717638863,,,,,,,,,,,,-0.08395952649410895,-0.2305182555428593,0.16155317176388628,,387.0,-23.218742618413174,-0.23218742618413174,,
selected_contribution_path,demo-human_decline_bot_rise-884000,human_decline_bot_rise,dynamic_hierarchy,119,continue_recent_trend,9d018b9de9fdf567d73f5985050e16b27d8e3d3b4c30531233e5677558244647,established_a-b112,established_a,112,,,,100,,,,-27.315367994229224,-23.798578754283064,-5.57459900403887,99.21381304887004,445.91657881102,,,,,,,,,,,,-0.055745990040388695,-0.2731536799422922,4.4591657881102,,387.0,-23.218742618413174,-0.23218742618413174,,
selected_contribution_path,demo-human_decline_bot_rise-884000,human_decline_bot_rise,dynamic_hierarchy,119,hold_current,9d018b9de9fdf567d73f5985050e16b27d8e3d3b4c30531233e5677558244647,established_a-b112,established_a,112,,,,100,,,,-23.05182555428593,-18.727912507064417,-8.395952649410896,6.452539531369652,16.15531717638863,,,,,,,,,,,,-0.08395952649410895,-0.2305182555428593,0.16155317176388628,,388.0,-23.218742618413174,-0.23218742618413174,,
selected_contribution_path,demo-human_decline_bot_rise-884000,human_decline_bot_rise,dynamic_hierarchy,119,fixed_price,9d018b9de9fdf567d73f5985050e16b27d8e3d3b4c30531233e5677558244647,established_a-b112,established_a,112,,,,100,,,,-10.96145030863175,-7.542439500614499,5.219072195791771,23.5562394972848,42.33582353951495,,,,,,,,,,,,0.05219072195791771,-0.10961450308631751,0.4233582353951495,,388.0,-23.218742618413174,-0.23218742618413174,,
selected_contribution_path,demo-human_decline_bot_rise-884000,human_decline_bot_rise,dynamic_hierarchy,119,continue_recent_trend,9d018b9de9fdf567d73f5985050e16b27d8e3d3b4c30531233e5677558244647,established_a-b112,established_a,112,,,,100,,,,-27.315367994229224,-23.798578754283064,-5.57459900403887,99.21381304887004,445.91657881102,,,,,,,,,,,,-0.055745990040388695,-0.2731536799422922,4.4591657881102,,388.0,-23.218742618413174,-0.23218742618413174,,
selected_contribution_path,demo-human_decline_bot_rise-884000,human_decline_bot_rise,dynamic_hierarchy,119,continue_recent_trend,9d018b9de9fdf567d73f5985050e16b27d8e3d3b4c30531233e5677558244647,established_a-b112,established_a,112,,,,100,,,,-27.315367994229224,-23.798578754283064,-5.57459900403887,99.21381304887004,445.91657881102,,,,,,,,,,,,-0.055745990040388695,-0.2731536799422922,4.4591657881102,,389.0,-23.218742618413174,-0.23218742618413174,,
selected_contribution_path,demo-human_decline_bot_rise-884000,human_decline_bot_rise,dynamic_hierarchy,119,fixed_price,9d018b9de9fdf567d73f5985050e16b27d8e3d3b4c30531233e5677558244647,established_a-b112,established_a,112,,,,100,,,,-10.96145030863175,-7.542439500614499,5.219072195791771,23.5562394972848,42.33582353951495,,,,,,,,,,,,0.05219072195791771,-0.10961450308631751,0.4233582353951495,,389.0,-23.218742618413174,-0.23218742618413174,,
selected_contribution_path,demo-human_decline_bot_rise-884000,human_decline_bot_rise,dynamic_hierarchy,119,hold_current,9d018b9de9fdf567d73f5985050e16b27d8e3d3b4c30531233e5677558244647,established_a-b112,established_a,112,,,,100,,,,-23.05182555428593,-18.727912507064417,-8.395952649410896,6.452539531369652,16.15531717638863,,,,,,,,,,,,-0.08395952649410895,-0.2305182555428593,0.16155317176388628,,389.0,-23.218742618413174,-0.23218742618413174,,
selected_contribution_path,demo-human_decline_bot_rise-884000,human_decline_bot_rise,dynamic_hierarchy,119,continue_recent_trend,9d018b9de9fdf567d73f5985050e16b27d8e3d3b4c30531233e5677558244647,established_a-b112,established_a,112,,,,100,,,,-27.315367994229224,-23.798578754283064,-5.57459900403887,99.21381304887004,445.91657881102,,,,,,,,,,,,-0.055745990040388695,-0.2731536799422922,4.4591657881102,,390.0,-23.218742618413174,-0.23218742618413174,,
selected_contribution_path,demo-human_decline_bot_rise-884000,human_decline_bot_rise,dynamic_hierarchy,119,fixed_price,9d018b9de9fdf567d73f5985050e16b27d8e3d3b4c30531233e5677558244647,established_a-b112,established_a,112,,,,100,,,,-10.96145030863175,-7.542439500614499,5.219072195791771,23.5562394972848,42.33582353951495,,,,,,,,,,,,0.05219072195791771,-0.10961450308631751,0.4233582353951495,,390.0,-23.218742618413174,-0.23218742618413174,,
selected_contribution_path,demo-human_decline_bot_rise-884000,human_decline_bot_rise,dynamic_hierarchy,119,hold_current,9d018b9de9fdf567d73f5985050e16b27d8e3d3b4c30531233e5677558244647,established_a-b112,established_a,112,,,,100,,,,-23.05182555428593,-18.727912507064417,-8.395952649410896,6.452539531369652,16.15531717638863,,,,,,,,,,,,-0.08395952649410895,-0.2305182555428593,0.16155317176388628,,390.0,-23.218742618413174,-0.23218742618413174,,
selected_contribution_path,demo-human_decline_bot_rise-884000,human_decline_bot_rise,dynamic_hierarchy,119,fixed_price,9d018b9de9fdf567d73f5985050e16b27d8e3d3b4c30531233e5677558244647,established_a-b112,established_a,112,,,,100,,,,-10.96145030863175,-7.542439500614499,5.219072195791771,23.5562394972848,42.33582353951495,,,,,,,,,,,,0.05219072195791771,-0.10961450308631751,0.4233582353951495,,391.0,-23.218742618413174,-0.23218742618413174,,
selected_contribution_path,demo-human_decline_bot_rise-884000,human_decline_bot_rise,dynamic_hierarchy,119,hold_current,9d018b9de9fdf567d73f5985050e16b27d8e3d3b4c30531233e5677558244647,established_a-b112,established_a,112,,,,100,,,,-23.05182555428593,-18.727912507064417,-8.395952649410896,6.452539531369652,16.15531717638863,,,,,,,,,,,,-0.08395952649410895,-0.2305182555428593,0.16155317176388628,,391.0,-23.218742618413174,-0.23218742618413174,,
selected_contribution_path,demo-human_decline_bot_rise-884000,human_decline_bot_rise,dynamic_hierarchy,119,continue_recent_trend,9d018b9de9fdf567d73f5985050e16b27d8e3d3b4c30531233e5677558244647,established_a-b112,established_a,112,,,,100,,,,-27.315367994229224,-23.798578754283064,-5.57459900403887,99.21381304887004,445.91657881102,,,,,,,,,,,,-0.055745990040388695,-0.2731536799422922,4.4591657881102,,391.0,-23.218742618413174,-0.23218742618413174,,
selected_contribution_path,demo-human_decline_bot_rise-884000,human_decline_bot_rise,dynamic_hierarchy,119,continue_recent_trend,9d018b9de9fdf567d73f5985050e16b27d8e3d3b4c30531233e5677558244647,established_a-b112,established_a,112,,,,100,,,,-27.315367994229224,-23.798578754283064,-5.57459900403887,99.21381304887004,445.91657881102,,,,,,,,,,,,-0.055745990040388695,-0.2731536799422922,4.4591657881102,,392.0,-23.218742618413174,-0.23218742618413174,,
selected_contribution_path,demo-human_decline_bot_rise-884000,human_decline_bot_rise,dynamic_hierarchy,119,fixed_price,9d018b9de9fdf567d73f5985050e16b27d8e3d3b4c30531233e5677558244647,established_a-b112,established_a,112,,,,100,,,,-10.96145030863175,-7.542439500614499,5.219072195791771,23.5562394972848,42.33582353951495,,,,,,,,,,,,0.05219072195791771,-0.10961450308631751,0.4233582353951495,,392.0,-23.218742618413174,-0.23218742618413174,,
selected_contribution_path,demo-human_decline_bot_rise-884000,human_decline_bot_rise,dynamic_hierarchy,119,hold_current,9d018b9de9fdf567d73f5985050e16b27d8e3d3b4c30531233e5677558244647,established_a-b112,established_a,112,,,,100,,,,-23.05182555428593,-18.727912507064417,-8.395952649410896,6.452539531369652,16.15531717638863,,,,,,,,,,,,-0.08395952649410895,-0.2305182555428593,0.16155317176388628,,392.0,-23.218742618413174,-0.23218742618413174,,
selected_contribution_path,demo-human_decline_bot_rise-884000,human_decline_bot_rise,dynamic_hierarchy,119,hold_current,9d018b9de9fdf567d73f5985050e16b27d8e3d3b4c30531233e5677558244647,established_a-b112,established_a,112,,,,100,,,,-23.05182555428593,-18.727912507064417,-8.395952649410896,6.452539531369652,16.15531717638863,,,,,,,,,,,,-0.08395952649410895,-0.2305182555428593,0.16155317176388628,,393.0,-23.218742618413174,-0.23218742618413174,,
selected_contribution_path,demo-human_decline_bot_rise-884000,human_decline_bot_rise,dynamic_hierarchy,119,fixed_price,9d018b9de9fdf567d73f5985050e16b27d8e3d3b4c30531233e5677558244647,established_a-b112,established_a,112,,,,100,,,,-10.96145030863175,-7.542439500614499,5.219072195791771,23.5562394972848,42.33582353951495,,,,,,,,,,,,0.05219072195791771,-0.10961450308631751,0.4233582353951495,,393.0,-23.218742618413174,-0.23218742618413174,,
selected_contribution_path,demo-human_decline_bot_rise-884000,human_decline_bot_rise,dynamic_hierarchy,119,continue_recent_trend,9d018b9de9fdf567d73f5985050e16b27d8e3d3b4c30531233e5677558244647,established_a-b112,established_a,112,,,,100,,,,-27.315367994229224,-23.798578754283064,-5.57459900403887,99.21381304887004,445.91657881102,,,,,,,,,,,,-0.055745990040388695,-0.2731536799422922,4.4591657881102,,393.0,-23.218742618413174,-0.23218742618413174,,
selected_contribution_path,demo-human_decline_bot_rise-884000,human_decline_bot_rise,dynamic_hierarchy,119,hold_current,9d018b9de9fdf567d73f5985050e16b27d8e3d3b4c30531233e5677558244647,established_a-b112,established_a,112,,,,100,,,,-23.05182555428593,-18.727912507064417,-8.395952649410896,6.452539531369652,16.15531717638863,,,,,,,,,,,,-0.08395952649410895,-0.2305182555428593,0.16155317176388628,,394.0,-23.218742618413174,-0.23218742618413174,,
selected_contribution_path,demo-human_decline_bot_rise-884000,human_decline_bot_rise,dynamic_hierarchy,119,fixed_price,9d018b9de9fdf567d73f5985050e16b27d8e3d3b4c30531233e5677558244647,established_a-b112,established_a,112,,,,100,,,,-10.96145030863175,-7.542439500614499,5.219072195791771,23.5562394972848,42.33582353951495,,,,,,,,,,,,0.05219072195791771,-0.10961450308631751,0.4233582353951495,,394.0,-23.218742618413174,-0.23218742618413174,,
selected_contribution_path,demo-human_decline_bot_rise-884000,human_decline_bot_rise,dynamic_hierarchy,119,continue_recent_trend,9d018b9de9fdf567d73f5985050e16b27d8e3d3b4c30531233e5677558244647,established_a-b112,established_a,112,,,,100,,,,-27.315367994229224,-23.798578754283064,-5.57459900403887,99.21381304887004,445.91657881102,,,,,,,,,,,,-0.055745990040388695,-0.2731536799422922,4.4591657881102,,394.0,-23.218742618413174,-0.23218742618413174,,
selected_contribution_path,demo-human_decline_bot_rise-884000,human_decline_bot_rise,dynamic_hierarchy,119,continue_recent_trend,9d018b9de9fdf567d73f5985050e16b27d8e3d3b4c30531233e5677558244647,established_a-b112,established_a,112,,,,100,,,,-27.315367994229224,-23.798578754283064,-5.57459900403887,99.21381304887004,445.91657881102,,,,,,,,,,,,-0.055745990040388695,-0.2731536799422922,4.4591657881102,,395.0,-23.218742618413174,-0.23218742618413174,,
selected_contribution_path,demo-human_decline_bot_rise-884000,human_decline_bot_rise,dynamic_hierarchy,119,fixed_price,9d018b9de9fdf567d73f5985050e16b27d8e3d3b4c30531233e5677558244647,established_a-b112,established_a,112,,,,100,,,,-10.96145030863175,-7.542439500614499,5.219072195791771,23.5562394972848,42.33582353951495,,,,,,,,,,,,0.05219072195791771,-0.10961450308631751,0.4233582353951495,,395.0,-23.218742618413174,-0.23218742618413174,,
selected_contribution_path,demo-human_decline_bot_rise-884000,human_decline_bot_rise,dynamic_hierarchy,119,hold_current,9d018b9de9fdf567d73f5985050e16b27d8e3d3b4c30531233e5677558244647,established_a-b112,established_a,112,,,,100,,,,-23.05182555428593,-18.727912507064417,-8.395952649410896,6.452539531369652,16.15531717638863,,,,,,,,,,,,-0.08395952649410895,-0.2305182555428593,0.16155317176388628,,395.0,-23.218742618413174,-0.23218742618413174,,
selected_contribution_path,demo-human_decline_bot_rise-884000,human_decline_bot_rise,dynamic_hierarchy,119,fixed_price,9d018b9de9fdf567d73f5985050e16b27d8e3d3b4c30531233e5677558244647,established_a-b112,established_a,112,,,,100,,,,-10.96145030863175,-7.542439500614499,5.219072195791771,23.5562394972848,42.33582353951495,,,,,,,,,,,,0.05219072195791771,-0.10961450308631751,0.4233582353951495,,396.0,-23.218742618413174,-0.23218742618413174,,
selected_contribution_path,demo-human_decline_bot_rise-884000,human_decline_bot_rise,dynamic_hierarchy,119,continue_recent_trend,9d018b9de9fdf567d73f5985050e16b27d8e3d3b4c30531233e5677558244647,established_a-b112,established_a,112,,,,100,,,,-27.315367994229224,-23.798578754283064,-5.57459900403887,99.21381304887004,445.91657881102,,,,,,,,,,,,-0.055745990040388695,-0.2731536799422922,4.4591657881102,,396.0,-23.218742618413174,-0.23218742618413174,,
selected_contribution_path,demo-human_decline_bot_rise-884000,human_decline_bot_rise,dynamic_hierarchy,119,hold_current,9d018b9de9fdf567d73f5985050e16b27d8e3d3b4c30531233e5677558244647,established_a-b112,established_a,112,,,,100,,,,-23.05182555428593,-18.727912507064417,-8.395952649410896,6.452539531369652,16.15531717638863,,,,,,,,,,,,-0.08395952649410895,-0.2305182555428593,0.16155317176388628,,396.0,-23.218742618413174,-0.23218742618413174,,
selected_contribution_path,demo-human_decline_bot_rise-884000,human_decline_bot_rise,dynamic_hierarchy,119,hold_current,9d018b9de9fdf567d73f5985050e16b27d8e3d3b4c30531233e5677558244647,established_a-b112,established_a,112,,,,100,,,,-23.05182555428593,-18.727912507064417,-8.395952649410896,6.452539531369652,16.15531717638863,,,,,,,,,,,,-0.08395952649410895,-0.2305182555428593,0.16155317176388628,,397.0,-23.218742618413174,-0.23218742618413174,,
selected_contribution_path,demo-human_decline_bot_rise-884000,human_decline_bot_rise,dynamic_hierarchy,119,continue_recent_trend,9d018b9de9fdf567d73f5985050e16b27d8e3d3b4c30531233e5677558244647,established_a-b112,established_a,112,,,,100,,,,-27.315367994229224,-23.798578754283064,-5.57459900403887,99.21381304887004,445.91657881102,,,,,,,,,,,,-0.055745990040388695,-0.2731536799422922,4.4591657881102,,397.0,-23.218742618413174,-0.23218742618413174,,
selected_contribution_path,demo-human_decline_bot_rise-884000,human_decline_bot_rise,dynamic_hierarchy,119,fixed_price,9d018b9de9fdf567d73f5985050e16b27d8e3d3b4c30531233e5677558244647,established_a-b112,established_a,112,,,,100,,,,-10.96145030863175,-7.542439500614499,5.219072195791771,23.5562394972848,42.33582353951495,,,,,,,,,,,,0.05219072195791771,-0.10961450308631751,0.4233582353951495,,397.0,-23.218742618413174,-0.23218742618413174,,
selected_contribution_path,demo-human_decline_bot_rise-884000,human_decline_bot_rise,dynamic_hierarchy,119,continue_recent_trend,9d018b9de9fdf567d73f5985050e16b27d8e3d3b4c30531233e5677558244647,established_a-b112,established_a,112,,,,100,,,,-27.315367994229224,-23.798578754283064,-5.57459900403887,99.21381304887004,445.91657881102,,,,,,,,,,,,-0.055745990040388695,-0.2731536799422922,4.4591657881102,,398.0,-23.218742618413174,-0.23218742618413174,,
selected_contribution_path,demo-human_decline_bot_rise-884000,human_decline_bot_rise,dynamic_hierarchy,119,fixed_price,9d018b9de9fdf567d73f5985050e16b27d8e3d3b4c30531233e5677558244647,established_a-b112,established_a,112,,,,100,,,,-10.96145030863175,-7.542439500614499,5.219072195791771,23.5562394972848,42.33582353951495,,,,,,,,,,,,0.05219072195791771,-0.10961450308631751,0.4233582353951495,,398.0,-23.218742618413174,-0.23218742618413174,,
selected_contribution_path,demo-human_decline_bot_rise-884000,human_decline_bot_rise,dynamic_hierarchy,119,hold_current,9d018b9de9fdf567d73f5985050e16b27d8e3d3b4c30531233e5677558244647,established_a-b112,established_a,112,,,,100,,,,-23.05182555428593,-18.727912507064417,-8.395952649410896,6.452539531369652,16.15531717638863,,,,,,,,,,,,-0.08395952649410895,-0.2305182555428593,0.16155317176388628,,398.0,-23.218742618413174,-0.23218742618413174,,
selected_contribution_path,demo-human_decline_bot_rise-884000,human_decline_bot_rise,dynamic_hierarchy,119,continue_recent_trend,9d018b9de9fdf567d73f5985050e16b27d8e3d3b4c30531233e5677558244647,established_a-b112,established_a,112,,,,100,,,,-27.315367994229224,-23.798578754283064,-5.57459900403887,99.21381304887004,445.91657881102,,,,,,,,,,,,-0.055745990040388695,-0.2731536799422922,4.4591657881102,,399.0,-23.218742618413174,-0.23218742618413174,,
selected_contribution_path,demo-human_decline_bot_rise-884000,human_decline_bot_rise,dynamic_hierarchy,119,fixed_price,9d018b9de9fdf567d73f5985050e16b27d8e3d3b4c30531233e5677558244647,established_a-b112,established_a,112,,,,100,,,,-10.96145030863175,-7.542439500614499,5.219072195791771,23.5562394972848,42.33582353951495,,,,,,,,,,,,0.05219072195791771,-0.10961450308631751,0.4233582353951495,,399.0,-23.218742618413174,-0.23218742618413174,,
selected_contribution_path,demo-human_decline_bot_rise-884000,human_decline_bot_rise,dynamic_hierarchy,119,hold_current,9d018b9de9fdf567d73f5985050e16b27d8e3d3b4c30531233e5677558244647,established_a-b112,established_a,112,,,,100,,,,-23.05182555428593,-18.727912507064417,-8.395952649410896,6.452539531369652,16.15531717638863,,,,,,,,,,,,-0.08395952649410895,-0.2305182555428593,0.16155317176388628,,399.0,-23.218742618413174,-0.23218742618413174,,
selected_contribution_path,demo-human_decline_bot_rise-884000,human_decline_bot_rise,dynamic_hierarchy,119,fixed_price,9d018b9de9fdf567d73f5985050e16b27d8e3d3b4c30531233e5677558244647,established_a-b112,established_a,112,,,,100,,,,-10.96145030863175,-7.542439500614499,5.219072195791771,23.5562394972848,42.33582353951495,,,,,,,,,,,,0.05219072195791771,-0.10961450308631751,0.4233582353951495,,400.0,-23.218742618413174,-0.23218742618413174,,
selected_contribution_path,demo-human_decline_bot_rise-884000,human_decline_bot_rise,dynamic_hierarchy,119,continue_recent_trend,9d018b9de9fdf567d73f5985050e16b27d8e3d3b4c30531233e5677558244647,established_a-b112,established_a,112,,,,100,,,,-27.315367994229224,-23.798578754283064,-5.57459900403887,99.21381304887004,445.91657881102,,,,,,,,,,,,-0.055745990040388695,-0.2731536799422922,4.4591657881102,,400.0,-23.218742618413174,-0.23218742618413174,,
selected_contribution_path,demo-human_decline_bot_rise-884000,human_decline_bot_rise,dynamic_hierarchy,119,hold_current,9d018b9de9fdf567d73f5985050e16b27d8e3d3b4c30531233e5677558244647,established_a-b112,established_a,112,,,,100,,,,-23.05182555428593,-18.727912507064417,-8.395952649410896,6.452539531369652,16.15531717638863,,,,,,,,,,,,-0.08395952649410895,-0.2305182555428593,0.16155317176388628,,400.0,-23.218742618413174,-0.23218742618413174,,
selected_contribution_path,demo-human_decline_bot_rise-884000,human_decline_bot_rise,dynamic_hierarchy,119,hold_current,9d018b9de9fdf567d73f5985050e16b27d8e3d3b4c30531233e5677558244647,established_a-b112,established_a,112,,,,100,,,,-23.05182555428593,-18.727912507064417,-8.395952649410896,6.452539531369652,16.15531717638863,,,,,,,,,,,,-0.08395952649410895,-0.2305182555428593,0.16155317176388628,,401.0,-23.218742618413174,-0.23218742618413174,,
selected_contribution_path,demo-human_decline_bot_rise-884000,human_decline_bot_rise,dynamic_hierarchy,119,fixed_price,9d018b9de9fdf567d73f5985050e16b27d8e3d3b4c30531233e5677558244647,established_a-b112,established_a,112,,,,100,,,,-10.96145030863175,-7.542439500614499,5.219072195791771,23.5562394972848,42.33582353951495,,,,,,,,,,,,0.05219072195791771,-0.10961450308631751,0.4233582353951495,,401.0,-23.218742618413174,-0.23218742618413174,,
selected_contribution_path,demo-human_decline_bot_rise-884000,human_decline_bot_rise,dynamic_hierarchy,119,continue_recent_trend,9d018b9de9fdf567d73f5985050e16b27d8e3d3b4c30531233e5677558244647,established_a-b112,established_a,112,,,,100,,,,-27.315367994229224,-23.798578754283064,-5.57459900403887,99.21381304887004,445.91657881102,,,,,,,,,,,,-0.055745990040388695,-0.2731536799422922,4.4591657881102,,401.0,-23.218742618413174,-0.23218742618413174,,
selected_contribution_path,demo-human_decline_bot_rise-884000,human_decline_bot_rise,dynamic_hierarchy,119,hold_current,9d018b9de9fdf567d73f5985050e16b27d8e3d3b4c30531233e5677558244647,established_a-b112,established_a,112,,,,100,,,,-23.05182555428593,-18.727912507064417,-8.395952649410896,6.452539531369652,16.15531717638863,,,,,,,,,,,,-0.08395952649410895,-0.2305182555428593,0.16155317176388628,,402.0,-23.218742618413174,-0.23218742618413174,,
selected_contribution_path,demo-human_decline_bot_rise-884000,human_decline_bot_rise,dynamic_hierarchy,119,fixed_price,9d018b9de9fdf567d73f5985050e16b27d8e3d3b4c30531233e5677558244647,established_a-b112,established_a,112,,,,100,,,,-10.96145030863175,-7.542439500614499,5.219072195791771,23.5562394972848,42.33582353951495,,,,,,,,,,,,0.05219072195791771,-0.10961450308631751,0.4233582353951495,,402.0,-23.218742618413174,-0.23218742618413174,,
selected_contribution_path,demo-human_decline_bot_rise-884000,human_decline_bot_rise,dynamic_hierarchy,119,continue_recent_trend,9d018b9de9fdf567d73f5985050e16b27d8e3d3b4c30531233e5677558244647,established_a-b112,established_a,112,,,,100,,,,-27.315367994229224,-23.798578754283064,-5.57459900403887,99.21381304887004,445.91657881102,,,,,,,,,,,,-0.055745990040388695,-0.2731536799422922,4.4591657881102,,402.0,-23.218742618413174,-0.23218742618413174,,
selected_contribution_path,demo-human_decline_bot_rise-884000,human_decline_bot_rise,dynamic_hierarchy,119,fixed_price,9d018b9de9fdf567d73f5985050e16b27d8e3d3b4c30531233e5677558244647,established_a-b112,established_a,112,,,,100,,,,-10.96145030863175,-7.542439500614499,5.219072195791771,23.5562394972848,42.33582353951495,,,,,,,,,,,,0.05219072195791771,-0.10961450308631751,0.4233582353951495,,403.0,-23.218742618413174,-0.23218742618413174,,
selected_contribution_path,demo-human_decline_bot_rise-884000,human_decline_bot_rise,dynamic_hierarchy,119,continue_recent_trend,9d018b9de9fdf567d73f5985050e16b27d8e3d3b4c30531233e5677558244647,established_a-b112,established_a,112,,,,100,,,,-27.315367994229224,-23.798578754283064,-5.57459900403887,99.21381304887004,445.91657881102,,,,,,,,,,,,-0.055745990040388695,-0.2731536799422922,4.4591657881102,,403.0,-23.218742618413174,-0.23218742618413174,,
selected_contribution_path,demo-human_decline_bot_rise-884000,human_decline_bot_rise,dynamic_hierarchy,119,hold_current,9d018b9de9fdf567d73f5985050e16b27d8e3d3b4c30531233e5677558244647,established_a-b112,established_a,112,,,,100,,,,-23.05182555428593,-18.727912507064417,-8.395952649410896,6.452539531369652,16.15531717638863,,,,,,,,,,,,-0.08395952649410895,-0.2305182555428593,0.16155317176388628,,403.0,-23.218742618413174,-0.23218742618413174,,
selected_contribution_path,demo-human_decline_bot_rise-884000,human_decline_bot_rise,dynamic_hierarchy,119,continue_recent_trend,9d018b9de9fdf567d73f5985050e16b27d8e3d3b4c30531233e5677558244647,established_a-b112,established_a,112,,,,100,,,,-27.315367994229224,-23.798578754283064,-5.57459900403887,99.21381304887004,445.91657881102,,,,,,,,,,,,-0.055745990040388695,-0.2731536799422922,4.4591657881102,,404.0,-23.218742618413174,-0.23218742618413174,,
selected_contribution_path,demo-human_decline_bot_rise-884000,human_decline_bot_rise,dynamic_hierarchy,119,fixed_price,9d018b9de9fdf567d73f5985050e16b27d8e3d3b4c30531233e5677558244647,established_a-b112,established_a,112,,,,100,,,,-10.96145030863175,-7.542439500614499,5.219072195791771,23.5562394972848,42.33582353951495,,,,,,,,,,,,0.05219072195791771,-0.10961450308631751,0.4233582353951495,,404.0,-23.218742618413174,-0.23218742618413174,,
selected_contribution_path,demo-human_decline_bot_rise-884000,human_decline_bot_rise,dynamic_hierarchy,119,hold_current,9d018b9de9fdf567d73f5985050e16b27d8e3d3b4c30531233e5677558244647,established_a-b112,established_a,112,,,,100,,,,-23.05182555428593,-18.727912507064417,-8.395952649410896,6.452539531369652,16.15531717638863,,,,,,,,,,,,-0.08395952649410895,-0.2305182555428593,0.16155317176388628,,404.0,-23.218742618413174,-0.23218742618413174,,
selected_contribution_path,demo-human_decline_bot_rise-884000,human_decline_bot_rise,dynamic_hierarchy,119,fixed_price,9d018b9de9fdf567d73f5985050e16b27d8e3d3b4c30531233e5677558244647,established_a-b112,established_a,112,,,,100,,,,-10.96145030863175,-7.542439500614499,5.219072195791771,23.5562394972848,42.33582353951495,,,,,,,,,,,,0.05219072195791771,-0.10961450308631751,0.4233582353951495,,405.0,-23.218742618413174,-0.23218742618413174,,
selected_contribution_path,demo-human_decline_bot_rise-884000,human_decline_bot_rise,dynamic_hierarchy,119,continue_recent_trend,9d018b9de9fdf567d73f5985050e16b27d8e3d3b4c30531233e5677558244647,established_a-b112,established_a,112,,,,100,,,,-27.315367994229224,-23.798578754283064,-5.57459900403887,99.21381304887004,445.91657881102,,,,,,,,,,,,-0.055745990040388695,-0.2731536799422922,4.4591657881102,,405.0,-23.218742618413174,-0.23218742618413174,,
selected_contribution_path,demo-human_decline_bot_rise-884000,human_decline_bot_rise,dynamic_hierarchy,119,hold_current,9d018b9de9fdf567d73f5985050e16b27d8e3d3b4c30531233e5677558244647,established_a-b112,established_a,112,,,,100,,,,-23.05182555428593,-18.727912507064417,-8.395952649410896,6.452539531369652,16.15531717638863,,,,,,,,,,,,-0.08395952649410895,-0.2305182555428593,0.16155317176388628,,405.0,-23.218742618413174,-0.23218742618413174,,
selected_contribution_path,demo-human_decline_bot_rise-884000,human_decline_bot_rise,dynamic_hierarchy,119,hold_current,9d018b9de9fdf567d73f5985050e16b27d8e3d3b4c30531233e5677558244647,established_a-b112,established_a,112,,,,100,,,,-23.05182555428593,-18.727912507064417,-8.395952649410896,6.452539531369652,16.15531717638863,,,,,,,,,,,,-0.08395952649410895,-0.2305182555428593,0.16155317176388628,,406.0,-23.218742618413174,-0.23218742618413174,,
selected_contribution_path,demo-human_decline_bot_rise-884000,human_decline_bot_rise,dynamic_hierarchy,119,fixed_price,9d018b9de9fdf567d73f5985050e16b27d8e3d3b4c30531233e5677558244647,established_a-b112,established_a,112,,,,100,,,,-10.96145030863175,-7.542439500614499,5.219072195791771,23.5562394972848,42.33582353951495,,,,,,,,,,,,0.05219072195791771,-0.10961450308631751,0.4233582353951495,,406.0,-23.218742618413174,-0.23218742618413174,,
selected_contribution_path,demo-human_decline_bot_rise-884000,human_decline_bot_rise,dynamic_hierarchy,119,continue_recent_trend,9d018b9de9fdf567d73f5985050e16b27d8e3d3b4c30531233e5677558244647,established_a-b112,established_a,112,,,,100,,,,-27.315367994229224,-23.798578754283064,-5.57459900403887,99.21381304887004,445.91657881102,,,,,,,,,,,,-0.055745990040388695,-0.2731536799422922,4.4591657881102,,406.0,-23.218742618413174,-0.23218742618413174,,
selected_contribution_path,demo-human_decline_bot_rise-884000,human_decline_bot_rise,dynamic_hierarchy,119,continue_recent_trend,9d018b9de9fdf567d73f5985050e16b27d8e3d3b4c30531233e5677558244647,established_a-b112,established_a,112,,,,100,,,,-27.315367994229224,-23.798578754283064,-5.57459900403887,99.21381304887004,445.91657881102,,,,,,,,,,,,-0.055745990040388695,-0.2731536799422922,4.4591657881102,,407.0,-23.218742618413174,-0.23218742618413174,,
selected_contribution_path,demo-human_decline_bot_rise-884000,human_decline_bot_rise,dynamic_hierarchy,119,fixed_price,9d018b9de9fdf567d73f5985050e16b27d8e3d3b4c30531233e5677558244647,established_a-b112,established_a,112,,,,100,,,,-10.96145030863175,-7.542439500614499,5.219072195791771,23.5562394972848,42.33582353951495,,,,,,,,,,,,0.05219072195791771,-0.10961450308631751,0.4233582353951495,,407.0,-23.218742618413174,-0.23218742618413174,,
selected_contribution_path,demo-human_decline_bot_rise-884000,human_decline_bot_rise,dynamic_hierarchy,119,hold_current,9d018b9de9fdf567d73f5985050e16b27d8e3d3b4c30531233e5677558244647,established_a-b112,established_a,112,,,,100,,,,-23.05182555428593,-18.727912507064417,-8.395952649410896,6.452539531369652,16.15531717638863,,,,,,,,,,,,-0.08395952649410895,-0.2305182555428593,0.16155317176388628,,407.0,-23.218742618413174,-0.23218742618413174,,
selected_contribution_path,demo-human_decline_bot_rise-884000,human_decline_bot_rise,dynamic_hierarchy,119,hold_current,9d018b9de9fdf567d73f5985050e16b27d8e3d3b4c30531233e5677558244647,established_a-b112,established_a,112,,,,100,,,,-23.05182555428593,-18.727912507064417,-8.395952649410896,6.452539531369652,16.15531717638863,,,,,,,,,,,,-0.08395952649410895,-0.2305182555428593,0.16155317176388628,,408.0,-23.218742618413174,-0.23218742618413174,,
selected_contribution_path,demo-human_decline_bot_rise-884000,human_decline_bot_rise,dynamic_hierarchy,119,fixed_price,9d018b9de9fdf567d73f5985050e16b27d8e3d3b4c30531233e5677558244647,established_a-b112,established_a,112,,,,100,,,,-10.96145030863175,-7.542439500614499,5.219072195791771,23.5562394972848,42.33582353951495,,,,,,,,,,,,0.05219072195791771,-0.10961450308631751,0.4233582353951495,,408.0,-23.218742618413174,-0.23218742618413174,,
selected_contribution_path,demo-human_decline_bot_rise-884000,human_decline_bot_rise,dynamic_hierarchy,119,continue_recent_trend,9d018b9de9fdf567d73f5985050e16b27d8e3d3b4c30531233e5677558244647,established_a-b112,established_a,112,,,,100,,,,-27.315367994229224,-23.798578754283064,-5.57459900403887,99.21381304887004,445.91657881102,,,,,,,,,,,,-0.055745990040388695,-0.2731536799422922,4.4591657881102,,408.0,-23.218742618413174,-0.23218742618413174,,
selected_contribution_path,demo-human_decline_bot_rise-884000,human_decline_bot_rise,dynamic_hierarchy,119,hold_current,9d018b9de9fdf567d73f5985050e16b27d8e3d3b4c30531233e5677558244647,established_a-b112,established_a,112,,,,100,,,,-23.05182555428593,-18.727912507064417,-8.395952649410896,6.452539531369652,16.15531717638863,,,,,,,,,,,,-0.08395952649410895,-0.2305182555428593,0.16155317176388628,,409.0,-23.218742618413174,-0.23218742618413174,,
selected_contribution_path,demo-human_decline_bot_rise-884000,human_decline_bot_rise,dynamic_hierarchy,119,continue_recent_trend,9d018b9de9fdf567d73f5985050e16b27d8e3d3b4c30531233e5677558244647,established_a-b112,established_a,112,,,,100,,,,-27.315367994229224,-23.798578754283064,-5.57459900403887,99.21381304887004,445.91657881102,,,,,,,,,,,,-0.055745990040388695,-0.2731536799422922,4.4591657881102,,409.0,-23.218742618413174,-0.23218742618413174,,
selected_contribution_path,demo-human_decline_bot_rise-884000,human_decline_bot_rise,dynamic_hierarchy,119,fixed_price,9d018b9de9fdf567d73f5985050e16b27d8e3d3b4c30531233e5677558244647,established_a-b112,established_a,112,,,,100,,,,-10.96145030863175,-7.542439500614499,5.219072195791771,23.5562394972848,42.33582353951495,,,,,,,,,,,,0.05219072195791771,-0.10961450308631751,0.4233582353951495,,409.0,-23.218742618413174,-0.23218742618413174,,
selected_contribution_path,demo-human_decline_bot_rise-884000,human_decline_bot_rise,dynamic_hierarchy,119,hold_current,9d018b9de9fdf567d73f5985050e16b27d8e3d3b4c30531233e5677558244647,established_a-b112,established_a,112,,,,100,,,,-23.05182555428593,-18.727912507064417,-8.395952649410896,6.452539531369652,16.15531717638863,,,,,,,,,,,,-0.08395952649410895,-0.2305182555428593,0.16155317176388628,,410.0,-23.218742618413174,-0.23218742618413174,,
selected_contribution_path,demo-human_decline_bot_rise-884000,human_decline_bot_rise,dynamic_hierarchy,119,fixed_price,9d018b9de9fdf567d73f5985050e16b27d8e3d3b4c30531233e5677558244647,established_a-b112,established_a,112,,,,100,,,,-10.96145030863175,-7.542439500614499,5.219072195791771,23.5562394972848,42.33582353951495,,,,,,,,,,,,0.05219072195791771,-0.10961450308631751,0.4233582353951495,,410.0,-23.218742618413174,-0.23218742618413174,,
selected_contribution_path,demo-human_decline_bot_rise-884000,human_decline_bot_rise,dynamic_hierarchy,119,continue_recent_trend,9d018b9de9fdf567d73f5985050e16b27d8e3d3b4c30531233e5677558244647,established_a-b112,established_a,112,,,,100,,,,-27.315367994229224,-23.798578754283064,-5.57459900403887,99.21381304887004,445.91657881102,,,,,,,,,,,,-0.055745990040388695,-0.2731536799422922,4.4591657881102,,410.0,-23.218742618413174,-0.23218742618413174,,
selected_contribution_path,demo-human_decline_bot_rise-884000,human_decline_bot_rise,dynamic_hierarchy,119,continue_recent_trend,9d018b9de9fdf567d73f5985050e16b27d8e3d3b4c30531233e5677558244647,established_a-b112,established_a,112,,,,100,,,,-27.315367994229224,-23.798578754283064,-5.57459900403887,99.21381304887004,445.91657881102,,,,,,,,,,,,-0.055745990040388695,-0.2731536799422922,4.4591657881102,,411.0,-23.218742618413174,-0.23218742618413174,,
selected_contribution_path,demo-human_decline_bot_rise-884000,human_decline_bot_rise,dynamic_hierarchy,119,fixed_price,9d018b9de9fdf567d73f5985050e16b27d8e3d3b4c30531233e5677558244647,established_a-b112,established_a,112,,,,100,,,,-10.96145030863175,-7.542439500614499,5.219072195791771,23.5562394972848,42.33582353951495,,,,,,,,,,,,0.05219072195791771,-0.10961450308631751,0.4233582353951495,,411.0,-23.218742618413174,-0.23218742618413174,,
selected_contribution_path,demo-human_decline_bot_rise-884000,human_decline_bot_rise,dynamic_hierarchy,119,hold_current,9d018b9de9fdf567d73f5985050e16b27d8e3d3b4c30531233e5677558244647,established_a-b112,established_a,112,,,,100,,,,-23.05182555428593,-18.727912507064417,-8.395952649410896,6.452539531369652,16.15531717638863,,,,,,,,,,,,-0.08395952649410895,-0.2305182555428593,0.16155317176388628,,411.0,-23.218742618413174,-0.23218742618413174,,
selected_contribution_path,demo-human_decline_bot_rise-884000,human_decline_bot_rise,dynamic_hierarchy,119,hold_current,9d018b9de9fdf567d73f5985050e16b27d8e3d3b4c30531233e5677558244647,established_a-b112,established_a,112,,,,100,,,,-23.05182555428593,-18.727912507064417,-8.395952649410896,6.452539531369652,16.15531717638863,,,,,,,,,,,,-0.08395952649410895,-0.2305182555428593,0.16155317176388628,,412.0,-23.218742618413174,-0.23218742618413174,,
selected_contribution_path,demo-human_decline_bot_rise-884000,human_decline_bot_rise,dynamic_hierarchy,119,continue_recent_trend,9d018b9de9fdf567d73f5985050e16b27d8e3d3b4c30531233e5677558244647,established_a-b112,established_a,112,,,,100,,,,-27.315367994229224,-23.798578754283064,-5.57459900403887,99.21381304887004,445.91657881102,,,,,,,,,,,,-0.055745990040388695,-0.2731536799422922,4.4591657881102,,412.0,-23.218742618413174,-0.23218742618413174,,
selected_contribution_path,demo-human_decline_bot_rise-884000,human_decline_bot_rise,dynamic_hierarchy,119,fixed_price,9d018b9de9fdf567d73f5985050e16b27d8e3d3b4c30531233e5677558244647,established_a-b112,established_a,112,,,,100,,,,-10.96145030863175,-7.542439500614499,5.219072195791771,23.5562394972848,42.33582353951495,,,,,,,,,,,,0.05219072195791771,-0.10961450308631751,0.4233582353951495,,412.0,-23.218742618413174,-0.23218742618413174,,
selected_contribution_path,demo-human_decline_bot_rise-884000,human_decline_bot_rise,dynamic_hierarchy,119,hold_current,9d018b9de9fdf567d73f5985050e16b27d8e3d3b4c30531233e5677558244647,established_a-b112,established_a,112,,,,100,,,,-23.05182555428593,-18.727912507064417,-8.395952649410896,6.452539531369652,16.15531717638863,,,,,,,,,,,,-0.08395952649410895,-0.2305182555428593,0.16155317176388628,,413.0,-23.218742618413174,-0.23218742618413174,,
selected_contribution_path,demo-human_decline_bot_rise-884000,human_decline_bot_rise,dynamic_hierarchy,119,fixed_price,9d018b9de9fdf567d73f5985050e16b27d8e3d3b4c30531233e5677558244647,established_a-b112,established_a,112,,,,100,,,,-10.96145030863175,-7.542439500614499,5.219072195791771,23.5562394972848,42.33582353951495,,,,,,,,,,,,0.05219072195791771,-0.10961450308631751,0.4233582353951495,,413.0,-23.218742618413174,-0.23218742618413174,,
selected_contribution_path,demo-human_decline_bot_rise-884000,human_decline_bot_rise,dynamic_hierarchy,119,continue_recent_trend,9d018b9de9fdf567d73f5985050e16b27d8e3d3b4c30531233e5677558244647,established_a-b112,established_a,112,,,,100,,,,-27.315367994229224,-23.798578754283064,-5.57459900403887,99.21381304887004,445.91657881102,,,,,,,,,,,,-0.055745990040388695,-0.2731536799422922,4.4591657881102,,413.0,-23.218742618413174,-0.23218742618413174,,
selected_contribution_path,demo-human_decline_bot_rise-884000,human_decline_bot_rise,dynamic_hierarchy,119,fixed_price,9d018b9de9fdf567d73f5985050e16b27d8e3d3b4c30531233e5677558244647,established_a-b112,established_a,112,,,,100,,,,-10.96145030863175,-7.542439500614499,5.219072195791771,23.5562394972848,42.33582353951495,,,,,,,,,,,,0.05219072195791771,-0.10961450308631751,0.4233582353951495,,414.0,-23.218742618413174,-0.23218742618413174,,
selected_contribution_path,demo-human_decline_bot_rise-884000,human_decline_bot_rise,dynamic_hierarchy,119,continue_recent_trend,9d018b9de9fdf567d73f5985050e16b27d8e3d3b4c30531233e5677558244647,established_a-b112,established_a,112,,,,100,,,,-27.315367994229224,-23.798578754283064,-5.57459900403887,99.21381304887004,445.91657881102,,,,,,,,,,,,-0.055745990040388695,-0.2731536799422922,4.4591657881102,,414.0,-23.218742618413174,-0.23218742618413174,,
selected_contribution_path,demo-human_decline_bot_rise-884000,human_decline_bot_rise,dynamic_hierarchy,119,hold_current,9d018b9de9fdf567d73f5985050e16b27d8e3d3b4c30531233e5677558244647,established_a-b112,established_a,112,,,,100,,,,-23.05182555428593,-18.727912507064417,-8.395952649410896,6.452539531369652,16.15531717638863,,,,,,,,,,,,-0.08395952649410895,-0.2305182555428593,0.16155317176388628,,414.0,-23.218742618413174,-0.23218742618413174,,
selected_contribution_path,demo-human_decline_bot_rise-884000,human_decline_bot_rise,dynamic_hierarchy,119,continue_recent_trend,9d018b9de9fdf567d73f5985050e16b27d8e3d3b4c30531233e5677558244647,established_a-b112,established_a,112,,,,100,,,,-27.315367994229224,-23.798578754283064,-5.57459900403887,99.21381304887004,445.91657881102,,,,,,,,,,,,-0.055745990040388695,-0.2731536799422922,4.4591657881102,,415.0,-23.218742618413174,-0.23218742618413174,,
selected_contribution_path,demo-human_decline_bot_rise-884000,human_decline_bot_rise,dynamic_hierarchy,119,fixed_price,9d018b9de9fdf567d73f5985050e16b27d8e3d3b4c30531233e5677558244647,established_a-b112,established_a,112,,,,100,,,,-10.96145030863175,-7.542439500614499,5.219072195791771,23.5562394972848,42.33582353951495,,,,,,,,,,,,0.05219072195791771,-0.10961450308631751,0.4233582353951495,,415.0,-23.218742618413174,-0.23218742618413174,,
selected_contribution_path,demo-human_decline_bot_rise-884000,human_decline_bot_rise,dynamic_hierarchy,119,hold_current,9d018b9de9fdf567d73f5985050e16b27d8e3d3b4c30531233e5677558244647,established_a-b112,established_a,112,,,,100,,,,-23.05182555428593,-18.727912507064417,-8.395952649410896,6.452539531369652,16.15531717638863,,,,,,,,,,,,-0.08395952649410895,-0.2305182555428593,0.16155317176388628,,415.0,-23.218742618413174,-0.23218742618413174,,
selected_contribution_path,demo-human_decline_bot_rise-884000,human_decline_bot_rise,dynamic_hierarchy,119,continue_recent_trend,9d018b9de9fdf567d73f5985050e16b27d8e3d3b4c30531233e5677558244647,established_a-b112,established_a,112,,,,100,,,,-27.315367994229224,-23.798578754283064,-5.57459900403887,99.21381304887004,445.91657881102,,,,,,,,,,,,-0.055745990040388695,-0.2731536799422922,4.4591657881102,,416.0,-23.218742618413174,-0.23218742618413174,,
selected_contribution_path,demo-human_decline_bot_rise-884000,human_decline_bot_rise,dynamic_hierarchy,119,hold_current,9d018b9de9fdf567d73f5985050e16b27d8e3d3b4c30531233e5677558244647,established_a-b112,established_a,112,,,,100,,,,-23.05182555428593,-18.727912507064417,-8.395952649410896,6.452539531369652,16.15531717638863,,,,,,,,,,,,-0.08395952649410895,-0.2305182555428593,0.16155317176388628,,416.0,-23.218742618413174,-0.23218742618413174,,
selected_contribution_path,demo-human_decline_bot_rise-884000,human_decline_bot_rise,dynamic_hierarchy,119,fixed_price,9d018b9de9fdf567d73f5985050e16b27d8e3d3b4c30531233e5677558244647,established_a-b112,established_a,112,,,,100,,,,-10.96145030863175,-7.542439500614499,5.219072195791771,23.5562394972848,42.33582353951495,,,,,,,,,,,,0.05219072195791771,-0.10961450308631751,0.4233582353951495,,416.0,-23.218742618413174,-0.23218742618413174,,
selected_contribution_path,demo-human_decline_bot_rise-884000,human_decline_bot_rise,dynamic_hierarchy,119,fixed_price,9d018b9de9fdf567d73f5985050e16b27d8e3d3b4c30531233e5677558244647,established_a-b112,established_a,112,,,,100,,,,-10.96145030863175,-7.542439500614499,5.219072195791771,23.5562394972848,42.33582353951495,,,,,,,,,,,,0.05219072195791771,-0.10961450308631751,0.4233582353951495,,417.0,-23.218742618413174,-0.23218742618413174,,
selected_contribution_path,demo-human_decline_bot_rise-884000,human_decline_bot_rise,dynamic_hierarchy,119,hold_current,9d018b9de9fdf567d73f5985050e16b27d8e3d3b4c30531233e5677558244647,established_a-b112,established_a,112,,,,100,,,,-23.05182555428593,-18.727912507064417,-8.395952649410896,6.452539531369652,16.15531717638863,,,,,,,,,,,,-0.08395952649410895,-0.2305182555428593,0.16155317176388628,,417.0,-23.218742618413174,-0.23218742618413174,,
selected_contribution_path,demo-human_decline_bot_rise-884000,human_decline_bot_rise,dynamic_hierarchy,119,continue_recent_trend,9d018b9de9fdf567d73f5985050e16b27d8e3d3b4c30531233e5677558244647,established_a-b112,established_a,112,,,,100,,,,-27.315367994229224,-23.798578754283064,-5.57459900403887,99.21381304887004,445.91657881102,,,,,,,,,,,,-0.055745990040388695,-0.2731536799422922,4.4591657881102,,417.0,-23.218742618413174,-0.23218742618413174,,
selected_contribution_path,demo-human_decline_bot_rise-884000,human_decline_bot_rise,dynamic_hierarchy,119,hold_current,9d018b9de9fdf567d73f5985050e16b27d8e3d3b4c30531233e5677558244647,established_a-b112,established_a,112,,,,100,,,,-23.05182555428593,-18.727912507064417,-8.395952649410896,6.452539531369652,16.15531717638863,,,,,,,,,,,,-0.08395952649410895,-0.2305182555428593,0.16155317176388628,,418.0,-23.218742618413174,-0.23218742618413174,,
selected_contribution_path,demo-human_decline_bot_rise-884000,human_decline_bot_rise,dynamic_hierarchy,119,continue_recent_trend,9d018b9de9fdf567d73f5985050e16b27d8e3d3b4c30531233e5677558244647,established_a-b112,established_a,112,,,,100,,,,-27.315367994229224,-23.798578754283064,-5.57459900403887,99.21381304887004,445.91657881102,,,,,,,,,,,,-0.055745990040388695,-0.2731536799422922,4.4591657881102,,418.0,-23.218742618413174,-0.23218742618413174,,
selected_contribution_path,demo-human_decline_bot_rise-884000,human_decline_bot_rise,dynamic_hierarchy,119,fixed_price,9d018b9de9fdf567d73f5985050e16b27d8e3d3b4c30531233e5677558244647,established_a-b112,established_a,112,,,,100,,,,-10.96145030863175,-7.542439500614499,5.219072195791771,23.5562394972848,42.33582353951495,,,,,,,,,,,,0.05219072195791771,-0.10961450308631751,0.4233582353951495,,418.0,-23.218742618413174,-0.23218742618413174,,
selected_contribution_path,demo-human_decline_bot_rise-884000,human_decline_bot_rise,dynamic_hierarchy,119,fixed_price,9d018b9de9fdf567d73f5985050e16b27d8e3d3b4c30531233e5677558244647,established_a-b112,established_a,112,,,,100,,,,-10.96145030863175,-7.542439500614499,5.219072195791771,23.5562394972848,42.33582353951495,,,,,,,,,,,,0.05219072195791771,-0.10961450308631751,0.4233582353951495,,419.0,-23.218742618413174,-0.23218742618413174,,
selected_contribution_path,demo-human_decline_bot_rise-884000,human_decline_bot_rise,dynamic_hierarchy,119,hold_current,9d018b9de9fdf567d73f5985050e16b27d8e3d3b4c30531233e5677558244647,established_a-b112,established_a,112,,,,100,,,,-23.05182555428593,-18.727912507064417,-8.395952649410896,6.452539531369652,16.15531717638863,,,,,,,,,,,,-0.08395952649410895,-0.2305182555428593,0.16155317176388628,,419.0,-23.218742618413174,-0.23218742618413174,,
selected_contribution_path,demo-human_decline_bot_rise-884000,human_decline_bot_rise,dynamic_hierarchy,119,continue_recent_trend,9d018b9de9fdf567d73f5985050e16b27d8e3d3b4c30531233e5677558244647,established_a-b112,established_a,112,,,,100,,,,-27.315367994229224,-23.798578754283064,-5.57459900403887,99.21381304887004,445.91657881102,,,,,,,,,,,,-0.055745990040388695,-0.2731536799422922,4.4591657881102,,419.0,-23.218742618413174,-0.23218742618413174,,
selected_contribution_path,demo-human_decline_bot_rise-884000,human_decline_bot_rise,dynamic_hierarchy,119,fixed_price,9d018b9de9fdf567d73f5985050e16b27d8e3d3b4c30531233e5677558244647,established_a-b112,established_a,112,,,,100,,,,-10.96145030863175,-7.542439500614499,5.219072195791771,23.5562394972848,42.33582353951495,,,,,,,,,,,,0.05219072195791771,-0.10961450308631751,0.4233582353951495,,420.0,-23.218742618413174,-0.23218742618413174,,
selected_contribution_path,demo-human_decline_bot_rise-884000,human_decline_bot_rise,dynamic_hierarchy,119,hold_current,9d018b9de9fdf567d73f5985050e16b27d8e3d3b4c30531233e5677558244647,established_a-b112,established_a,112,,,,100,,,,-23.05182555428593,-18.727912507064417,-8.395952649410896,6.452539531369652,16.15531717638863,,,,,,,,,,,,-0.08395952649410895,-0.2305182555428593,0.16155317176388628,,420.0,-23.218742618413174,-0.23218742618413174,,
selected_contribution_path,demo-human_decline_bot_rise-884000,human_decline_bot_rise,dynamic_hierarchy,119,continue_recent_trend,9d018b9de9fdf567d73f5985050e16b27d8e3d3b4c30531233e5677558244647,established_a-b112,established_a,112,,,,100,,,,-27.315367994229224,-23.798578754283064,-5.57459900403887,99.21381304887004,445.91657881102,,,,,,,,,,,,-0.055745990040388695,-0.2731536799422922,4.4591657881102,,420.0,-23.218742618413174,-0.23218742618413174,,
selected_contribution_path,demo-human_decline_bot_rise-884000,human_decline_bot_rise,dynamic_hierarchy,119,continue_recent_trend,9d018b9de9fdf567d73f5985050e16b27d8e3d3b4c30531233e5677558244647,established_a-b112,established_a,112,,,,100,,,,-27.315367994229224,-23.798578754283064,-5.57459900403887,99.21381304887004,445.91657881102,,,,,,,,,,,,-0.055745990040388695,-0.2731536799422922,4.4591657881102,,421.0,-23.218742618413174,-0.23218742618413174,,
selected_contribution_path,demo-human_decline_bot_rise-884000,human_decline_bot_rise,dynamic_hierarchy,119,hold_current,9d018b9de9fdf567d73f5985050e16b27d8e3d3b4c30531233e5677558244647,established_a-b112,established_a,112,,,,100,,,,-23.05182555428593,-18.727912507064417,-8.395952649410896,6.452539531369652,16.15531717638863,,,,,,,,,,,,-0.08395952649410895,-0.2305182555428593,0.16155317176388628,,421.0,-23.218742618413174,-0.23218742618413174,,
selected_contribution_path,demo-human_decline_bot_rise-884000,human_decline_bot_rise,dynamic_hierarchy,119,fixed_price,9d018b9de9fdf567d73f5985050e16b27d8e3d3b4c30531233e5677558244647,established_a-b112,established_a,112,,,,100,,,,-10.96145030863175,-7.542439500614499,5.219072195791771,23.5562394972848,42.33582353951495,,,,,,,,,,,,0.05219072195791771,-0.10961450308631751,0.4233582353951495,,421.0,-23.218742618413174,-0.23218742618413174,,
selected_contribution_path,demo-human_decline_bot_rise-884000,human_decline_bot_rise,dynamic_hierarchy,119,hold_current,9d018b9de9fdf567d73f5985050e16b27d8e3d3b4c30531233e5677558244647,established_a-b112,established_a,112,,,,100,,,,-23.05182555428593,-18.727912507064417,-8.395952649410896,6.452539531369652,16.15531717638863,,,,,,,,,,,,-0.08395952649410895,-0.2305182555428593,0.16155317176388628,,422.0,-23.218742618413174,-0.23218742618413174,,
selected_contribution_path,demo-human_decline_bot_rise-884000,human_decline_bot_rise,dynamic_hierarchy,119,fixed_price,9d018b9de9fdf567d73f5985050e16b27d8e3d3b4c30531233e5677558244647,established_a-b112,established_a,112,,,,100,,,,-10.96145030863175,-7.542439500614499,5.219072195791771,23.5562394972848,42.33582353951495,,,,,,,,,,,,0.05219072195791771,-0.10961450308631751,0.4233582353951495,,422.0,-23.218742618413174,-0.23218742618413174,,
selected_contribution_path,demo-human_decline_bot_rise-884000,human_decline_bot_rise,dynamic_hierarchy,119,continue_recent_trend,9d018b9de9fdf567d73f5985050e16b27d8e3d3b4c30531233e5677558244647,established_a-b112,established_a,112,,,,100,,,,-27.315367994229224,-23.798578754283064,-5.57459900403887,99.21381304887004,445.91657881102,,,,,,,,,,,,-0.055745990040388695,-0.2731536799422922,4.4591657881102,,422.0,-23.218742618413174,-0.23218742618413174,,
selected_contribution_path,demo-human_decline_bot_rise-884000,human_decline_bot_rise,dynamic_hierarchy,119,continue_recent_trend,9d018b9de9fdf567d73f5985050e16b27d8e3d3b4c30531233e5677558244647,established_a-b112,established_a,112,,,,100,,,,-27.315367994229224,-23.798578754283064,-5.57459900403887,99.21381304887004,445.91657881102,,,,,,,,,,,,-0.055745990040388695,-0.2731536799422922,4.4591657881102,,423.0,-23.218742618413174,-0.23218742618413174,,
selected_contribution_path,demo-human_decline_bot_rise-884000,human_decline_bot_rise,dynamic_hierarchy,119,hold_current,9d018b9de9fdf567d73f5985050e16b27d8e3d3b4c30531233e5677558244647,established_a-b112,established_a,112,,,,100,,,,-23.05182555428593,-18.727912507064417,-8.395952649410896,6.452539531369652,16.15531717638863,,,,,,,,,,,,-0.08395952649410895,-0.2305182555428593,0.16155317176388628,,423.0,-23.218742618413174,-0.23218742618413174,,
selected_contribution_path,demo-human_decline_bot_rise-884000,human_decline_bot_rise,dynamic_hierarchy,119,fixed_price,9d018b9de9fdf567d73f5985050e16b27d8e3d3b4c30531233e5677558244647,established_a-b112,established_a,112,,,,100,,,,-10.96145030863175,-7.542439500614499,5.219072195791771,23.5562394972848,42.33582353951495,,,,,,,,,,,,0.05219072195791771,-0.10961450308631751,0.4233582353951495,,423.0,-23.218742618413174,-0.23218742618413174,,
selected_contribution_path,demo-human_decline_bot_rise-884000,human_decline_bot_rise,dynamic_hierarchy,119,hold_current,9d018b9de9fdf567d73f5985050e16b27d8e3d3b4c30531233e5677558244647,established_a-b112,established_a,112,,,,100,,,,-23.05182555428593,-18.727912507064417,-8.395952649410896,6.452539531369652,16.15531717638863,,,,,,,,,,,,-0.08395952649410895,-0.2305182555428593,0.16155317176388628,,424.0,-23.218742618413174,-0.23218742618413174,,
selected_contribution_path,demo-human_decline_bot_rise-884000,human_decline_bot_rise,dynamic_hierarchy,119,continue_recent_trend,9d018b9de9fdf567d73f5985050e16b27d8e3d3b4c30531233e5677558244647,established_a-b112,established_a,112,,,,100,,,,-27.315367994229224,-23.798578754283064,-5.57459900403887,99.21381304887004,445.91657881102,,,,,,,,,,,,-0.055745990040388695,-0.2731536799422922,4.4591657881102,,424.0,-23.218742618413174,-0.23218742618413174,,
selected_contribution_path,demo-human_decline_bot_rise-884000,human_decline_bot_rise,dynamic_hierarchy,119,fixed_price,9d018b9de9fdf567d73f5985050e16b27d8e3d3b4c30531233e5677558244647,established_a-b112,established_a,112,,,,100,,,,-10.96145030863175,-7.542439500614499,5.219072195791771,23.5562394972848,42.33582353951495,,,,,,,,,,,,0.05219072195791771,-0.10961450308631751,0.4233582353951495,,424.0,-23.218742618413174,-0.23218742618413174,,
selected_contribution_path,demo-human_decline_bot_rise-884000,human_decline_bot_rise,dynamic_hierarchy,119,hold_current,9d018b9de9fdf567d73f5985050e16b27d8e3d3b4c30531233e5677558244647,established_a-b112,established_a,112,,,,100,,,,-23.05182555428593,-18.727912507064417,-8.395952649410896,6.452539531369652,16.15531717638863,,,,,,,,,,,,-0.08395952649410895,-0.2305182555428593,0.16155317176388628,,425.0,-23.218742618413174,-0.23218742618413174,,
selected_contribution_path,demo-human_decline_bot_rise-884000,human_decline_bot_rise,dynamic_hierarchy,119,continue_recent_trend,9d018b9de9fdf567d73f5985050e16b27d8e3d3b4c30531233e5677558244647,established_a-b112,established_a,112,,,,100,,,,-27.315367994229224,-23.798578754283064,-5.57459900403887,99.21381304887004,445.91657881102,,,,,,,,,,,,-0.055745990040388695,-0.2731536799422922,4.4591657881102,,425.0,-23.218742618413174,-0.23218742618413174,,
selected_contribution_path,demo-human_decline_bot_rise-884000,human_decline_bot_rise,dynamic_hierarchy,119,fixed_price,9d018b9de9fdf567d73f5985050e16b27d8e3d3b4c30531233e5677558244647,established_a-b112,established_a,112,,,,100,,,,-10.96145030863175,-7.542439500614499,5.219072195791771,23.5562394972848,42.33582353951495,,,,,,,,,,,,0.05219072195791771,-0.10961450308631751,0.4233582353951495,,425.0,-23.218742618413174,-0.23218742618413174,,
unconditional_first_payback,demo-human_decline_bot_rise-884000,human_decline_bot_rise,dynamic_hierarchy,119,hold_current,9d018b9de9fdf567d73f5985050e16b27d8e3d3b4c30531233e5677558244647,established_a-b112,established_a,112,,,,100,,,,,,,,,,,0.73828125,256.0,,,,,,,,,,,,0.0,,,0.0,0.0
unconditional_first_payback,demo-human_decline_bot_rise-884000,human_decline_bot_rise,dynamic_hierarchy,119,hold_current,9d018b9de9fdf567d73f5985050e16b27d8e3d3b4c30531233e5677558244647,established_a-b112,established_a,112,,,,100,,,,,,,,,,,0.73828125,256.0,,,,,,,,,,,,1.0,,,0.0,0.0
unconditional_first_payback,demo-human_decline_bot_rise-884000,human_decline_bot_rise,dynamic_hierarchy,119,hold_current,9d018b9de9fdf567d73f5985050e16b27d8e3d3b4c30531233e5677558244647,established_a-b112,established_a,112,,,,100,,,,,,,,,,,0.73828125,256.0,,,,,,,,,,,,2.0,,,0.0,0.0
unconditional_first_payback,demo-human_decline_bot_rise-884000,human_decline_bot_rise,dynamic_hierarchy,119,hold_current,9d018b9de9fdf567d73f5985050e16b27d8e3d3b4c30531233e5677558244647,established_a-b112,established_a,112,,,,100,,,,,,,,,,,0.73828125,256.0,,,,,,,,,,,,3.0,,,0.0,0.0
unconditional_first_payback,demo-human_decline_bot_rise-884000,human_decline_bot_rise,dynamic_hierarchy,119,hold_current,9d018b9de9fdf567d73f5985050e16b27d8e3d3b4c30531233e5677558244647,established_a-b112,established_a,112,,,,100,,,,,,,,,,,0.73828125,256.0,,,,,,,,,,,,4.0,,,0.0,0.0
unconditional_first_payback,demo-human_decline_bot_rise-884000,human_decline_bot_rise,dynamic_hierarchy,119,hold_current,9d018b9de9fdf567d73f5985050e16b27d8e3d3b4c30531233e5677558244647,established_a-b112,established_a,112,,,,100,,,,,,,,,,,0.73828125,256.0,,,,,,,,,,,,5.0,,,0.0,0.0
unconditional_first_payback,demo-human_decline_bot_rise-884000,human_decline_bot_rise,dynamic_hierarchy,119,hold_current,9d018b9de9fdf567d73f5985050e16b27d8e3d3b4c30531233e5677558244647,established_a-b112,established_a,112,,,,100,,,,,,,,,,,0.73828125,256.0,,,,,,,,,,,,6.0,,,0.0,0.0
unconditional_first_payback,demo-human_decline_bot_rise-884000,human_decline_bot_rise,dynamic_hierarchy,119,hold_current,9d018b9de9fdf567d73f5985050e16b27d8e3d3b4c30531233e5677558244647,established_a-b112,established_a,112,,,,100,,,,,,,,,,,0.73828125,256.0,,,,,,,,,,,,7.0,,,0.0,0.0
unconditional_first_payback,demo-human_decline_bot_rise-884000,human_decline_bot_rise,dynamic_hierarchy,119,hold_current,9d018b9de9fdf567d73f5985050e16b27d8e3d3b4c30531233e5677558244647,established_a-b112,established_a,112,,,,100,,,,,,,,,,,0.73828125,256.0,,,,,,,,,,,,8.0,,,0.0,0.0
unconditional_first_payback,demo-human_decline_bot_rise-884000,human_decline_bot_rise,dynamic_hierarchy,119,hold_current,9d018b9de9fdf567d73f5985050e16b27d8e3d3b4c30531233e5677558244647,established_a-b112,established_a,112,,,,100,,,,,,,,,,,0.73828125,256.0,,,,,,,,,,,,9.0,,,0.0,0.0
unconditional_first_payback,demo-human_decline_bot_rise-884000,human_decline_bot_rise,dynamic_hierarchy,119,hold_current,9d018b9de9fdf567d73f5985050e16b27d8e3d3b4c30531233e5677558244647,established_a-b112,established_a,112,,,,100,,,,,,,,,,,0.73828125,256.0,,,,,,,,,,,,10.0,,,0.0,0.0
unconditional_first_payback,demo-human_decline_bot_rise-884000,human_decline_bot_rise,dynamic_hierarchy,119,hold_current,9d018b9de9fdf567d73f5985050e16b27d8e3d3b4c30531233e5677558244647,established_a-b112,established_a,112,,,,100,,,,,,,,,,,0.73828125,256.0,,,,,,,,,,,,11.0,,,0.0,0.0
unconditional_first_payback,demo-human_decline_bot_rise-884000,human_decline_bot_rise,dynamic_hierarchy,119,hold_current,9d018b9de9fdf567d73f5985050e16b27d8e3d3b4c30531233e5677558244647,established_a-b112,established_a,112,,,,100,,,,,,,,,,,0.73828125,256.0,,,,,,,,,,,,12.0,,,0.0,0.0
unconditional_first_payback,demo-human_decline_bot_rise-884000,human_decline_bot_rise,dynamic_hierarchy,119,hold_current,9d018b9de9fdf567d73f5985050e16b27d8e3d3b4c30531233e5677558244647,established_a-b112,established_a,112,,,,100,,,,,,,,,,,0.73828125,256.0,,,,,,,,,,,,13.0,,,0.0,0.0
unconditional_first_payback,demo-human_decline_bot_rise-884000,human_decline_bot_rise,dynamic_hierarchy,119,hold_current,9d018b9de9fdf567d73f5985050e16b27d8e3d3b4c30531233e5677558244647,established_a-b112,established_a,112,,,,100,,,,,,,,,,,0.73828125,256.0,,,,,,,,,,,,14.0,,,0.0,0.0
unconditional_first_payback,demo-human_decline_bot_rise-884000,human_decline_bot_rise,dynamic_hierarchy,119,hold_current,9d018b9de9fdf567d73f5985050e16b27d8e3d3b4c30531233e5677558244647,established_a-b112,established_a,112,,,,100,,,,,,,,,,,0.73828125,256.0,,,,,,,,,,,,15.0,,,0.0,0.0
unconditional_first_payback,demo-human_decline_bot_rise-884000,human_decline_bot_rise,dynamic_hierarchy,119,hold_current,9d018b9de9fdf567d73f5985050e16b27d8e3d3b4c30531233e5677558244647,established_a-b112,established_a,112,,,,100,,,,,,,,,,,0.73828125,256.0,,,,,,,,,,,,16.0,,,0.0,0.0
unconditional_first_payback,demo-human_decline_bot_rise-884000,human_decline_bot_rise,dynamic_hierarchy,119,hold_current,9d018b9de9fdf567d73f5985050e16b27d8e3d3b4c30531233e5677558244647,established_a-b112,established_a,112,,,,100,,,,,,,,,,,0.73828125,256.0,,,,,,,,,,,,17.0,,,0.0,0.0
unconditional_first_payback,demo-human_decline_bot_rise-884000,human_decline_bot_rise,dynamic_hierarchy,119,hold_current,9d018b9de9fdf567d73f5985050e16b27d8e3d3b4c30531233e5677558244647,established_a-b112,established_a,112,,,,100,,,,,,,,,,,0.73828125,256.0,,,,,,,,,,,,18.0,,,0.0,0.0
unconditional_first_payback,demo-human_decline_bot_rise-884000,human_decline_bot_rise,dynamic_hierarchy,119,hold_current,9d018b9de9fdf567d73f5985050e16b27d8e3d3b4c30531233e5677558244647,established_a-b112,established_a,112,,,,100,,,,,,,,,,,0.73828125,256.0,,,,,,,,,,,,19.0,,,0.0,0.0
unconditional_first_payback,demo-human_decline_bot_rise-884000,human_decline_bot_rise,dynamic_hierarchy,119,hold_current,9d018b9de9fdf567d73f5985050e16b27d8e3d3b4c30531233e5677558244647,established_a-b112,established_a,112,,,,100,,,,,,,,,,,0.73828125,256.0,,,,,,,,,,,,20.0,,,0.0,0.0
unconditional_first_payback,demo-human_decline_bot_rise-884000,human_decline_bot_rise,dynamic_hierarchy,119,hold_current,9d018b9de9fdf567d73f5985050e16b27d8e3d3b4c30531233e5677558244647,established_a-b112,established_a,112,,,,100,,,,,,,,,,,0.73828125,256.0,,,,,,,,,,,,21.0,,,0.0,0.0
unconditional_first_payback,demo-human_decline_bot_rise-884000,human_decline_bot_rise,dynamic_hierarchy,119,hold_current,9d018b9de9fdf567d73f5985050e16b27d8e3d3b4c30531233e5677558244647,established_a-b112,established_a,112,,,,100,,,,,,,,,,,0.73828125,256.0,,,,,,,,,,,,22.0,,,0.0,0.0
unconditional_first_payback,demo-human_decline_bot_rise-884000,human_decline_bot_rise,dynamic_hierarchy,119,hold_current,9d018b9de9fdf567d73f5985050e16b27d8e3d3b4c30531233e5677558244647,established_a-b112,established_a,112,,,,100,,,,,,,,,,,0.73828125,256.0,,,,,,,,,,,,23.0,,,0.0,0.0
unconditional_first_payback,demo-human_decline_bot_rise-884000,human_decline_bot_rise,dynamic_hierarchy,119,hold_current,9d018b9de9fdf567d73f5985050e16b27d8e3d3b4c30531233e5677558244647,established_a-b112,established_a,112,,,,100,,,,,,,,,,,0.73828125,256.0,,,,,,,,,,,,24.0,,,0.0,0.0
unconditional_first_payback,demo-human_decline_bot_rise-884000,human_decline_bot_rise,dynamic_hierarchy,119,hold_current,9d018b9de9fdf567d73f5985050e16b27d8e3d3b4c30531233e5677558244647,established_a-b112,established_a,112,,,,100,,,,,,,,,,,0.73828125,256.0,,,,,,,,,,,,25.0,,,0.0,0.0
unconditional_first_payback,demo-human_decline_bot_rise-884000,human_decline_bot_rise,dynamic_hierarchy,119,hold_current,9d018b9de9fdf567d73f5985050e16b27d8e3d3b4c30531233e5677558244647,established_a-b112,established_a,112,,,,100,,,,,,,,,,,0.73828125,256.0,,,,,,,,,,,,26.0,,,0.0,0.0
unconditional_first_payback,demo-human_decline_bot_rise-884000,human_decline_bot_rise,dynamic_hierarchy,119,hold_current,9d018b9de9fdf567d73f5985050e16b27d8e3d3b4c30531233e5677558244647,established_a-b112,established_a,112,,,,100,,,,,,,,,,,0.73828125,256.0,,,,,,,,,,,,27.0,,,0.0,0.0
unconditional_first_payback,demo-human_decline_bot_rise-884000,human_decline_bot_rise,dynamic_hierarchy,119,hold_current,9d018b9de9fdf567d73f5985050e16b27d8e3d3b4c30531233e5677558244647,established_a-b112,established_a,112,,,,100,,,,,,,,,,,0.73828125,256.0,,,,,,,,,,,,28.0,,,0.0,0.0
unconditional_first_payback,demo-human_decline_bot_rise-884000,human_decline_bot_rise,dynamic_hierarchy,119,hold_current,9d018b9de9fdf567d73f5985050e16b27d8e3d3b4c30531233e5677558244647,established_a-b112,established_a,112,,,,100,,,,,,,,,,,0.73828125,256.0,,,,,,,,,,,,29.0,,,0.0,0.0
unconditional_first_payback,demo-human_decline_bot_rise-884000,human_decline_bot_rise,dynamic_hierarchy,119,hold_current,9d018b9de9fdf567d73f5985050e16b27d8e3d3b4c30531233e5677558244647,established_a-b112,established_a,112,,,,100,,,,,,,,,,,0.73828125,256.0,,,,,,,,,,,,30.0,,,0.0,0.0
unconditional_first_payback,demo-human_decline_bot_rise-884000,human_decline_bot_rise,dynamic_hierarchy,119,hold_current,9d018b9de9fdf567d73f5985050e16b27d8e3d3b4c30531233e5677558244647,established_a-b112,established_a,112,,,,100,,,,,,,,,,,0.73828125,256.0,,,,,,,,,,,,31.0,,,0.0,0.0
unconditional_first_payback,demo-human_decline_bot_rise-884000,human_decline_bot_rise,dynamic_hierarchy,119,hold_current,9d018b9de9fdf567d73f5985050e16b27d8e3d3b4c30531233e5677558244647,established_a-b112,established_a,112,,,,100,,,,,,,,,,,0.73828125,256.0,,,,,,,,,,,,32.0,,,0.0,0.0
unconditional_first_payback,demo-human_decline_bot_rise-884000,human_decline_bot_rise,dynamic_hierarchy,119,hold_current,9d018b9de9fdf567d73f5985050e16b27d8e3d3b4c30531233e5677558244647,established_a-b112,established_a,112,,,,100,,,,,,,,,,,0.73828125,256.0,,,,,,,,,,,,33.0,,,0.0,0.0
unconditional_first_payback,demo-human_decline_bot_rise-884000,human_decline_bot_rise,dynamic_hierarchy,119,hold_current,9d018b9de9fdf567d73f5985050e16b27d8e3d3b4c30531233e5677558244647,established_a-b112,established_a,112,,,,100,,,,,,,,,,,0.73828125,256.0,,,,,,,,,,,,34.0,,,0.0,0.0
unconditional_first_payback,demo-human_decline_bot_rise-884000,human_decline_bot_rise,dynamic_hierarchy,119,hold_current,9d018b9de9fdf567d73f5985050e16b27d8e3d3b4c30531233e5677558244647,established_a-b112,established_a,112,,,,100,,,,,,,,,,,0.73828125,256.0,,,,,,,,,,,,35.0,,,0.0,0.0
unconditional_first_payback,demo-human_decline_bot_rise-884000,human_decline_bot_rise,dynamic_hierarchy,119,hold_current,9d018b9de9fdf567d73f5985050e16b27d8e3d3b4c30531233e5677558244647,established_a-b112,established_a,112,,,,100,,,,,,,,,,,0.73828125,256.0,,,,,,,,,,,,36.0,,,0.0,0.0
unconditional_first_payback,demo-human_decline_bot_rise-884000,human_decline_bot_rise,dynamic_hierarchy,119,hold_current,9d018b9de9fdf567d73f5985050e16b27d8e3d3b4c30531233e5677558244647,established_a-b112,established_a,112,,,,100,,,,,,,,,,,0.73828125,256.0,,,,,,,,,,,,37.0,,,0.0,0.0
unconditional_first_payback,demo-human_decline_bot_rise-884000,human_decline_bot_rise,dynamic_hierarchy,119,hold_current,9d018b9de9fdf567d73f5985050e16b27d8e3d3b4c30531233e5677558244647,established_a-b112,established_a,112,,,,100,,,,,,,,,,,0.73828125,256.0,,,,,,,,,,,,38.0,,,0.0,0.0
unconditional_first_payback,demo-human_decline_bot_rise-884000,human_decline_bot_rise,dynamic_hierarchy,119,hold_current,9d018b9de9fdf567d73f5985050e16b27d8e3d3b4c30531233e5677558244647,established_a-b112,established_a,112,,,,100,,,,,,,,,,,0.73828125,256.0,,,,,,,,,,,,39.0,,,0.0,0.0
unconditional_first_payback,demo-human_decline_bot_rise-884000,human_decline_bot_rise,dynamic_hierarchy,119,hold_current,9d018b9de9fdf567d73f5985050e16b27d8e3d3b4c30531233e5677558244647,established_a-b112,established_a,112,,,,100,,,,,,,,,,,0.73828125,256.0,,,,,,,,,,,,40.0,,,0.0,0.0
unconditional_first_payback,demo-human_decline_bot_rise-884000,human_decline_bot_rise,dynamic_hierarchy,119,hold_current,9d018b9de9fdf567d73f5985050e16b27d8e3d3b4c30531233e5677558244647,established_a-b112,established_a,112,,,,100,,,,,,,,,,,0.73828125,256.0,,,,,,,,,,,,41.0,,,0.0,0.0
unconditional_first_payback,demo-human_decline_bot_rise-884000,human_decline_bot_rise,dynamic_hierarchy,119,hold_current,9d018b9de9fdf567d73f5985050e16b27d8e3d3b4c30531233e5677558244647,established_a-b112,established_a,112,,,,100,,,,,,,,,,,0.73828125,256.0,,,,,,,,,,,,42.0,,,0.0,0.0
unconditional_first_payback,demo-human_decline_bot_rise-884000,human_decline_bot_rise,dynamic_hierarchy,119,hold_current,9d018b9de9fdf567d73f5985050e16b27d8e3d3b4c30531233e5677558244647,established_a-b112,established_a,112,,,,100,,,,,,,,,,,0.73828125,256.0,,,,,,,,,,,,43.0,,,0.00390625,1.0
unconditional_first_payback,demo-human_decline_bot_rise-884000,human_decline_bot_rise,dynamic_hierarchy,119,hold_current,9d018b9de9fdf567d73f5985050e16b27d8e3d3b4c30531233e5677558244647,established_a-b112,established_a,112,,,,100,,,,,,,,,,,0.73828125,256.0,,,,,,,,,,,,44.0,,,0.00390625,1.0
unconditional_first_payback,demo-human_decline_bot_rise-884000,human_decline_bot_rise,dynamic_hierarchy,119,hold_current,9d018b9de9fdf567d73f5985050e16b27d8e3d3b4c30531233e5677558244647,established_a-b112,established_a,112,,,,100,,,,,,,,,,,0.73828125,256.0,,,,,,,,,,,,45.0,,,0.00390625,1.0
unconditional_first_payback,demo-human_decline_bot_rise-884000,human_decline_bot_rise,dynamic_hierarchy,119,hold_current,9d018b9de9fdf567d73f5985050e16b27d8e3d3b4c30531233e5677558244647,established_a-b112,established_a,112,,,,100,,,,,,,,,,,0.73828125,256.0,,,,,,,,,,,,46.0,,,0.00390625,1.0
unconditional_first_payback,demo-human_decline_bot_rise-884000,human_decline_bot_rise,dynamic_hierarchy,119,hold_current,9d018b9de9fdf567d73f5985050e16b27d8e3d3b4c30531233e5677558244647,established_a-b112,established_a,112,,,,100,,,,,,,,,,,0.73828125,256.0,,,,,,,,,,,,47.0,,,0.00390625,1.0
unconditional_first_payback,demo-human_decline_bot_rise-884000,human_decline_bot_rise,dynamic_hierarchy,119,hold_current,9d018b9de9fdf567d73f5985050e16b27d8e3d3b4c30531233e5677558244647,established_a-b112,established_a,112,,,,100,,,,,,,,,,,0.73828125,256.0,,,,,,,,,,,,48.0,,,0.00390625,1.0
unconditional_first_payback,demo-human_decline_bot_rise-884000,human_decline_bot_rise,dynamic_hierarchy,119,hold_current,9d018b9de9fdf567d73f5985050e16b27d8e3d3b4c30531233e5677558244647,established_a-b112,established_a,112,,,,100,,,,,,,,,,,0.73828125,256.0,,,,,,,,,,,,49.0,,,0.00390625,1.0
unconditional_first_payback,demo-human_decline_bot_rise-884000,human_decline_bot_rise,dynamic_hierarchy,119,hold_current,9d018b9de9fdf567d73f5985050e16b27d8e3d3b4c30531233e5677558244647,established_a-b112,established_a,112,,,,100,,,,,,,,,,,0.73828125,256.0,,,,,,,,,,,,50.0,,,0.00390625,1.0
unconditional_first_payback,demo-human_decline_bot_rise-884000,human_decline_bot_rise,dynamic_hierarchy,119,hold_current,9d018b9de9fdf567d73f5985050e16b27d8e3d3b4c30531233e5677558244647,established_a-b112,established_a,112,,,,100,,,,,,,,,,,0.73828125,256.0,,,,,,,,,,,,51.0,,,0.00390625,1.0
unconditional_first_payback,demo-human_decline_bot_rise-884000,human_decline_bot_rise,dynamic_hierarchy,119,hold_current,9d018b9de9fdf567d73f5985050e16b27d8e3d3b4c30531233e5677558244647,established_a-b112,established_a,112,,,,100,,,,,,,,,,,0.73828125,256.0,,,,,,,,,,,,52.0,,,0.00390625,1.0
unconditional_first_payback,demo-human_decline_bot_rise-884000,human_decline_bot_rise,dynamic_hierarchy,119,hold_current,9d018b9de9fdf567d73f5985050e16b27d8e3d3b4c30531233e5677558244647,established_a-b112,established_a,112,,,,100,,,,,,,,,,,0.73828125,256.0,,,,,,,,,,,,53.0,,,0.00390625,1.0
unconditional_first_payback,demo-human_decline_bot_rise-884000,human_decline_bot_rise,dynamic_hierarchy,119,hold_current,9d018b9de9fdf567d73f5985050e16b27d8e3d3b4c30531233e5677558244647,established_a-b112,established_a,112,,,,100,,,,,,,,,,,0.73828125,256.0,,,,,,,,,,,,54.0,,,0.00390625,1.0
unconditional_first_payback,demo-human_decline_bot_rise-884000,human_decline_bot_rise,dynamic_hierarchy,119,hold_current,9d018b9de9fdf567d73f5985050e16b27d8e3d3b4c30531233e5677558244647,established_a-b112,established_a,112,,,,100,,,,,,,,,,,0.73828125,256.0,,,,,,,,,,,,55.0,,,0.00390625,1.0
unconditional_first_payback,demo-human_decline_bot_rise-884000,human_decline_bot_rise,dynamic_hierarchy,119,hold_current,9d018b9de9fdf567d73f5985050e16b27d8e3d3b4c30531233e5677558244647,established_a-b112,established_a,112,,,,100,,,,,,,,,,,0.73828125,256.0,,,,,,,,,,,,56.0,,,0.00390625,1.0
unconditional_first_payback,demo-human_decline_bot_rise-884000,human_decline_bot_rise,dynamic_hierarchy,119,hold_current,9d018b9de9fdf567d73f5985050e16b27d8e3d3b4c30531233e5677558244647,established_a-b112,established_a,112,,,,100,,,,,,,,,,,0.73828125,256.0,,,,,,,,,,,,57.0,,,0.00390625,1.0
unconditional_first_payback,demo-human_decline_bot_rise-884000,human_decline_bot_rise,dynamic_hierarchy,119,hold_current,9d018b9de9fdf567d73f5985050e16b27d8e3d3b4c30531233e5677558244647,established_a-b112,established_a,112,,,,100,,,,,,,,,,,0.73828125,256.0,,,,,,,,,,,,58.0,,,0.00390625,1.0
unconditional_first_payback,demo-human_decline_bot_rise-884000,human_decline_bot_rise,dynamic_hierarchy,119,hold_current,9d018b9de9fdf567d73f5985050e16b27d8e3d3b4c30531233e5677558244647,established_a-b112,established_a,112,,,,100,,,,,,,,,,,0.73828125,256.0,,,,,,,,,,,,59.0,,,0.00390625,1.0
unconditional_first_payback,demo-human_decline_bot_rise-884000,human_decline_bot_rise,dynamic_hierarchy,119,hold_current,9d018b9de9fdf567d73f5985050e16b27d8e3d3b4c30531233e5677558244647,established_a-b112,established_a,112,,,,100,,,,,,,,,,,0.73828125,256.0,,,,,,,,,,,,60.0,,,0.00390625,1.0
unconditional_first_payback,demo-human_decline_bot_rise-884000,human_decline_bot_rise,dynamic_hierarchy,119,hold_current,9d018b9de9fdf567d73f5985050e16b27d8e3d3b4c30531233e5677558244647,established_a-b112,established_a,112,,,,100,,,,,,,,,,,0.73828125,256.0,,,,,,,,,,,,61.0,,,0.00390625,1.0
unconditional_first_payback,demo-human_decline_bot_rise-884000,human_decline_bot_rise,dynamic_hierarchy,119,hold_current,9d018b9de9fdf567d73f5985050e16b27d8e3d3b4c30531233e5677558244647,established_a-b112,established_a,112,,,,100,,,,,,,,,,,0.73828125,256.0,,,,,,,,,,,,62.0,,,0.0078125,2.0
unconditional_first_payback,demo-human_decline_bot_rise-884000,human_decline_bot_rise,dynamic_hierarchy,119,hold_current,9d018b9de9fdf567d73f5985050e16b27d8e3d3b4c30531233e5677558244647,established_a-b112,established_a,112,,,,100,,,,,,,,,,,0.73828125,256.0,,,,,,,,,,,,63.0,,,0.0078125,2.0
unconditional_first_payback,demo-human_decline_bot_rise-884000,human_decline_bot_rise,dynamic_hierarchy,119,hold_current,9d018b9de9fdf567d73f5985050e16b27d8e3d3b4c30531233e5677558244647,established_a-b112,established_a,112,,,,100,,,,,,,,,,,0.73828125,256.0,,,,,,,,,,,,64.0,,,0.0078125,2.0
unconditional_first_payback,demo-human_decline_bot_rise-884000,human_decline_bot_rise,dynamic_hierarchy,119,hold_current,9d018b9de9fdf567d73f5985050e16b27d8e3d3b4c30531233e5677558244647,established_a-b112,established_a,112,,,,100,,,,,,,,,,,0.73828125,256.0,,,,,,,,,,,,65.0,,,0.0078125,2.0
unconditional_first_payback,demo-human_decline_bot_rise-884000,human_decline_bot_rise,dynamic_hierarchy,119,hold_current,9d018b9de9fdf567d73f5985050e16b27d8e3d3b4c30531233e5677558244647,established_a-b112,established_a,112,,,,100,,,,,,,,,,,0.73828125,256.0,,,,,,,,,,,,66.0,,,0.0078125,2.0
unconditional_first_payback,demo-human_decline_bot_rise-884000,human_decline_bot_rise,dynamic_hierarchy,119,hold_current,9d018b9de9fdf567d73f5985050e16b27d8e3d3b4c30531233e5677558244647,established_a-b112,established_a,112,,,,100,,,,,,,,,,,0.73828125,256.0,,,,,,,,,,,,67.0,,,0.015625,4.0
unconditional_first_payback,demo-human_decline_bot_rise-884000,human_decline_bot_rise,dynamic_hierarchy,119,hold_current,9d018b9de9fdf567d73f5985050e16b27d8e3d3b4c30531233e5677558244647,established_a-b112,established_a,112,,,,100,,,,,,,,,,,0.73828125,256.0,,,,,,,,,,,,68.0,,,0.015625,4.0
unconditional_first_payback,demo-human_decline_bot_rise-884000,human_decline_bot_rise,dynamic_hierarchy,119,hold_current,9d018b9de9fdf567d73f5985050e16b27d8e3d3b4c30531233e5677558244647,established_a-b112,established_a,112,,,,100,,,,,,,,,,,0.73828125,256.0,,,,,,,,,,,,69.0,,,0.015625,4.0
unconditional_first_payback,demo-human_decline_bot_rise-884000,human_decline_bot_rise,dynamic_hierarchy,119,hold_current,9d018b9de9fdf567d73f5985050e16b27d8e3d3b4c30531233e5677558244647,established_a-b112,established_a,112,,,,100,,,,,,,,,,,0.73828125,256.0,,,,,,,,,,,,70.0,,,0.01953125,5.0
unconditional_first_payback,demo-human_decline_bot_rise-884000,human_decline_bot_rise,dynamic_hierarchy,119,hold_current,9d018b9de9fdf567d73f5985050e16b27d8e3d3b4c30531233e5677558244647,established_a-b112,established_a,112,,,,100,,,,,,,,,,,0.73828125,256.0,,,,,,,,,,,,71.0,,,0.01953125,5.0
unconditional_first_payback,demo-human_decline_bot_rise-884000,human_decline_bot_rise,dynamic_hierarchy,119,hold_current,9d018b9de9fdf567d73f5985050e16b27d8e3d3b4c30531233e5677558244647,established_a-b112,established_a,112,,,,100,,,,,,,,,,,0.73828125,256.0,,,,,,,,,,,,72.0,,,0.0234375,6.0
unconditional_first_payback,demo-human_decline_bot_rise-884000,human_decline_bot_rise,dynamic_hierarchy,119,hold_current,9d018b9de9fdf567d73f5985050e16b27d8e3d3b4c30531233e5677558244647,established_a-b112,established_a,112,,,,100,,,,,,,,,,,0.73828125,256.0,,,,,,,,,,,,73.0,,,0.03125,8.0
unconditional_first_payback,demo-human_decline_bot_rise-884000,human_decline_bot_rise,dynamic_hierarchy,119,hold_current,9d018b9de9fdf567d73f5985050e16b27d8e3d3b4c30531233e5677558244647,established_a-b112,established_a,112,,,,100,,,,,,,,,,,0.73828125,256.0,,,,,,,,,,,,74.0,,,0.03125,8.0
unconditional_first_payback,demo-human_decline_bot_rise-884000,human_decline_bot_rise,dynamic_hierarchy,119,hold_current,9d018b9de9fdf567d73f5985050e16b27d8e3d3b4c30531233e5677558244647,established_a-b112,established_a,112,,,,100,,,,,,,,,,,0.73828125,256.0,,,,,,,,,,,,75.0,,,0.03125,8.0
unconditional_first_payback,demo-human_decline_bot_rise-884000,human_decline_bot_rise,dynamic_hierarchy,119,hold_current,9d018b9de9fdf567d73f5985050e16b27d8e3d3b4c30531233e5677558244647,established_a-b112,established_a,112,,,,100,,,,,,,,,,,0.73828125,256.0,,,,,,,,,,,,76.0,,,0.03125,8.0
unconditional_first_payback,demo-human_decline_bot_rise-884000,human_decline_bot_rise,dynamic_hierarchy,119,hold_current,9d018b9de9fdf567d73f5985050e16b27d8e3d3b4c30531233e5677558244647,established_a-b112,established_a,112,,,,100,,,,,,,,,,,0.73828125,256.0,,,,,,,,,,,,77.0,,,0.03515625,9.0
unconditional_first_payback,demo-human_decline_bot_rise-884000,human_decline_bot_rise,dynamic_hierarchy,119,hold_current,9d018b9de9fdf567d73f5985050e16b27d8e3d3b4c30531233e5677558244647,established_a-b112,established_a,112,,,,100,,,,,,,,,,,0.73828125,256.0,,,,,,,,,,,,78.0,,,0.03515625,9.0
unconditional_first_payback,demo-human_decline_bot_rise-884000,human_decline_bot_rise,dynamic_hierarchy,119,hold_current,9d018b9de9fdf567d73f5985050e16b27d8e3d3b4c30531233e5677558244647,established_a-b112,established_a,112,,,,100,,,,,,,,,,,0.73828125,256.0,,,,,,,,,,,,79.0,,,0.0390625,10.0
unconditional_first_payback,demo-human_decline_bot_rise-884000,human_decline_bot_rise,dynamic_hierarchy,119,hold_current,9d018b9de9fdf567d73f5985050e16b27d8e3d3b4c30531233e5677558244647,established_a-b112,established_a,112,,,,100,,,,,,,,,,,0.73828125,256.0,,,,,,,,,,,,80.0,,,0.0390625,10.0
unconditional_first_payback,demo-human_decline_bot_rise-884000,human_decline_bot_rise,dynamic_hierarchy,119,hold_current,9d018b9de9fdf567d73f5985050e16b27d8e3d3b4c30531233e5677558244647,established_a-b112,established_a,112,,,,100,,,,,,,,,,,0.73828125,256.0,,,,,,,,,,,,81.0,,,0.04296875,11.0
unconditional_first_payback,demo-human_decline_bot_rise-884000,human_decline_bot_rise,dynamic_hierarchy,119,hold_current,9d018b9de9fdf567d73f5985050e16b27d8e3d3b4c30531233e5677558244647,established_a-b112,established_a,112,,,,100,,,,,,,,,,,0.73828125,256.0,,,,,,,,,,,,82.0,,,0.046875,12.0
unconditional_first_payback,demo-human_decline_bot_rise-884000,human_decline_bot_rise,dynamic_hierarchy,119,hold_current,9d018b9de9fdf567d73f5985050e16b27d8e3d3b4c30531233e5677558244647,established_a-b112,established_a,112,,,,100,,,,,,,,,,,0.73828125,256.0,,,,,,,,,,,,83.0,,,0.05078125,13.0
unconditional_first_payback,demo-human_decline_bot_rise-884000,human_decline_bot_rise,dynamic_hierarchy,119,hold_current,9d018b9de9fdf567d73f5985050e16b27d8e3d3b4c30531233e5677558244647,established_a-b112,established_a,112,,,,100,,,,,,,,,,,0.73828125,256.0,,,,,,,,,,,,84.0,,,0.0625,16.0
unconditional_first_payback,demo-human_decline_bot_rise-884000,human_decline_bot_rise,dynamic_hierarchy,119,hold_current,9d018b9de9fdf567d73f5985050e16b27d8e3d3b4c30531233e5677558244647,established_a-b112,established_a,112,,,,100,,,,,,,,,,,0.73828125,256.0,,,,,,,,,,,,85.0,,,0.0703125,18.0
unconditional_first_payback,demo-human_decline_bot_rise-884000,human_decline_bot_rise,dynamic_hierarchy,119,hold_current,9d018b9de9fdf567d73f5985050e16b27d8e3d3b4c30531233e5677558244647,established_a-b112,established_a,112,,,,100,,,,,,,,,,,0.73828125,256.0,,,,,,,,,,,,86.0,,,0.0703125,18.0
unconditional_first_payback,demo-human_decline_bot_rise-884000,human_decline_bot_rise,dynamic_hierarchy,119,hold_current,9d018b9de9fdf567d73f5985050e16b27d8e3d3b4c30531233e5677558244647,established_a-b112,established_a,112,,,,100,,,,,,,,,,,0.73828125,256.0,,,,,,,,,,,,87.0,,,0.0703125,18.0
unconditional_first_payback,demo-human_decline_bot_rise-884000,human_decline_bot_rise,dynamic_hierarchy,119,hold_current,9d018b9de9fdf567d73f5985050e16b27d8e3d3b4c30531233e5677558244647,established_a-b112,established_a,112,,,,100,,,,,,,,,,,0.73828125,256.0,,,,,,,,,,,,88.0,,,0.07421875,19.0
unconditional_first_payback,demo-human_decline_bot_rise-884000,human_decline_bot_rise,dynamic_hierarchy,119,hold_current,9d018b9de9fdf567d73f5985050e16b27d8e3d3b4c30531233e5677558244647,established_a-b112,established_a,112,,,,100,,,,,,,,,,,0.73828125,256.0,,,,,,,,,,,,89.0,,,0.078125,20.0
unconditional_first_payback,demo-human_decline_bot_rise-884000,human_decline_bot_rise,dynamic_hierarchy,119,hold_current,9d018b9de9fdf567d73f5985050e16b27d8e3d3b4c30531233e5677558244647,established_a-b112,established_a,112,,,,100,,,,,,,,,,,0.73828125,256.0,,,,,,,,,,,,90.0,,,0.078125,20.0
unconditional_first_payback,demo-human_decline_bot_rise-884000,human_decline_bot_rise,dynamic_hierarchy,119,hold_current,9d018b9de9fdf567d73f5985050e16b27d8e3d3b4c30531233e5677558244647,established_a-b112,established_a,112,,,,100,,,,,,,,,,,0.73828125,256.0,,,,,,,,,,,,91.0,,,0.078125,20.0
unconditional_first_payback,demo-human_decline_bot_rise-884000,human_decline_bot_rise,dynamic_hierarchy,119,hold_current,9d018b9de9fdf567d73f5985050e16b27d8e3d3b4c30531233e5677558244647,established_a-b112,established_a,112,,,,100,,,,,,,,,,,0.73828125,256.0,,,,,,,,,,,,92.0,,,0.08984375,23.0
unconditional_first_payback,demo-human_decline_bot_rise-884000,human_decline_bot_rise,dynamic_hierarchy,119,hold_current,9d018b9de9fdf567d73f5985050e16b27d8e3d3b4c30531233e5677558244647,established_a-b112,established_a,112,,,,100,,,,,,,,,,,0.73828125,256.0,,,,,,,,,,,,93.0,,,0.08984375,23.0
unconditional_first_payback,demo-human_decline_bot_rise-884000,human_decline_bot_rise,dynamic_hierarchy,119,hold_current,9d018b9de9fdf567d73f5985050e16b27d8e3d3b4c30531233e5677558244647,established_a-b112,established_a,112,,,,100,,,,,,,,,,,0.73828125,256.0,,,,,,,,,,,,94.0,,,0.09375,24.0
unconditional_first_payback,demo-human_decline_bot_rise-884000,human_decline_bot_rise,dynamic_hierarchy,119,hold_current,9d018b9de9fdf567d73f5985050e16b27d8e3d3b4c30531233e5677558244647,established_a-b112,established_a,112,,,,100,,,,,,,,,,,0.73828125,256.0,,,,,,,,,,,,95.0,,,0.09375,24.0
unconditional_first_payback,demo-human_decline_bot_rise-884000,human_decline_bot_rise,dynamic_hierarchy,119,hold_current,9d018b9de9fdf567d73f5985050e16b27d8e3d3b4c30531233e5677558244647,established_a-b112,established_a,112,,,,100,,,,,,,,,,,0.73828125,256.0,,,,,,,,,,,,96.0,,,0.09375,24.0
unconditional_first_payback,demo-human_decline_bot_rise-884000,human_decline_bot_rise,dynamic_hierarchy,119,hold_current,9d018b9de9fdf567d73f5985050e16b27d8e3d3b4c30531233e5677558244647,established_a-b112,established_a,112,,,,100,,,,,,,,,,,0.73828125,256.0,,,,,,,,,,,,97.0,,,0.09375,24.0
unconditional_first_payback,demo-human_decline_bot_rise-884000,human_decline_bot_rise,dynamic_hierarchy,119,hold_current,9d018b9de9fdf567d73f5985050e16b27d8e3d3b4c30531233e5677558244647,established_a-b112,established_a,112,,,,100,,,,,,,,,,,0.73828125,256.0,,,,,,,,,,,,98.0,,,0.1015625,26.0
unconditional_first_payback,demo-human_decline_bot_rise-884000,human_decline_bot_rise,dynamic_hierarchy,119,hold_current,9d018b9de9fdf567d73f5985050e16b27d8e3d3b4c30531233e5677558244647,established_a-b112,established_a,112,,,,100,,,,,,,,,,,0.73828125,256.0,,,,,,,,,,,,99.0,,,0.1015625,26.0
unconditional_first_payback,demo-human_decline_bot_rise-884000,human_decline_bot_rise,dynamic_hierarchy,119,hold_current,9d018b9de9fdf567d73f5985050e16b27d8e3d3b4c30531233e5677558244647,established_a-b112,established_a,112,,,,100,,,,,,,,,,,0.73828125,256.0,,,,,,,,,,,,100.0,,,0.10546875,27.0
unconditional_first_payback,demo-human_decline_bot_rise-884000,human_decline_bot_rise,dynamic_hierarchy,119,hold_current,9d018b9de9fdf567d73f5985050e16b27d8e3d3b4c30531233e5677558244647,established_a-b112,established_a,112,,,,100,,,,,,,,,,,0.73828125,256.0,,,,,,,,,,,,101.0,,,0.10546875,27.0
unconditional_first_payback,demo-human_decline_bot_rise-884000,human_decline_bot_rise,dynamic_hierarchy,119,hold_current,9d018b9de9fdf567d73f5985050e16b27d8e3d3b4c30531233e5677558244647,established_a-b112,established_a,112,,,,100,,,,,,,,,,,0.73828125,256.0,,,,,,,,,,,,102.0,,,0.10546875,27.0
unconditional_first_payback,demo-human_decline_bot_rise-884000,human_decline_bot_rise,dynamic_hierarchy,119,hold_current,9d018b9de9fdf567d73f5985050e16b27d8e3d3b4c30531233e5677558244647,established_a-b112,established_a,112,,,,100,,,,,,,,,,,0.73828125,256.0,,,,,,,,,,,,103.0,,,0.10546875,27.0
unconditional_first_payback,demo-human_decline_bot_rise-884000,human_decline_bot_rise,dynamic_hierarchy,119,hold_current,9d018b9de9fdf567d73f5985050e16b27d8e3d3b4c30531233e5677558244647,established_a-b112,established_a,112,,,,100,,,,,,,,,,,0.73828125,256.0,,,,,,,,,,,,104.0,,,0.10546875,27.0
unconditional_first_payback,demo-human_decline_bot_rise-884000,human_decline_bot_rise,dynamic_hierarchy,119,hold_current,9d018b9de9fdf567d73f5985050e16b27d8e3d3b4c30531233e5677558244647,established_a-b112,established_a,112,,,,100,,,,,,,,,,,0.73828125,256.0,,,,,,,,,,,,105.0,,,0.10546875,27.0
unconditional_first_payback,demo-human_decline_bot_rise-884000,human_decline_bot_rise,dynamic_hierarchy,119,hold_current,9d018b9de9fdf567d73f5985050e16b27d8e3d3b4c30531233e5677558244647,established_a-b112,established_a,112,,,,100,,,,,,,,,,,0.73828125,256.0,,,,,,,,,,,,106.0,,,0.10546875,27.0
unconditional_first_payback,demo-human_decline_bot_rise-884000,human_decline_bot_rise,dynamic_hierarchy,119,hold_current,9d018b9de9fdf567d73f5985050e16b27d8e3d3b4c30531233e5677558244647,established_a-b112,established_a,112,,,,100,,,,,,,,,,,0.73828125,256.0,,,,,,,,,,,,107.0,,,0.10546875,27.0
unconditional_first_payback,demo-human_decline_bot_rise-884000,human_decline_bot_rise,dynamic_hierarchy,119,hold_current,9d018b9de9fdf567d73f5985050e16b27d8e3d3b4c30531233e5677558244647,established_a-b112,established_a,112,,,,100,,,,,,,,,,,0.73828125,256.0,,,,,,,,,,,,108.0,,,0.11328125,29.0
unconditional_first_payback,demo-human_decline_bot_rise-884000,human_decline_bot_rise,dynamic_hierarchy,119,hold_current,9d018b9de9fdf567d73f5985050e16b27d8e3d3b4c30531233e5677558244647,established_a-b112,established_a,112,,,,100,,,,,,,,,,,0.73828125,256.0,,,,,,,,,,,,109.0,,,0.11328125,29.0
unconditional_first_payback,demo-human_decline_bot_rise-884000,human_decline_bot_rise,dynamic_hierarchy,119,hold_current,9d018b9de9fdf567d73f5985050e16b27d8e3d3b4c30531233e5677558244647,established_a-b112,established_a,112,,,,100,,,,,,,,,,,0.73828125,256.0,,,,,,,,,,,,110.0,,,0.1171875,30.0
unconditional_first_payback,demo-human_decline_bot_rise-884000,human_decline_bot_rise,dynamic_hierarchy,119,hold_current,9d018b9de9fdf567d73f5985050e16b27d8e3d3b4c30531233e5677558244647,established_a-b112,established_a,112,,,,100,,,,,,,,,,,0.73828125,256.0,,,,,,,,,,,,111.0,,,0.1171875,30.0
unconditional_first_payback,demo-human_decline_bot_rise-884000,human_decline_bot_rise,dynamic_hierarchy,119,hold_current,9d018b9de9fdf567d73f5985050e16b27d8e3d3b4c30531233e5677558244647,established_a-b112,established_a,112,,,,100,,,,,,,,,,,0.73828125,256.0,,,,,,,,,,,,112.0,,,0.1171875,30.0
unconditional_first_payback,demo-human_decline_bot_rise-884000,human_decline_bot_rise,dynamic_hierarchy,119,hold_current,9d018b9de9fdf567d73f5985050e16b27d8e3d3b4c30531233e5677558244647,established_a-b112,established_a,112,,,,100,,,,,,,,,,,0.73828125,256.0,,,,,,,,,,,,113.0,,,0.1171875,30.0
unconditional_first_payback,demo-human_decline_bot_rise-884000,human_decline_bot_rise,dynamic_hierarchy,119,hold_current,9d018b9de9fdf567d73f5985050e16b27d8e3d3b4c30531233e5677558244647,established_a-b112,established_a,112,,,,100,,,,,,,,,,,0.73828125,256.0,,,,,,,,,,,,114.0,,,0.1171875,30.0
unconditional_first_payback,demo-human_decline_bot_rise-884000,human_decline_bot_rise,dynamic_hierarchy,119,hold_current,9d018b9de9fdf567d73f5985050e16b27d8e3d3b4c30531233e5677558244647,established_a-b112,established_a,112,,,,100,,,,,,,,,,,0.73828125,256.0,,,,,,,,,,,,115.0,,,0.1171875,30.0
unconditional_first_payback,demo-human_decline_bot_rise-884000,human_decline_bot_rise,dynamic_hierarchy,119,hold_current,9d018b9de9fdf567d73f5985050e16b27d8e3d3b4c30531233e5677558244647,established_a-b112,established_a,112,,,,100,,,,,,,,,,,0.73828125,256.0,,,,,,,,,,,,116.0,,,0.12109375,31.0
unconditional_first_payback,demo-human_decline_bot_rise-884000,human_decline_bot_rise,dynamic_hierarchy,119,hold_current,9d018b9de9fdf567d73f5985050e16b27d8e3d3b4c30531233e5677558244647,established_a-b112,established_a,112,,,,100,,,,,,,,,,,0.73828125,256.0,,,,,,,,,,,,117.0,,,0.12109375,31.0
unconditional_first_payback,demo-human_decline_bot_rise-884000,human_decline_bot_rise,dynamic_hierarchy,119,hold_current,9d018b9de9fdf567d73f5985050e16b27d8e3d3b4c30531233e5677558244647,established_a-b112,established_a,112,,,,100,,,,,,,,,,,0.73828125,256.0,,,,,,,,,,,,118.0,,,0.12109375,31.0
unconditional_first_payback,demo-human_decline_bot_rise-884000,human_decline_bot_rise,dynamic_hierarchy,119,hold_current,9d018b9de9fdf567d73f5985050e16b27d8e3d3b4c30531233e5677558244647,established_a-b112,established_a,112,,,,100,,,,,,,,,,,0.73828125,256.0,,,,,,,,,,,,119.0,,,0.12109375,31.0
unconditional_first_payback,demo-human_decline_bot_rise-884000,human_decline_bot_rise,dynamic_hierarchy,119,hold_current,9d018b9de9fdf567d73f5985050e16b27d8e3d3b4c30531233e5677558244647,established_a-b112,established_a,112,,,,100,,,,,,,,,,,0.73828125,256.0,,,,,,,,,,,,120.0,,,0.12109375,31.0
unconditional_first_payback,demo-human_decline_bot_rise-884000,human_decline_bot_rise,dynamic_hierarchy,119,hold_current,9d018b9de9fdf567d73f5985050e16b27d8e3d3b4c30531233e5677558244647,established_a-b112,established_a,112,,,,100,,,,,,,,,,,0.73828125,256.0,,,,,,,,,,,,121.0,,,0.12109375,31.0
unconditional_first_payback,demo-human_decline_bot_rise-884000,human_decline_bot_rise,dynamic_hierarchy,119,hold_current,9d018b9de9fdf567d73f5985050e16b27d8e3d3b4c30531233e5677558244647,established_a-b112,established_a,112,,,,100,,,,,,,,,,,0.73828125,256.0,,,,,,,,,,,,122.0,,,0.12109375,31.0
unconditional_first_payback,demo-human_decline_bot_rise-884000,human_decline_bot_rise,dynamic_hierarchy,119,hold_current,9d018b9de9fdf567d73f5985050e16b27d8e3d3b4c30531233e5677558244647,established_a-b112,established_a,112,,,,100,,,,,,,,,,,0.73828125,256.0,,,,,,,,,,,,123.0,,,0.125,32.0
unconditional_first_payback,demo-human_decline_bot_rise-884000,human_decline_bot_rise,dynamic_hierarchy,119,hold_current,9d018b9de9fdf567d73f5985050e16b27d8e3d3b4c30531233e5677558244647,established_a-b112,established_a,112,,,,100,,,,,,,,,,,0.73828125,256.0,,,,,,,,,,,,124.0,,,0.1328125,34.0
unconditional_first_payback,demo-human_decline_bot_rise-884000,human_decline_bot_rise,dynamic_hierarchy,119,hold_current,9d018b9de9fdf567d73f5985050e16b27d8e3d3b4c30531233e5677558244647,established_a-b112,established_a,112,,,,100,,,,,,,,,,,0.73828125,256.0,,,,,,,,,,,,125.0,,,0.1328125,34.0
unconditional_first_payback,demo-human_decline_bot_rise-884000,human_decline_bot_rise,dynamic_hierarchy,119,hold_current,9d018b9de9fdf567d73f5985050e16b27d8e3d3b4c30531233e5677558244647,established_a-b112,established_a,112,,,,100,,,,,,,,,,,0.73828125,256.0,,,,,,,,,,,,126.0,,,0.1328125,34.0
unconditional_first_payback,demo-human_decline_bot_rise-884000,human_decline_bot_rise,dynamic_hierarchy,119,hold_current,9d018b9de9fdf567d73f5985050e16b27d8e3d3b4c30531233e5677558244647,established_a-b112,established_a,112,,,,100,,,,,,,,,,,0.73828125,256.0,,,,,,,,,,,,127.0,,,0.13671875,35.0
unconditional_first_payback,demo-human_decline_bot_rise-884000,human_decline_bot_rise,dynamic_hierarchy,119,hold_current,9d018b9de9fdf567d73f5985050e16b27d8e3d3b4c30531233e5677558244647,established_a-b112,established_a,112,,,,100,,,,,,,,,,,0.73828125,256.0,,,,,,,,,,,,128.0,,,0.140625,36.0
unconditional_first_payback,demo-human_decline_bot_rise-884000,human_decline_bot_rise,dynamic_hierarchy,119,hold_current,9d018b9de9fdf567d73f5985050e16b27d8e3d3b4c30531233e5677558244647,established_a-b112,established_a,112,,,,100,,,,,,,,,,,0.73828125,256.0,,,,,,,,,,,,129.0,,,0.140625,36.0
unconditional_first_payback,demo-human_decline_bot_rise-884000,human_decline_bot_rise,dynamic_hierarchy,119,hold_current,9d018b9de9fdf567d73f5985050e16b27d8e3d3b4c30531233e5677558244647,established_a-b112,established_a,112,,,,100,,,,,,,,,,,0.73828125,256.0,,,,,,,,,,,,130.0,,,0.140625,36.0
unconditional_first_payback,demo-human_decline_bot_rise-884000,human_decline_bot_rise,dynamic_hierarchy,119,hold_current,9d018b9de9fdf567d73f5985050e16b27d8e3d3b4c30531233e5677558244647,established_a-b112,established_a,112,,,,100,,,,,,,,,,,0.73828125,256.0,,,,,,,,,,,,131.0,,,0.140625,36.0
unconditional_first_payback,demo-human_decline_bot_rise-884000,human_decline_bot_rise,dynamic_hierarchy,119,hold_current,9d018b9de9fdf567d73f5985050e16b27d8e3d3b4c30531233e5677558244647,established_a-b112,established_a,112,,,,100,,,,,,,,,,,0.73828125,256.0,,,,,,,,,,,,132.0,,,0.140625,36.0
unconditional_first_payback,demo-human_decline_bot_rise-884000,human_decline_bot_rise,dynamic_hierarchy,119,hold_current,9d018b9de9fdf567d73f5985050e16b27d8e3d3b4c30531233e5677558244647,established_a-b112,established_a,112,,,,100,,,,,,,,,,,0.73828125,256.0,,,,,,,,,,,,133.0,,,0.140625,36.0
unconditional_first_payback,demo-human_decline_bot_rise-884000,human_decline_bot_rise,dynamic_hierarchy,119,hold_current,9d018b9de9fdf567d73f5985050e16b27d8e3d3b4c30531233e5677558244647,established_a-b112,established_a,112,,,,100,,,,,,,,,,,0.73828125,256.0,,,,,,,,,,,,134.0,,,0.140625,36.0
unconditional_first_payback,demo-human_decline_bot_rise-884000,human_decline_bot_rise,dynamic_hierarchy,119,hold_current,9d018b9de9fdf567d73f5985050e16b27d8e3d3b4c30531233e5677558244647,established_a-b112,established_a,112,,,,100,,,,,,,,,,,0.73828125,256.0,,,,,,,,,,,,135.0,,,0.140625,36.0
unconditional_first_payback,demo-human_decline_bot_rise-884000,human_decline_bot_rise,dynamic_hierarchy,119,hold_current,9d018b9de9fdf567d73f5985050e16b27d8e3d3b4c30531233e5677558244647,established_a-b112,established_a,112,,,,100,,,,,,,,,,,0.73828125,256.0,,,,,,,,,,,,136.0,,,0.140625,36.0
unconditional_first_payback,demo-human_decline_bot_rise-884000,human_decline_bot_rise,dynamic_hierarchy,119,hold_current,9d018b9de9fdf567d73f5985050e16b27d8e3d3b4c30531233e5677558244647,established_a-b112,established_a,112,,,,100,,,,,,,,,,,0.73828125,256.0,,,,,,,,,,,,137.0,,,0.140625,36.0
unconditional_first_payback,demo-human_decline_bot_rise-884000,human_decline_bot_rise,dynamic_hierarchy,119,hold_current,9d018b9de9fdf567d73f5985050e16b27d8e3d3b4c30531233e5677558244647,established_a-b112,established_a,112,,,,100,,,,,,,,,,,0.73828125,256.0,,,,,,,,,,,,138.0,,,0.140625,36.0
unconditional_first_payback,demo-human_decline_bot_rise-884000,human_decline_bot_rise,dynamic_hierarchy,119,hold_current,9d018b9de9fdf567d73f5985050e16b27d8e3d3b4c30531233e5677558244647,established_a-b112,established_a,112,,,,100,,,,,,,,,,,0.73828125,256.0,,,,,,,,,,,,139.0,,,0.140625,36.0
unconditional_first_payback,demo-human_decline_bot_rise-884000,human_decline_bot_rise,dynamic_hierarchy,119,hold_current,9d018b9de9fdf567d73f5985050e16b27d8e3d3b4c30531233e5677558244647,established_a-b112,established_a,112,,,,100,,,,,,,,,,,0.73828125,256.0,,,,,,,,,,,,140.0,,,0.1484375,38.0
unconditional_first_payback,demo-human_decline_bot_rise-884000,human_decline_bot_rise,dynamic_hierarchy,119,hold_current,9d018b9de9fdf567d73f5985050e16b27d8e3d3b4c30531233e5677558244647,established_a-b112,established_a,112,,,,100,,,,,,,,,,,0.73828125,256.0,,,,,,,,,,,,141.0,,,0.1484375,38.0
unconditional_first_payback,demo-human_decline_bot_rise-884000,human_decline_bot_rise,dynamic_hierarchy,119,hold_current,9d018b9de9fdf567d73f5985050e16b27d8e3d3b4c30531233e5677558244647,established_a-b112,established_a,112,,,,100,,,,,,,,,,,0.73828125,256.0,,,,,,,,,,,,142.0,,,0.15234375,39.0
unconditional_first_payback,demo-human_decline_bot_rise-884000,human_decline_bot_rise,dynamic_hierarchy,119,hold_current,9d018b9de9fdf567d73f5985050e16b27d8e3d3b4c30531233e5677558244647,established_a-b112,established_a,112,,,,100,,,,,,,,,,,0.73828125,256.0,,,,,,,,,,,,143.0,,,0.15234375,39.0
unconditional_first_payback,demo-human_decline_bot_rise-884000,human_decline_bot_rise,dynamic_hierarchy,119,hold_current,9d018b9de9fdf567d73f5985050e16b27d8e3d3b4c30531233e5677558244647,established_a-b112,established_a,112,,,,100,,,,,,,,,,,0.73828125,256.0,,,,,,,,,,,,144.0,,,0.15625,40.0
unconditional_first_payback,demo-human_decline_bot_rise-884000,human_decline_bot_rise,dynamic_hierarchy,119,hold_current,9d018b9de9fdf567d73f5985050e16b27d8e3d3b4c30531233e5677558244647,established_a-b112,established_a,112,,,,100,,,,,,,,,,,0.73828125,256.0,,,,,,,,,,,,145.0,,,0.15625,40.0
unconditional_first_payback,demo-human_decline_bot_rise-884000,human_decline_bot_rise,dynamic_hierarchy,119,hold_current,9d018b9de9fdf567d73f5985050e16b27d8e3d3b4c30531233e5677558244647,established_a-b112,established_a,112,,,,100,,,,,,,,,,,0.73828125,256.0,,,,,,,,,,,,146.0,,,0.15625,40.0
unconditional_first_payback,demo-human_decline_bot_rise-884000,human_decline_bot_rise,dynamic_hierarchy,119,hold_current,9d018b9de9fdf567d73f5985050e16b27d8e3d3b4c30531233e5677558244647,established_a-b112,established_a,112,,,,100,,,,,,,,,,,0.73828125,256.0,,,,,,,,,,,,147.0,,,0.15625,40.0
unconditional_first_payback,demo-human_decline_bot_rise-884000,human_decline_bot_rise,dynamic_hierarchy,119,hold_current,9d018b9de9fdf567d73f5985050e16b27d8e3d3b4c30531233e5677558244647,established_a-b112,established_a,112,,,,100,,,,,,,,,,,0.73828125,256.0,,,,,,,,,,,,148.0,,,0.15625,40.0
unconditional_first_payback,demo-human_decline_bot_rise-884000,human_decline_bot_rise,dynamic_hierarchy,119,hold_current,9d018b9de9fdf567d73f5985050e16b27d8e3d3b4c30531233e5677558244647,established_a-b112,established_a,112,,,,100,,,,,,,,,,,0.73828125,256.0,,,,,,,,,,,,149.0,,,0.15625,40.0
unconditional_first_payback,demo-human_decline_bot_rise-884000,human_decline_bot_rise,dynamic_hierarchy,119,hold_current,9d018b9de9fdf567d73f5985050e16b27d8e3d3b4c30531233e5677558244647,established_a-b112,established_a,112,,,,100,,,,,,,,,,,0.73828125,256.0,,,,,,,,,,,,150.0,,,0.16015625,41.0
unconditional_first_payback,demo-human_decline_bot_rise-884000,human_decline_bot_rise,dynamic_hierarchy,119,hold_current,9d018b9de9fdf567d73f5985050e16b27d8e3d3b4c30531233e5677558244647,established_a-b112,established_a,112,,,,100,,,,,,,,,,,0.73828125,256.0,,,,,,,,,,,,151.0,,,0.16015625,41.0
unconditional_first_payback,demo-human_decline_bot_rise-884000,human_decline_bot_rise,dynamic_hierarchy,119,hold_current,9d018b9de9fdf567d73f5985050e16b27d8e3d3b4c30531233e5677558244647,established_a-b112,established_a,112,,,,100,,,,,,,,,,,0.73828125,256.0,,,,,,,,,,,,152.0,,,0.16015625,41.0
unconditional_first_payback,demo-human_decline_bot_rise-884000,human_decline_bot_rise,dynamic_hierarchy,119,hold_current,9d018b9de9fdf567d73f5985050e16b27d8e3d3b4c30531233e5677558244647,established_a-b112,established_a,112,,,,100,,,,,,,,,,,0.73828125,256.0,,,,,,,,,,,,153.0,,,0.16796875,43.0
unconditional_first_payback,demo-human_decline_bot_rise-884000,human_decline_bot_rise,dynamic_hierarchy,119,hold_current,9d018b9de9fdf567d73f5985050e16b27d8e3d3b4c30531233e5677558244647,established_a-b112,established_a,112,,,,100,,,,,,,,,,,0.73828125,256.0,,,,,,,,,,,,154.0,,,0.16796875,43.0
unconditional_first_payback,demo-human_decline_bot_rise-884000,human_decline_bot_rise,dynamic_hierarchy,119,hold_current,9d018b9de9fdf567d73f5985050e16b27d8e3d3b4c30531233e5677558244647,established_a-b112,established_a,112,,,,100,,,,,,,,,,,0.73828125,256.0,,,,,,,,,,,,155.0,,,0.16796875,43.0
unconditional_first_payback,demo-human_decline_bot_rise-884000,human_decline_bot_rise,dynamic_hierarchy,119,hold_current,9d018b9de9fdf567d73f5985050e16b27d8e3d3b4c30531233e5677558244647,established_a-b112,established_a,112,,,,100,,,,,,,,,,,0.73828125,256.0,,,,,,,,,,,,156.0,,,0.16796875,43.0
unconditional_first_payback,demo-human_decline_bot_rise-884000,human_decline_bot_rise,dynamic_hierarchy,119,hold_current,9d018b9de9fdf567d73f5985050e16b27d8e3d3b4c30531233e5677558244647,established_a-b112,established_a,112,,,,100,,,,,,,,,,,0.73828125,256.0,,,,,,,,,,,,157.0,,,0.171875,44.0
unconditional_first_payback,demo-human_decline_bot_rise-884000,human_decline_bot_rise,dynamic_hierarchy,119,hold_current,9d018b9de9fdf567d73f5985050e16b27d8e3d3b4c30531233e5677558244647,established_a-b112,established_a,112,,,,100,,,,,,,,,,,0.73828125,256.0,,,,,,,,,,,,158.0,,,0.171875,44.0
unconditional_first_payback,demo-human_decline_bot_rise-884000,human_decline_bot_rise,dynamic_hierarchy,119,hold_current,9d018b9de9fdf567d73f5985050e16b27d8e3d3b4c30531233e5677558244647,established_a-b112,established_a,112,,,,100,,,,,,,,,,,0.73828125,256.0,,,,,,,,,,,,159.0,,,0.17578125,45.0
unconditional_first_payback,demo-human_decline_bot_rise-884000,human_decline_bot_rise,dynamic_hierarchy,119,hold_current,9d018b9de9fdf567d73f5985050e16b27d8e3d3b4c30531233e5677558244647,established_a-b112,established_a,112,,,,100,,,,,,,,,,,0.73828125,256.0,,,,,,,,,,,,160.0,,,0.1796875,46.0
unconditional_first_payback,demo-human_decline_bot_rise-884000,human_decline_bot_rise,dynamic_hierarchy,119,hold_current,9d018b9de9fdf567d73f5985050e16b27d8e3d3b4c30531233e5677558244647,established_a-b112,established_a,112,,,,100,,,,,,,,,,,0.73828125,256.0,,,,,,,,,,,,161.0,,,0.18359375,47.0
unconditional_first_payback,demo-human_decline_bot_rise-884000,human_decline_bot_rise,dynamic_hierarchy,119,hold_current,9d018b9de9fdf567d73f5985050e16b27d8e3d3b4c30531233e5677558244647,established_a-b112,established_a,112,,,,100,,,,,,,,,,,0.73828125,256.0,,,,,,,,,,,,162.0,,,0.18359375,47.0
unconditional_first_payback,demo-human_decline_bot_rise-884000,human_decline_bot_rise,dynamic_hierarchy,119,hold_current,9d018b9de9fdf567d73f5985050e16b27d8e3d3b4c30531233e5677558244647,established_a-b112,established_a,112,,,,100,,,,,,,,,,,0.73828125,256.0,,,,,,,,,,,,163.0,,,0.18359375,47.0
unconditional_first_payback,demo-human_decline_bot_rise-884000,human_decline_bot_rise,dynamic_hierarchy,119,hold_current,9d018b9de9fdf567d73f5985050e16b27d8e3d3b4c30531233e5677558244647,established_a-b112,established_a,112,,,,100,,,,,,,,,,,0.73828125,256.0,,,,,,,,,,,,164.0,,,0.1875,48.0
unconditional_first_payback,demo-human_decline_bot_rise-884000,human_decline_bot_rise,dynamic_hierarchy,119,hold_current,9d018b9de9fdf567d73f5985050e16b27d8e3d3b4c30531233e5677558244647,established_a-b112,established_a,112,,,,100,,,,,,,,,,,0.73828125,256.0,,,,,,,,,,,,165.0,,,0.19140625,49.0
unconditional_first_payback,demo-human_decline_bot_rise-884000,human_decline_bot_rise,dynamic_hierarchy,119,hold_current,9d018b9de9fdf567d73f5985050e16b27d8e3d3b4c30531233e5677558244647,established_a-b112,established_a,112,,,,100,,,,,,,,,,,0.73828125,256.0,,,,,,,,,,,,166.0,,,0.19140625,49.0
unconditional_first_payback,demo-human_decline_bot_rise-884000,human_decline_bot_rise,dynamic_hierarchy,119,hold_current,9d018b9de9fdf567d73f5985050e16b27d8e3d3b4c30531233e5677558244647,established_a-b112,established_a,112,,,,100,,,,,,,,,,,0.73828125,256.0,,,,,,,,,,,,167.0,,,0.19140625,49.0
unconditional_first_payback,demo-human_decline_bot_rise-884000,human_decline_bot_rise,dynamic_hierarchy,119,hold_current,9d018b9de9fdf567d73f5985050e16b27d8e3d3b4c30531233e5677558244647,established_a-b112,established_a,112,,,,100,,,,,,,,,,,0.73828125,256.0,,,,,,,,,,,,168.0,,,0.1953125,50.0
unconditional_first_payback,demo-human_decline_bot_rise-884000,human_decline_bot_rise,dynamic_hierarchy,119,hold_current,9d018b9de9fdf567d73f5985050e16b27d8e3d3b4c30531233e5677558244647,established_a-b112,established_a,112,,,,100,,,,,,,,,,,0.73828125,256.0,,,,,,,,,,,,169.0,,,0.1953125,50.0
unconditional_first_payback,demo-human_decline_bot_rise-884000,human_decline_bot_rise,dynamic_hierarchy,119,hold_current,9d018b9de9fdf567d73f5985050e16b27d8e3d3b4c30531233e5677558244647,established_a-b112,established_a,112,,,,100,,,,,,,,,,,0.73828125,256.0,,,,,,,,,,,,170.0,,,0.19921875,51.0
unconditional_first_payback,demo-human_decline_bot_rise-884000,human_decline_bot_rise,dynamic_hierarchy,119,hold_current,9d018b9de9fdf567d73f5985050e16b27d8e3d3b4c30531233e5677558244647,established_a-b112,established_a,112,,,,100,,,,,,,,,,,0.73828125,256.0,,,,,,,,,,,,171.0,,,0.19921875,51.0
unconditional_first_payback,demo-human_decline_bot_rise-884000,human_decline_bot_rise,dynamic_hierarchy,119,hold_current,9d018b9de9fdf567d73f5985050e16b27d8e3d3b4c30531233e5677558244647,established_a-b112,established_a,112,,,,100,,,,,,,,,,,0.73828125,256.0,,,,,,,,,,,,172.0,,,0.19921875,51.0
unconditional_first_payback,demo-human_decline_bot_rise-884000,human_decline_bot_rise,dynamic_hierarchy,119,hold_current,9d018b9de9fdf567d73f5985050e16b27d8e3d3b4c30531233e5677558244647,established_a-b112,established_a,112,,,,100,,,,,,,,,,,0.73828125,256.0,,,,,,,,,,,,173.0,,,0.19921875,51.0
unconditional_first_payback,demo-human_decline_bot_rise-884000,human_decline_bot_rise,dynamic_hierarchy,119,hold_current,9d018b9de9fdf567d73f5985050e16b27d8e3d3b4c30531233e5677558244647,established_a-b112,established_a,112,,,,100,,,,,,,,,,,0.73828125,256.0,,,,,,,,,,,,174.0,,,0.203125,52.0
unconditional_first_payback,demo-human_decline_bot_rise-884000,human_decline_bot_rise,dynamic_hierarchy,119,hold_current,9d018b9de9fdf567d73f5985050e16b27d8e3d3b4c30531233e5677558244647,established_a-b112,established_a,112,,,,100,,,,,,,,,,,0.73828125,256.0,,,,,,,,,,,,175.0,,,0.203125,52.0
unconditional_first_payback,demo-human_decline_bot_rise-884000,human_decline_bot_rise,dynamic_hierarchy,119,hold_current,9d018b9de9fdf567d73f5985050e16b27d8e3d3b4c30531233e5677558244647,established_a-b112,established_a,112,,,,100,,,,,,,,,,,0.73828125,256.0,,,,,,,,,,,,176.0,,,0.2109375,54.0
unconditional_first_payback,demo-human_decline_bot_rise-884000,human_decline_bot_rise,dynamic_hierarchy,119,hold_current,9d018b9de9fdf567d73f5985050e16b27d8e3d3b4c30531233e5677558244647,established_a-b112,established_a,112,,,,100,,,,,,,,,,,0.73828125,256.0,,,,,,,,,,,,177.0,,,0.2109375,54.0
unconditional_first_payback,demo-human_decline_bot_rise-884000,human_decline_bot_rise,dynamic_hierarchy,119,hold_current,9d018b9de9fdf567d73f5985050e16b27d8e3d3b4c30531233e5677558244647,established_a-b112,established_a,112,,,,100,,,,,,,,,,,0.73828125,256.0,,,,,,,,,,,,178.0,,,0.2109375,54.0
unconditional_first_payback,demo-human_decline_bot_rise-884000,human_decline_bot_rise,dynamic_hierarchy,119,hold_current,9d018b9de9fdf567d73f5985050e16b27d8e3d3b4c30531233e5677558244647,established_a-b112,established_a,112,,,,100,,,,,,,,,,,0.73828125,256.0,,,,,,,,,,,,179.0,,,0.2109375,54.0
unconditional_first_payback,demo-human_decline_bot_rise-884000,human_decline_bot_rise,dynamic_hierarchy,119,hold_current,9d018b9de9fdf567d73f5985050e16b27d8e3d3b4c30531233e5677558244647,established_a-b112,established_a,112,,,,100,,,,,,,,,,,0.73828125,256.0,,,,,,,,,,,,180.0,,,0.2109375,54.0
unconditional_first_payback,demo-human_decline_bot_rise-884000,human_decline_bot_rise,dynamic_hierarchy,119,hold_current,9d018b9de9fdf567d73f5985050e16b27d8e3d3b4c30531233e5677558244647,established_a-b112,established_a,112,,,,100,,,,,,,,,,,0.73828125,256.0,,,,,,,,,,,,181.0,,,0.2109375,54.0
unconditional_first_payback,demo-human_decline_bot_rise-884000,human_decline_bot_rise,dynamic_hierarchy,119,hold_current,9d018b9de9fdf567d73f5985050e16b27d8e3d3b4c30531233e5677558244647,established_a-b112,established_a,112,,,,100,,,,,,,,,,,0.73828125,256.0,,,,,,,,,,,,182.0,,,0.2109375,54.0
unconditional_first_payback,demo-human_decline_bot_rise-884000,human_decline_bot_rise,dynamic_hierarchy,119,hold_current,9d018b9de9fdf567d73f5985050e16b27d8e3d3b4c30531233e5677558244647,established_a-b112,established_a,112,,,,100,,,,,,,,,,,0.73828125,256.0,,,,,,,,,,,,183.0,,,0.21875,56.0
unconditional_first_payback,demo-human_decline_bot_rise-884000,human_decline_bot_rise,dynamic_hierarchy,119,hold_current,9d018b9de9fdf567d73f5985050e16b27d8e3d3b4c30531233e5677558244647,established_a-b112,established_a,112,,,,100,,,,,,,,,,,0.73828125,256.0,,,,,,,,,,,,184.0,,,0.21875,56.0
unconditional_first_payback,demo-human_decline_bot_rise-884000,human_decline_bot_rise,dynamic_hierarchy,119,hold_current,9d018b9de9fdf567d73f5985050e16b27d8e3d3b4c30531233e5677558244647,established_a-b112,established_a,112,,,,100,,,,,,,,,,,0.73828125,256.0,,,,,,,,,,,,185.0,,,0.21875,56.0
unconditional_first_payback,demo-human_decline_bot_rise-884000,human_decline_bot_rise,dynamic_hierarchy,119,hold_current,9d018b9de9fdf567d73f5985050e16b27d8e3d3b4c30531233e5677558244647,established_a-b112,established_a,112,,,,100,,,,,,,,,,,0.73828125,256.0,,,,,,,,,,,,186.0,,,0.21875,56.0
unconditional_first_payback,demo-human_decline_bot_rise-884000,human_decline_bot_rise,dynamic_hierarchy,119,hold_current,9d018b9de9fdf567d73f5985050e16b27d8e3d3b4c30531233e5677558244647,established_a-b112,established_a,112,,,,100,,,,,,,,,,,0.73828125,256.0,,,,,,,,,,,,187.0,,,0.21875,56.0
unconditional_first_payback,demo-human_decline_bot_rise-884000,human_decline_bot_rise,dynamic_hierarchy,119,hold_current,9d018b9de9fdf567d73f5985050e16b27d8e3d3b4c30531233e5677558244647,established_a-b112,established_a,112,,,,100,,,,,,,,,,,0.73828125,256.0,,,,,,,,,,,,188.0,,,0.22265625,57.0
unconditional_first_payback,demo-human_decline_bot_rise-884000,human_decline_bot_rise,dynamic_hierarchy,119,hold_current,9d018b9de9fdf567d73f5985050e16b27d8e3d3b4c30531233e5677558244647,established_a-b112,established_a,112,,,,100,,,,,,,,,,,0.73828125,256.0,,,,,,,,,,,,189.0,,,0.22265625,57.0
unconditional_first_payback,demo-human_decline_bot_rise-884000,human_decline_bot_rise,dynamic_hierarchy,119,hold_current,9d018b9de9fdf567d73f5985050e16b27d8e3d3b4c30531233e5677558244647,established_a-b112,established_a,112,,,,100,,,,,,,,,,,0.73828125,256.0,,,,,,,,,,,,190.0,,,0.22265625,57.0
unconditional_first_payback,demo-human_decline_bot_rise-884000,human_decline_bot_rise,dynamic_hierarchy,119,hold_current,9d018b9de9fdf567d73f5985050e16b27d8e3d3b4c30531233e5677558244647,established_a-b112,established_a,112,,,,100,,,,,,,,,,,0.73828125,256.0,,,,,,,,,,,,191.0,,,0.2265625,58.0
unconditional_first_payback,demo-human_decline_bot_rise-884000,human_decline_bot_rise,dynamic_hierarchy,119,hold_current,9d018b9de9fdf567d73f5985050e16b27d8e3d3b4c30531233e5677558244647,established_a-b112,established_a,112,,,,100,,,,,,,,,,,0.73828125,256.0,,,,,,,,,,,,192.0,,,0.2265625,58.0
unconditional_first_payback,demo-human_decline_bot_rise-884000,human_decline_bot_rise,dynamic_hierarchy,119,hold_current,9d018b9de9fdf567d73f5985050e16b27d8e3d3b4c30531233e5677558244647,established_a-b112,established_a,112,,,,100,,,,,,,,,,,0.73828125,256.0,,,,,,,,,,,,193.0,,,0.2265625,58.0
unconditional_first_payback,demo-human_decline_bot_rise-884000,human_decline_bot_rise,dynamic_hierarchy,119,hold_current,9d018b9de9fdf567d73f5985050e16b27d8e3d3b4c30531233e5677558244647,established_a-b112,established_a,112,,,,100,,,,,,,,,,,0.73828125,256.0,,,,,,,,,,,,194.0,,,0.2265625,58.0
unconditional_first_payback,demo-human_decline_bot_rise-884000,human_decline_bot_rise,dynamic_hierarchy,119,hold_current,9d018b9de9fdf567d73f5985050e16b27d8e3d3b4c30531233e5677558244647,established_a-b112,established_a,112,,,,100,,,,,,,,,,,0.73828125,256.0,,,,,,,,,,,,195.0,,,0.23046875,59.0
unconditional_first_payback,demo-human_decline_bot_rise-884000,human_decline_bot_rise,dynamic_hierarchy,119,hold_current,9d018b9de9fdf567d73f5985050e16b27d8e3d3b4c30531233e5677558244647,established_a-b112,established_a,112,,,,100,,,,,,,,,,,0.73828125,256.0,,,,,,,,,,,,196.0,,,0.23046875,59.0
unconditional_first_payback,demo-human_decline_bot_rise-884000,human_decline_bot_rise,dynamic_hierarchy,119,hold_current,9d018b9de9fdf567d73f5985050e16b27d8e3d3b4c30531233e5677558244647,established_a-b112,established_a,112,,,,100,,,,,,,,,,,0.73828125,256.0,,,,,,,,,,,,197.0,,,0.234375,60.0
unconditional_first_payback,demo-human_decline_bot_rise-884000,human_decline_bot_rise,dynamic_hierarchy,119,hold_current,9d018b9de9fdf567d73f5985050e16b27d8e3d3b4c30531233e5677558244647,established_a-b112,established_a,112,,,,100,,,,,,,,,,,0.73828125,256.0,,,,,,,,,,,,198.0,,,0.23828125,61.0
unconditional_first_payback,demo-human_decline_bot_rise-884000,human_decline_bot_rise,dynamic_hierarchy,119,hold_current,9d018b9de9fdf567d73f5985050e16b27d8e3d3b4c30531233e5677558244647,established_a-b112,established_a,112,,,,100,,,,,,,,,,,0.73828125,256.0,,,,,,,,,,,,199.0,,,0.23828125,61.0
unconditional_first_payback,demo-human_decline_bot_rise-884000,human_decline_bot_rise,dynamic_hierarchy,119,hold_current,9d018b9de9fdf567d73f5985050e16b27d8e3d3b4c30531233e5677558244647,established_a-b112,established_a,112,,,,100,,,,,,,,,,,0.73828125,256.0,,,,,,,,,,,,200.0,,,0.23828125,61.0
unconditional_first_payback,demo-human_decline_bot_rise-884000,human_decline_bot_rise,dynamic_hierarchy,119,hold_current,9d018b9de9fdf567d73f5985050e16b27d8e3d3b4c30531233e5677558244647,established_a-b112,established_a,112,,,,100,,,,,,,,,,,0.73828125,256.0,,,,,,,,,,,,201.0,,,0.23828125,61.0
unconditional_first_payback,demo-human_decline_bot_rise-884000,human_decline_bot_rise,dynamic_hierarchy,119,hold_current,9d018b9de9fdf567d73f5985050e16b27d8e3d3b4c30531233e5677558244647,established_a-b112,established_a,112,,,,100,,,,,,,,,,,0.73828125,256.0,,,,,,,,,,,,202.0,,,0.23828125,61.0
unconditional_first_payback,demo-human_decline_bot_rise-884000,human_decline_bot_rise,dynamic_hierarchy,119,hold_current,9d018b9de9fdf567d73f5985050e16b27d8e3d3b4c30531233e5677558244647,established_a-b112,established_a,112,,,,100,,,,,,,,,,,0.73828125,256.0,,,,,,,,,,,,203.0,,,0.23828125,61.0
unconditional_first_payback,demo-human_decline_bot_rise-884000,human_decline_bot_rise,dynamic_hierarchy,119,hold_current,9d018b9de9fdf567d73f5985050e16b27d8e3d3b4c30531233e5677558244647,established_a-b112,established_a,112,,,,100,,,,,,,,,,,0.73828125,256.0,,,,,,,,,,,,204.0,,,0.23828125,61.0
unconditional_first_payback,demo-human_decline_bot_rise-884000,human_decline_bot_rise,dynamic_hierarchy,119,hold_current,9d018b9de9fdf567d73f5985050e16b27d8e3d3b4c30531233e5677558244647,established_a-b112,established_a,112,,,,100,,,,,,,,,,,0.73828125,256.0,,,,,,,,,,,,205.0,,,0.23828125,61.0
unconditional_first_payback,demo-human_decline_bot_rise-884000,human_decline_bot_rise,dynamic_hierarchy,119,hold_current,9d018b9de9fdf567d73f5985050e16b27d8e3d3b4c30531233e5677558244647,established_a-b112,established_a,112,,,,100,,,,,,,,,,,0.73828125,256.0,,,,,,,,,,,,206.0,,,0.23828125,61.0
unconditional_first_payback,demo-human_decline_bot_rise-884000,human_decline_bot_rise,dynamic_hierarchy,119,hold_current,9d018b9de9fdf567d73f5985050e16b27d8e3d3b4c30531233e5677558244647,established_a-b112,established_a,112,,,,100,,,,,,,,,,,0.73828125,256.0,,,,,,,,,,,,207.0,,,0.23828125,61.0
unconditional_first_payback,demo-human_decline_bot_rise-884000,human_decline_bot_rise,dynamic_hierarchy,119,hold_current,9d018b9de9fdf567d73f5985050e16b27d8e3d3b4c30531233e5677558244647,established_a-b112,established_a,112,,,,100,,,,,,,,,,,0.73828125,256.0,,,,,,,,,,,,208.0,,,0.2421875,62.0
unconditional_first_payback,demo-human_decline_bot_rise-884000,human_decline_bot_rise,dynamic_hierarchy,119,hold_current,9d018b9de9fdf567d73f5985050e16b27d8e3d3b4c30531233e5677558244647,established_a-b112,established_a,112,,,,100,,,,,,,,,,,0.73828125,256.0,,,,,,,,,,,,209.0,,,0.24609375,63.0
unconditional_first_payback,demo-human_decline_bot_rise-884000,human_decline_bot_rise,dynamic_hierarchy,119,hold_current,9d018b9de9fdf567d73f5985050e16b27d8e3d3b4c30531233e5677558244647,established_a-b112,established_a,112,,,,100,,,,,,,,,,,0.73828125,256.0,,,,,,,,,,,,210.0,,,0.24609375,63.0
unconditional_first_payback,demo-human_decline_bot_rise-884000,human_decline_bot_rise,dynamic_hierarchy,119,hold_current,9d018b9de9fdf567d73f5985050e16b27d8e3d3b4c30531233e5677558244647,established_a-b112,established_a,112,,,,100,,,,,,,,,,,0.73828125,256.0,,,,,,,,,,,,211.0,,,0.24609375,63.0
unconditional_first_payback,demo-human_decline_bot_rise-884000,human_decline_bot_rise,dynamic_hierarchy,119,hold_current,9d018b9de9fdf567d73f5985050e16b27d8e3d3b4c30531233e5677558244647,established_a-b112,established_a,112,,,,100,,,,,,,,,,,0.73828125,256.0,,,,,,,,,,,,212.0,,,0.24609375,63.0
unconditional_first_payback,demo-human_decline_bot_rise-884000,human_decline_bot_rise,dynamic_hierarchy,119,hold_current,9d018b9de9fdf567d73f5985050e16b27d8e3d3b4c30531233e5677558244647,established_a-b112,established_a,112,,,,100,,,,,,,,,,,0.73828125,256.0,,,,,,,,,,,,213.0,,,0.24609375,63.0
unconditional_first_payback,demo-human_decline_bot_rise-884000,human_decline_bot_rise,dynamic_hierarchy,119,hold_current,9d018b9de9fdf567d73f5985050e16b27d8e3d3b4c30531233e5677558244647,established_a-b112,established_a,112,,,,100,,,,,,,,,,,0.73828125,256.0,,,,,,,,,,,,214.0,,,0.24609375,63.0
unconditional_first_payback,demo-human_decline_bot_rise-884000,human_decline_bot_rise,dynamic_hierarchy,119,hold_current,9d018b9de9fdf567d73f5985050e16b27d8e3d3b4c30531233e5677558244647,established_a-b112,established_a,112,,,,100,,,,,,,,,,,0.73828125,256.0,,,,,,,,,,,,215.0,,,0.24609375,63.0
unconditional_first_payback,demo-human_decline_bot_rise-884000,human_decline_bot_rise,dynamic_hierarchy,119,hold_current,9d018b9de9fdf567d73f5985050e16b27d8e3d3b4c30531233e5677558244647,established_a-b112,established_a,112,,,,100,,,,,,,,,,,0.73828125,256.0,,,,,,,,,,,,216.0,,,0.24609375,63.0
unconditional_first_payback,demo-human_decline_bot_rise-884000,human_decline_bot_rise,dynamic_hierarchy,119,hold_current,9d018b9de9fdf567d73f5985050e16b27d8e3d3b4c30531233e5677558244647,established_a-b112,established_a,112,,,,100,,,,,,,,,,,0.73828125,256.0,,,,,,,,,,,,217.0,,,0.24609375,63.0
unconditional_first_payback,demo-human_decline_bot_rise-884000,human_decline_bot_rise,dynamic_hierarchy,119,hold_current,9d018b9de9fdf567d73f5985050e16b27d8e3d3b4c30531233e5677558244647,established_a-b112,established_a,112,,,,100,,,,,,,,,,,0.73828125,256.0,,,,,,,,,,,,218.0,,,0.24609375,63.0
unconditional_first_payback,demo-human_decline_bot_rise-884000,human_decline_bot_rise,dynamic_hierarchy,119,hold_current,9d018b9de9fdf567d73f5985050e16b27d8e3d3b4c30531233e5677558244647,established_a-b112,established_a,112,,,,100,,,,,,,,,,,0.73828125,256.0,,,,,,,,,,,,219.0,,,0.24609375,63.0
unconditional_first_payback,demo-human_decline_bot_rise-884000,human_decline_bot_rise,dynamic_hierarchy,119,hold_current,9d018b9de9fdf567d73f5985050e16b27d8e3d3b4c30531233e5677558244647,established_a-b112,established_a,112,,,,100,,,,,,,,,,,0.73828125,256.0,,,,,,,,,,,,220.0,,,0.24609375,63.0
unconditional_first_payback,demo-human_decline_bot_rise-884000,human_decline_bot_rise,dynamic_hierarchy,119,hold_current,9d018b9de9fdf567d73f5985050e16b27d8e3d3b4c30531233e5677558244647,established_a-b112,established_a,112,,,,100,,,,,,,,,,,0.73828125,256.0,,,,,,,,,,,,221.0,,,0.24609375,63.0
unconditional_first_payback,demo-human_decline_bot_rise-884000,human_decline_bot_rise,dynamic_hierarchy,119,hold_current,9d018b9de9fdf567d73f5985050e16b27d8e3d3b4c30531233e5677558244647,established_a-b112,established_a,112,,,,100,,,,,,,,,,,0.73828125,256.0,,,,,,,,,,,,222.0,,,0.24609375,63.0
unconditional_first_payback,demo-human_decline_bot_rise-884000,human_decline_bot_rise,dynamic_hierarchy,119,hold_current,9d018b9de9fdf567d73f5985050e16b27d8e3d3b4c30531233e5677558244647,established_a-b112,established_a,112,,,,100,,,,,,,,,,,0.73828125,256.0,,,,,,,,,,,,223.0,,,0.24609375,63.0
unconditional_first_payback,demo-human_decline_bot_rise-884000,human_decline_bot_rise,dynamic_hierarchy,119,hold_current,9d018b9de9fdf567d73f5985050e16b27d8e3d3b4c30531233e5677558244647,established_a-b112,established_a,112,,,,100,,,,,,,,,,,0.73828125,256.0,,,,,,,,,,,,224.0,,,0.24609375,63.0
unconditional_first_payback,demo-human_decline_bot_rise-884000,human_decline_bot_rise,dynamic_hierarchy,119,hold_current,9d018b9de9fdf567d73f5985050e16b27d8e3d3b4c30531233e5677558244647,established_a-b112,established_a,112,,,,100,,,,,,,,,,,0.73828125,256.0,,,,,,,,,,,,225.0,,,0.25,64.0
unconditional_first_payback,demo-human_decline_bot_rise-884000,human_decline_bot_rise,dynamic_hierarchy,119,hold_current,9d018b9de9fdf567d73f5985050e16b27d8e3d3b4c30531233e5677558244647,established_a-b112,established_a,112,,,,100,,,,,,,,,,,0.73828125,256.0,,,,,,,,,,,,226.0,,,0.25390625,65.0
unconditional_first_payback,demo-human_decline_bot_rise-884000,human_decline_bot_rise,dynamic_hierarchy,119,hold_current,9d018b9de9fdf567d73f5985050e16b27d8e3d3b4c30531233e5677558244647,established_a-b112,established_a,112,,,,100,,,,,,,,,,,0.73828125,256.0,,,,,,,,,,,,227.0,,,0.25390625,65.0
unconditional_first_payback,demo-human_decline_bot_rise-884000,human_decline_bot_rise,dynamic_hierarchy,119,hold_current,9d018b9de9fdf567d73f5985050e16b27d8e3d3b4c30531233e5677558244647,established_a-b112,established_a,112,,,,100,,,,,,,,,,,0.73828125,256.0,,,,,,,,,,,,228.0,,,0.25390625,65.0
unconditional_first_payback,demo-human_decline_bot_rise-884000,human_decline_bot_rise,dynamic_hierarchy,119,hold_current,9d018b9de9fdf567d73f5985050e16b27d8e3d3b4c30531233e5677558244647,established_a-b112,established_a,112,,,,100,,,,,,,,,,,0.73828125,256.0,,,,,,,,,,,,229.0,,,0.25390625,65.0
unconditional_first_payback,demo-human_decline_bot_rise-884000,human_decline_bot_rise,dynamic_hierarchy,119,hold_current,9d018b9de9fdf567d73f5985050e16b27d8e3d3b4c30531233e5677558244647,established_a-b112,established_a,112,,,,100,,,,,,,,,,,0.73828125,256.0,,,,,,,,,,,,230.0,,,0.25390625,65.0
unconditional_first_payback,demo-human_decline_bot_rise-884000,human_decline_bot_rise,dynamic_hierarchy,119,hold_current,9d018b9de9fdf567d73f5985050e16b27d8e3d3b4c30531233e5677558244647,established_a-b112,established_a,112,,,,100,,,,,,,,,,,0.73828125,256.0,,,,,,,,,,,,231.0,,,0.25390625,65.0
unconditional_first_payback,demo-human_decline_bot_rise-884000,human_decline_bot_rise,dynamic_hierarchy,119,hold_current,9d018b9de9fdf567d73f5985050e16b27d8e3d3b4c30531233e5677558244647,established_a-b112,established_a,112,,,,100,,,,,,,,,,,0.73828125,256.0,,,,,,,,,,,,232.0,,,0.2578125,66.0
unconditional_first_payback,demo-human_decline_bot_rise-884000,human_decline_bot_rise,dynamic_hierarchy,119,hold_current,9d018b9de9fdf567d73f5985050e16b27d8e3d3b4c30531233e5677558244647,established_a-b112,established_a,112,,,,100,,,,,,,,,,,0.73828125,256.0,,,,,,,,,,,,233.0,,,0.2578125,66.0
unconditional_first_payback,demo-human_decline_bot_rise-884000,human_decline_bot_rise,dynamic_hierarchy,119,hold_current,9d018b9de9fdf567d73f5985050e16b27d8e3d3b4c30531233e5677558244647,established_a-b112,established_a,112,,,,100,,,,,,,,,,,0.73828125,256.0,,,,,,,,,,,,234.0,,,0.2578125,66.0
unconditional_first_payback,demo-human_decline_bot_rise-884000,human_decline_bot_rise,dynamic_hierarchy,119,hold_current,9d018b9de9fdf567d73f5985050e16b27d8e3d3b4c30531233e5677558244647,established_a-b112,established_a,112,,,,100,,,,,,,,,,,0.73828125,256.0,,,,,,,,,,,,235.0,,,0.2578125,66.0
unconditional_first_payback,demo-human_decline_bot_rise-884000,human_decline_bot_rise,dynamic_hierarchy,119,hold_current,9d018b9de9fdf567d73f5985050e16b27d8e3d3b4c30531233e5677558244647,established_a-b112,established_a,112,,,,100,,,,,,,,,,,0.73828125,256.0,,,,,,,,,,,,236.0,,,0.2578125,66.0
unconditional_first_payback,demo-human_decline_bot_rise-884000,human_decline_bot_rise,dynamic_hierarchy,119,hold_current,9d018b9de9fdf567d73f5985050e16b27d8e3d3b4c30531233e5677558244647,established_a-b112,established_a,112,,,,100,,,,,,,,,,,0.73828125,256.0,,,,,,,,,,,,237.0,,,0.2578125,66.0
unconditional_first_payback,demo-human_decline_bot_rise-884000,human_decline_bot_rise,dynamic_hierarchy,119,hold_current,9d018b9de9fdf567d73f5985050e16b27d8e3d3b4c30531233e5677558244647,established_a-b112,established_a,112,,,,100,,,,,,,,,,,0.73828125,256.0,,,,,,,,,,,,238.0,,,0.26171875,67.0
unconditional_first_payback,demo-human_decline_bot_rise-884000,human_decline_bot_rise,dynamic_hierarchy,119,hold_current,9d018b9de9fdf567d73f5985050e16b27d8e3d3b4c30531233e5677558244647,established_a-b112,established_a,112,,,,100,,,,,,,,,,,0.73828125,256.0,,,,,,,,,,,,239.0,,,0.26171875,67.0
unconditional_first_payback,demo-human_decline_bot_rise-884000,human_decline_bot_rise,dynamic_hierarchy,119,hold_current,9d018b9de9fdf567d73f5985050e16b27d8e3d3b4c30531233e5677558244647,established_a-b112,established_a,112,,,,100,,,,,,,,,,,0.73828125,256.0,,,,,,,,,,,,240.0,,,0.26171875,67.0
unconditional_first_payback,demo-human_decline_bot_rise-884000,human_decline_bot_rise,dynamic_hierarchy,119,hold_current,9d018b9de9fdf567d73f5985050e16b27d8e3d3b4c30531233e5677558244647,established_a-b112,established_a,112,,,,100,,,,,,,,,,,0.73828125,256.0,,,,,,,,,,,,241.0,,,0.26171875,67.0
unconditional_first_payback,demo-human_decline_bot_rise-884000,human_decline_bot_rise,dynamic_hierarchy,119,hold_current,9d018b9de9fdf567d73f5985050e16b27d8e3d3b4c30531233e5677558244647,established_a-b112,established_a,112,,,,100,,,,,,,,,,,0.73828125,256.0,,,,,,,,,,,,242.0,,,0.26171875,67.0
unconditional_first_payback,demo-human_decline_bot_rise-884000,human_decline_bot_rise,dynamic_hierarchy,119,hold_current,9d018b9de9fdf567d73f5985050e16b27d8e3d3b4c30531233e5677558244647,established_a-b112,established_a,112,,,,100,,,,,,,,,,,0.73828125,256.0,,,,,,,,,,,,243.0,,,0.26171875,67.0
unconditional_first_payback,demo-human_decline_bot_rise-884000,human_decline_bot_rise,dynamic_hierarchy,119,hold_current,9d018b9de9fdf567d73f5985050e16b27d8e3d3b4c30531233e5677558244647,established_a-b112,established_a,112,,,,100,,,,,,,,,,,0.73828125,256.0,,,,,,,,,,,,244.0,,,0.26171875,67.0
unconditional_first_payback,demo-human_decline_bot_rise-884000,human_decline_bot_rise,dynamic_hierarchy,119,hold_current,9d018b9de9fdf567d73f5985050e16b27d8e3d3b4c30531233e5677558244647,established_a-b112,established_a,112,,,,100,,,,,,,,,,,0.73828125,256.0,,,,,,,,,,,,245.0,,,0.26171875,67.0
unconditional_first_payback,demo-human_decline_bot_rise-884000,human_decline_bot_rise,dynamic_hierarchy,119,hold_current,9d018b9de9fdf567d73f5985050e16b27d8e3d3b4c30531233e5677558244647,established_a-b112,established_a,112,,,,100,,,,,,,,,,,0.73828125,256.0,,,,,,,,,,,,246.0,,,0.26171875,67.0
unconditional_first_payback,demo-human_decline_bot_rise-884000,human_decline_bot_rise,dynamic_hierarchy,119,hold_current,9d018b9de9fdf567d73f5985050e16b27d8e3d3b4c30531233e5677558244647,established_a-b112,established_a,112,,,,100,,,,,,,,,,,0.73828125,256.0,,,,,,,,,,,,247.0,,,0.26171875,67.0
unconditional_first_payback,demo-human_decline_bot_rise-884000,human_decline_bot_rise,dynamic_hierarchy,119,hold_current,9d018b9de9fdf567d73f5985050e16b27d8e3d3b4c30531233e5677558244647,established_a-b112,established_a,112,,,,100,,,,,,,,,,,0.73828125,256.0,,,,,,,,,,,,248.0,,,0.26171875,67.0
unconditional_first_payback,demo-human_decline_bot_rise-884000,human_decline_bot_rise,dynamic_hierarchy,119,hold_current,9d018b9de9fdf567d73f5985050e16b27d8e3d3b4c30531233e5677558244647,established_a-b112,established_a,112,,,,100,,,,,,,,,,,0.73828125,256.0,,,,,,,,,,,,249.0,,,0.26171875,67.0
unconditional_first_payback,demo-human_decline_bot_rise-884000,human_decline_bot_rise,dynamic_hierarchy,119,hold_current,9d018b9de9fdf567d73f5985050e16b27d8e3d3b4c30531233e5677558244647,established_a-b112,established_a,112,,,,100,,,,,,,,,,,0.73828125,256.0,,,,,,,,,,,,250.0,,,0.26171875,67.0
unconditional_first_payback,demo-human_decline_bot_rise-884000,human_decline_bot_rise,dynamic_hierarchy,119,hold_current,9d018b9de9fdf567d73f5985050e16b27d8e3d3b4c30531233e5677558244647,established_a-b112,established_a,112,,,,100,,,,,,,,,,,0.73828125,256.0,,,,,,,,,,,,251.0,,,0.26171875,67.0
unconditional_first_payback,demo-human_decline_bot_rise-884000,human_decline_bot_rise,dynamic_hierarchy,119,hold_current,9d018b9de9fdf567d73f5985050e16b27d8e3d3b4c30531233e5677558244647,established_a-b112,established_a,112,,,,100,,,,,,,,,,,0.73828125,256.0,,,,,,,,,,,,252.0,,,0.26171875,67.0
unconditional_first_payback,demo-human_decline_bot_rise-884000,human_decline_bot_rise,dynamic_hierarchy,119,hold_current,9d018b9de9fdf567d73f5985050e16b27d8e3d3b4c30531233e5677558244647,established_a-b112,established_a,112,,,,100,,,,,,,,,,,0.73828125,256.0,,,,,,,,,,,,253.0,,,0.26171875,67.0
unconditional_first_payback,demo-human_decline_bot_rise-884000,human_decline_bot_rise,dynamic_hierarchy,119,hold_current,9d018b9de9fdf567d73f5985050e16b27d8e3d3b4c30531233e5677558244647,established_a-b112,established_a,112,,,,100,,,,,,,,,,,0.73828125,256.0,,,,,,,,,,,,254.0,,,0.26171875,67.0
unconditional_first_payback,demo-human_decline_bot_rise-884000,human_decline_bot_rise,dynamic_hierarchy,119,hold_current,9d018b9de9fdf567d73f5985050e16b27d8e3d3b4c30531233e5677558244647,established_a-b112,established_a,112,,,,100,,,,,,,,,,,0.73828125,256.0,,,,,,,,,,,,255.0,,,0.26171875,67.0
unconditional_first_payback,demo-human_decline_bot_rise-884000,human_decline_bot_rise,dynamic_hierarchy,119,hold_current,9d018b9de9fdf567d73f5985050e16b27d8e3d3b4c30531233e5677558244647,established_a-b112,established_a,112,,,,100,,,,,,,,,,,0.73828125,256.0,,,,,,,,,,,,256.0,,,0.26171875,67.0
unconditional_first_payback,demo-human_decline_bot_rise-884000,human_decline_bot_rise,dynamic_hierarchy,119,hold_current,9d018b9de9fdf567d73f5985050e16b27d8e3d3b4c30531233e5677558244647,established_a-b112,established_a,112,,,,100,,,,,,,,,,,0.73828125,256.0,,,,,,,,,,,,257.0,,,0.26171875,67.0
unconditional_first_payback,demo-human_decline_bot_rise-884000,human_decline_bot_rise,dynamic_hierarchy,119,hold_current,9d018b9de9fdf567d73f5985050e16b27d8e3d3b4c30531233e5677558244647,established_a-b112,established_a,112,,,,100,,,,,,,,,,,0.73828125,256.0,,,,,,,,,,,,258.0,,,0.26171875,67.0
unconditional_first_payback,demo-human_decline_bot_rise-884000,human_decline_bot_rise,dynamic_hierarchy,119,hold_current,9d018b9de9fdf567d73f5985050e16b27d8e3d3b4c30531233e5677558244647,established_a-b112,established_a,112,,,,100,,,,,,,,,,,0.73828125,256.0,,,,,,,,,,,,259.0,,,0.26171875,67.0
unconditional_first_payback,demo-human_decline_bot_rise-884000,human_decline_bot_rise,dynamic_hierarchy,119,hold_current,9d018b9de9fdf567d73f5985050e16b27d8e3d3b4c30531233e5677558244647,established_a-b112,established_a,112,,,,100,,,,,,,,,,,0.73828125,256.0,,,,,,,,,,,,260.0,,,0.26171875,67.0
unconditional_first_payback,demo-human_decline_bot_rise-884000,human_decline_bot_rise,dynamic_hierarchy,119,hold_current,9d018b9de9fdf567d73f5985050e16b27d8e3d3b4c30531233e5677558244647,established_a-b112,established_a,112,,,,100,,,,,,,,,,,0.73828125,256.0,,,,,,,,,,,,261.0,,,0.26171875,67.0
unconditional_first_payback,demo-human_decline_bot_rise-884000,human_decline_bot_rise,dynamic_hierarchy,119,hold_current,9d018b9de9fdf567d73f5985050e16b27d8e3d3b4c30531233e5677558244647,established_a-b112,established_a,112,,,,100,,,,,,,,,,,0.73828125,256.0,,,,,,,,,,,,262.0,,,0.26171875,67.0
unconditional_first_payback,demo-human_decline_bot_rise-884000,human_decline_bot_rise,dynamic_hierarchy,119,hold_current,9d018b9de9fdf567d73f5985050e16b27d8e3d3b4c30531233e5677558244647,established_a-b112,established_a,112,,,,100,,,,,,,,,,,0.73828125,256.0,,,,,,,,,,,,263.0,,,0.26171875,67.0
unconditional_first_payback,demo-human_decline_bot_rise-884000,human_decline_bot_rise,dynamic_hierarchy,119,hold_current,9d018b9de9fdf567d73f5985050e16b27d8e3d3b4c30531233e5677558244647,established_a-b112,established_a,112,,,,100,,,,,,,,,,,0.73828125,256.0,,,,,,,,,,,,264.0,,,0.26171875,67.0
unconditional_first_payback,demo-human_decline_bot_rise-884000,human_decline_bot_rise,dynamic_hierarchy,119,hold_current,9d018b9de9fdf567d73f5985050e16b27d8e3d3b4c30531233e5677558244647,established_a-b112,established_a,112,,,,100,,,,,,,,,,,0.73828125,256.0,,,,,,,,,,,,265.0,,,0.26171875,67.0
unconditional_first_payback,demo-human_decline_bot_rise-884000,human_decline_bot_rise,dynamic_hierarchy,119,hold_current,9d018b9de9fdf567d73f5985050e16b27d8e3d3b4c30531233e5677558244647,established_a-b112,established_a,112,,,,100,,,,,,,,,,,0.73828125,256.0,,,,,,,,,,,,266.0,,,0.26171875,67.0
unconditional_first_payback,demo-human_decline_bot_rise-884000,human_decline_bot_rise,dynamic_hierarchy,119,hold_current,9d018b9de9fdf567d73f5985050e16b27d8e3d3b4c30531233e5677558244647,established_a-b112,established_a,112,,,,100,,,,,,,,,,,0.73828125,256.0,,,,,,,,,,,,267.0,,,0.26171875,67.0
unconditional_first_payback,demo-human_decline_bot_rise-884000,human_decline_bot_rise,dynamic_hierarchy,119,hold_current,9d018b9de9fdf567d73f5985050e16b27d8e3d3b4c30531233e5677558244647,established_a-b112,established_a,112,,,,100,,,,,,,,,,,0.73828125,256.0,,,,,,,,,,,,268.0,,,0.26171875,67.0
unconditional_first_payback,demo-human_decline_bot_rise-884000,human_decline_bot_rise,dynamic_hierarchy,119,hold_current,9d018b9de9fdf567d73f5985050e16b27d8e3d3b4c30531233e5677558244647,established_a-b112,established_a,112,,,,100,,,,,,,,,,,0.73828125,256.0,,,,,,,,,,,,269.0,,,0.26171875,67.0
unconditional_first_payback,demo-human_decline_bot_rise-884000,human_decline_bot_rise,dynamic_hierarchy,119,hold_current,9d018b9de9fdf567d73f5985050e16b27d8e3d3b4c30531233e5677558244647,established_a-b112,established_a,112,,,,100,,,,,,,,,,,0.73828125,256.0,,,,,,,,,,,,270.0,,,0.26171875,67.0
unconditional_first_payback,demo-human_decline_bot_rise-884000,human_decline_bot_rise,dynamic_hierarchy,119,hold_current,9d018b9de9fdf567d73f5985050e16b27d8e3d3b4c30531233e5677558244647,established_a-b112,established_a,112,,,,100,,,,,,,,,,,0.73828125,256.0,,,,,,,,,,,,271.0,,,0.26171875,67.0
unconditional_first_payback,demo-human_decline_bot_rise-884000,human_decline_bot_rise,dynamic_hierarchy,119,hold_current,9d018b9de9fdf567d73f5985050e16b27d8e3d3b4c30531233e5677558244647,established_a-b112,established_a,112,,,,100,,,,,,,,,,,0.73828125,256.0,,,,,,,,,,,,272.0,,,0.26171875,67.0
unconditional_first_payback,demo-human_decline_bot_rise-884000,human_decline_bot_rise,dynamic_hierarchy,119,hold_current,9d018b9de9fdf567d73f5985050e16b27d8e3d3b4c30531233e5677558244647,established_a-b112,established_a,112,,,,100,,,,,,,,,,,0.73828125,256.0,,,,,,,,,,,,273.0,,,0.26171875,67.0
unconditional_first_payback,demo-human_decline_bot_rise-884000,human_decline_bot_rise,dynamic_hierarchy,119,hold_current,9d018b9de9fdf567d73f5985050e16b27d8e3d3b4c30531233e5677558244647,established_a-b112,established_a,112,,,,100,,,,,,,,,,,0.73828125,256.0,,,,,,,,,,,,274.0,,,0.26171875,67.0
unconditional_first_payback,demo-human_decline_bot_rise-884000,human_decline_bot_rise,dynamic_hierarchy,119,hold_current,9d018b9de9fdf567d73f5985050e16b27d8e3d3b4c30531233e5677558244647,established_a-b112,established_a,112,,,,100,,,,,,,,,,,0.73828125,256.0,,,,,,,,,,,,275.0,,,0.26171875,67.0
unconditional_first_payback,demo-human_decline_bot_rise-884000,human_decline_bot_rise,dynamic_hierarchy,119,hold_current,9d018b9de9fdf567d73f5985050e16b27d8e3d3b4c30531233e5677558244647,established_a-b112,established_a,112,,,,100,,,,,,,,,,,0.73828125,256.0,,,,,,,,,,,,276.0,,,0.26171875,67.0
unconditional_first_payback,demo-human_decline_bot_rise-884000,human_decline_bot_rise,dynamic_hierarchy,119,hold_current,9d018b9de9fdf567d73f5985050e16b27d8e3d3b4c30531233e5677558244647,established_a-b112,established_a,112,,,,100,,,,,,,,,,,0.73828125,256.0,,,,,,,,,,,,277.0,,,0.26171875,67.0
unconditional_first_payback,demo-human_decline_bot_rise-884000,human_decline_bot_rise,dynamic_hierarchy,119,hold_current,9d018b9de9fdf567d73f5985050e16b27d8e3d3b4c30531233e5677558244647,established_a-b112,established_a,112,,,,100,,,,,,,,,,,0.73828125,256.0,,,,,,,,,,,,278.0,,,0.26171875,67.0
unconditional_first_payback,demo-human_decline_bot_rise-884000,human_decline_bot_rise,dynamic_hierarchy,119,hold_current,9d018b9de9fdf567d73f5985050e16b27d8e3d3b4c30531233e5677558244647,established_a-b112,established_a,112,,,,100,,,,,,,,,,,0.73828125,256.0,,,,,,,,,,,,279.0,,,0.26171875,67.0
unconditional_first_payback,demo-human_decline_bot_rise-884000,human_decline_bot_rise,dynamic_hierarchy,119,hold_current,9d018b9de9fdf567d73f5985050e16b27d8e3d3b4c30531233e5677558244647,established_a-b112,established_a,112,,,,100,,,,,,,,,,,0.73828125,256.0,,,,,,,,,,,,280.0,,,0.26171875,67.0
unconditional_first_payback,demo-human_decline_bot_rise-884000,human_decline_bot_rise,dynamic_hierarchy,119,hold_current,9d018b9de9fdf567d73f5985050e16b27d8e3d3b4c30531233e5677558244647,established_a-b112,established_a,112,,,,100,,,,,,,,,,,0.73828125,256.0,,,,,,,,,,,,281.0,,,0.26171875,67.0
unconditional_first_payback,demo-human_decline_bot_rise-884000,human_decline_bot_rise,dynamic_hierarchy,119,hold_current,9d018b9de9fdf567d73f5985050e16b27d8e3d3b4c30531233e5677558244647,established_a-b112,established_a,112,,,,100,,,,,,,,,,,0.73828125,256.0,,,,,,,,,,,,282.0,,,0.26171875,67.0
unconditional_first_payback,demo-human_decline_bot_rise-884000,human_decline_bot_rise,dynamic_hierarchy,119,hold_current,9d018b9de9fdf567d73f5985050e16b27d8e3d3b4c30531233e5677558244647,established_a-b112,established_a,112,,,,100,,,,,,,,,,,0.73828125,256.0,,,,,,,,,,,,283.0,,,0.26171875,67.0
unconditional_first_payback,demo-human_decline_bot_rise-884000,human_decline_bot_rise,dynamic_hierarchy,119,hold_current,9d018b9de9fdf567d73f5985050e16b27d8e3d3b4c30531233e5677558244647,established_a-b112,established_a,112,,,,100,,,,,,,,,,,0.73828125,256.0,,,,,,,,,,,,284.0,,,0.26171875,67.0
unconditional_first_payback,demo-human_decline_bot_rise-884000,human_decline_bot_rise,dynamic_hierarchy,119,hold_current,9d018b9de9fdf567d73f5985050e16b27d8e3d3b4c30531233e5677558244647,established_a-b112,established_a,112,,,,100,,,,,,,,,,,0.73828125,256.0,,,,,,,,,,,,285.0,,,0.26171875,67.0
unconditional_first_payback,demo-human_decline_bot_rise-884000,human_decline_bot_rise,dynamic_hierarchy,119,hold_current,9d018b9de9fdf567d73f5985050e16b27d8e3d3b4c30531233e5677558244647,established_a-b112,established_a,112,,,,100,,,,,,,,,,,0.73828125,256.0,,,,,,,,,,,,286.0,,,0.26171875,67.0
unconditional_first_payback,demo-human_decline_bot_rise-884000,human_decline_bot_rise,dynamic_hierarchy,119,hold_current,9d018b9de9fdf567d73f5985050e16b27d8e3d3b4c30531233e5677558244647,established_a-b112,established_a,112,,,,100,,,,,,,,,,,0.73828125,256.0,,,,,,,,,,,,287.0,,,0.26171875,67.0
unconditional_first_payback,demo-human_decline_bot_rise-884000,human_decline_bot_rise,dynamic_hierarchy,119,hold_current,9d018b9de9fdf567d73f5985050e16b27d8e3d3b4c30531233e5677558244647,established_a-b112,established_a,112,,,,100,,,,,,,,,,,0.73828125,256.0,,,,,,,,,,,,288.0,,,0.26171875,67.0
unconditional_first_payback,demo-human_decline_bot_rise-884000,human_decline_bot_rise,dynamic_hierarchy,119,hold_current,9d018b9de9fdf567d73f5985050e16b27d8e3d3b4c30531233e5677558244647,established_a-b112,established_a,112,,,,100,,,,,,,,,,,0.73828125,256.0,,,,,,,,,,,,289.0,,,0.26171875,67.0
unconditional_first_payback,demo-human_decline_bot_rise-884000,human_decline_bot_rise,dynamic_hierarchy,119,hold_current,9d018b9de9fdf567d73f5985050e16b27d8e3d3b4c30531233e5677558244647,established_a-b112,established_a,112,,,,100,,,,,,,,,,,0.73828125,256.0,,,,,,,,,,,,290.0,,,0.26171875,67.0
unconditional_first_payback,demo-human_decline_bot_rise-884000,human_decline_bot_rise,dynamic_hierarchy,119,hold_current,9d018b9de9fdf567d73f5985050e16b27d8e3d3b4c30531233e5677558244647,established_a-b112,established_a,112,,,,100,,,,,,,,,,,0.73828125,256.0,,,,,,,,,,,,291.0,,,0.26171875,67.0
unconditional_first_payback,demo-human_decline_bot_rise-884000,human_decline_bot_rise,dynamic_hierarchy,119,hold_current,9d018b9de9fdf567d73f5985050e16b27d8e3d3b4c30531233e5677558244647,established_a-b112,established_a,112,,,,100,,,,,,,,,,,0.73828125,256.0,,,,,,,,,,,,292.0,,,0.26171875,67.0
unconditional_first_payback,demo-human_decline_bot_rise-884000,human_decline_bot_rise,dynamic_hierarchy,119,hold_current,9d018b9de9fdf567d73f5985050e16b27d8e3d3b4c30531233e5677558244647,established_a-b112,established_a,112,,,,100,,,,,,,,,,,0.73828125,256.0,,,,,,,,,,,,293.0,,,0.26171875,67.0
unconditional_first_payback,demo-human_decline_bot_rise-884000,human_decline_bot_rise,dynamic_hierarchy,119,hold_current,9d018b9de9fdf567d73f5985050e16b27d8e3d3b4c30531233e5677558244647,established_a-b112,established_a,112,,,,100,,,,,,,,,,,0.73828125,256.0,,,,,,,,,,,,294.0,,,0.26171875,67.0
unconditional_first_payback,demo-human_decline_bot_rise-884000,human_decline_bot_rise,dynamic_hierarchy,119,hold_current,9d018b9de9fdf567d73f5985050e16b27d8e3d3b4c30531233e5677558244647,established_a-b112,established_a,112,,,,100,,,,,,,,,,,0.73828125,256.0,,,,,,,,,,,,295.0,,,0.26171875,67.0
unconditional_first_payback,demo-human_decline_bot_rise-884000,human_decline_bot_rise,dynamic_hierarchy,119,hold_current,9d018b9de9fdf567d73f5985050e16b27d8e3d3b4c30531233e5677558244647,established_a-b112,established_a,112,,,,100,,,,,,,,,,,0.73828125,256.0,,,,,,,,,,,,296.0,,,0.26171875,67.0
unconditional_first_payback,demo-human_decline_bot_rise-884000,human_decline_bot_rise,dynamic_hierarchy,119,hold_current,9d018b9de9fdf567d73f5985050e16b27d8e3d3b4c30531233e5677558244647,established_a-b112,established_a,112,,,,100,,,,,,,,,,,0.73828125,256.0,,,,,,,,,,,,297.0,,,0.26171875,67.0
unconditional_first_payback,demo-human_decline_bot_rise-884000,human_decline_bot_rise,dynamic_hierarchy,119,hold_current,9d018b9de9fdf567d73f5985050e16b27d8e3d3b4c30531233e5677558244647,established_a-b112,established_a,112,,,,100,,,,,,,,,,,0.73828125,256.0,,,,,,,,,,,,298.0,,,0.26171875,67.0
unconditional_first_payback,demo-human_decline_bot_rise-884000,human_decline_bot_rise,dynamic_hierarchy,119,hold_current,9d018b9de9fdf567d73f5985050e16b27d8e3d3b4c30531233e5677558244647,established_a-b112,established_a,112,,,,100,,,,,,,,,,,0.73828125,256.0,,,,,,,,,,,,299.0,,,0.26171875,67.0
unconditional_first_payback,demo-human_decline_bot_rise-884000,human_decline_bot_rise,dynamic_hierarchy,119,hold_current,9d018b9de9fdf567d73f5985050e16b27d8e3d3b4c30531233e5677558244647,established_a-b112,established_a,112,,,,100,,,,,,,,,,,0.73828125,256.0,,,,,,,,,,,,300.0,,,0.26171875,67.0
unconditional_first_payback,demo-human_decline_bot_rise-884000,human_decline_bot_rise,dynamic_hierarchy,119,hold_current,9d018b9de9fdf567d73f5985050e16b27d8e3d3b4c30531233e5677558244647,established_a-b112,established_a,112,,,,100,,,,,,,,,,,0.73828125,256.0,,,,,,,,,,,,301.0,,,0.26171875,67.0
unconditional_first_payback,demo-human_decline_bot_rise-884000,human_decline_bot_rise,dynamic_hierarchy,119,hold_current,9d018b9de9fdf567d73f5985050e16b27d8e3d3b4c30531233e5677558244647,established_a-b112,established_a,112,,,,100,,,,,,,,,,,0.73828125,256.0,,,,,,,,,,,,302.0,,,0.26171875,67.0
unconditional_first_payback,demo-human_decline_bot_rise-884000,human_decline_bot_rise,dynamic_hierarchy,119,hold_current,9d018b9de9fdf567d73f5985050e16b27d8e3d3b4c30531233e5677558244647,established_a-b112,established_a,112,,,,100,,,,,,,,,,,0.73828125,256.0,,,,,,,,,,,,303.0,,,0.26171875,67.0
unconditional_first_payback,demo-human_decline_bot_rise-884000,human_decline_bot_rise,dynamic_hierarchy,119,hold_current,9d018b9de9fdf567d73f5985050e16b27d8e3d3b4c30531233e5677558244647,established_a-b112,established_a,112,,,,100,,,,,,,,,,,0.73828125,256.0,,,,,,,,,,,,304.0,,,0.26171875,67.0
unconditional_first_payback,demo-human_decline_bot_rise-884000,human_decline_bot_rise,dynamic_hierarchy,119,hold_current,9d018b9de9fdf567d73f5985050e16b27d8e3d3b4c30531233e5677558244647,established_a-b112,established_a,112,,,,100,,,,,,,,,,,0.73828125,256.0,,,,,,,,,,,,305.0,,,0.26171875,67.0
unconditional_first_payback,demo-human_decline_bot_rise-884000,human_decline_bot_rise,dynamic_hierarchy,119,hold_current,9d018b9de9fdf567d73f5985050e16b27d8e3d3b4c30531233e5677558244647,established_a-b112,established_a,112,,,,100,,,,,,,,,,,0.73828125,256.0,,,,,,,,,,,,306.0,,,0.26171875,67.0
unconditional_first_payback,demo-human_decline_bot_rise-884000,human_decline_bot_rise,dynamic_hierarchy,119,hold_current,9d018b9de9fdf567d73f5985050e16b27d8e3d3b4c30531233e5677558244647,established_a-b112,established_a,112,,,,100,,,,,,,,,,,0.73828125,256.0,,,,,,,,,,,,307.0,,,0.26171875,67.0
unconditional_first_payback,demo-human_decline_bot_rise-884000,human_decline_bot_rise,dynamic_hierarchy,119,hold_current,9d018b9de9fdf567d73f5985050e16b27d8e3d3b4c30531233e5677558244647,established_a-b112,established_a,112,,,,100,,,,,,,,,,,0.73828125,256.0,,,,,,,,,,,,308.0,,,0.26171875,67.0
unconditional_first_payback,demo-human_decline_bot_rise-884000,human_decline_bot_rise,dynamic_hierarchy,119,hold_current,9d018b9de9fdf567d73f5985050e16b27d8e3d3b4c30531233e5677558244647,established_a-b112,established_a,112,,,,100,,,,,,,,,,,0.73828125,256.0,,,,,,,,,,,,309.0,,,0.26171875,67.0
unconditional_first_payback,demo-human_decline_bot_rise-884000,human_decline_bot_rise,dynamic_hierarchy,119,hold_current,9d018b9de9fdf567d73f5985050e16b27d8e3d3b4c30531233e5677558244647,established_a-b112,established_a,112,,,,100,,,,,,,,,,,0.73828125,256.0,,,,,,,,,,,,310.0,,,0.26171875,67.0
unconditional_first_payback,demo-human_decline_bot_rise-884000,human_decline_bot_rise,dynamic_hierarchy,119,hold_current,9d018b9de9fdf567d73f5985050e16b27d8e3d3b4c30531233e5677558244647,established_a-b112,established_a,112,,,,100,,,,,,,,,,,0.73828125,256.0,,,,,,,,,,,,311.0,,,0.26171875,67.0
unconditional_first_payback,demo-human_decline_bot_rise-884000,human_decline_bot_rise,dynamic_hierarchy,119,hold_current,9d018b9de9fdf567d73f5985050e16b27d8e3d3b4c30531233e5677558244647,established_a-b112,established_a,112,,,,100,,,,,,,,,,,0.73828125,256.0,,,,,,,,,,,,312.0,,,0.26171875,67.0
unconditional_first_payback,demo-human_decline_bot_rise-884000,human_decline_bot_rise,dynamic_hierarchy,119,hold_current,9d018b9de9fdf567d73f5985050e16b27d8e3d3b4c30531233e5677558244647,established_a-b112,established_a,112,,,,100,,,,,,,,,,,0.73828125,256.0,,,,,,,,,,,,313.0,,,0.26171875,67.0
unconditional_first_payback,demo-human_decline_bot_rise-884000,human_decline_bot_rise,dynamic_hierarchy,119,hold_current,9d018b9de9fdf567d73f5985050e16b27d8e3d3b4c30531233e5677558244647,established_a-b112,established_a,112,,,,100,,,,,,,,,,,0.73828125,256.0,,,,,,,,,,,,314.0,,,0.26171875,67.0
unconditional_first_payback,demo-human_decline_bot_rise-884000,human_decline_bot_rise,dynamic_hierarchy,119,hold_current,9d018b9de9fdf567d73f5985050e16b27d8e3d3b4c30531233e5677558244647,established_a-b112,established_a,112,,,,100,,,,,,,,,,,0.73828125,256.0,,,,,,,,,,,,315.0,,,0.26171875,67.0
unconditional_first_payback,demo-human_decline_bot_rise-884000,human_decline_bot_rise,dynamic_hierarchy,119,hold_current,9d018b9de9fdf567d73f5985050e16b27d8e3d3b4c30531233e5677558244647,established_a-b112,established_a,112,,,,100,,,,,,,,,,,0.73828125,256.0,,,,,,,,,,,,316.0,,,0.26171875,67.0
unconditional_first_payback,demo-human_decline_bot_rise-884000,human_decline_bot_rise,dynamic_hierarchy,119,hold_current,9d018b9de9fdf567d73f5985050e16b27d8e3d3b4c30531233e5677558244647,established_a-b112,established_a,112,,,,100,,,,,,,,,,,0.73828125,256.0,,,,,,,,,,,,317.0,,,0.26171875,67.0
unconditional_first_payback,demo-human_decline_bot_rise-884000,human_decline_bot_rise,dynamic_hierarchy,119,hold_current,9d018b9de9fdf567d73f5985050e16b27d8e3d3b4c30531233e5677558244647,established_a-b112,established_a,112,,,,100,,,,,,,,,,,0.73828125,256.0,,,,,,,,,,,,318.0,,,0.26171875,67.0
unconditional_first_payback,demo-human_decline_bot_rise-884000,human_decline_bot_rise,dynamic_hierarchy,119,hold_current,9d018b9de9fdf567d73f5985050e16b27d8e3d3b4c30531233e5677558244647,established_a-b112,established_a,112,,,,100,,,,,,,,,,,0.73828125,256.0,,,,,,,,,,,,319.0,,,0.26171875,67.0
unconditional_first_payback,demo-human_decline_bot_rise-884000,human_decline_bot_rise,dynamic_hierarchy,119,hold_current,9d018b9de9fdf567d73f5985050e16b27d8e3d3b4c30531233e5677558244647,established_a-b112,established_a,112,,,,100,,,,,,,,,,,0.73828125,256.0,,,,,,,,,,,,320.0,,,0.26171875,67.0
unconditional_first_payback,demo-human_decline_bot_rise-884000,human_decline_bot_rise,dynamic_hierarchy,119,hold_current,9d018b9de9fdf567d73f5985050e16b27d8e3d3b4c30531233e5677558244647,established_a-b112,established_a,112,,,,100,,,,,,,,,,,0.73828125,256.0,,,,,,,,,,,,321.0,,,0.26171875,67.0
unconditional_first_payback,demo-human_decline_bot_rise-884000,human_decline_bot_rise,dynamic_hierarchy,119,hold_current,9d018b9de9fdf567d73f5985050e16b27d8e3d3b4c30531233e5677558244647,established_a-b112,established_a,112,,,,100,,,,,,,,,,,0.73828125,256.0,,,,,,,,,,,,322.0,,,0.26171875,67.0
unconditional_first_payback,demo-human_decline_bot_rise-884000,human_decline_bot_rise,dynamic_hierarchy,119,hold_current,9d018b9de9fdf567d73f5985050e16b27d8e3d3b4c30531233e5677558244647,established_a-b112,established_a,112,,,,100,,,,,,,,,,,0.73828125,256.0,,,,,,,,,,,,323.0,,,0.26171875,67.0
unconditional_first_payback,demo-human_decline_bot_rise-884000,human_decline_bot_rise,dynamic_hierarchy,119,hold_current,9d018b9de9fdf567d73f5985050e16b27d8e3d3b4c30531233e5677558244647,established_a-b112,established_a,112,,,,100,,,,,,,,,,,0.73828125,256.0,,,,,,,,,,,,324.0,,,0.26171875,67.0
unconditional_first_payback,demo-human_decline_bot_rise-884000,human_decline_bot_rise,dynamic_hierarchy,119,hold_current,9d018b9de9fdf567d73f5985050e16b27d8e3d3b4c30531233e5677558244647,established_a-b112,established_a,112,,,,100,,,,,,,,,,,0.73828125,256.0,,,,,,,,,,,,325.0,,,0.26171875,67.0
unconditional_first_payback,demo-human_decline_bot_rise-884000,human_decline_bot_rise,dynamic_hierarchy,119,hold_current,9d018b9de9fdf567d73f5985050e16b27d8e3d3b4c30531233e5677558244647,established_a-b112,established_a,112,,,,100,,,,,,,,,,,0.73828125,256.0,,,,,,,,,,,,326.0,,,0.26171875,67.0
unconditional_first_payback,demo-human_decline_bot_rise-884000,human_decline_bot_rise,dynamic_hierarchy,119,hold_current,9d018b9de9fdf567d73f5985050e16b27d8e3d3b4c30531233e5677558244647,established_a-b112,established_a,112,,,,100,,,,,,,,,,,0.73828125,256.0,,,,,,,,,,,,327.0,,,0.26171875,67.0
unconditional_first_payback,demo-human_decline_bot_rise-884000,human_decline_bot_rise,dynamic_hierarchy,119,hold_current,9d018b9de9fdf567d73f5985050e16b27d8e3d3b4c30531233e5677558244647,established_a-b112,established_a,112,,,,100,,,,,,,,,,,0.73828125,256.0,,,,,,,,,,,,328.0,,,0.26171875,67.0
unconditional_first_payback,demo-human_decline_bot_rise-884000,human_decline_bot_rise,dynamic_hierarchy,119,hold_current,9d018b9de9fdf567d73f5985050e16b27d8e3d3b4c30531233e5677558244647,established_a-b112,established_a,112,,,,100,,,,,,,,,,,0.73828125,256.0,,,,,,,,,,,,329.0,,,0.26171875,67.0
unconditional_first_payback,demo-human_decline_bot_rise-884000,human_decline_bot_rise,dynamic_hierarchy,119,hold_current,9d018b9de9fdf567d73f5985050e16b27d8e3d3b4c30531233e5677558244647,established_a-b112,established_a,112,,,,100,,,,,,,,,,,0.73828125,256.0,,,,,,,,,,,,330.0,,,0.26171875,67.0
unconditional_first_payback,demo-human_decline_bot_rise-884000,human_decline_bot_rise,dynamic_hierarchy,119,hold_current,9d018b9de9fdf567d73f5985050e16b27d8e3d3b4c30531233e5677558244647,established_a-b112,established_a,112,,,,100,,,,,,,,,,,0.73828125,256.0,,,,,,,,,,,,331.0,,,0.26171875,67.0
unconditional_first_payback,demo-human_decline_bot_rise-884000,human_decline_bot_rise,dynamic_hierarchy,119,hold_current,9d018b9de9fdf567d73f5985050e16b27d8e3d3b4c30531233e5677558244647,established_a-b112,established_a,112,,,,100,,,,,,,,,,,0.73828125,256.0,,,,,,,,,,,,332.0,,,0.26171875,67.0
unconditional_first_payback,demo-human_decline_bot_rise-884000,human_decline_bot_rise,dynamic_hierarchy,119,hold_current,9d018b9de9fdf567d73f5985050e16b27d8e3d3b4c30531233e5677558244647,established_a-b112,established_a,112,,,,100,,,,,,,,,,,0.73828125,256.0,,,,,,,,,,,,333.0,,,0.26171875,67.0
unconditional_first_payback,demo-human_decline_bot_rise-884000,human_decline_bot_rise,dynamic_hierarchy,119,hold_current,9d018b9de9fdf567d73f5985050e16b27d8e3d3b4c30531233e5677558244647,established_a-b112,established_a,112,,,,100,,,,,,,,,,,0.73828125,256.0,,,,,,,,,,,,334.0,,,0.26171875,67.0
unconditional_first_payback,demo-human_decline_bot_rise-884000,human_decline_bot_rise,dynamic_hierarchy,119,hold_current,9d018b9de9fdf567d73f5985050e16b27d8e3d3b4c30531233e5677558244647,established_a-b112,established_a,112,,,,100,,,,,,,,,,,0.73828125,256.0,,,,,,,,,,,,335.0,,,0.26171875,67.0
unconditional_first_payback,demo-human_decline_bot_rise-884000,human_decline_bot_rise,dynamic_hierarchy,119,hold_current,9d018b9de9fdf567d73f5985050e16b27d8e3d3b4c30531233e5677558244647,established_a-b112,established_a,112,,,,100,,,,,,,,,,,0.73828125,256.0,,,,,,,,,,,,336.0,,,0.26171875,67.0
unconditional_first_payback,demo-human_decline_bot_rise-884000,human_decline_bot_rise,dynamic_hierarchy,119,hold_current,9d018b9de9fdf567d73f5985050e16b27d8e3d3b4c30531233e5677558244647,established_a-b112,established_a,112,,,,100,,,,,,,,,,,0.73828125,256.0,,,,,,,,,,,,337.0,,,0.26171875,67.0
unconditional_first_payback,demo-human_decline_bot_rise-884000,human_decline_bot_rise,dynamic_hierarchy,119,hold_current,9d018b9de9fdf567d73f5985050e16b27d8e3d3b4c30531233e5677558244647,established_a-b112,established_a,112,,,,100,,,,,,,,,,,0.73828125,256.0,,,,,,,,,,,,338.0,,,0.26171875,67.0
unconditional_first_payback,demo-human_decline_bot_rise-884000,human_decline_bot_rise,dynamic_hierarchy,119,hold_current,9d018b9de9fdf567d73f5985050e16b27d8e3d3b4c30531233e5677558244647,established_a-b112,established_a,112,,,,100,,,,,,,,,,,0.73828125,256.0,,,,,,,,,,,,339.0,,,0.26171875,67.0
unconditional_first_payback,demo-human_decline_bot_rise-884000,human_decline_bot_rise,dynamic_hierarchy,119,hold_current,9d018b9de9fdf567d73f5985050e16b27d8e3d3b4c30531233e5677558244647,established_a-b112,established_a,112,,,,100,,,,,,,,,,,0.73828125,256.0,,,,,,,,,,,,340.0,,,0.26171875,67.0
unconditional_first_payback,demo-human_decline_bot_rise-884000,human_decline_bot_rise,dynamic_hierarchy,119,hold_current,9d018b9de9fdf567d73f5985050e16b27d8e3d3b4c30531233e5677558244647,established_a-b112,established_a,112,,,,100,,,,,,,,,,,0.73828125,256.0,,,,,,,,,,,,341.0,,,0.26171875,67.0
unconditional_first_payback,demo-human_decline_bot_rise-884000,human_decline_bot_rise,dynamic_hierarchy,119,hold_current,9d018b9de9fdf567d73f5985050e16b27d8e3d3b4c30531233e5677558244647,established_a-b112,established_a,112,,,,100,,,,,,,,,,,0.73828125,256.0,,,,,,,,,,,,342.0,,,0.26171875,67.0
unconditional_first_payback,demo-human_decline_bot_rise-884000,human_decline_bot_rise,dynamic_hierarchy,119,hold_current,9d018b9de9fdf567d73f5985050e16b27d8e3d3b4c30531233e5677558244647,established_a-b112,established_a,112,,,,100,,,,,,,,,,,0.73828125,256.0,,,,,,,,,,,,343.0,,,0.26171875,67.0
unconditional_first_payback,demo-human_decline_bot_rise-884000,human_decline_bot_rise,dynamic_hierarchy,119,hold_current,9d018b9de9fdf567d73f5985050e16b27d8e3d3b4c30531233e5677558244647,established_a-b112,established_a,112,,,,100,,,,,,,,,,,0.73828125,256.0,,,,,,,,,,,,344.0,,,0.26171875,67.0
unconditional_first_payback,demo-human_decline_bot_rise-884000,human_decline_bot_rise,dynamic_hierarchy,119,hold_current,9d018b9de9fdf567d73f5985050e16b27d8e3d3b4c30531233e5677558244647,established_a-b112,established_a,112,,,,100,,,,,,,,,,,0.73828125,256.0,,,,,,,,,,,,345.0,,,0.26171875,67.0
unconditional_first_payback,demo-human_decline_bot_rise-884000,human_decline_bot_rise,dynamic_hierarchy,119,hold_current,9d018b9de9fdf567d73f5985050e16b27d8e3d3b4c30531233e5677558244647,established_a-b112,established_a,112,,,,100,,,,,,,,,,,0.73828125,256.0,,,,,,,,,,,,346.0,,,0.26171875,67.0
unconditional_first_payback,demo-human_decline_bot_rise-884000,human_decline_bot_rise,dynamic_hierarchy,119,hold_current,9d018b9de9fdf567d73f5985050e16b27d8e3d3b4c30531233e5677558244647,established_a-b112,established_a,112,,,,100,,,,,,,,,,,0.73828125,256.0,,,,,,,,,,,,347.0,,,0.26171875,67.0
unconditional_first_payback,demo-human_decline_bot_rise-884000,human_decline_bot_rise,dynamic_hierarchy,119,hold_current,9d018b9de9fdf567d73f5985050e16b27d8e3d3b4c30531233e5677558244647,established_a-b112,established_a,112,,,,100,,,,,,,,,,,0.73828125,256.0,,,,,,,,,,,,348.0,,,0.26171875,67.0
unconditional_first_payback,demo-human_decline_bot_rise-884000,human_decline_bot_rise,dynamic_hierarchy,119,hold_current,9d018b9de9fdf567d73f5985050e16b27d8e3d3b4c30531233e5677558244647,established_a-b112,established_a,112,,,,100,,,,,,,,,,,0.73828125,256.0,,,,,,,,,,,,349.0,,,0.26171875,67.0
unconditional_first_payback,demo-human_decline_bot_rise-884000,human_decline_bot_rise,dynamic_hierarchy,119,hold_current,9d018b9de9fdf567d73f5985050e16b27d8e3d3b4c30531233e5677558244647,established_a-b112,established_a,112,,,,100,,,,,,,,,,,0.73828125,256.0,,,,,,,,,,,,350.0,,,0.26171875,67.0
unconditional_first_payback,demo-human_decline_bot_rise-884000,human_decline_bot_rise,dynamic_hierarchy,119,hold_current,9d018b9de9fdf567d73f5985050e16b27d8e3d3b4c30531233e5677558244647,established_a-b112,established_a,112,,,,100,,,,,,,,,,,0.73828125,256.0,,,,,,,,,,,,351.0,,,0.26171875,67.0
unconditional_first_payback,demo-human_decline_bot_rise-884000,human_decline_bot_rise,dynamic_hierarchy,119,hold_current,9d018b9de9fdf567d73f5985050e16b27d8e3d3b4c30531233e5677558244647,established_a-b112,established_a,112,,,,100,,,,,,,,,,,0.73828125,256.0,,,,,,,,,,,,352.0,,,0.26171875,67.0
unconditional_first_payback,demo-human_decline_bot_rise-884000,human_decline_bot_rise,dynamic_hierarchy,119,hold_current,9d018b9de9fdf567d73f5985050e16b27d8e3d3b4c30531233e5677558244647,established_a-b112,established_a,112,,,,100,,,,,,,,,,,0.73828125,256.0,,,,,,,,,,,,353.0,,,0.26171875,67.0
unconditional_first_payback,demo-human_decline_bot_rise-884000,human_decline_bot_rise,dynamic_hierarchy,119,hold_current,9d018b9de9fdf567d73f5985050e16b27d8e3d3b4c30531233e5677558244647,established_a-b112,established_a,112,,,,100,,,,,,,,,,,0.73828125,256.0,,,,,,,,,,,,354.0,,,0.26171875,67.0
unconditional_first_payback,demo-human_decline_bot_rise-884000,human_decline_bot_rise,dynamic_hierarchy,119,hold_current,9d018b9de9fdf567d73f5985050e16b27d8e3d3b4c30531233e5677558244647,established_a-b112,established_a,112,,,,100,,,,,,,,,,,0.73828125,256.0,,,,,,,,,,,,355.0,,,0.26171875,67.0
unconditional_first_payback,demo-human_decline_bot_rise-884000,human_decline_bot_rise,dynamic_hierarchy,119,hold_current,9d018b9de9fdf567d73f5985050e16b27d8e3d3b4c30531233e5677558244647,established_a-b112,established_a,112,,,,100,,,,,,,,,,,0.73828125,256.0,,,,,,,,,,,,356.0,,,0.26171875,67.0
unconditional_first_payback,demo-human_decline_bot_rise-884000,human_decline_bot_rise,dynamic_hierarchy,119,hold_current,9d018b9de9fdf567d73f5985050e16b27d8e3d3b4c30531233e5677558244647,established_a-b112,established_a,112,,,,100,,,,,,,,,,,0.73828125,256.0,,,,,,,,,,,,357.0,,,0.26171875,67.0
unconditional_first_payback,demo-human_decline_bot_rise-884000,human_decline_bot_rise,dynamic_hierarchy,119,hold_current,9d018b9de9fdf567d73f5985050e16b27d8e3d3b4c30531233e5677558244647,established_a-b112,established_a,112,,,,100,,,,,,,,,,,0.73828125,256.0,,,,,,,,,,,,358.0,,,0.26171875,67.0
unconditional_first_payback,demo-human_decline_bot_rise-884000,human_decline_bot_rise,dynamic_hierarchy,119,hold_current,9d018b9de9fdf567d73f5985050e16b27d8e3d3b4c30531233e5677558244647,established_a-b112,established_a,112,,,,100,,,,,,,,,,,0.73828125,256.0,,,,,,,,,,,,359.0,,,0.26171875,67.0
unconditional_first_payback,demo-human_decline_bot_rise-884000,human_decline_bot_rise,dynamic_hierarchy,119,hold_current,9d018b9de9fdf567d73f5985050e16b27d8e3d3b4c30531233e5677558244647,established_a-b112,established_a,112,,,,100,,,,,,,,,,,0.73828125,256.0,,,,,,,,,,,,360.0,,,0.26171875,67.0
unconditional_first_payback,demo-human_decline_bot_rise-884000,human_decline_bot_rise,dynamic_hierarchy,119,hold_current,9d018b9de9fdf567d73f5985050e16b27d8e3d3b4c30531233e5677558244647,established_a-b112,established_a,112,,,,100,,,,,,,,,,,0.73828125,256.0,,,,,,,,,,,,361.0,,,0.26171875,67.0
unconditional_first_payback,demo-human_decline_bot_rise-884000,human_decline_bot_rise,dynamic_hierarchy,119,hold_current,9d018b9de9fdf567d73f5985050e16b27d8e3d3b4c30531233e5677558244647,established_a-b112,established_a,112,,,,100,,,,,,,,,,,0.73828125,256.0,,,,,,,,,,,,362.0,,,0.26171875,67.0
unconditional_first_payback,demo-human_decline_bot_rise-884000,human_decline_bot_rise,dynamic_hierarchy,119,hold_current,9d018b9de9fdf567d73f5985050e16b27d8e3d3b4c30531233e5677558244647,established_a-b112,established_a,112,,,,100,,,,,,,,,,,0.73828125,256.0,,,,,,,,,,,,363.0,,,0.26171875,67.0
unconditional_first_payback,demo-human_decline_bot_rise-884000,human_decline_bot_rise,dynamic_hierarchy,119,hold_current,9d018b9de9fdf567d73f5985050e16b27d8e3d3b4c30531233e5677558244647,established_a-b112,established_a,112,,,,100,,,,,,,,,,,0.73828125,256.0,,,,,,,,,,,,364.0,,,0.26171875,67.0
unconditional_first_payback,demo-human_decline_bot_rise-884000,human_decline_bot_rise,dynamic_hierarchy,119,hold_current,9d018b9de9fdf567d73f5985050e16b27d8e3d3b4c30531233e5677558244647,established_a-b112,established_a,112,,,,100,,,,,,,,,,,0.73828125,256.0,,,,,,,,,,,,365.0,,,0.26171875,67.0
unconditional_first_payback,demo-human_decline_bot_rise-884000,human_decline_bot_rise,dynamic_hierarchy,119,hold_current,9d018b9de9fdf567d73f5985050e16b27d8e3d3b4c30531233e5677558244647,established_a-b112,established_a,112,,,,100,,,,,,,,,,,0.73828125,256.0,,,,,,,,,,,,366.0,,,0.26171875,67.0
unconditional_first_payback,demo-human_decline_bot_rise-884000,human_decline_bot_rise,dynamic_hierarchy,119,hold_current,9d018b9de9fdf567d73f5985050e16b27d8e3d3b4c30531233e5677558244647,established_a-b112,established_a,112,,,,100,,,,,,,,,,,0.73828125,256.0,,,,,,,,,,,,367.0,,,0.26171875,67.0
unconditional_first_payback,demo-human_decline_bot_rise-884000,human_decline_bot_rise,dynamic_hierarchy,119,hold_current,9d018b9de9fdf567d73f5985050e16b27d8e3d3b4c30531233e5677558244647,established_a-b112,established_a,112,,,,100,,,,,,,,,,,0.73828125,256.0,,,,,,,,,,,,368.0,,,0.26171875,67.0
unconditional_first_payback,demo-human_decline_bot_rise-884000,human_decline_bot_rise,dynamic_hierarchy,119,hold_current,9d018b9de9fdf567d73f5985050e16b27d8e3d3b4c30531233e5677558244647,established_a-b112,established_a,112,,,,100,,,,,,,,,,,0.73828125,256.0,,,,,,,,,,,,369.0,,,0.26171875,67.0
unconditional_first_payback,demo-human_decline_bot_rise-884000,human_decline_bot_rise,dynamic_hierarchy,119,hold_current,9d018b9de9fdf567d73f5985050e16b27d8e3d3b4c30531233e5677558244647,established_a-b112,established_a,112,,,,100,,,,,,,,,,,0.73828125,256.0,,,,,,,,,,,,370.0,,,0.26171875,67.0
unconditional_first_payback,demo-human_decline_bot_rise-884000,human_decline_bot_rise,dynamic_hierarchy,119,hold_current,9d018b9de9fdf567d73f5985050e16b27d8e3d3b4c30531233e5677558244647,established_a-b112,established_a,112,,,,100,,,,,,,,,,,0.73828125,256.0,,,,,,,,,,,,371.0,,,0.26171875,67.0
unconditional_first_payback,demo-human_decline_bot_rise-884000,human_decline_bot_rise,dynamic_hierarchy,119,hold_current,9d018b9de9fdf567d73f5985050e16b27d8e3d3b4c30531233e5677558244647,established_a-b112,established_a,112,,,,100,,,,,,,,,,,0.73828125,256.0,,,,,,,,,,,,372.0,,,0.26171875,67.0
unconditional_first_payback,demo-human_decline_bot_rise-884000,human_decline_bot_rise,dynamic_hierarchy,119,hold_current,9d018b9de9fdf567d73f5985050e16b27d8e3d3b4c30531233e5677558244647,established_a-b112,established_a,112,,,,100,,,,,,,,,,,0.73828125,256.0,,,,,,,,,,,,373.0,,,0.26171875,67.0
unconditional_first_payback,demo-human_decline_bot_rise-884000,human_decline_bot_rise,dynamic_hierarchy,119,hold_current,9d018b9de9fdf567d73f5985050e16b27d8e3d3b4c30531233e5677558244647,established_a-b112,established_a,112,,,,100,,,,,,,,,,,0.73828125,256.0,,,,,,,,,,,,374.0,,,0.26171875,67.0
unconditional_first_payback,demo-human_decline_bot_rise-884000,human_decline_bot_rise,dynamic_hierarchy,119,hold_current,9d018b9de9fdf567d73f5985050e16b27d8e3d3b4c30531233e5677558244647,established_a-b112,established_a,112,,,,100,,,,,,,,,,,0.73828125,256.0,,,,,,,,,,,,375.0,,,0.26171875,67.0
unconditional_first_payback,demo-human_decline_bot_rise-884000,human_decline_bot_rise,dynamic_hierarchy,119,hold_current,9d018b9de9fdf567d73f5985050e16b27d8e3d3b4c30531233e5677558244647,established_a-b112,established_a,112,,,,100,,,,,,,,,,,0.73828125,256.0,,,,,,,,,,,,376.0,,,0.26171875,67.0
unconditional_first_payback,demo-human_decline_bot_rise-884000,human_decline_bot_rise,dynamic_hierarchy,119,hold_current,9d018b9de9fdf567d73f5985050e16b27d8e3d3b4c30531233e5677558244647,established_a-b112,established_a,112,,,,100,,,,,,,,,,,0.73828125,256.0,,,,,,,,,,,,377.0,,,0.26171875,67.0
unconditional_first_payback,demo-human_decline_bot_rise-884000,human_decline_bot_rise,dynamic_hierarchy,119,hold_current,9d018b9de9fdf567d73f5985050e16b27d8e3d3b4c30531233e5677558244647,established_a-b112,established_a,112,,,,100,,,,,,,,,,,0.73828125,256.0,,,,,,,,,,,,378.0,,,0.26171875,67.0
unconditional_first_payback,demo-human_decline_bot_rise-884000,human_decline_bot_rise,dynamic_hierarchy,119,hold_current,9d018b9de9fdf567d73f5985050e16b27d8e3d3b4c30531233e5677558244647,established_a-b112,established_a,112,,,,100,,,,,,,,,,,0.73828125,256.0,,,,,,,,,,,,379.0,,,0.26171875,67.0
unconditional_first_payback,demo-human_decline_bot_rise-884000,human_decline_bot_rise,dynamic_hierarchy,119,hold_current,9d018b9de9fdf567d73f5985050e16b27d8e3d3b4c30531233e5677558244647,established_a-b112,established_a,112,,,,100,,,,,,,,,,,0.73828125,256.0,,,,,,,,,,,,380.0,,,0.26171875,67.0
unconditional_first_payback,demo-human_decline_bot_rise-884000,human_decline_bot_rise,dynamic_hierarchy,119,hold_current,9d018b9de9fdf567d73f5985050e16b27d8e3d3b4c30531233e5677558244647,established_a-b112,established_a,112,,,,100,,,,,,,,,,,0.73828125,256.0,,,,,,,,,,,,381.0,,,0.26171875,67.0
unconditional_first_payback,demo-human_decline_bot_rise-884000,human_decline_bot_rise,dynamic_hierarchy,119,hold_current,9d018b9de9fdf567d73f5985050e16b27d8e3d3b4c30531233e5677558244647,established_a-b112,established_a,112,,,,100,,,,,,,,,,,0.73828125,256.0,,,,,,,,,,,,382.0,,,0.26171875,67.0
unconditional_first_payback,demo-human_decline_bot_rise-884000,human_decline_bot_rise,dynamic_hierarchy,119,hold_current,9d018b9de9fdf567d73f5985050e16b27d8e3d3b4c30531233e5677558244647,established_a-b112,established_a,112,,,,100,,,,,,,,,,,0.73828125,256.0,,,,,,,,,,,,383.0,,,0.26171875,67.0
unconditional_first_payback,demo-human_decline_bot_rise-884000,human_decline_bot_rise,dynamic_hierarchy,119,hold_current,9d018b9de9fdf567d73f5985050e16b27d8e3d3b4c30531233e5677558244647,established_a-b112,established_a,112,,,,100,,,,,,,,,,,0.73828125,256.0,,,,,,,,,,,,384.0,,,0.26171875,67.0
unconditional_first_payback,demo-human_decline_bot_rise-884000,human_decline_bot_rise,dynamic_hierarchy,119,hold_current,9d018b9de9fdf567d73f5985050e16b27d8e3d3b4c30531233e5677558244647,established_a-b112,established_a,112,,,,100,,,,,,,,,,,0.73828125,256.0,,,,,,,,,,,,385.0,,,0.26171875,67.0
unconditional_first_payback,demo-human_decline_bot_rise-884000,human_decline_bot_rise,dynamic_hierarchy,119,hold_current,9d018b9de9fdf567d73f5985050e16b27d8e3d3b4c30531233e5677558244647,established_a-b112,established_a,112,,,,100,,,,,,,,,,,0.73828125,256.0,,,,,,,,,,,,386.0,,,0.26171875,67.0
unconditional_first_payback,demo-human_decline_bot_rise-884000,human_decline_bot_rise,dynamic_hierarchy,119,hold_current,9d018b9de9fdf567d73f5985050e16b27d8e3d3b4c30531233e5677558244647,established_a-b112,established_a,112,,,,100,,,,,,,,,,,0.73828125,256.0,,,,,,,,,,,,387.0,,,0.26171875,67.0
unconditional_first_payback,demo-human_decline_bot_rise-884000,human_decline_bot_rise,dynamic_hierarchy,119,hold_current,9d018b9de9fdf567d73f5985050e16b27d8e3d3b4c30531233e5677558244647,established_a-b112,established_a,112,,,,100,,,,,,,,,,,0.73828125,256.0,,,,,,,,,,,,388.0,,,0.26171875,67.0
unconditional_first_payback,demo-human_decline_bot_rise-884000,human_decline_bot_rise,dynamic_hierarchy,119,hold_current,9d018b9de9fdf567d73f5985050e16b27d8e3d3b4c30531233e5677558244647,established_a-b112,established_a,112,,,,100,,,,,,,,,,,0.73828125,256.0,,,,,,,,,,,,389.0,,,0.26171875,67.0
unconditional_first_payback,demo-human_decline_bot_rise-884000,human_decline_bot_rise,dynamic_hierarchy,119,hold_current,9d018b9de9fdf567d73f5985050e16b27d8e3d3b4c30531233e5677558244647,established_a-b112,established_a,112,,,,100,,,,,,,,,,,0.73828125,256.0,,,,,,,,,,,,390.0,,,0.26171875,67.0
unconditional_first_payback,demo-human_decline_bot_rise-884000,human_decline_bot_rise,dynamic_hierarchy,119,hold_current,9d018b9de9fdf567d73f5985050e16b27d8e3d3b4c30531233e5677558244647,established_a-b112,established_a,112,,,,100,,,,,,,,,,,0.73828125,256.0,,,,,,,,,,,,391.0,,,0.26171875,67.0
unconditional_first_payback,demo-human_decline_bot_rise-884000,human_decline_bot_rise,dynamic_hierarchy,119,hold_current,9d018b9de9fdf567d73f5985050e16b27d8e3d3b4c30531233e5677558244647,established_a-b112,established_a,112,,,,100,,,,,,,,,,,0.73828125,256.0,,,,,,,,,,,,392.0,,,0.26171875,67.0
unconditional_first_payback,demo-human_decline_bot_rise-884000,human_decline_bot_rise,dynamic_hierarchy,119,hold_current,9d018b9de9fdf567d73f5985050e16b27d8e3d3b4c30531233e5677558244647,established_a-b112,established_a,112,,,,100,,,,,,,,,,,0.73828125,256.0,,,,,,,,,,,,393.0,,,0.26171875,67.0
unconditional_first_payback,demo-human_decline_bot_rise-884000,human_decline_bot_rise,dynamic_hierarchy,119,hold_current,9d018b9de9fdf567d73f5985050e16b27d8e3d3b4c30531233e5677558244647,established_a-b112,established_a,112,,,,100,,,,,,,,,,,0.73828125,256.0,,,,,,,,,,,,394.0,,,0.26171875,67.0
unconditional_first_payback,demo-human_decline_bot_rise-884000,human_decline_bot_rise,dynamic_hierarchy,119,hold_current,9d018b9de9fdf567d73f5985050e16b27d8e3d3b4c30531233e5677558244647,established_a-b112,established_a,112,,,,100,,,,,,,,,,,0.73828125,256.0,,,,,,,,,,,,395.0,,,0.26171875,67.0
unconditional_first_payback,demo-human_decline_bot_rise-884000,human_decline_bot_rise,dynamic_hierarchy,119,hold_current,9d018b9de9fdf567d73f5985050e16b27d8e3d3b4c30531233e5677558244647,established_a-b112,established_a,112,,,,100,,,,,,,,,,,0.73828125,256.0,,,,,,,,,,,,396.0,,,0.26171875,67.0
unconditional_first_payback,demo-human_decline_bot_rise-884000,human_decline_bot_rise,dynamic_hierarchy,119,hold_current,9d018b9de9fdf567d73f5985050e16b27d8e3d3b4c30531233e5677558244647,established_a-b112,established_a,112,,,,100,,,,,,,,,,,0.73828125,256.0,,,,,,,,,,,,397.0,,,0.26171875,67.0
unconditional_first_payback,demo-human_decline_bot_rise-884000,human_decline_bot_rise,dynamic_hierarchy,119,hold_current,9d018b9de9fdf567d73f5985050e16b27d8e3d3b4c30531233e5677558244647,established_a-b112,established_a,112,,,,100,,,,,,,,,,,0.73828125,256.0,,,,,,,,,,,,398.0,,,0.26171875,67.0
unconditional_first_payback,demo-human_decline_bot_rise-884000,human_decline_bot_rise,dynamic_hierarchy,119,hold_current,9d018b9de9fdf567d73f5985050e16b27d8e3d3b4c30531233e5677558244647,established_a-b112,established_a,112,,,,100,,,,,,,,,,,0.73828125,256.0,,,,,,,,,,,,399.0,,,0.26171875,67.0
unconditional_first_payback,demo-human_decline_bot_rise-884000,human_decline_bot_rise,dynamic_hierarchy,119,hold_current,9d018b9de9fdf567d73f5985050e16b27d8e3d3b4c30531233e5677558244647,established_a-b112,established_a,112,,,,100,,,,,,,,,,,0.73828125,256.0,,,,,,,,,,,,400.0,,,0.26171875,67.0
unconditional_first_payback,demo-human_decline_bot_rise-884000,human_decline_bot_rise,dynamic_hierarchy,119,hold_current,9d018b9de9fdf567d73f5985050e16b27d8e3d3b4c30531233e5677558244647,established_a-b112,established_a,112,,,,100,,,,,,,,,,,0.73828125,256.0,,,,,,,,,,,,401.0,,,0.26171875,67.0
unconditional_first_payback,demo-human_decline_bot_rise-884000,human_decline_bot_rise,dynamic_hierarchy,119,hold_current,9d018b9de9fdf567d73f5985050e16b27d8e3d3b4c30531233e5677558244647,established_a-b112,established_a,112,,,,100,,,,,,,,,,,0.73828125,256.0,,,,,,,,,,,,402.0,,,0.26171875,67.0
unconditional_first_payback,demo-human_decline_bot_rise-884000,human_decline_bot_rise,dynamic_hierarchy,119,hold_current,9d018b9de9fdf567d73f5985050e16b27d8e3d3b4c30531233e5677558244647,established_a-b112,established_a,112,,,,100,,,,,,,,,,,0.73828125,256.0,,,,,,,,,,,,403.0,,,0.26171875,67.0
unconditional_first_payback,demo-human_decline_bot_rise-884000,human_decline_bot_rise,dynamic_hierarchy,119,hold_current,9d018b9de9fdf567d73f5985050e16b27d8e3d3b4c30531233e5677558244647,established_a-b112,established_a,112,,,,100,,,,,,,,,,,0.73828125,256.0,,,,,,,,,,,,404.0,,,0.26171875,67.0
unconditional_first_payback,demo-human_decline_bot_rise-884000,human_decline_bot_rise,dynamic_hierarchy,119,hold_current,9d018b9de9fdf567d73f5985050e16b27d8e3d3b4c30531233e5677558244647,established_a-b112,established_a,112,,,,100,,,,,,,,,,,0.73828125,256.0,,,,,,,,,,,,405.0,,,0.26171875,67.0
unconditional_first_payback,demo-human_decline_bot_rise-884000,human_decline_bot_rise,dynamic_hierarchy,119,hold_current,9d018b9de9fdf567d73f5985050e16b27d8e3d3b4c30531233e5677558244647,established_a-b112,established_a,112,,,,100,,,,,,,,,,,0.73828125,256.0,,,,,,,,,,,,406.0,,,0.26171875,67.0
unconditional_first_payback,demo-human_decline_bot_rise-884000,human_decline_bot_rise,dynamic_hierarchy,119,hold_current,9d018b9de9fdf567d73f5985050e16b27d8e3d3b4c30531233e5677558244647,established_a-b112,established_a,112,,,,100,,,,,,,,,,,0.73828125,256.0,,,,,,,,,,,,407.0,,,0.26171875,67.0
unconditional_first_payback,demo-human_decline_bot_rise-884000,human_decline_bot_rise,dynamic_hierarchy,119,hold_current,9d018b9de9fdf567d73f5985050e16b27d8e3d3b4c30531233e5677558244647,established_a-b112,established_a,112,,,,100,,,,,,,,,,,0.73828125,256.0,,,,,,,,,,,,408.0,,,0.26171875,67.0
unconditional_first_payback,demo-human_decline_bot_rise-884000,human_decline_bot_rise,dynamic_hierarchy,119,hold_current,9d018b9de9fdf567d73f5985050e16b27d8e3d3b4c30531233e5677558244647,established_a-b112,established_a,112,,,,100,,,,,,,,,,,0.73828125,256.0,,,,,,,,,,,,409.0,,,0.26171875,67.0
unconditional_first_payback,demo-human_decline_bot_rise-884000,human_decline_bot_rise,dynamic_hierarchy,119,hold_current,9d018b9de9fdf567d73f5985050e16b27d8e3d3b4c30531233e5677558244647,established_a-b112,established_a,112,,,,100,,,,,,,,,,,0.73828125,256.0,,,,,,,,,,,,410.0,,,0.26171875,67.0
unconditional_first_payback,demo-human_decline_bot_rise-884000,human_decline_bot_rise,dynamic_hierarchy,119,hold_current,9d018b9de9fdf567d73f5985050e16b27d8e3d3b4c30531233e5677558244647,established_a-b112,established_a,112,,,,100,,,,,,,,,,,0.73828125,256.0,,,,,,,,,,,,411.0,,,0.26171875,67.0
unconditional_first_payback,demo-human_decline_bot_rise-884000,human_decline_bot_rise,dynamic_hierarchy,119,hold_current,9d018b9de9fdf567d73f5985050e16b27d8e3d3b4c30531233e5677558244647,established_a-b112,established_a,112,,,,100,,,,,,,,,,,0.73828125,256.0,,,,,,,,,,,,412.0,,,0.26171875,67.0
unconditional_first_payback,demo-human_decline_bot_rise-884000,human_decline_bot_rise,dynamic_hierarchy,119,hold_current,9d018b9de9fdf567d73f5985050e16b27d8e3d3b4c30531233e5677558244647,established_a-b112,established_a,112,,,,100,,,,,,,,,,,0.73828125,256.0,,,,,,,,,,,,413.0,,,0.26171875,67.0
unconditional_first_payback,demo-human_decline_bot_rise-884000,human_decline_bot_rise,dynamic_hierarchy,119,hold_current,9d018b9de9fdf567d73f5985050e16b27d8e3d3b4c30531233e5677558244647,established_a-b112,established_a,112,,,,100,,,,,,,,,,,0.73828125,256.0,,,,,,,,,,,,414.0,,,0.26171875,67.0
unconditional_first_payback,demo-human_decline_bot_rise-884000,human_decline_bot_rise,dynamic_hierarchy,119,hold_current,9d018b9de9fdf567d73f5985050e16b27d8e3d3b4c30531233e5677558244647,established_a-b112,established_a,112,,,,100,,,,,,,,,,,0.73828125,256.0,,,,,,,,,,,,415.0,,,0.26171875,67.0
unconditional_first_payback,demo-human_decline_bot_rise-884000,human_decline_bot_rise,dynamic_hierarchy,119,hold_current,9d018b9de9fdf567d73f5985050e16b27d8e3d3b4c30531233e5677558244647,established_a-b112,established_a,112,,,,100,,,,,,,,,,,0.73828125,256.0,,,,,,,,,,,,416.0,,,0.26171875,67.0
unconditional_first_payback,demo-human_decline_bot_rise-884000,human_decline_bot_rise,dynamic_hierarchy,119,hold_current,9d018b9de9fdf567d73f5985050e16b27d8e3d3b4c30531233e5677558244647,established_a-b112,established_a,112,,,,100,,,,,,,,,,,0.73828125,256.0,,,,,,,,,,,,417.0,,,0.26171875,67.0
unconditional_first_payback,demo-human_decline_bot_rise-884000,human_decline_bot_rise,dynamic_hierarchy,119,hold_current,9d018b9de9fdf567d73f5985050e16b27d8e3d3b4c30531233e5677558244647,established_a-b112,established_a,112,,,,100,,,,,,,,,,,0.73828125,256.0,,,,,,,,,,,,418.0,,,0.26171875,67.0
unconditional_first_payback,demo-human_decline_bot_rise-884000,human_decline_bot_rise,dynamic_hierarchy,119,hold_current,9d018b9de9fdf567d73f5985050e16b27d8e3d3b4c30531233e5677558244647,established_a-b112,established_a,112,,,,100,,,,,,,,,,,0.73828125,256.0,,,,,,,,,,,,419.0,,,0.26171875,67.0
unconditional_first_payback,demo-human_decline_bot_rise-884000,human_decline_bot_rise,dynamic_hierarchy,119,hold_current,9d018b9de9fdf567d73f5985050e16b27d8e3d3b4c30531233e5677558244647,established_a-b112,established_a,112,,,,100,,,,,,,,,,,0.73828125,256.0,,,,,,,,,,,,420.0,,,0.26171875,67.0
unconditional_first_payback,demo-human_decline_bot_rise-884000,human_decline_bot_rise,dynamic_hierarchy,119,hold_current,9d018b9de9fdf567d73f5985050e16b27d8e3d3b4c30531233e5677558244647,established_a-b112,established_a,112,,,,100,,,,,,,,,,,0.73828125,256.0,,,,,,,,,,,,421.0,,,0.26171875,67.0
unconditional_first_payback,demo-human_decline_bot_rise-884000,human_decline_bot_rise,dynamic_hierarchy,119,hold_current,9d018b9de9fdf567d73f5985050e16b27d8e3d3b4c30531233e5677558244647,established_a-b112,established_a,112,,,,100,,,,,,,,,,,0.73828125,256.0,,,,,,,,,,,,422.0,,,0.26171875,67.0
unconditional_first_payback,demo-human_decline_bot_rise-884000,human_decline_bot_rise,dynamic_hierarchy,119,hold_current,9d018b9de9fdf567d73f5985050e16b27d8e3d3b4c30531233e5677558244647,established_a-b112,established_a,112,,,,100,,,,,,,,,,,0.73828125,256.0,,,,,,,,,,,,423.0,,,0.26171875,67.0
unconditional_first_payback,demo-human_decline_bot_rise-884000,human_decline_bot_rise,dynamic_hierarchy,119,hold_current,9d018b9de9fdf567d73f5985050e16b27d8e3d3b4c30531233e5677558244647,established_a-b112,established_a,112,,,,100,,,,,,,,,,,0.73828125,256.0,,,,,,,,,,,,424.0,,,0.26171875,67.0
unconditional_first_payback,demo-human_decline_bot_rise-884000,human_decline_bot_rise,dynamic_hierarchy,119,hold_current,9d018b9de9fdf567d73f5985050e16b27d8e3d3b4c30531233e5677558244647,established_a-b112,established_a,112,,,,100,,,,,,,,,,,0.73828125,256.0,,,,,,,,,,,,425.0,,,0.26171875,67.0
unconditional_first_payback,demo-human_decline_bot_rise-884000,human_decline_bot_rise,dynamic_hierarchy,119,fixed_price,9d018b9de9fdf567d73f5985050e16b27d8e3d3b4c30531233e5677558244647,established_a-b112,established_a,112,,,,100,,,,,,,,,,,0.23828125,256.0,,,,,,,,,,,,0.0,,,0.0,0.0
unconditional_first_payback,demo-human_decline_bot_rise-884000,human_decline_bot_rise,dynamic_hierarchy,119,fixed_price,9d018b9de9fdf567d73f5985050e16b27d8e3d3b4c30531233e5677558244647,established_a-b112,established_a,112,,,,100,,,,,,,,,,,0.23828125,256.0,,,,,,,,,,,,1.0,,,0.0,0.0
unconditional_first_payback,demo-human_decline_bot_rise-884000,human_decline_bot_rise,dynamic_hierarchy,119,fixed_price,9d018b9de9fdf567d73f5985050e16b27d8e3d3b4c30531233e5677558244647,established_a-b112,established_a,112,,,,100,,,,,,,,,,,0.23828125,256.0,,,,,,,,,,,,2.0,,,0.0,0.0
unconditional_first_payback,demo-human_decline_bot_rise-884000,human_decline_bot_rise,dynamic_hierarchy,119,fixed_price,9d018b9de9fdf567d73f5985050e16b27d8e3d3b4c30531233e5677558244647,established_a-b112,established_a,112,,,,100,,,,,,,,,,,0.23828125,256.0,,,,,,,,,,,,3.0,,,0.0,0.0
unconditional_first_payback,demo-human_decline_bot_rise-884000,human_decline_bot_rise,dynamic_hierarchy,119,fixed_price,9d018b9de9fdf567d73f5985050e16b27d8e3d3b4c30531233e5677558244647,established_a-b112,established_a,112,,,,100,,,,,,,,,,,0.23828125,256.0,,,,,,,,,,,,4.0,,,0.0,0.0
unconditional_first_payback,demo-human_decline_bot_rise-884000,human_decline_bot_rise,dynamic_hierarchy,119,fixed_price,9d018b9de9fdf567d73f5985050e16b27d8e3d3b4c30531233e5677558244647,established_a-b112,established_a,112,,,,100,,,,,,,,,,,0.23828125,256.0,,,,,,,,,,,,5.0,,,0.0,0.0
unconditional_first_payback,demo-human_decline_bot_rise-884000,human_decline_bot_rise,dynamic_hierarchy,119,fixed_price,9d018b9de9fdf567d73f5985050e16b27d8e3d3b4c30531233e5677558244647,established_a-b112,established_a,112,,,,100,,,,,,,,,,,0.23828125,256.0,,,,,,,,,,,,6.0,,,0.0,0.0
unconditional_first_payback,demo-human_decline_bot_rise-884000,human_decline_bot_rise,dynamic_hierarchy,119,fixed_price,9d018b9de9fdf567d73f5985050e16b27d8e3d3b4c30531233e5677558244647,established_a-b112,established_a,112,,,,100,,,,,,,,,,,0.23828125,256.0,,,,,,,,,,,,7.0,,,0.0,0.0
unconditional_first_payback,demo-human_decline_bot_rise-884000,human_decline_bot_rise,dynamic_hierarchy,119,fixed_price,9d018b9de9fdf567d73f5985050e16b27d8e3d3b4c30531233e5677558244647,established_a-b112,established_a,112,,,,100,,,,,,,,,,,0.23828125,256.0,,,,,,,,,,,,8.0,,,0.0,0.0
unconditional_first_payback,demo-human_decline_bot_rise-884000,human_decline_bot_rise,dynamic_hierarchy,119,fixed_price,9d018b9de9fdf567d73f5985050e16b27d8e3d3b4c30531233e5677558244647,established_a-b112,established_a,112,,,,100,,,,,,,,,,,0.23828125,256.0,,,,,,,,,,,,9.0,,,0.0,0.0
unconditional_first_payback,demo-human_decline_bot_rise-884000,human_decline_bot_rise,dynamic_hierarchy,119,fixed_price,9d018b9de9fdf567d73f5985050e16b27d8e3d3b4c30531233e5677558244647,established_a-b112,established_a,112,,,,100,,,,,,,,,,,0.23828125,256.0,,,,,,,,,,,,10.0,,,0.0,0.0
unconditional_first_payback,demo-human_decline_bot_rise-884000,human_decline_bot_rise,dynamic_hierarchy,119,fixed_price,9d018b9de9fdf567d73f5985050e16b27d8e3d3b4c30531233e5677558244647,established_a-b112,established_a,112,,,,100,,,,,,,,,,,0.23828125,256.0,,,,,,,,,,,,11.0,,,0.0,0.0
unconditional_first_payback,demo-human_decline_bot_rise-884000,human_decline_bot_rise,dynamic_hierarchy,119,fixed_price,9d018b9de9fdf567d73f5985050e16b27d8e3d3b4c30531233e5677558244647,established_a-b112,established_a,112,,,,100,,,,,,,,,,,0.23828125,256.0,,,,,,,,,,,,12.0,,,0.0,0.0
unconditional_first_payback,demo-human_decline_bot_rise-884000,human_decline_bot_rise,dynamic_hierarchy,119,fixed_price,9d018b9de9fdf567d73f5985050e16b27d8e3d3b4c30531233e5677558244647,established_a-b112,established_a,112,,,,100,,,,,,,,,,,0.23828125,256.0,,,,,,,,,,,,13.0,,,0.0,0.0
unconditional_first_payback,demo-human_decline_bot_rise-884000,human_decline_bot_rise,dynamic_hierarchy,119,fixed_price,9d018b9de9fdf567d73f5985050e16b27d8e3d3b4c30531233e5677558244647,established_a-b112,established_a,112,,,,100,,,,,,,,,,,0.23828125,256.0,,,,,,,,,,,,14.0,,,0.0,0.0
unconditional_first_payback,demo-human_decline_bot_rise-884000,human_decline_bot_rise,dynamic_hierarchy,119,fixed_price,9d018b9de9fdf567d73f5985050e16b27d8e3d3b4c30531233e5677558244647,established_a-b112,established_a,112,,,,100,,,,,,,,,,,0.23828125,256.0,,,,,,,,,,,,15.0,,,0.0,0.0
unconditional_first_payback,demo-human_decline_bot_rise-884000,human_decline_bot_rise,dynamic_hierarchy,119,fixed_price,9d018b9de9fdf567d73f5985050e16b27d8e3d3b4c30531233e5677558244647,established_a-b112,established_a,112,,,,100,,,,,,,,,,,0.23828125,256.0,,,,,,,,,,,,16.0,,,0.0,0.0
unconditional_first_payback,demo-human_decline_bot_rise-884000,human_decline_bot_rise,dynamic_hierarchy,119,fixed_price,9d018b9de9fdf567d73f5985050e16b27d8e3d3b4c30531233e5677558244647,established_a-b112,established_a,112,,,,100,,,,,,,,,,,0.23828125,256.0,,,,,,,,,,,,17.0,,,0.0,0.0
unconditional_first_payback,demo-human_decline_bot_rise-884000,human_decline_bot_rise,dynamic_hierarchy,119,fixed_price,9d018b9de9fdf567d73f5985050e16b27d8e3d3b4c30531233e5677558244647,established_a-b112,established_a,112,,,,100,,,,,,,,,,,0.23828125,256.0,,,,,,,,,,,,18.0,,,0.0,0.0
unconditional_first_payback,demo-human_decline_bot_rise-884000,human_decline_bot_rise,dynamic_hierarchy,119,fixed_price,9d018b9de9fdf567d73f5985050e16b27d8e3d3b4c30531233e5677558244647,established_a-b112,established_a,112,,,,100,,,,,,,,,,,0.23828125,256.0,,,,,,,,,,,,19.0,,,0.0,0.0
unconditional_first_payback,demo-human_decline_bot_rise-884000,human_decline_bot_rise,dynamic_hierarchy,119,fixed_price,9d018b9de9fdf567d73f5985050e16b27d8e3d3b4c30531233e5677558244647,established_a-b112,established_a,112,,,,100,,,,,,,,,,,0.23828125,256.0,,,,,,,,,,,,20.0,,,0.0,0.0
unconditional_first_payback,demo-human_decline_bot_rise-884000,human_decline_bot_rise,dynamic_hierarchy,119,fixed_price,9d018b9de9fdf567d73f5985050e16b27d8e3d3b4c30531233e5677558244647,established_a-b112,established_a,112,,,,100,,,,,,,,,,,0.23828125,256.0,,,,,,,,,,,,21.0,,,0.0,0.0
unconditional_first_payback,demo-human_decline_bot_rise-884000,human_decline_bot_rise,dynamic_hierarchy,119,fixed_price,9d018b9de9fdf567d73f5985050e16b27d8e3d3b4c30531233e5677558244647,established_a-b112,established_a,112,,,,100,,,,,,,,,,,0.23828125,256.0,,,,,,,,,,,,22.0,,,0.0,0.0
unconditional_first_payback,demo-human_decline_bot_rise-884000,human_decline_bot_rise,dynamic_hierarchy,119,fixed_price,9d018b9de9fdf567d73f5985050e16b27d8e3d3b4c30531233e5677558244647,established_a-b112,established_a,112,,,,100,,,,,,,,,,,0.23828125,256.0,,,,,,,,,,,,23.0,,,0.0,0.0
unconditional_first_payback,demo-human_decline_bot_rise-884000,human_decline_bot_rise,dynamic_hierarchy,119,fixed_price,9d018b9de9fdf567d73f5985050e16b27d8e3d3b4c30531233e5677558244647,established_a-b112,established_a,112,,,,100,,,,,,,,,,,0.23828125,256.0,,,,,,,,,,,,24.0,,,0.0,0.0
unconditional_first_payback,demo-human_decline_bot_rise-884000,human_decline_bot_rise,dynamic_hierarchy,119,fixed_price,9d018b9de9fdf567d73f5985050e16b27d8e3d3b4c30531233e5677558244647,established_a-b112,established_a,112,,,,100,,,,,,,,,,,0.23828125,256.0,,,,,,,,,,,,25.0,,,0.0,0.0
unconditional_first_payback,demo-human_decline_bot_rise-884000,human_decline_bot_rise,dynamic_hierarchy,119,fixed_price,9d018b9de9fdf567d73f5985050e16b27d8e3d3b4c30531233e5677558244647,established_a-b112,established_a,112,,,,100,,,,,,,,,,,0.23828125,256.0,,,,,,,,,,,,26.0,,,0.0,0.0
unconditional_first_payback,demo-human_decline_bot_rise-884000,human_decline_bot_rise,dynamic_hierarchy,119,fixed_price,9d018b9de9fdf567d73f5985050e16b27d8e3d3b4c30531233e5677558244647,established_a-b112,established_a,112,,,,100,,,,,,,,,,,0.23828125,256.0,,,,,,,,,,,,27.0,,,0.0,0.0
unconditional_first_payback,demo-human_decline_bot_rise-884000,human_decline_bot_rise,dynamic_hierarchy,119,fixed_price,9d018b9de9fdf567d73f5985050e16b27d8e3d3b4c30531233e5677558244647,established_a-b112,established_a,112,,,,100,,,,,,,,,,,0.23828125,256.0,,,,,,,,,,,,28.0,,,0.0,0.0
unconditional_first_payback,demo-human_decline_bot_rise-884000,human_decline_bot_rise,dynamic_hierarchy,119,fixed_price,9d018b9de9fdf567d73f5985050e16b27d8e3d3b4c30531233e5677558244647,established_a-b112,established_a,112,,,,100,,,,,,,,,,,0.23828125,256.0,,,,,,,,,,,,29.0,,,0.00390625,1.0
unconditional_first_payback,demo-human_decline_bot_rise-884000,human_decline_bot_rise,dynamic_hierarchy,119,fixed_price,9d018b9de9fdf567d73f5985050e16b27d8e3d3b4c30531233e5677558244647,established_a-b112,established_a,112,,,,100,,,,,,,,,,,0.23828125,256.0,,,,,,,,,,,,30.0,,,0.00390625,1.0
unconditional_first_payback,demo-human_decline_bot_rise-884000,human_decline_bot_rise,dynamic_hierarchy,119,fixed_price,9d018b9de9fdf567d73f5985050e16b27d8e3d3b4c30531233e5677558244647,established_a-b112,established_a,112,,,,100,,,,,,,,,,,0.23828125,256.0,,,,,,,,,,,,31.0,,,0.00390625,1.0
unconditional_first_payback,demo-human_decline_bot_rise-884000,human_decline_bot_rise,dynamic_hierarchy,119,fixed_price,9d018b9de9fdf567d73f5985050e16b27d8e3d3b4c30531233e5677558244647,established_a-b112,established_a,112,,,,100,,,,,,,,,,,0.23828125,256.0,,,,,,,,,,,,32.0,,,0.00390625,1.0
unconditional_first_payback,demo-human_decline_bot_rise-884000,human_decline_bot_rise,dynamic_hierarchy,119,fixed_price,9d018b9de9fdf567d73f5985050e16b27d8e3d3b4c30531233e5677558244647,established_a-b112,established_a,112,,,,100,,,,,,,,,,,0.23828125,256.0,,,,,,,,,,,,33.0,,,0.00390625,1.0
unconditional_first_payback,demo-human_decline_bot_rise-884000,human_decline_bot_rise,dynamic_hierarchy,119,fixed_price,9d018b9de9fdf567d73f5985050e16b27d8e3d3b4c30531233e5677558244647,established_a-b112,established_a,112,,,,100,,,,,,,,,,,0.23828125,256.0,,,,,,,,,,,,34.0,,,0.00390625,1.0
unconditional_first_payback,demo-human_decline_bot_rise-884000,human_decline_bot_rise,dynamic_hierarchy,119,fixed_price,9d018b9de9fdf567d73f5985050e16b27d8e3d3b4c30531233e5677558244647,established_a-b112,established_a,112,,,,100,,,,,,,,,,,0.23828125,256.0,,,,,,,,,,,,35.0,,,0.00390625,1.0
unconditional_first_payback,demo-human_decline_bot_rise-884000,human_decline_bot_rise,dynamic_hierarchy,119,fixed_price,9d018b9de9fdf567d73f5985050e16b27d8e3d3b4c30531233e5677558244647,established_a-b112,established_a,112,,,,100,,,,,,,,,,,0.23828125,256.0,,,,,,,,,,,,36.0,,,0.0078125,2.0
unconditional_first_payback,demo-human_decline_bot_rise-884000,human_decline_bot_rise,dynamic_hierarchy,119,fixed_price,9d018b9de9fdf567d73f5985050e16b27d8e3d3b4c30531233e5677558244647,established_a-b112,established_a,112,,,,100,,,,,,,,,,,0.23828125,256.0,,,,,,,,,,,,37.0,,,0.01171875,3.0
unconditional_first_payback,demo-human_decline_bot_rise-884000,human_decline_bot_rise,dynamic_hierarchy,119,fixed_price,9d018b9de9fdf567d73f5985050e16b27d8e3d3b4c30531233e5677558244647,established_a-b112,established_a,112,,,,100,,,,,,,,,,,0.23828125,256.0,,,,,,,,,,,,38.0,,,0.01171875,3.0
unconditional_first_payback,demo-human_decline_bot_rise-884000,human_decline_bot_rise,dynamic_hierarchy,119,fixed_price,9d018b9de9fdf567d73f5985050e16b27d8e3d3b4c30531233e5677558244647,established_a-b112,established_a,112,,,,100,,,,,,,,,,,0.23828125,256.0,,,,,,,,,,,,39.0,,,0.01171875,3.0
unconditional_first_payback,demo-human_decline_bot_rise-884000,human_decline_bot_rise,dynamic_hierarchy,119,fixed_price,9d018b9de9fdf567d73f5985050e16b27d8e3d3b4c30531233e5677558244647,established_a-b112,established_a,112,,,,100,,,,,,,,,,,0.23828125,256.0,,,,,,,,,,,,40.0,,,0.01171875,3.0
unconditional_first_payback,demo-human_decline_bot_rise-884000,human_decline_bot_rise,dynamic_hierarchy,119,fixed_price,9d018b9de9fdf567d73f5985050e16b27d8e3d3b4c30531233e5677558244647,established_a-b112,established_a,112,,,,100,,,,,,,,,,,0.23828125,256.0,,,,,,,,,,,,41.0,,,0.01171875,3.0
unconditional_first_payback,demo-human_decline_bot_rise-884000,human_decline_bot_rise,dynamic_hierarchy,119,fixed_price,9d018b9de9fdf567d73f5985050e16b27d8e3d3b4c30531233e5677558244647,established_a-b112,established_a,112,,,,100,,,,,,,,,,,0.23828125,256.0,,,,,,,,,,,,42.0,,,0.01953125,5.0
unconditional_first_payback,demo-human_decline_bot_rise-884000,human_decline_bot_rise,dynamic_hierarchy,119,fixed_price,9d018b9de9fdf567d73f5985050e16b27d8e3d3b4c30531233e5677558244647,established_a-b112,established_a,112,,,,100,,,,,,,,,,,0.23828125,256.0,,,,,,,,,,,,43.0,,,0.02734375,7.0
unconditional_first_payback,demo-human_decline_bot_rise-884000,human_decline_bot_rise,dynamic_hierarchy,119,fixed_price,9d018b9de9fdf567d73f5985050e16b27d8e3d3b4c30531233e5677558244647,established_a-b112,established_a,112,,,,100,,,,,,,,,,,0.23828125,256.0,,,,,,,,,,,,44.0,,,0.0390625,10.0
unconditional_first_payback,demo-human_decline_bot_rise-884000,human_decline_bot_rise,dynamic_hierarchy,119,fixed_price,9d018b9de9fdf567d73f5985050e16b27d8e3d3b4c30531233e5677558244647,established_a-b112,established_a,112,,,,100,,,,,,,,,,,0.23828125,256.0,,,,,,,,,,,,45.0,,,0.046875,12.0
unconditional_first_payback,demo-human_decline_bot_rise-884000,human_decline_bot_rise,dynamic_hierarchy,119,fixed_price,9d018b9de9fdf567d73f5985050e16b27d8e3d3b4c30531233e5677558244647,established_a-b112,established_a,112,,,,100,,,,,,,,,,,0.23828125,256.0,,,,,,,,,,,,46.0,,,0.05078125,13.0
unconditional_first_payback,demo-human_decline_bot_rise-884000,human_decline_bot_rise,dynamic_hierarchy,119,fixed_price,9d018b9de9fdf567d73f5985050e16b27d8e3d3b4c30531233e5677558244647,established_a-b112,established_a,112,,,,100,,,,,,,,,,,0.23828125,256.0,,,,,,,,,,,,47.0,,,0.0546875,14.0
unconditional_first_payback,demo-human_decline_bot_rise-884000,human_decline_bot_rise,dynamic_hierarchy,119,fixed_price,9d018b9de9fdf567d73f5985050e16b27d8e3d3b4c30531233e5677558244647,established_a-b112,established_a,112,,,,100,,,,,,,,,,,0.23828125,256.0,,,,,,,,,,,,48.0,,,0.0546875,14.0
unconditional_first_payback,demo-human_decline_bot_rise-884000,human_decline_bot_rise,dynamic_hierarchy,119,fixed_price,9d018b9de9fdf567d73f5985050e16b27d8e3d3b4c30531233e5677558244647,established_a-b112,established_a,112,,,,100,,,,,,,,,,,0.23828125,256.0,,,,,,,,,,,,49.0,,,0.06640625,17.0
unconditional_first_payback,demo-human_decline_bot_rise-884000,human_decline_bot_rise,dynamic_hierarchy,119,fixed_price,9d018b9de9fdf567d73f5985050e16b27d8e3d3b4c30531233e5677558244647,established_a-b112,established_a,112,,,,100,,,,,,,,,,,0.23828125,256.0,,,,,,,,,,,,50.0,,,0.06640625,17.0
unconditional_first_payback,demo-human_decline_bot_rise-884000,human_decline_bot_rise,dynamic_hierarchy,119,fixed_price,9d018b9de9fdf567d73f5985050e16b27d8e3d3b4c30531233e5677558244647,established_a-b112,established_a,112,,,,100,,,,,,,,,,,0.23828125,256.0,,,,,,,,,,,,51.0,,,0.078125,20.0
unconditional_first_payback,demo-human_decline_bot_rise-884000,human_decline_bot_rise,dynamic_hierarchy,119,fixed_price,9d018b9de9fdf567d73f5985050e16b27d8e3d3b4c30531233e5677558244647,established_a-b112,established_a,112,,,,100,,,,,,,,,,,0.23828125,256.0,,,,,,,,,,,,52.0,,,0.08984375,23.0
unconditional_first_payback,demo-human_decline_bot_rise-884000,human_decline_bot_rise,dynamic_hierarchy,119,fixed_price,9d018b9de9fdf567d73f5985050e16b27d8e3d3b4c30531233e5677558244647,established_a-b112,established_a,112,,,,100,,,,,,,,,,,0.23828125,256.0,,,,,,,,,,,,53.0,,,0.09375,24.0
unconditional_first_payback,demo-human_decline_bot_rise-884000,human_decline_bot_rise,dynamic_hierarchy,119,fixed_price,9d018b9de9fdf567d73f5985050e16b27d8e3d3b4c30531233e5677558244647,established_a-b112,established_a,112,,,,100,,,,,,,,,,,0.23828125,256.0,,,,,,,,,,,,54.0,,,0.1015625,26.0
unconditional_first_payback,demo-human_decline_bot_rise-884000,human_decline_bot_rise,dynamic_hierarchy,119,fixed_price,9d018b9de9fdf567d73f5985050e16b27d8e3d3b4c30531233e5677558244647,established_a-b112,established_a,112,,,,100,,,,,,,,,,,0.23828125,256.0,,,,,,,,,,,,55.0,,,0.10546875,27.0
unconditional_first_payback,demo-human_decline_bot_rise-884000,human_decline_bot_rise,dynamic_hierarchy,119,fixed_price,9d018b9de9fdf567d73f5985050e16b27d8e3d3b4c30531233e5677558244647,established_a-b112,established_a,112,,,,100,,,,,,,,,,,0.23828125,256.0,,,,,,,,,,,,56.0,,,0.109375,28.0
unconditional_first_payback,demo-human_decline_bot_rise-884000,human_decline_bot_rise,dynamic_hierarchy,119,fixed_price,9d018b9de9fdf567d73f5985050e16b27d8e3d3b4c30531233e5677558244647,established_a-b112,established_a,112,,,,100,,,,,,,,,,,0.23828125,256.0,,,,,,,,,,,,57.0,,,0.12109375,31.0
unconditional_first_payback,demo-human_decline_bot_rise-884000,human_decline_bot_rise,dynamic_hierarchy,119,fixed_price,9d018b9de9fdf567d73f5985050e16b27d8e3d3b4c30531233e5677558244647,established_a-b112,established_a,112,,,,100,,,,,,,,,,,0.23828125,256.0,,,,,,,,,,,,58.0,,,0.1328125,34.0
unconditional_first_payback,demo-human_decline_bot_rise-884000,human_decline_bot_rise,dynamic_hierarchy,119,fixed_price,9d018b9de9fdf567d73f5985050e16b27d8e3d3b4c30531233e5677558244647,established_a-b112,established_a,112,,,,100,,,,,,,,,,,0.23828125,256.0,,,,,,,,,,,,59.0,,,0.1328125,34.0
unconditional_first_payback,demo-human_decline_bot_rise-884000,human_decline_bot_rise,dynamic_hierarchy,119,fixed_price,9d018b9de9fdf567d73f5985050e16b27d8e3d3b4c30531233e5677558244647,established_a-b112,established_a,112,,,,100,,,,,,,,,,,0.23828125,256.0,,,,,,,,,,,,60.0,,,0.13671875,35.0
unconditional_first_payback,demo-human_decline_bot_rise-884000,human_decline_bot_rise,dynamic_hierarchy,119,fixed_price,9d018b9de9fdf567d73f5985050e16b27d8e3d3b4c30531233e5677558244647,established_a-b112,established_a,112,,,,100,,,,,,,,,,,0.23828125,256.0,,,,,,,,,,,,61.0,,,0.1484375,38.0
unconditional_first_payback,demo-human_decline_bot_rise-884000,human_decline_bot_rise,dynamic_hierarchy,119,fixed_price,9d018b9de9fdf567d73f5985050e16b27d8e3d3b4c30531233e5677558244647,established_a-b112,established_a,112,,,,100,,,,,,,,,,,0.23828125,256.0,,,,,,,,,,,,62.0,,,0.15625,40.0
unconditional_first_payback,demo-human_decline_bot_rise-884000,human_decline_bot_rise,dynamic_hierarchy,119,fixed_price,9d018b9de9fdf567d73f5985050e16b27d8e3d3b4c30531233e5677558244647,established_a-b112,established_a,112,,,,100,,,,,,,,,,,0.23828125,256.0,,,,,,,,,,,,63.0,,,0.16796875,43.0
unconditional_first_payback,demo-human_decline_bot_rise-884000,human_decline_bot_rise,dynamic_hierarchy,119,fixed_price,9d018b9de9fdf567d73f5985050e16b27d8e3d3b4c30531233e5677558244647,established_a-b112,established_a,112,,,,100,,,,,,,,,,,0.23828125,256.0,,,,,,,,,,,,64.0,,,0.171875,44.0
unconditional_first_payback,demo-human_decline_bot_rise-884000,human_decline_bot_rise,dynamic_hierarchy,119,fixed_price,9d018b9de9fdf567d73f5985050e16b27d8e3d3b4c30531233e5677558244647,established_a-b112,established_a,112,,,,100,,,,,,,,,,,0.23828125,256.0,,,,,,,,,,,,65.0,,,0.1796875,46.0
unconditional_first_payback,demo-human_decline_bot_rise-884000,human_decline_bot_rise,dynamic_hierarchy,119,fixed_price,9d018b9de9fdf567d73f5985050e16b27d8e3d3b4c30531233e5677558244647,established_a-b112,established_a,112,,,,100,,,,,,,,,,,0.23828125,256.0,,,,,,,,,,,,66.0,,,0.1953125,50.0
unconditional_first_payback,demo-human_decline_bot_rise-884000,human_decline_bot_rise,dynamic_hierarchy,119,fixed_price,9d018b9de9fdf567d73f5985050e16b27d8e3d3b4c30531233e5677558244647,established_a-b112,established_a,112,,,,100,,,,,,,,,,,0.23828125,256.0,,,,,,,,,,,,67.0,,,0.2109375,54.0
unconditional_first_payback,demo-human_decline_bot_rise-884000,human_decline_bot_rise,dynamic_hierarchy,119,fixed_price,9d018b9de9fdf567d73f5985050e16b27d8e3d3b4c30531233e5677558244647,established_a-b112,established_a,112,,,,100,,,,,,,,,,,0.23828125,256.0,,,,,,,,,,,,68.0,,,0.21484375,55.0
unconditional_first_payback,demo-human_decline_bot_rise-884000,human_decline_bot_rise,dynamic_hierarchy,119,fixed_price,9d018b9de9fdf567d73f5985050e16b27d8e3d3b4c30531233e5677558244647,established_a-b112,established_a,112,,,,100,,,,,,,,,,,0.23828125,256.0,,,,,,,,,,,,69.0,,,0.22265625,57.0
unconditional_first_payback,demo-human_decline_bot_rise-884000,human_decline_bot_rise,dynamic_hierarchy,119,fixed_price,9d018b9de9fdf567d73f5985050e16b27d8e3d3b4c30531233e5677558244647,established_a-b112,established_a,112,,,,100,,,,,,,,,,,0.23828125,256.0,,,,,,,,,,,,70.0,,,0.23828125,61.0
unconditional_first_payback,demo-human_decline_bot_rise-884000,human_decline_bot_rise,dynamic_hierarchy,119,fixed_price,9d018b9de9fdf567d73f5985050e16b27d8e3d3b4c30531233e5677558244647,established_a-b112,established_a,112,,,,100,,,,,,,,,,,0.23828125,256.0,,,,,,,,,,,,71.0,,,0.25,64.0
unconditional_first_payback,demo-human_decline_bot_rise-884000,human_decline_bot_rise,dynamic_hierarchy,119,fixed_price,9d018b9de9fdf567d73f5985050e16b27d8e3d3b4c30531233e5677558244647,established_a-b112,established_a,112,,,,100,,,,,,,,,,,0.23828125,256.0,,,,,,,,,,,,72.0,,,0.25,64.0
unconditional_first_payback,demo-human_decline_bot_rise-884000,human_decline_bot_rise,dynamic_hierarchy,119,fixed_price,9d018b9de9fdf567d73f5985050e16b27d8e3d3b4c30531233e5677558244647,established_a-b112,established_a,112,,,,100,,,,,,,,,,,0.23828125,256.0,,,,,,,,,,,,73.0,,,0.25390625,65.0
unconditional_first_payback,demo-human_decline_bot_rise-884000,human_decline_bot_rise,dynamic_hierarchy,119,fixed_price,9d018b9de9fdf567d73f5985050e16b27d8e3d3b4c30531233e5677558244647,established_a-b112,established_a,112,,,,100,,,,,,,,,,,0.23828125,256.0,,,,,,,,,,,,74.0,,,0.2578125,66.0
unconditional_first_payback,demo-human_decline_bot_rise-884000,human_decline_bot_rise,dynamic_hierarchy,119,fixed_price,9d018b9de9fdf567d73f5985050e16b27d8e3d3b4c30531233e5677558244647,established_a-b112,established_a,112,,,,100,,,,,,,,,,,0.23828125,256.0,,,,,,,,,,,,75.0,,,0.265625,68.0
unconditional_first_payback,demo-human_decline_bot_rise-884000,human_decline_bot_rise,dynamic_hierarchy,119,fixed_price,9d018b9de9fdf567d73f5985050e16b27d8e3d3b4c30531233e5677558244647,established_a-b112,established_a,112,,,,100,,,,,,,,,,,0.23828125,256.0,,,,,,,,,,,,76.0,,,0.26953125,69.0
unconditional_first_payback,demo-human_decline_bot_rise-884000,human_decline_bot_rise,dynamic_hierarchy,119,fixed_price,9d018b9de9fdf567d73f5985050e16b27d8e3d3b4c30531233e5677558244647,established_a-b112,established_a,112,,,,100,,,,,,,,,,,0.23828125,256.0,,,,,,,,,,,,77.0,,,0.27734375,71.0
unconditional_first_payback,demo-human_decline_bot_rise-884000,human_decline_bot_rise,dynamic_hierarchy,119,fixed_price,9d018b9de9fdf567d73f5985050e16b27d8e3d3b4c30531233e5677558244647,established_a-b112,established_a,112,,,,100,,,,,,,,,,,0.23828125,256.0,,,,,,,,,,,,78.0,,,0.28515625,73.0
unconditional_first_payback,demo-human_decline_bot_rise-884000,human_decline_bot_rise,dynamic_hierarchy,119,fixed_price,9d018b9de9fdf567d73f5985050e16b27d8e3d3b4c30531233e5677558244647,established_a-b112,established_a,112,,,,100,,,,,,,,,,,0.23828125,256.0,,,,,,,,,,,,79.0,,,0.296875,76.0
unconditional_first_payback,demo-human_decline_bot_rise-884000,human_decline_bot_rise,dynamic_hierarchy,119,fixed_price,9d018b9de9fdf567d73f5985050e16b27d8e3d3b4c30531233e5677558244647,established_a-b112,established_a,112,,,,100,,,,,,,,,,,0.23828125,256.0,,,,,,,,,,,,80.0,,,0.30859375,79.0
unconditional_first_payback,demo-human_decline_bot_rise-884000,human_decline_bot_rise,dynamic_hierarchy,119,fixed_price,9d018b9de9fdf567d73f5985050e16b27d8e3d3b4c30531233e5677558244647,established_a-b112,established_a,112,,,,100,,,,,,,,,,,0.23828125,256.0,,,,,,,,,,,,81.0,,,0.31640625,81.0
unconditional_first_payback,demo-human_decline_bot_rise-884000,human_decline_bot_rise,dynamic_hierarchy,119,fixed_price,9d018b9de9fdf567d73f5985050e16b27d8e3d3b4c30531233e5677558244647,established_a-b112,established_a,112,,,,100,,,,,,,,,,,0.23828125,256.0,,,,,,,,,,,,82.0,,,0.31640625,81.0
unconditional_first_payback,demo-human_decline_bot_rise-884000,human_decline_bot_rise,dynamic_hierarchy,119,fixed_price,9d018b9de9fdf567d73f5985050e16b27d8e3d3b4c30531233e5677558244647,established_a-b112,established_a,112,,,,100,,,,,,,,,,,0.23828125,256.0,,,,,,,,,,,,83.0,,,0.31640625,81.0
unconditional_first_payback,demo-human_decline_bot_rise-884000,human_decline_bot_rise,dynamic_hierarchy,119,fixed_price,9d018b9de9fdf567d73f5985050e16b27d8e3d3b4c30531233e5677558244647,established_a-b112,established_a,112,,,,100,,,,,,,,,,,0.23828125,256.0,,,,,,,,,,,,84.0,,,0.32421875,83.0
unconditional_first_payback,demo-human_decline_bot_rise-884000,human_decline_bot_rise,dynamic_hierarchy,119,fixed_price,9d018b9de9fdf567d73f5985050e16b27d8e3d3b4c30531233e5677558244647,established_a-b112,established_a,112,,,,100,,,,,,,,,,,0.23828125,256.0,,,,,,,,,,,,85.0,,,0.3359375,86.0
unconditional_first_payback,demo-human_decline_bot_rise-884000,human_decline_bot_rise,dynamic_hierarchy,119,fixed_price,9d018b9de9fdf567d73f5985050e16b27d8e3d3b4c30531233e5677558244647,established_a-b112,established_a,112,,,,100,,,,,,,,,,,0.23828125,256.0,,,,,,,,,,,,86.0,,,0.33984375,87.0
unconditional_first_payback,demo-human_decline_bot_rise-884000,human_decline_bot_rise,dynamic_hierarchy,119,fixed_price,9d018b9de9fdf567d73f5985050e16b27d8e3d3b4c30531233e5677558244647,established_a-b112,established_a,112,,,,100,,,,,,,,,,,0.23828125,256.0,,,,,,,,,,,,87.0,,,0.33984375,87.0
unconditional_first_payback,demo-human_decline_bot_rise-884000,human_decline_bot_rise,dynamic_hierarchy,119,fixed_price,9d018b9de9fdf567d73f5985050e16b27d8e3d3b4c30531233e5677558244647,established_a-b112,established_a,112,,,,100,,,,,,,,,,,0.23828125,256.0,,,,,,,,,,,,88.0,,,0.3515625,90.0
unconditional_first_payback,demo-human_decline_bot_rise-884000,human_decline_bot_rise,dynamic_hierarchy,119,fixed_price,9d018b9de9fdf567d73f5985050e16b27d8e3d3b4c30531233e5677558244647,established_a-b112,established_a,112,,,,100,,,,,,,,,,,0.23828125,256.0,,,,,,,,,,,,89.0,,,0.35546875,91.0
unconditional_first_payback,demo-human_decline_bot_rise-884000,human_decline_bot_rise,dynamic_hierarchy,119,fixed_price,9d018b9de9fdf567d73f5985050e16b27d8e3d3b4c30531233e5677558244647,established_a-b112,established_a,112,,,,100,,,,,,,,,,,0.23828125,256.0,,,,,,,,,,,,90.0,,,0.359375,92.0
unconditional_first_payback,demo-human_decline_bot_rise-884000,human_decline_bot_rise,dynamic_hierarchy,119,fixed_price,9d018b9de9fdf567d73f5985050e16b27d8e3d3b4c30531233e5677558244647,established_a-b112,established_a,112,,,,100,,,,,,,,,,,0.23828125,256.0,,,,,,,,,,,,91.0,,,0.3671875,94.0
unconditional_first_payback,demo-human_decline_bot_rise-884000,human_decline_bot_rise,dynamic_hierarchy,119,fixed_price,9d018b9de9fdf567d73f5985050e16b27d8e3d3b4c30531233e5677558244647,established_a-b112,established_a,112,,,,100,,,,,,,,,,,0.23828125,256.0,,,,,,,,,,,,92.0,,,0.3828125,98.0
unconditional_first_payback,demo-human_decline_bot_rise-884000,human_decline_bot_rise,dynamic_hierarchy,119,fixed_price,9d018b9de9fdf567d73f5985050e16b27d8e3d3b4c30531233e5677558244647,established_a-b112,established_a,112,,,,100,,,,,,,,,,,0.23828125,256.0,,,,,,,,,,,,93.0,,,0.40625,104.0
unconditional_first_payback,demo-human_decline_bot_rise-884000,human_decline_bot_rise,dynamic_hierarchy,119,fixed_price,9d018b9de9fdf567d73f5985050e16b27d8e3d3b4c30531233e5677558244647,established_a-b112,established_a,112,,,,100,,,,,,,,,,,0.23828125,256.0,,,,,,,,,,,,94.0,,,0.41796875,107.0
unconditional_first_payback,demo-human_decline_bot_rise-884000,human_decline_bot_rise,dynamic_hierarchy,119,fixed_price,9d018b9de9fdf567d73f5985050e16b27d8e3d3b4c30531233e5677558244647,established_a-b112,established_a,112,,,,100,,,,,,,,,,,0.23828125,256.0,,,,,,,,,,,,95.0,,,0.421875,108.0
unconditional_first_payback,demo-human_decline_bot_rise-884000,human_decline_bot_rise,dynamic_hierarchy,119,fixed_price,9d018b9de9fdf567d73f5985050e16b27d8e3d3b4c30531233e5677558244647,established_a-b112,established_a,112,,,,100,,,,,,,,,,,0.23828125,256.0,,,,,,,,,,,,96.0,,,0.4375,112.0
unconditional_first_payback,demo-human_decline_bot_rise-884000,human_decline_bot_rise,dynamic_hierarchy,119,fixed_price,9d018b9de9fdf567d73f5985050e16b27d8e3d3b4c30531233e5677558244647,established_a-b112,established_a,112,,,,100,,,,,,,,,,,0.23828125,256.0,,,,,,,,,,,,97.0,,,0.4375,112.0
unconditional_first_payback,demo-human_decline_bot_rise-884000,human_decline_bot_rise,dynamic_hierarchy,119,fixed_price,9d018b9de9fdf567d73f5985050e16b27d8e3d3b4c30531233e5677558244647,established_a-b112,established_a,112,,,,100,,,,,,,,,,,0.23828125,256.0,,,,,,,,,,,,98.0,,,0.4375,112.0
unconditional_first_payback,demo-human_decline_bot_rise-884000,human_decline_bot_rise,dynamic_hierarchy,119,fixed_price,9d018b9de9fdf567d73f5985050e16b27d8e3d3b4c30531233e5677558244647,established_a-b112,established_a,112,,,,100,,,,,,,,,,,0.23828125,256.0,,,,,,,,,,,,99.0,,,0.4453125,114.0
unconditional_first_payback,demo-human_decline_bot_rise-884000,human_decline_bot_rise,dynamic_hierarchy,119,fixed_price,9d018b9de9fdf567d73f5985050e16b27d8e3d3b4c30531233e5677558244647,established_a-b112,established_a,112,,,,100,,,,,,,,,,,0.23828125,256.0,,,,,,,,,,,,100.0,,,0.4453125,114.0
unconditional_first_payback,demo-human_decline_bot_rise-884000,human_decline_bot_rise,dynamic_hierarchy,119,fixed_price,9d018b9de9fdf567d73f5985050e16b27d8e3d3b4c30531233e5677558244647,established_a-b112,established_a,112,,,,100,,,,,,,,,,,0.23828125,256.0,,,,,,,,,,,,101.0,,,0.44921875,115.0
unconditional_first_payback,demo-human_decline_bot_rise-884000,human_decline_bot_rise,dynamic_hierarchy,119,fixed_price,9d018b9de9fdf567d73f5985050e16b27d8e3d3b4c30531233e5677558244647,established_a-b112,established_a,112,,,,100,,,,,,,,,,,0.23828125,256.0,,,,,,,,,,,,102.0,,,0.44921875,115.0
unconditional_first_payback,demo-human_decline_bot_rise-884000,human_decline_bot_rise,dynamic_hierarchy,119,fixed_price,9d018b9de9fdf567d73f5985050e16b27d8e3d3b4c30531233e5677558244647,established_a-b112,established_a,112,,,,100,,,,,,,,,,,0.23828125,256.0,,,,,,,,,,,,103.0,,,0.4609375,118.0
unconditional_first_payback,demo-human_decline_bot_rise-884000,human_decline_bot_rise,dynamic_hierarchy,119,fixed_price,9d018b9de9fdf567d73f5985050e16b27d8e3d3b4c30531233e5677558244647,established_a-b112,established_a,112,,,,100,,,,,,,,,,,0.23828125,256.0,,,,,,,,,,,,104.0,,,0.47265625,121.0
unconditional_first_payback,demo-human_decline_bot_rise-884000,human_decline_bot_rise,dynamic_hierarchy,119,fixed_price,9d018b9de9fdf567d73f5985050e16b27d8e3d3b4c30531233e5677558244647,established_a-b112,established_a,112,,,,100,,,,,,,,,,,0.23828125,256.0,,,,,,,,,,,,105.0,,,0.4765625,122.0
unconditional_first_payback,demo-human_decline_bot_rise-884000,human_decline_bot_rise,dynamic_hierarchy,119,fixed_price,9d018b9de9fdf567d73f5985050e16b27d8e3d3b4c30531233e5677558244647,established_a-b112,established_a,112,,,,100,,,,,,,,,,,0.23828125,256.0,,,,,,,,,,,,106.0,,,0.48046875,123.0
unconditional_first_payback,demo-human_decline_bot_rise-884000,human_decline_bot_rise,dynamic_hierarchy,119,fixed_price,9d018b9de9fdf567d73f5985050e16b27d8e3d3b4c30531233e5677558244647,established_a-b112,established_a,112,,,,100,,,,,,,,,,,0.23828125,256.0,,,,,,,,,,,,107.0,,,0.484375,124.0
unconditional_first_payback,demo-human_decline_bot_rise-884000,human_decline_bot_rise,dynamic_hierarchy,119,fixed_price,9d018b9de9fdf567d73f5985050e16b27d8e3d3b4c30531233e5677558244647,established_a-b112,established_a,112,,,,100,,,,,,,,,,,0.23828125,256.0,,,,,,,,,,,,108.0,,,0.484375,124.0
unconditional_first_payback,demo-human_decline_bot_rise-884000,human_decline_bot_rise,dynamic_hierarchy,119,fixed_price,9d018b9de9fdf567d73f5985050e16b27d8e3d3b4c30531233e5677558244647,established_a-b112,established_a,112,,,,100,,,,,,,,,,,0.23828125,256.0,,,,,,,,,,,,109.0,,,0.48828125,125.0
unconditional_first_payback,demo-human_decline_bot_rise-884000,human_decline_bot_rise,dynamic_hierarchy,119,fixed_price,9d018b9de9fdf567d73f5985050e16b27d8e3d3b4c30531233e5677558244647,established_a-b112,established_a,112,,,,100,,,,,,,,,,,0.23828125,256.0,,,,,,,,,,,,110.0,,,0.4921875,126.0
unconditional_first_payback,demo-human_decline_bot_rise-884000,human_decline_bot_rise,dynamic_hierarchy,119,fixed_price,9d018b9de9fdf567d73f5985050e16b27d8e3d3b4c30531233e5677558244647,established_a-b112,established_a,112,,,,100,,,,,,,,,,,0.23828125,256.0,,,,,,,,,,,,111.0,,,0.50390625,129.0
unconditional_first_payback,demo-human_decline_bot_rise-884000,human_decline_bot_rise,dynamic_hierarchy,119,fixed_price,9d018b9de9fdf567d73f5985050e16b27d8e3d3b4c30531233e5677558244647,established_a-b112,established_a,112,,,,100,,,,,,,,,,,0.23828125,256.0,,,,,,,,,,,,112.0,,,0.50390625,129.0
unconditional_first_payback,demo-human_decline_bot_rise-884000,human_decline_bot_rise,dynamic_hierarchy,119,fixed_price,9d018b9de9fdf567d73f5985050e16b27d8e3d3b4c30531233e5677558244647,established_a-b112,established_a,112,,,,100,,,,,,,,,,,0.23828125,256.0,,,,,,,,,,,,113.0,,,0.50390625,129.0
unconditional_first_payback,demo-human_decline_bot_rise-884000,human_decline_bot_rise,dynamic_hierarchy,119,fixed_price,9d018b9de9fdf567d73f5985050e16b27d8e3d3b4c30531233e5677558244647,established_a-b112,established_a,112,,,,100,,,,,,,,,,,0.23828125,256.0,,,,,,,,,,,,114.0,,,0.50390625,129.0
unconditional_first_payback,demo-human_decline_bot_rise-884000,human_decline_bot_rise,dynamic_hierarchy,119,fixed_price,9d018b9de9fdf567d73f5985050e16b27d8e3d3b4c30531233e5677558244647,established_a-b112,established_a,112,,,,100,,,,,,,,,,,0.23828125,256.0,,,,,,,,,,,,115.0,,,0.50390625,129.0
unconditional_first_payback,demo-human_decline_bot_rise-884000,human_decline_bot_rise,dynamic_hierarchy,119,fixed_price,9d018b9de9fdf567d73f5985050e16b27d8e3d3b4c30531233e5677558244647,established_a-b112,established_a,112,,,,100,,,,,,,,,,,0.23828125,256.0,,,,,,,,,,,,116.0,,,0.5078125,130.0
unconditional_first_payback,demo-human_decline_bot_rise-884000,human_decline_bot_rise,dynamic_hierarchy,119,fixed_price,9d018b9de9fdf567d73f5985050e16b27d8e3d3b4c30531233e5677558244647,established_a-b112,established_a,112,,,,100,,,,,,,,,,,0.23828125,256.0,,,,,,,,,,,,117.0,,,0.51171875,131.0
unconditional_first_payback,demo-human_decline_bot_rise-884000,human_decline_bot_rise,dynamic_hierarchy,119,fixed_price,9d018b9de9fdf567d73f5985050e16b27d8e3d3b4c30531233e5677558244647,established_a-b112,established_a,112,,,,100,,,,,,,,,,,0.23828125,256.0,,,,,,,,,,,,118.0,,,0.51953125,133.0
unconditional_first_payback,demo-human_decline_bot_rise-884000,human_decline_bot_rise,dynamic_hierarchy,119,fixed_price,9d018b9de9fdf567d73f5985050e16b27d8e3d3b4c30531233e5677558244647,established_a-b112,established_a,112,,,,100,,,,,,,,,,,0.23828125,256.0,,,,,,,,,,,,119.0,,,0.5234375,134.0
unconditional_first_payback,demo-human_decline_bot_rise-884000,human_decline_bot_rise,dynamic_hierarchy,119,fixed_price,9d018b9de9fdf567d73f5985050e16b27d8e3d3b4c30531233e5677558244647,established_a-b112,established_a,112,,,,100,,,,,,,,,,,0.23828125,256.0,,,,,,,,,,,,120.0,,,0.52734375,135.0
unconditional_first_payback,demo-human_decline_bot_rise-884000,human_decline_bot_rise,dynamic_hierarchy,119,fixed_price,9d018b9de9fdf567d73f5985050e16b27d8e3d3b4c30531233e5677558244647,established_a-b112,established_a,112,,,,100,,,,,,,,,,,0.23828125,256.0,,,,,,,,,,,,121.0,,,0.53515625,137.0
unconditional_first_payback,demo-human_decline_bot_rise-884000,human_decline_bot_rise,dynamic_hierarchy,119,fixed_price,9d018b9de9fdf567d73f5985050e16b27d8e3d3b4c30531233e5677558244647,established_a-b112,established_a,112,,,,100,,,,,,,,,,,0.23828125,256.0,,,,,,,,,,,,122.0,,,0.5390625,138.0
unconditional_first_payback,demo-human_decline_bot_rise-884000,human_decline_bot_rise,dynamic_hierarchy,119,fixed_price,9d018b9de9fdf567d73f5985050e16b27d8e3d3b4c30531233e5677558244647,established_a-b112,established_a,112,,,,100,,,,,,,,,,,0.23828125,256.0,,,,,,,,,,,,123.0,,,0.546875,140.0
unconditional_first_payback,demo-human_decline_bot_rise-884000,human_decline_bot_rise,dynamic_hierarchy,119,fixed_price,9d018b9de9fdf567d73f5985050e16b27d8e3d3b4c30531233e5677558244647,established_a-b112,established_a,112,,,,100,,,,,,,,,,,0.23828125,256.0,,,,,,,,,,,,124.0,,,0.55078125,141.0
unconditional_first_payback,demo-human_decline_bot_rise-884000,human_decline_bot_rise,dynamic_hierarchy,119,fixed_price,9d018b9de9fdf567d73f5985050e16b27d8e3d3b4c30531233e5677558244647,established_a-b112,established_a,112,,,,100,,,,,,,,,,,0.23828125,256.0,,,,,,,,,,,,125.0,,,0.55078125,141.0
unconditional_first_payback,demo-human_decline_bot_rise-884000,human_decline_bot_rise,dynamic_hierarchy,119,fixed_price,9d018b9de9fdf567d73f5985050e16b27d8e3d3b4c30531233e5677558244647,established_a-b112,established_a,112,,,,100,,,,,,,,,,,0.23828125,256.0,,,,,,,,,,,,126.0,,,0.55859375,143.0
unconditional_first_payback,demo-human_decline_bot_rise-884000,human_decline_bot_rise,dynamic_hierarchy,119,fixed_price,9d018b9de9fdf567d73f5985050e16b27d8e3d3b4c30531233e5677558244647,established_a-b112,established_a,112,,,,100,,,,,,,,,,,0.23828125,256.0,,,,,,,,,,,,127.0,,,0.5625,144.0
unconditional_first_payback,demo-human_decline_bot_rise-884000,human_decline_bot_rise,dynamic_hierarchy,119,fixed_price,9d018b9de9fdf567d73f5985050e16b27d8e3d3b4c30531233e5677558244647,established_a-b112,established_a,112,,,,100,,,,,,,,,,,0.23828125,256.0,,,,,,,,,,,,128.0,,,0.5703125,146.0
unconditional_first_payback,demo-human_decline_bot_rise-884000,human_decline_bot_rise,dynamic_hierarchy,119,fixed_price,9d018b9de9fdf567d73f5985050e16b27d8e3d3b4c30531233e5677558244647,established_a-b112,established_a,112,,,,100,,,,,,,,,,,0.23828125,256.0,,,,,,,,,,,,129.0,,,0.578125,148.0
unconditional_first_payback,demo-human_decline_bot_rise-884000,human_decline_bot_rise,dynamic_hierarchy,119,fixed_price,9d018b9de9fdf567d73f5985050e16b27d8e3d3b4c30531233e5677558244647,established_a-b112,established_a,112,,,,100,,,,,,,,,,,0.23828125,256.0,,,,,,,,,,,,130.0,,,0.578125,148.0
unconditional_first_payback,demo-human_decline_bot_rise-884000,human_decline_bot_rise,dynamic_hierarchy,119,fixed_price,9d018b9de9fdf567d73f5985050e16b27d8e3d3b4c30531233e5677558244647,established_a-b112,established_a,112,,,,100,,,,,,,,,,,0.23828125,256.0,,,,,,,,,,,,131.0,,,0.578125,148.0
unconditional_first_payback,demo-human_decline_bot_rise-884000,human_decline_bot_rise,dynamic_hierarchy,119,fixed_price,9d018b9de9fdf567d73f5985050e16b27d8e3d3b4c30531233e5677558244647,established_a-b112,established_a,112,,,,100,,,,,,,,,,,0.23828125,256.0,,,,,,,,,,,,132.0,,,0.58203125,149.0
unconditional_first_payback,demo-human_decline_bot_rise-884000,human_decline_bot_rise,dynamic_hierarchy,119,fixed_price,9d018b9de9fdf567d73f5985050e16b27d8e3d3b4c30531233e5677558244647,established_a-b112,established_a,112,,,,100,,,,,,,,,,,0.23828125,256.0,,,,,,,,,,,,133.0,,,0.58984375,151.0
unconditional_first_payback,demo-human_decline_bot_rise-884000,human_decline_bot_rise,dynamic_hierarchy,119,fixed_price,9d018b9de9fdf567d73f5985050e16b27d8e3d3b4c30531233e5677558244647,established_a-b112,established_a,112,,,,100,,,,,,,,,,,0.23828125,256.0,,,,,,,,,,,,134.0,,,0.58984375,151.0
unconditional_first_payback,demo-human_decline_bot_rise-884000,human_decline_bot_rise,dynamic_hierarchy,119,fixed_price,9d018b9de9fdf567d73f5985050e16b27d8e3d3b4c30531233e5677558244647,established_a-b112,established_a,112,,,,100,,,,,,,,,,,0.23828125,256.0,,,,,,,,,,,,135.0,,,0.59375,152.0
unconditional_first_payback,demo-human_decline_bot_rise-884000,human_decline_bot_rise,dynamic_hierarchy,119,fixed_price,9d018b9de9fdf567d73f5985050e16b27d8e3d3b4c30531233e5677558244647,established_a-b112,established_a,112,,,,100,,,,,,,,,,,0.23828125,256.0,,,,,,,,,,,,136.0,,,0.59375,152.0
unconditional_first_payback,demo-human_decline_bot_rise-884000,human_decline_bot_rise,dynamic_hierarchy,119,fixed_price,9d018b9de9fdf567d73f5985050e16b27d8e3d3b4c30531233e5677558244647,established_a-b112,established_a,112,,,,100,,,,,,,,,,,0.23828125,256.0,,,,,,,,,,,,137.0,,,0.6015625,154.0
unconditional_first_payback,demo-human_decline_bot_rise-884000,human_decline_bot_rise,dynamic_hierarchy,119,fixed_price,9d018b9de9fdf567d73f5985050e16b27d8e3d3b4c30531233e5677558244647,established_a-b112,established_a,112,,,,100,,,,,,,,,,,0.23828125,256.0,,,,,,,,,,,,138.0,,,0.61328125,157.0
unconditional_first_payback,demo-human_decline_bot_rise-884000,human_decline_bot_rise,dynamic_hierarchy,119,fixed_price,9d018b9de9fdf567d73f5985050e16b27d8e3d3b4c30531233e5677558244647,established_a-b112,established_a,112,,,,100,,,,,,,,,,,0.23828125,256.0,,,,,,,,,,,,139.0,,,0.6171875,158.0
unconditional_first_payback,demo-human_decline_bot_rise-884000,human_decline_bot_rise,dynamic_hierarchy,119,fixed_price,9d018b9de9fdf567d73f5985050e16b27d8e3d3b4c30531233e5677558244647,established_a-b112,established_a,112,,,,100,,,,,,,,,,,0.23828125,256.0,,,,,,,,,,,,140.0,,,0.62109375,159.0
unconditional_first_payback,demo-human_decline_bot_rise-884000,human_decline_bot_rise,dynamic_hierarchy,119,fixed_price,9d018b9de9fdf567d73f5985050e16b27d8e3d3b4c30531233e5677558244647,established_a-b112,established_a,112,,,,100,,,,,,,,,,,0.23828125,256.0,,,,,,,,,,,,141.0,,,0.62109375,159.0
unconditional_first_payback,demo-human_decline_bot_rise-884000,human_decline_bot_rise,dynamic_hierarchy,119,fixed_price,9d018b9de9fdf567d73f5985050e16b27d8e3d3b4c30531233e5677558244647,established_a-b112,established_a,112,,,,100,,,,,,,,,,,0.23828125,256.0,,,,,,,,,,,,142.0,,,0.62109375,159.0
unconditional_first_payback,demo-human_decline_bot_rise-884000,human_decline_bot_rise,dynamic_hierarchy,119,fixed_price,9d018b9de9fdf567d73f5985050e16b27d8e3d3b4c30531233e5677558244647,established_a-b112,established_a,112,,,,100,,,,,,,,,,,0.23828125,256.0,,,,,,,,,,,,143.0,,,0.625,160.0
unconditional_first_payback,demo-human_decline_bot_rise-884000,human_decline_bot_rise,dynamic_hierarchy,119,fixed_price,9d018b9de9fdf567d73f5985050e16b27d8e3d3b4c30531233e5677558244647,established_a-b112,established_a,112,,,,100,,,,,,,,,,,0.23828125,256.0,,,,,,,,,,,,144.0,,,0.63671875,163.0
unconditional_first_payback,demo-human_decline_bot_rise-884000,human_decline_bot_rise,dynamic_hierarchy,119,fixed_price,9d018b9de9fdf567d73f5985050e16b27d8e3d3b4c30531233e5677558244647,established_a-b112,established_a,112,,,,100,,,,,,,,,,,0.23828125,256.0,,,,,,,,,,,,145.0,,,0.640625,164.0
unconditional_first_payback,demo-human_decline_bot_rise-884000,human_decline_bot_rise,dynamic_hierarchy,119,fixed_price,9d018b9de9fdf567d73f5985050e16b27d8e3d3b4c30531233e5677558244647,established_a-b112,established_a,112,,,,100,,,,,,,,,,,0.23828125,256.0,,,,,,,,,,,,146.0,,,0.640625,164.0
unconditional_first_payback,demo-human_decline_bot_rise-884000,human_decline_bot_rise,dynamic_hierarchy,119,fixed_price,9d018b9de9fdf567d73f5985050e16b27d8e3d3b4c30531233e5677558244647,established_a-b112,established_a,112,,,,100,,,,,,,,,,,0.23828125,256.0,,,,,,,,,,,,147.0,,,0.640625,164.0
unconditional_first_payback,demo-human_decline_bot_rise-884000,human_decline_bot_rise,dynamic_hierarchy,119,fixed_price,9d018b9de9fdf567d73f5985050e16b27d8e3d3b4c30531233e5677558244647,established_a-b112,established_a,112,,,,100,,,,,,,,,,,0.23828125,256.0,,,,,,,,,,,,148.0,,,0.6484375,166.0
unconditional_first_payback,demo-human_decline_bot_rise-884000,human_decline_bot_rise,dynamic_hierarchy,119,fixed_price,9d018b9de9fdf567d73f5985050e16b27d8e3d3b4c30531233e5677558244647,established_a-b112,established_a,112,,,,100,,,,,,,,,,,0.23828125,256.0,,,,,,,,,,,,149.0,,,0.65234375,167.0
unconditional_first_payback,demo-human_decline_bot_rise-884000,human_decline_bot_rise,dynamic_hierarchy,119,fixed_price,9d018b9de9fdf567d73f5985050e16b27d8e3d3b4c30531233e5677558244647,established_a-b112,established_a,112,,,,100,,,,,,,,,,,0.23828125,256.0,,,,,,,,,,,,150.0,,,0.65234375,167.0
unconditional_first_payback,demo-human_decline_bot_rise-884000,human_decline_bot_rise,dynamic_hierarchy,119,fixed_price,9d018b9de9fdf567d73f5985050e16b27d8e3d3b4c30531233e5677558244647,established_a-b112,established_a,112,,,,100,,,,,,,,,,,0.23828125,256.0,,,,,,,,,,,,151.0,,,0.65234375,167.0
unconditional_first_payback,demo-human_decline_bot_rise-884000,human_decline_bot_rise,dynamic_hierarchy,119,fixed_price,9d018b9de9fdf567d73f5985050e16b27d8e3d3b4c30531233e5677558244647,established_a-b112,established_a,112,,,,100,,,,,,,,,,,0.23828125,256.0,,,,,,,,,,,,152.0,,,0.65234375,167.0
unconditional_first_payback,demo-human_decline_bot_rise-884000,human_decline_bot_rise,dynamic_hierarchy,119,fixed_price,9d018b9de9fdf567d73f5985050e16b27d8e3d3b4c30531233e5677558244647,established_a-b112,established_a,112,,,,100,,,,,,,,,,,0.23828125,256.0,,,,,,,,,,,,153.0,,,0.65234375,167.0
unconditional_first_payback,demo-human_decline_bot_rise-884000,human_decline_bot_rise,dynamic_hierarchy,119,fixed_price,9d018b9de9fdf567d73f5985050e16b27d8e3d3b4c30531233e5677558244647,established_a-b112,established_a,112,,,,100,,,,,,,,,,,0.23828125,256.0,,,,,,,,,,,,154.0,,,0.66015625,169.0
unconditional_first_payback,demo-human_decline_bot_rise-884000,human_decline_bot_rise,dynamic_hierarchy,119,fixed_price,9d018b9de9fdf567d73f5985050e16b27d8e3d3b4c30531233e5677558244647,established_a-b112,established_a,112,,,,100,,,,,,,,,,,0.23828125,256.0,,,,,,,,,,,,155.0,,,0.66015625,169.0
unconditional_first_payback,demo-human_decline_bot_rise-884000,human_decline_bot_rise,dynamic_hierarchy,119,fixed_price,9d018b9de9fdf567d73f5985050e16b27d8e3d3b4c30531233e5677558244647,established_a-b112,established_a,112,,,,100,,,,,,,,,,,0.23828125,256.0,,,,,,,,,,,,156.0,,,0.66015625,169.0
unconditional_first_payback,demo-human_decline_bot_rise-884000,human_decline_bot_rise,dynamic_hierarchy,119,fixed_price,9d018b9de9fdf567d73f5985050e16b27d8e3d3b4c30531233e5677558244647,established_a-b112,established_a,112,,,,100,,,,,,,,,,,0.23828125,256.0,,,,,,,,,,,,157.0,,,0.6640625,170.0
unconditional_first_payback,demo-human_decline_bot_rise-884000,human_decline_bot_rise,dynamic_hierarchy,119,fixed_price,9d018b9de9fdf567d73f5985050e16b27d8e3d3b4c30531233e5677558244647,established_a-b112,established_a,112,,,,100,,,,,,,,,,,0.23828125,256.0,,,,,,,,,,,,158.0,,,0.6640625,170.0
unconditional_first_payback,demo-human_decline_bot_rise-884000,human_decline_bot_rise,dynamic_hierarchy,119,fixed_price,9d018b9de9fdf567d73f5985050e16b27d8e3d3b4c30531233e5677558244647,established_a-b112,established_a,112,,,,100,,,,,,,,,,,0.23828125,256.0,,,,,,,,,,,,159.0,,,0.6640625,170.0
unconditional_first_payback,demo-human_decline_bot_rise-884000,human_decline_bot_rise,dynamic_hierarchy,119,fixed_price,9d018b9de9fdf567d73f5985050e16b27d8e3d3b4c30531233e5677558244647,established_a-b112,established_a,112,,,,100,,,,,,,,,,,0.23828125,256.0,,,,,,,,,,,,160.0,,,0.6640625,170.0
unconditional_first_payback,demo-human_decline_bot_rise-884000,human_decline_bot_rise,dynamic_hierarchy,119,fixed_price,9d018b9de9fdf567d73f5985050e16b27d8e3d3b4c30531233e5677558244647,established_a-b112,established_a,112,,,,100,,,,,,,,,,,0.23828125,256.0,,,,,,,,,,,,161.0,,,0.66796875,171.0
unconditional_first_payback,demo-human_decline_bot_rise-884000,human_decline_bot_rise,dynamic_hierarchy,119,fixed_price,9d018b9de9fdf567d73f5985050e16b27d8e3d3b4c30531233e5677558244647,established_a-b112,established_a,112,,,,100,,,,,,,,,,,0.23828125,256.0,,,,,,,,,,,,162.0,,,0.6796875,174.0
unconditional_first_payback,demo-human_decline_bot_rise-884000,human_decline_bot_rise,dynamic_hierarchy,119,fixed_price,9d018b9de9fdf567d73f5985050e16b27d8e3d3b4c30531233e5677558244647,established_a-b112,established_a,112,,,,100,,,,,,,,,,,0.23828125,256.0,,,,,,,,,,,,163.0,,,0.6796875,174.0
unconditional_first_payback,demo-human_decline_bot_rise-884000,human_decline_bot_rise,dynamic_hierarchy,119,fixed_price,9d018b9de9fdf567d73f5985050e16b27d8e3d3b4c30531233e5677558244647,established_a-b112,established_a,112,,,,100,,,,,,,,,,,0.23828125,256.0,,,,,,,,,,,,164.0,,,0.68359375,175.0
unconditional_first_payback,demo-human_decline_bot_rise-884000,human_decline_bot_rise,dynamic_hierarchy,119,fixed_price,9d018b9de9fdf567d73f5985050e16b27d8e3d3b4c30531233e5677558244647,established_a-b112,established_a,112,,,,100,,,,,,,,,,,0.23828125,256.0,,,,,,,,,,,,165.0,,,0.6875,176.0
unconditional_first_payback,demo-human_decline_bot_rise-884000,human_decline_bot_rise,dynamic_hierarchy,119,fixed_price,9d018b9de9fdf567d73f5985050e16b27d8e3d3b4c30531233e5677558244647,established_a-b112,established_a,112,,,,100,,,,,,,,,,,0.23828125,256.0,,,,,,,,,,,,166.0,,,0.6953125,178.0
unconditional_first_payback,demo-human_decline_bot_rise-884000,human_decline_bot_rise,dynamic_hierarchy,119,fixed_price,9d018b9de9fdf567d73f5985050e16b27d8e3d3b4c30531233e5677558244647,established_a-b112,established_a,112,,,,100,,,,,,,,,,,0.23828125,256.0,,,,,,,,,,,,167.0,,,0.6953125,178.0
unconditional_first_payback,demo-human_decline_bot_rise-884000,human_decline_bot_rise,dynamic_hierarchy,119,fixed_price,9d018b9de9fdf567d73f5985050e16b27d8e3d3b4c30531233e5677558244647,established_a-b112,established_a,112,,,,100,,,,,,,,,,,0.23828125,256.0,,,,,,,,,,,,168.0,,,0.6953125,178.0
unconditional_first_payback,demo-human_decline_bot_rise-884000,human_decline_bot_rise,dynamic_hierarchy,119,fixed_price,9d018b9de9fdf567d73f5985050e16b27d8e3d3b4c30531233e5677558244647,established_a-b112,established_a,112,,,,100,,,,,,,,,,,0.23828125,256.0,,,,,,,,,,,,169.0,,,0.6953125,178.0
unconditional_first_payback,demo-human_decline_bot_rise-884000,human_decline_bot_rise,dynamic_hierarchy,119,fixed_price,9d018b9de9fdf567d73f5985050e16b27d8e3d3b4c30531233e5677558244647,established_a-b112,established_a,112,,,,100,,,,,,,,,,,0.23828125,256.0,,,,,,,,,,,,170.0,,,0.69921875,179.0
unconditional_first_payback,demo-human_decline_bot_rise-884000,human_decline_bot_rise,dynamic_hierarchy,119,fixed_price,9d018b9de9fdf567d73f5985050e16b27d8e3d3b4c30531233e5677558244647,established_a-b112,established_a,112,,,,100,,,,,,,,,,,0.23828125,256.0,,,,,,,,,,,,171.0,,,0.69921875,179.0
unconditional_first_payback,demo-human_decline_bot_rise-884000,human_decline_bot_rise,dynamic_hierarchy,119,fixed_price,9d018b9de9fdf567d73f5985050e16b27d8e3d3b4c30531233e5677558244647,established_a-b112,established_a,112,,,,100,,,,,,,,,,,0.23828125,256.0,,,,,,,,,,,,172.0,,,0.703125,180.0
unconditional_first_payback,demo-human_decline_bot_rise-884000,human_decline_bot_rise,dynamic_hierarchy,119,fixed_price,9d018b9de9fdf567d73f5985050e16b27d8e3d3b4c30531233e5677558244647,established_a-b112,established_a,112,,,,100,,,,,,,,,,,0.23828125,256.0,,,,,,,,,,,,173.0,,,0.703125,180.0
unconditional_first_payback,demo-human_decline_bot_rise-884000,human_decline_bot_rise,dynamic_hierarchy,119,fixed_price,9d018b9de9fdf567d73f5985050e16b27d8e3d3b4c30531233e5677558244647,established_a-b112,established_a,112,,,,100,,,,,,,,,,,0.23828125,256.0,,,,,,,,,,,,174.0,,,0.703125,180.0
unconditional_first_payback,demo-human_decline_bot_rise-884000,human_decline_bot_rise,dynamic_hierarchy,119,fixed_price,9d018b9de9fdf567d73f5985050e16b27d8e3d3b4c30531233e5677558244647,established_a-b112,established_a,112,,,,100,,,,,,,,,,,0.23828125,256.0,,,,,,,,,,,,175.0,,,0.703125,180.0
unconditional_first_payback,demo-human_decline_bot_rise-884000,human_decline_bot_rise,dynamic_hierarchy,119,fixed_price,9d018b9de9fdf567d73f5985050e16b27d8e3d3b4c30531233e5677558244647,established_a-b112,established_a,112,,,,100,,,,,,,,,,,0.23828125,256.0,,,,,,,,,,,,176.0,,,0.703125,180.0
unconditional_first_payback,demo-human_decline_bot_rise-884000,human_decline_bot_rise,dynamic_hierarchy,119,fixed_price,9d018b9de9fdf567d73f5985050e16b27d8e3d3b4c30531233e5677558244647,established_a-b112,established_a,112,,,,100,,,,,,,,,,,0.23828125,256.0,,,,,,,,,,,,177.0,,,0.703125,180.0
unconditional_first_payback,demo-human_decline_bot_rise-884000,human_decline_bot_rise,dynamic_hierarchy,119,fixed_price,9d018b9de9fdf567d73f5985050e16b27d8e3d3b4c30531233e5677558244647,established_a-b112,established_a,112,,,,100,,,,,,,,,,,0.23828125,256.0,,,,,,,,,,,,178.0,,,0.7109375,182.0
unconditional_first_payback,demo-human_decline_bot_rise-884000,human_decline_bot_rise,dynamic_hierarchy,119,fixed_price,9d018b9de9fdf567d73f5985050e16b27d8e3d3b4c30531233e5677558244647,established_a-b112,established_a,112,,,,100,,,,,,,,,,,0.23828125,256.0,,,,,,,,,,,,179.0,,,0.7109375,182.0
unconditional_first_payback,demo-human_decline_bot_rise-884000,human_decline_bot_rise,dynamic_hierarchy,119,fixed_price,9d018b9de9fdf567d73f5985050e16b27d8e3d3b4c30531233e5677558244647,established_a-b112,established_a,112,,,,100,,,,,,,,,,,0.23828125,256.0,,,,,,,,,,,,180.0,,,0.7109375,182.0
unconditional_first_payback,demo-human_decline_bot_rise-884000,human_decline_bot_rise,dynamic_hierarchy,119,fixed_price,9d018b9de9fdf567d73f5985050e16b27d8e3d3b4c30531233e5677558244647,established_a-b112,established_a,112,,,,100,,,,,,,,,,,0.23828125,256.0,,,,,,,,,,,,181.0,,,0.71484375,183.0
unconditional_first_payback,demo-human_decline_bot_rise-884000,human_decline_bot_rise,dynamic_hierarchy,119,fixed_price,9d018b9de9fdf567d73f5985050e16b27d8e3d3b4c30531233e5677558244647,established_a-b112,established_a,112,,,,100,,,,,,,,,,,0.23828125,256.0,,,,,,,,,,,,182.0,,,0.71484375,183.0
unconditional_first_payback,demo-human_decline_bot_rise-884000,human_decline_bot_rise,dynamic_hierarchy,119,fixed_price,9d018b9de9fdf567d73f5985050e16b27d8e3d3b4c30531233e5677558244647,established_a-b112,established_a,112,,,,100,,,,,,,,,,,0.23828125,256.0,,,,,,,,,,,,183.0,,,0.71484375,183.0
unconditional_first_payback,demo-human_decline_bot_rise-884000,human_decline_bot_rise,dynamic_hierarchy,119,fixed_price,9d018b9de9fdf567d73f5985050e16b27d8e3d3b4c30531233e5677558244647,established_a-b112,established_a,112,,,,100,,,,,,,,,,,0.23828125,256.0,,,,,,,,,,,,184.0,,,0.71875,184.0
unconditional_first_payback,demo-human_decline_bot_rise-884000,human_decline_bot_rise,dynamic_hierarchy,119,fixed_price,9d018b9de9fdf567d73f5985050e16b27d8e3d3b4c30531233e5677558244647,established_a-b112,established_a,112,,,,100,,,,,,,,,,,0.23828125,256.0,,,,,,,,,,,,185.0,,,0.71875,184.0
unconditional_first_payback,demo-human_decline_bot_rise-884000,human_decline_bot_rise,dynamic_hierarchy,119,fixed_price,9d018b9de9fdf567d73f5985050e16b27d8e3d3b4c30531233e5677558244647,established_a-b112,established_a,112,,,,100,,,,,,,,,,,0.23828125,256.0,,,,,,,,,,,,186.0,,,0.71875,184.0
unconditional_first_payback,demo-human_decline_bot_rise-884000,human_decline_bot_rise,dynamic_hierarchy,119,fixed_price,9d018b9de9fdf567d73f5985050e16b27d8e3d3b4c30531233e5677558244647,established_a-b112,established_a,112,,,,100,,,,,,,,,,,0.23828125,256.0,,,,,,,,,,,,187.0,,,0.71875,184.0
unconditional_first_payback,demo-human_decline_bot_rise-884000,human_decline_bot_rise,dynamic_hierarchy,119,fixed_price,9d018b9de9fdf567d73f5985050e16b27d8e3d3b4c30531233e5677558244647,established_a-b112,established_a,112,,,,100,,,,,,,,,,,0.23828125,256.0,,,,,,,,,,,,188.0,,,0.72265625,185.0
unconditional_first_payback,demo-human_decline_bot_rise-884000,human_decline_bot_rise,dynamic_hierarchy,119,fixed_price,9d018b9de9fdf567d73f5985050e16b27d8e3d3b4c30531233e5677558244647,established_a-b112,established_a,112,,,,100,,,,,,,,,,,0.23828125,256.0,,,,,,,,,,,,189.0,,,0.72265625,185.0
unconditional_first_payback,demo-human_decline_bot_rise-884000,human_decline_bot_rise,dynamic_hierarchy,119,fixed_price,9d018b9de9fdf567d73f5985050e16b27d8e3d3b4c30531233e5677558244647,established_a-b112,established_a,112,,,,100,,,,,,,,,,,0.23828125,256.0,,,,,,,,,,,,190.0,,,0.72265625,185.0
unconditional_first_payback,demo-human_decline_bot_rise-884000,human_decline_bot_rise,dynamic_hierarchy,119,fixed_price,9d018b9de9fdf567d73f5985050e16b27d8e3d3b4c30531233e5677558244647,established_a-b112,established_a,112,,,,100,,,,,,,,,,,0.23828125,256.0,,,,,,,,,,,,191.0,,,0.72265625,185.0
unconditional_first_payback,demo-human_decline_bot_rise-884000,human_decline_bot_rise,dynamic_hierarchy,119,fixed_price,9d018b9de9fdf567d73f5985050e16b27d8e3d3b4c30531233e5677558244647,established_a-b112,established_a,112,,,,100,,,,,,,,,,,0.23828125,256.0,,,,,,,,,,,,192.0,,,0.72265625,185.0
unconditional_first_payback,demo-human_decline_bot_rise-884000,human_decline_bot_rise,dynamic_hierarchy,119,fixed_price,9d018b9de9fdf567d73f5985050e16b27d8e3d3b4c30531233e5677558244647,established_a-b112,established_a,112,,,,100,,,,,,,,,,,0.23828125,256.0,,,,,,,,,,,,193.0,,,0.72265625,185.0
unconditional_first_payback,demo-human_decline_bot_rise-884000,human_decline_bot_rise,dynamic_hierarchy,119,fixed_price,9d018b9de9fdf567d73f5985050e16b27d8e3d3b4c30531233e5677558244647,established_a-b112,established_a,112,,,,100,,,,,,,,,,,0.23828125,256.0,,,,,,,,,,,,194.0,,,0.72265625,185.0
unconditional_first_payback,demo-human_decline_bot_rise-884000,human_decline_bot_rise,dynamic_hierarchy,119,fixed_price,9d018b9de9fdf567d73f5985050e16b27d8e3d3b4c30531233e5677558244647,established_a-b112,established_a,112,,,,100,,,,,,,,,,,0.23828125,256.0,,,,,,,,,,,,195.0,,,0.72265625,185.0
unconditional_first_payback,demo-human_decline_bot_rise-884000,human_decline_bot_rise,dynamic_hierarchy,119,fixed_price,9d018b9de9fdf567d73f5985050e16b27d8e3d3b4c30531233e5677558244647,established_a-b112,established_a,112,,,,100,,,,,,,,,,,0.23828125,256.0,,,,,,,,,,,,196.0,,,0.72265625,185.0
unconditional_first_payback,demo-human_decline_bot_rise-884000,human_decline_bot_rise,dynamic_hierarchy,119,fixed_price,9d018b9de9fdf567d73f5985050e16b27d8e3d3b4c30531233e5677558244647,established_a-b112,established_a,112,,,,100,,,,,,,,,,,0.23828125,256.0,,,,,,,,,,,,197.0,,,0.72265625,185.0
unconditional_first_payback,demo-human_decline_bot_rise-884000,human_decline_bot_rise,dynamic_hierarchy,119,fixed_price,9d018b9de9fdf567d73f5985050e16b27d8e3d3b4c30531233e5677558244647,established_a-b112,established_a,112,,,,100,,,,,,,,,,,0.23828125,256.0,,,,,,,,,,,,198.0,,,0.72265625,185.0
unconditional_first_payback,demo-human_decline_bot_rise-884000,human_decline_bot_rise,dynamic_hierarchy,119,fixed_price,9d018b9de9fdf567d73f5985050e16b27d8e3d3b4c30531233e5677558244647,established_a-b112,established_a,112,,,,100,,,,,,,,,,,0.23828125,256.0,,,,,,,,,,,,199.0,,,0.72265625,185.0
unconditional_first_payback,demo-human_decline_bot_rise-884000,human_decline_bot_rise,dynamic_hierarchy,119,fixed_price,9d018b9de9fdf567d73f5985050e16b27d8e3d3b4c30531233e5677558244647,established_a-b112,established_a,112,,,,100,,,,,,,,,,,0.23828125,256.0,,,,,,,,,,,,200.0,,,0.7265625,186.0
unconditional_first_payback,demo-human_decline_bot_rise-884000,human_decline_bot_rise,dynamic_hierarchy,119,fixed_price,9d018b9de9fdf567d73f5985050e16b27d8e3d3b4c30531233e5677558244647,established_a-b112,established_a,112,,,,100,,,,,,,,,,,0.23828125,256.0,,,,,,,,,,,,201.0,,,0.73046875,187.0
unconditional_first_payback,demo-human_decline_bot_rise-884000,human_decline_bot_rise,dynamic_hierarchy,119,fixed_price,9d018b9de9fdf567d73f5985050e16b27d8e3d3b4c30531233e5677558244647,established_a-b112,established_a,112,,,,100,,,,,,,,,,,0.23828125,256.0,,,,,,,,,,,,202.0,,,0.73046875,187.0
unconditional_first_payback,demo-human_decline_bot_rise-884000,human_decline_bot_rise,dynamic_hierarchy,119,fixed_price,9d018b9de9fdf567d73f5985050e16b27d8e3d3b4c30531233e5677558244647,established_a-b112,established_a,112,,,,100,,,,,,,,,,,0.23828125,256.0,,,,,,,,,,,,203.0,,,0.734375,188.0
unconditional_first_payback,demo-human_decline_bot_rise-884000,human_decline_bot_rise,dynamic_hierarchy,119,fixed_price,9d018b9de9fdf567d73f5985050e16b27d8e3d3b4c30531233e5677558244647,established_a-b112,established_a,112,,,,100,,,,,,,,,,,0.23828125,256.0,,,,,,,,,,,,204.0,,,0.734375,188.0
unconditional_first_payback,demo-human_decline_bot_rise-884000,human_decline_bot_rise,dynamic_hierarchy,119,fixed_price,9d018b9de9fdf567d73f5985050e16b27d8e3d3b4c30531233e5677558244647,established_a-b112,established_a,112,,,,100,,,,,,,,,,,0.23828125,256.0,,,,,,,,,,,,205.0,,,0.734375,188.0
unconditional_first_payback,demo-human_decline_bot_rise-884000,human_decline_bot_rise,dynamic_hierarchy,119,fixed_price,9d018b9de9fdf567d73f5985050e16b27d8e3d3b4c30531233e5677558244647,established_a-b112,established_a,112,,,,100,,,,,,,,,,,0.23828125,256.0,,,,,,,,,,,,206.0,,,0.734375,188.0
unconditional_first_payback,demo-human_decline_bot_rise-884000,human_decline_bot_rise,dynamic_hierarchy,119,fixed_price,9d018b9de9fdf567d73f5985050e16b27d8e3d3b4c30531233e5677558244647,established_a-b112,established_a,112,,,,100,,,,,,,,,,,0.23828125,256.0,,,,,,,,,,,,207.0,,,0.734375,188.0
unconditional_first_payback,demo-human_decline_bot_rise-884000,human_decline_bot_rise,dynamic_hierarchy,119,fixed_price,9d018b9de9fdf567d73f5985050e16b27d8e3d3b4c30531233e5677558244647,established_a-b112,established_a,112,,,,100,,,,,,,,,,,0.23828125,256.0,,,,,,,,,,,,208.0,,,0.734375,188.0
unconditional_first_payback,demo-human_decline_bot_rise-884000,human_decline_bot_rise,dynamic_hierarchy,119,fixed_price,9d018b9de9fdf567d73f5985050e16b27d8e3d3b4c30531233e5677558244647,established_a-b112,established_a,112,,,,100,,,,,,,,,,,0.23828125,256.0,,,,,,,,,,,,209.0,,,0.734375,188.0
unconditional_first_payback,demo-human_decline_bot_rise-884000,human_decline_bot_rise,dynamic_hierarchy,119,fixed_price,9d018b9de9fdf567d73f5985050e16b27d8e3d3b4c30531233e5677558244647,established_a-b112,established_a,112,,,,100,,,,,,,,,,,0.23828125,256.0,,,,,,,,,,,,210.0,,,0.734375,188.0
unconditional_first_payback,demo-human_decline_bot_rise-884000,human_decline_bot_rise,dynamic_hierarchy,119,fixed_price,9d018b9de9fdf567d73f5985050e16b27d8e3d3b4c30531233e5677558244647,established_a-b112,established_a,112,,,,100,,,,,,,,,,,0.23828125,256.0,,,,,,,,,,,,211.0,,,0.734375,188.0
unconditional_first_payback,demo-human_decline_bot_rise-884000,human_decline_bot_rise,dynamic_hierarchy,119,fixed_price,9d018b9de9fdf567d73f5985050e16b27d8e3d3b4c30531233e5677558244647,established_a-b112,established_a,112,,,,100,,,,,,,,,,,0.23828125,256.0,,,,,,,,,,,,212.0,,,0.734375,188.0
unconditional_first_payback,demo-human_decline_bot_rise-884000,human_decline_bot_rise,dynamic_hierarchy,119,fixed_price,9d018b9de9fdf567d73f5985050e16b27d8e3d3b4c30531233e5677558244647,established_a-b112,established_a,112,,,,100,,,,,,,,,,,0.23828125,256.0,,,,,,,,,,,,213.0,,,0.734375,188.0
unconditional_first_payback,demo-human_decline_bot_rise-884000,human_decline_bot_rise,dynamic_hierarchy,119,fixed_price,9d018b9de9fdf567d73f5985050e16b27d8e3d3b4c30531233e5677558244647,established_a-b112,established_a,112,,,,100,,,,,,,,,,,0.23828125,256.0,,,,,,,,,,,,214.0,,,0.734375,188.0
unconditional_first_payback,demo-human_decline_bot_rise-884000,human_decline_bot_rise,dynamic_hierarchy,119,fixed_price,9d018b9de9fdf567d73f5985050e16b27d8e3d3b4c30531233e5677558244647,established_a-b112,established_a,112,,,,100,,,,,,,,,,,0.23828125,256.0,,,,,,,,,,,,215.0,,,0.734375,188.0
unconditional_first_payback,demo-human_decline_bot_rise-884000,human_decline_bot_rise,dynamic_hierarchy,119,fixed_price,9d018b9de9fdf567d73f5985050e16b27d8e3d3b4c30531233e5677558244647,established_a-b112,established_a,112,,,,100,,,,,,,,,,,0.23828125,256.0,,,,,,,,,,,,216.0,,,0.73828125,189.0
unconditional_first_payback,demo-human_decline_bot_rise-884000,human_decline_bot_rise,dynamic_hierarchy,119,fixed_price,9d018b9de9fdf567d73f5985050e16b27d8e3d3b4c30531233e5677558244647,established_a-b112,established_a,112,,,,100,,,,,,,,,,,0.23828125,256.0,,,,,,,,,,,,217.0,,,0.73828125,189.0
unconditional_first_payback,demo-human_decline_bot_rise-884000,human_decline_bot_rise,dynamic_hierarchy,119,fixed_price,9d018b9de9fdf567d73f5985050e16b27d8e3d3b4c30531233e5677558244647,established_a-b112,established_a,112,,,,100,,,,,,,,,,,0.23828125,256.0,,,,,,,,,,,,218.0,,,0.73828125,189.0
unconditional_first_payback,demo-human_decline_bot_rise-884000,human_decline_bot_rise,dynamic_hierarchy,119,fixed_price,9d018b9de9fdf567d73f5985050e16b27d8e3d3b4c30531233e5677558244647,established_a-b112,established_a,112,,,,100,,,,,,,,,,,0.23828125,256.0,,,,,,,,,,,,219.0,,,0.73828125,189.0
unconditional_first_payback,demo-human_decline_bot_rise-884000,human_decline_bot_rise,dynamic_hierarchy,119,fixed_price,9d018b9de9fdf567d73f5985050e16b27d8e3d3b4c30531233e5677558244647,established_a-b112,established_a,112,,,,100,,,,,,,,,,,0.23828125,256.0,,,,,,,,,,,,220.0,,,0.73828125,189.0
unconditional_first_payback,demo-human_decline_bot_rise-884000,human_decline_bot_rise,dynamic_hierarchy,119,fixed_price,9d018b9de9fdf567d73f5985050e16b27d8e3d3b4c30531233e5677558244647,established_a-b112,established_a,112,,,,100,,,,,,,,,,,0.23828125,256.0,,,,,,,,,,,,221.0,,,0.7421875,190.0
unconditional_first_payback,demo-human_decline_bot_rise-884000,human_decline_bot_rise,dynamic_hierarchy,119,fixed_price,9d018b9de9fdf567d73f5985050e16b27d8e3d3b4c30531233e5677558244647,established_a-b112,established_a,112,,,,100,,,,,,,,,,,0.23828125,256.0,,,,,,,,,,,,222.0,,,0.7421875,190.0
unconditional_first_payback,demo-human_decline_bot_rise-884000,human_decline_bot_rise,dynamic_hierarchy,119,fixed_price,9d018b9de9fdf567d73f5985050e16b27d8e3d3b4c30531233e5677558244647,established_a-b112,established_a,112,,,,100,,,,,,,,,,,0.23828125,256.0,,,,,,,,,,,,223.0,,,0.7421875,190.0
unconditional_first_payback,demo-human_decline_bot_rise-884000,human_decline_bot_rise,dynamic_hierarchy,119,fixed_price,9d018b9de9fdf567d73f5985050e16b27d8e3d3b4c30531233e5677558244647,established_a-b112,established_a,112,,,,100,,,,,,,,,,,0.23828125,256.0,,,,,,,,,,,,224.0,,,0.7421875,190.0
unconditional_first_payback,demo-human_decline_bot_rise-884000,human_decline_bot_rise,dynamic_hierarchy,119,fixed_price,9d018b9de9fdf567d73f5985050e16b27d8e3d3b4c30531233e5677558244647,established_a-b112,established_a,112,,,,100,,,,,,,,,,,0.23828125,256.0,,,,,,,,,,,,225.0,,,0.7421875,190.0
unconditional_first_payback,demo-human_decline_bot_rise-884000,human_decline_bot_rise,dynamic_hierarchy,119,fixed_price,9d018b9de9fdf567d73f5985050e16b27d8e3d3b4c30531233e5677558244647,established_a-b112,established_a,112,,,,100,,,,,,,,,,,0.23828125,256.0,,,,,,,,,,,,226.0,,,0.7421875,190.0
unconditional_first_payback,demo-human_decline_bot_rise-884000,human_decline_bot_rise,dynamic_hierarchy,119,fixed_price,9d018b9de9fdf567d73f5985050e16b27d8e3d3b4c30531233e5677558244647,established_a-b112,established_a,112,,,,100,,,,,,,,,,,0.23828125,256.0,,,,,,,,,,,,227.0,,,0.7421875,190.0
unconditional_first_payback,demo-human_decline_bot_rise-884000,human_decline_bot_rise,dynamic_hierarchy,119,fixed_price,9d018b9de9fdf567d73f5985050e16b27d8e3d3b4c30531233e5677558244647,established_a-b112,established_a,112,,,,100,,,,,,,,,,,0.23828125,256.0,,,,,,,,,,,,228.0,,,0.7421875,190.0
unconditional_first_payback,demo-human_decline_bot_rise-884000,human_decline_bot_rise,dynamic_hierarchy,119,fixed_price,9d018b9de9fdf567d73f5985050e16b27d8e3d3b4c30531233e5677558244647,established_a-b112,established_a,112,,,,100,,,,,,,,,,,0.23828125,256.0,,,,,,,,,,,,229.0,,,0.7421875,190.0
unconditional_first_payback,demo-human_decline_bot_rise-884000,human_decline_bot_rise,dynamic_hierarchy,119,fixed_price,9d018b9de9fdf567d73f5985050e16b27d8e3d3b4c30531233e5677558244647,established_a-b112,established_a,112,,,,100,,,,,,,,,,,0.23828125,256.0,,,,,,,,,,,,230.0,,,0.7421875,190.0
unconditional_first_payback,demo-human_decline_bot_rise-884000,human_decline_bot_rise,dynamic_hierarchy,119,fixed_price,9d018b9de9fdf567d73f5985050e16b27d8e3d3b4c30531233e5677558244647,established_a-b112,established_a,112,,,,100,,,,,,,,,,,0.23828125,256.0,,,,,,,,,,,,231.0,,,0.7421875,190.0
unconditional_first_payback,demo-human_decline_bot_rise-884000,human_decline_bot_rise,dynamic_hierarchy,119,fixed_price,9d018b9de9fdf567d73f5985050e16b27d8e3d3b4c30531233e5677558244647,established_a-b112,established_a,112,,,,100,,,,,,,,,,,0.23828125,256.0,,,,,,,,,,,,232.0,,,0.74609375,191.0
unconditional_first_payback,demo-human_decline_bot_rise-884000,human_decline_bot_rise,dynamic_hierarchy,119,fixed_price,9d018b9de9fdf567d73f5985050e16b27d8e3d3b4c30531233e5677558244647,established_a-b112,established_a,112,,,,100,,,,,,,,,,,0.23828125,256.0,,,,,,,,,,,,233.0,,,0.74609375,191.0
unconditional_first_payback,demo-human_decline_bot_rise-884000,human_decline_bot_rise,dynamic_hierarchy,119,fixed_price,9d018b9de9fdf567d73f5985050e16b27d8e3d3b4c30531233e5677558244647,established_a-b112,established_a,112,,,,100,,,,,,,,,,,0.23828125,256.0,,,,,,,,,,,,234.0,,,0.74609375,191.0
unconditional_first_payback,demo-human_decline_bot_rise-884000,human_decline_bot_rise,dynamic_hierarchy,119,fixed_price,9d018b9de9fdf567d73f5985050e16b27d8e3d3b4c30531233e5677558244647,established_a-b112,established_a,112,,,,100,,,,,,,,,,,0.23828125,256.0,,,,,,,,,,,,235.0,,,0.74609375,191.0
unconditional_first_payback,demo-human_decline_bot_rise-884000,human_decline_bot_rise,dynamic_hierarchy,119,fixed_price,9d018b9de9fdf567d73f5985050e16b27d8e3d3b4c30531233e5677558244647,established_a-b112,established_a,112,,,,100,,,,,,,,,,,0.23828125,256.0,,,,,,,,,,,,236.0,,,0.74609375,191.0
unconditional_first_payback,demo-human_decline_bot_rise-884000,human_decline_bot_rise,dynamic_hierarchy,119,fixed_price,9d018b9de9fdf567d73f5985050e16b27d8e3d3b4c30531233e5677558244647,established_a-b112,established_a,112,,,,100,,,,,,,,,,,0.23828125,256.0,,,,,,,,,,,,237.0,,,0.74609375,191.0
unconditional_first_payback,demo-human_decline_bot_rise-884000,human_decline_bot_rise,dynamic_hierarchy,119,fixed_price,9d018b9de9fdf567d73f5985050e16b27d8e3d3b4c30531233e5677558244647,established_a-b112,established_a,112,,,,100,,,,,,,,,,,0.23828125,256.0,,,,,,,,,,,,238.0,,,0.74609375,191.0
unconditional_first_payback,demo-human_decline_bot_rise-884000,human_decline_bot_rise,dynamic_hierarchy,119,fixed_price,9d018b9de9fdf567d73f5985050e16b27d8e3d3b4c30531233e5677558244647,established_a-b112,established_a,112,,,,100,,,,,,,,,,,0.23828125,256.0,,,,,,,,,,,,239.0,,,0.74609375,191.0
unconditional_first_payback,demo-human_decline_bot_rise-884000,human_decline_bot_rise,dynamic_hierarchy,119,fixed_price,9d018b9de9fdf567d73f5985050e16b27d8e3d3b4c30531233e5677558244647,established_a-b112,established_a,112,,,,100,,,,,,,,,,,0.23828125,256.0,,,,,,,,,,,,240.0,,,0.74609375,191.0
unconditional_first_payback,demo-human_decline_bot_rise-884000,human_decline_bot_rise,dynamic_hierarchy,119,fixed_price,9d018b9de9fdf567d73f5985050e16b27d8e3d3b4c30531233e5677558244647,established_a-b112,established_a,112,,,,100,,,,,,,,,,,0.23828125,256.0,,,,,,,,,,,,241.0,,,0.74609375,191.0
unconditional_first_payback,demo-human_decline_bot_rise-884000,human_decline_bot_rise,dynamic_hierarchy,119,fixed_price,9d018b9de9fdf567d73f5985050e16b27d8e3d3b4c30531233e5677558244647,established_a-b112,established_a,112,,,,100,,,,,,,,,,,0.23828125,256.0,,,,,,,,,,,,242.0,,,0.74609375,191.0
unconditional_first_payback,demo-human_decline_bot_rise-884000,human_decline_bot_rise,dynamic_hierarchy,119,fixed_price,9d018b9de9fdf567d73f5985050e16b27d8e3d3b4c30531233e5677558244647,established_a-b112,established_a,112,,,,100,,,,,,,,,,,0.23828125,256.0,,,,,,,,,,,,243.0,,,0.74609375,191.0
unconditional_first_payback,demo-human_decline_bot_rise-884000,human_decline_bot_rise,dynamic_hierarchy,119,fixed_price,9d018b9de9fdf567d73f5985050e16b27d8e3d3b4c30531233e5677558244647,established_a-b112,established_a,112,,,,100,,,,,,,,,,,0.23828125,256.0,,,,,,,,,,,,244.0,,,0.74609375,191.0
unconditional_first_payback,demo-human_decline_bot_rise-884000,human_decline_bot_rise,dynamic_hierarchy,119,fixed_price,9d018b9de9fdf567d73f5985050e16b27d8e3d3b4c30531233e5677558244647,established_a-b112,established_a,112,,,,100,,,,,,,,,,,0.23828125,256.0,,,,,,,,,,,,245.0,,,0.74609375,191.0
unconditional_first_payback,demo-human_decline_bot_rise-884000,human_decline_bot_rise,dynamic_hierarchy,119,fixed_price,9d018b9de9fdf567d73f5985050e16b27d8e3d3b4c30531233e5677558244647,established_a-b112,established_a,112,,,,100,,,,,,,,,,,0.23828125,256.0,,,,,,,,,,,,246.0,,,0.75,192.0
unconditional_first_payback,demo-human_decline_bot_rise-884000,human_decline_bot_rise,dynamic_hierarchy,119,fixed_price,9d018b9de9fdf567d73f5985050e16b27d8e3d3b4c30531233e5677558244647,established_a-b112,established_a,112,,,,100,,,,,,,,,,,0.23828125,256.0,,,,,,,,,,,,247.0,,,0.75390625,193.0
unconditional_first_payback,demo-human_decline_bot_rise-884000,human_decline_bot_rise,dynamic_hierarchy,119,fixed_price,9d018b9de9fdf567d73f5985050e16b27d8e3d3b4c30531233e5677558244647,established_a-b112,established_a,112,,,,100,,,,,,,,,,,0.23828125,256.0,,,,,,,,,,,,248.0,,,0.75390625,193.0
unconditional_first_payback,demo-human_decline_bot_rise-884000,human_decline_bot_rise,dynamic_hierarchy,119,fixed_price,9d018b9de9fdf567d73f5985050e16b27d8e3d3b4c30531233e5677558244647,established_a-b112,established_a,112,,,,100,,,,,,,,,,,0.23828125,256.0,,,,,,,,,,,,249.0,,,0.75390625,193.0
unconditional_first_payback,demo-human_decline_bot_rise-884000,human_decline_bot_rise,dynamic_hierarchy,119,fixed_price,9d018b9de9fdf567d73f5985050e16b27d8e3d3b4c30531233e5677558244647,established_a-b112,established_a,112,,,,100,,,,,,,,,,,0.23828125,256.0,,,,,,,,,,,,250.0,,,0.75390625,193.0
unconditional_first_payback,demo-human_decline_bot_rise-884000,human_decline_bot_rise,dynamic_hierarchy,119,fixed_price,9d018b9de9fdf567d73f5985050e16b27d8e3d3b4c30531233e5677558244647,established_a-b112,established_a,112,,,,100,,,,,,,,,,,0.23828125,256.0,,,,,,,,,,,,251.0,,,0.75390625,193.0
unconditional_first_payback,demo-human_decline_bot_rise-884000,human_decline_bot_rise,dynamic_hierarchy,119,fixed_price,9d018b9de9fdf567d73f5985050e16b27d8e3d3b4c30531233e5677558244647,established_a-b112,established_a,112,,,,100,,,,,,,,,,,0.23828125,256.0,,,,,,,,,,,,252.0,,,0.75390625,193.0
unconditional_first_payback,demo-human_decline_bot_rise-884000,human_decline_bot_rise,dynamic_hierarchy,119,fixed_price,9d018b9de9fdf567d73f5985050e16b27d8e3d3b4c30531233e5677558244647,established_a-b112,established_a,112,,,,100,,,,,,,,,,,0.23828125,256.0,,,,,,,,,,,,253.0,,,0.75390625,193.0
unconditional_first_payback,demo-human_decline_bot_rise-884000,human_decline_bot_rise,dynamic_hierarchy,119,fixed_price,9d018b9de9fdf567d73f5985050e16b27d8e3d3b4c30531233e5677558244647,established_a-b112,established_a,112,,,,100,,,,,,,,,,,0.23828125,256.0,,,,,,,,,,,,254.0,,,0.75390625,193.0
unconditional_first_payback,demo-human_decline_bot_rise-884000,human_decline_bot_rise,dynamic_hierarchy,119,fixed_price,9d018b9de9fdf567d73f5985050e16b27d8e3d3b4c30531233e5677558244647,established_a-b112,established_a,112,,,,100,,,,,,,,,,,0.23828125,256.0,,,,,,,,,,,,255.0,,,0.75390625,193.0
unconditional_first_payback,demo-human_decline_bot_rise-884000,human_decline_bot_rise,dynamic_hierarchy,119,fixed_price,9d018b9de9fdf567d73f5985050e16b27d8e3d3b4c30531233e5677558244647,established_a-b112,established_a,112,,,,100,,,,,,,,,,,0.23828125,256.0,,,,,,,,,,,,256.0,,,0.75390625,193.0
unconditional_first_payback,demo-human_decline_bot_rise-884000,human_decline_bot_rise,dynamic_hierarchy,119,fixed_price,9d018b9de9fdf567d73f5985050e16b27d8e3d3b4c30531233e5677558244647,established_a-b112,established_a,112,,,,100,,,,,,,,,,,0.23828125,256.0,,,,,,,,,,,,257.0,,,0.75390625,193.0
unconditional_first_payback,demo-human_decline_bot_rise-884000,human_decline_bot_rise,dynamic_hierarchy,119,fixed_price,9d018b9de9fdf567d73f5985050e16b27d8e3d3b4c30531233e5677558244647,established_a-b112,established_a,112,,,,100,,,,,,,,,,,0.23828125,256.0,,,,,,,,,,,,258.0,,,0.75390625,193.0
unconditional_first_payback,demo-human_decline_bot_rise-884000,human_decline_bot_rise,dynamic_hierarchy,119,fixed_price,9d018b9de9fdf567d73f5985050e16b27d8e3d3b4c30531233e5677558244647,established_a-b112,established_a,112,,,,100,,,,,,,,,,,0.23828125,256.0,,,,,,,,,,,,259.0,,,0.75390625,193.0
unconditional_first_payback,demo-human_decline_bot_rise-884000,human_decline_bot_rise,dynamic_hierarchy,119,fixed_price,9d018b9de9fdf567d73f5985050e16b27d8e3d3b4c30531233e5677558244647,established_a-b112,established_a,112,,,,100,,,,,,,,,,,0.23828125,256.0,,,,,,,,,,,,260.0,,,0.75390625,193.0
unconditional_first_payback,demo-human_decline_bot_rise-884000,human_decline_bot_rise,dynamic_hierarchy,119,fixed_price,9d018b9de9fdf567d73f5985050e16b27d8e3d3b4c30531233e5677558244647,established_a-b112,established_a,112,,,,100,,,,,,,,,,,0.23828125,256.0,,,,,,,,,,,,261.0,,,0.75390625,193.0
unconditional_first_payback,demo-human_decline_bot_rise-884000,human_decline_bot_rise,dynamic_hierarchy,119,fixed_price,9d018b9de9fdf567d73f5985050e16b27d8e3d3b4c30531233e5677558244647,established_a-b112,established_a,112,,,,100,,,,,,,,,,,0.23828125,256.0,,,,,,,,,,,,262.0,,,0.75390625,193.0
unconditional_first_payback,demo-human_decline_bot_rise-884000,human_decline_bot_rise,dynamic_hierarchy,119,fixed_price,9d018b9de9fdf567d73f5985050e16b27d8e3d3b4c30531233e5677558244647,established_a-b112,established_a,112,,,,100,,,,,,,,,,,0.23828125,256.0,,,,,,,,,,,,263.0,,,0.75390625,193.0
unconditional_first_payback,demo-human_decline_bot_rise-884000,human_decline_bot_rise,dynamic_hierarchy,119,fixed_price,9d018b9de9fdf567d73f5985050e16b27d8e3d3b4c30531233e5677558244647,established_a-b112,established_a,112,,,,100,,,,,,,,,,,0.23828125,256.0,,,,,,,,,,,,264.0,,,0.75390625,193.0
unconditional_first_payback,demo-human_decline_bot_rise-884000,human_decline_bot_rise,dynamic_hierarchy,119,fixed_price,9d018b9de9fdf567d73f5985050e16b27d8e3d3b4c30531233e5677558244647,established_a-b112,established_a,112,,,,100,,,,,,,,,,,0.23828125,256.0,,,,,,,,,,,,265.0,,,0.75390625,193.0
unconditional_first_payback,demo-human_decline_bot_rise-884000,human_decline_bot_rise,dynamic_hierarchy,119,fixed_price,9d018b9de9fdf567d73f5985050e16b27d8e3d3b4c30531233e5677558244647,established_a-b112,established_a,112,,,,100,,,,,,,,,,,0.23828125,256.0,,,,,,,,,,,,266.0,,,0.75390625,193.0
unconditional_first_payback,demo-human_decline_bot_rise-884000,human_decline_bot_rise,dynamic_hierarchy,119,fixed_price,9d018b9de9fdf567d73f5985050e16b27d8e3d3b4c30531233e5677558244647,established_a-b112,established_a,112,,,,100,,,,,,,,,,,0.23828125,256.0,,,,,,,,,,,,267.0,,,0.75390625,193.0
unconditional_first_payback,demo-human_decline_bot_rise-884000,human_decline_bot_rise,dynamic_hierarchy,119,fixed_price,9d018b9de9fdf567d73f5985050e16b27d8e3d3b4c30531233e5677558244647,established_a-b112,established_a,112,,,,100,,,,,,,,,,,0.23828125,256.0,,,,,,,,,,,,268.0,,,0.75390625,193.0
unconditional_first_payback,demo-human_decline_bot_rise-884000,human_decline_bot_rise,dynamic_hierarchy,119,fixed_price,9d018b9de9fdf567d73f5985050e16b27d8e3d3b4c30531233e5677558244647,established_a-b112,established_a,112,,,,100,,,,,,,,,,,0.23828125,256.0,,,,,,,,,,,,269.0,,,0.75390625,193.0
unconditional_first_payback,demo-human_decline_bot_rise-884000,human_decline_bot_rise,dynamic_hierarchy,119,fixed_price,9d018b9de9fdf567d73f5985050e16b27d8e3d3b4c30531233e5677558244647,established_a-b112,established_a,112,,,,100,,,,,,,,,,,0.23828125,256.0,,,,,,,,,,,,270.0,,,0.75390625,193.0
unconditional_first_payback,demo-human_decline_bot_rise-884000,human_decline_bot_rise,dynamic_hierarchy,119,fixed_price,9d018b9de9fdf567d73f5985050e16b27d8e3d3b4c30531233e5677558244647,established_a-b112,established_a,112,,,,100,,,,,,,,,,,0.23828125,256.0,,,,,,,,,,,,271.0,,,0.75390625,193.0
unconditional_first_payback,demo-human_decline_bot_rise-884000,human_decline_bot_rise,dynamic_hierarchy,119,fixed_price,9d018b9de9fdf567d73f5985050e16b27d8e3d3b4c30531233e5677558244647,established_a-b112,established_a,112,,,,100,,,,,,,,,,,0.23828125,256.0,,,,,,,,,,,,272.0,,,0.7578125,194.0
unconditional_first_payback,demo-human_decline_bot_rise-884000,human_decline_bot_rise,dynamic_hierarchy,119,fixed_price,9d018b9de9fdf567d73f5985050e16b27d8e3d3b4c30531233e5677558244647,established_a-b112,established_a,112,,,,100,,,,,,,,,,,0.23828125,256.0,,,,,,,,,,,,273.0,,,0.7578125,194.0
unconditional_first_payback,demo-human_decline_bot_rise-884000,human_decline_bot_rise,dynamic_hierarchy,119,fixed_price,9d018b9de9fdf567d73f5985050e16b27d8e3d3b4c30531233e5677558244647,established_a-b112,established_a,112,,,,100,,,,,,,,,,,0.23828125,256.0,,,,,,,,,,,,274.0,,,0.7578125,194.0
unconditional_first_payback,demo-human_decline_bot_rise-884000,human_decline_bot_rise,dynamic_hierarchy,119,fixed_price,9d018b9de9fdf567d73f5985050e16b27d8e3d3b4c30531233e5677558244647,established_a-b112,established_a,112,,,,100,,,,,,,,,,,0.23828125,256.0,,,,,,,,,,,,275.0,,,0.7578125,194.0
unconditional_first_payback,demo-human_decline_bot_rise-884000,human_decline_bot_rise,dynamic_hierarchy,119,fixed_price,9d018b9de9fdf567d73f5985050e16b27d8e3d3b4c30531233e5677558244647,established_a-b112,established_a,112,,,,100,,,,,,,,,,,0.23828125,256.0,,,,,,,,,,,,276.0,,,0.7578125,194.0
unconditional_first_payback,demo-human_decline_bot_rise-884000,human_decline_bot_rise,dynamic_hierarchy,119,fixed_price,9d018b9de9fdf567d73f5985050e16b27d8e3d3b4c30531233e5677558244647,established_a-b112,established_a,112,,,,100,,,,,,,,,,,0.23828125,256.0,,,,,,,,,,,,277.0,,,0.7578125,194.0
unconditional_first_payback,demo-human_decline_bot_rise-884000,human_decline_bot_rise,dynamic_hierarchy,119,fixed_price,9d018b9de9fdf567d73f5985050e16b27d8e3d3b4c30531233e5677558244647,established_a-b112,established_a,112,,,,100,,,,,,,,,,,0.23828125,256.0,,,,,,,,,,,,278.0,,,0.7578125,194.0
unconditional_first_payback,demo-human_decline_bot_rise-884000,human_decline_bot_rise,dynamic_hierarchy,119,fixed_price,9d018b9de9fdf567d73f5985050e16b27d8e3d3b4c30531233e5677558244647,established_a-b112,established_a,112,,,,100,,,,,,,,,,,0.23828125,256.0,,,,,,,,,,,,279.0,,,0.7578125,194.0
unconditional_first_payback,demo-human_decline_bot_rise-884000,human_decline_bot_rise,dynamic_hierarchy,119,fixed_price,9d018b9de9fdf567d73f5985050e16b27d8e3d3b4c30531233e5677558244647,established_a-b112,established_a,112,,,,100,,,,,,,,,,,0.23828125,256.0,,,,,,,,,,,,280.0,,,0.7578125,194.0
unconditional_first_payback,demo-human_decline_bot_rise-884000,human_decline_bot_rise,dynamic_hierarchy,119,fixed_price,9d018b9de9fdf567d73f5985050e16b27d8e3d3b4c30531233e5677558244647,established_a-b112,established_a,112,,,,100,,,,,,,,,,,0.23828125,256.0,,,,,,,,,,,,281.0,,,0.7578125,194.0
unconditional_first_payback,demo-human_decline_bot_rise-884000,human_decline_bot_rise,dynamic_hierarchy,119,fixed_price,9d018b9de9fdf567d73f5985050e16b27d8e3d3b4c30531233e5677558244647,established_a-b112,established_a,112,,,,100,,,,,,,,,,,0.23828125,256.0,,,,,,,,,,,,282.0,,,0.7578125,194.0
unconditional_first_payback,demo-human_decline_bot_rise-884000,human_decline_bot_rise,dynamic_hierarchy,119,fixed_price,9d018b9de9fdf567d73f5985050e16b27d8e3d3b4c30531233e5677558244647,established_a-b112,established_a,112,,,,100,,,,,,,,,,,0.23828125,256.0,,,,,,,,,,,,283.0,,,0.7578125,194.0
unconditional_first_payback,demo-human_decline_bot_rise-884000,human_decline_bot_rise,dynamic_hierarchy,119,fixed_price,9d018b9de9fdf567d73f5985050e16b27d8e3d3b4c30531233e5677558244647,established_a-b112,established_a,112,,,,100,,,,,,,,,,,0.23828125,256.0,,,,,,,,,,,,284.0,,,0.7578125,194.0
unconditional_first_payback,demo-human_decline_bot_rise-884000,human_decline_bot_rise,dynamic_hierarchy,119,fixed_price,9d018b9de9fdf567d73f5985050e16b27d8e3d3b4c30531233e5677558244647,established_a-b112,established_a,112,,,,100,,,,,,,,,,,0.23828125,256.0,,,,,,,,,,,,285.0,,,0.7578125,194.0
unconditional_first_payback,demo-human_decline_bot_rise-884000,human_decline_bot_rise,dynamic_hierarchy,119,fixed_price,9d018b9de9fdf567d73f5985050e16b27d8e3d3b4c30531233e5677558244647,established_a-b112,established_a,112,,,,100,,,,,,,,,,,0.23828125,256.0,,,,,,,,,,,,286.0,,,0.7578125,194.0
unconditional_first_payback,demo-human_decline_bot_rise-884000,human_decline_bot_rise,dynamic_hierarchy,119,fixed_price,9d018b9de9fdf567d73f5985050e16b27d8e3d3b4c30531233e5677558244647,established_a-b112,established_a,112,,,,100,,,,,,,,,,,0.23828125,256.0,,,,,,,,,,,,287.0,,,0.7578125,194.0
unconditional_first_payback,demo-human_decline_bot_rise-884000,human_decline_bot_rise,dynamic_hierarchy,119,fixed_price,9d018b9de9fdf567d73f5985050e16b27d8e3d3b4c30531233e5677558244647,established_a-b112,established_a,112,,,,100,,,,,,,,,,,0.23828125,256.0,,,,,,,,,,,,288.0,,,0.7578125,194.0
unconditional_first_payback,demo-human_decline_bot_rise-884000,human_decline_bot_rise,dynamic_hierarchy,119,fixed_price,9d018b9de9fdf567d73f5985050e16b27d8e3d3b4c30531233e5677558244647,established_a-b112,established_a,112,,,,100,,,,,,,,,,,0.23828125,256.0,,,,,,,,,,,,289.0,,,0.7578125,194.0
unconditional_first_payback,demo-human_decline_bot_rise-884000,human_decline_bot_rise,dynamic_hierarchy,119,fixed_price,9d018b9de9fdf567d73f5985050e16b27d8e3d3b4c30531233e5677558244647,established_a-b112,established_a,112,,,,100,,,,,,,,,,,0.23828125,256.0,,,,,,,,,,,,290.0,,,0.7578125,194.0
unconditional_first_payback,demo-human_decline_bot_rise-884000,human_decline_bot_rise,dynamic_hierarchy,119,fixed_price,9d018b9de9fdf567d73f5985050e16b27d8e3d3b4c30531233e5677558244647,established_a-b112,established_a,112,,,,100,,,,,,,,,,,0.23828125,256.0,,,,,,,,,,,,291.0,,,0.7578125,194.0
unconditional_first_payback,demo-human_decline_bot_rise-884000,human_decline_bot_rise,dynamic_hierarchy,119,fixed_price,9d018b9de9fdf567d73f5985050e16b27d8e3d3b4c30531233e5677558244647,established_a-b112,established_a,112,,,,100,,,,,,,,,,,0.23828125,256.0,,,,,,,,,,,,292.0,,,0.7578125,194.0
unconditional_first_payback,demo-human_decline_bot_rise-884000,human_decline_bot_rise,dynamic_hierarchy,119,fixed_price,9d018b9de9fdf567d73f5985050e16b27d8e3d3b4c30531233e5677558244647,established_a-b112,established_a,112,,,,100,,,,,,,,,,,0.23828125,256.0,,,,,,,,,,,,293.0,,,0.7578125,194.0
unconditional_first_payback,demo-human_decline_bot_rise-884000,human_decline_bot_rise,dynamic_hierarchy,119,fixed_price,9d018b9de9fdf567d73f5985050e16b27d8e3d3b4c30531233e5677558244647,established_a-b112,established_a,112,,,,100,,,,,,,,,,,0.23828125,256.0,,,,,,,,,,,,294.0,,,0.7578125,194.0
unconditional_first_payback,demo-human_decline_bot_rise-884000,human_decline_bot_rise,dynamic_hierarchy,119,fixed_price,9d018b9de9fdf567d73f5985050e16b27d8e3d3b4c30531233e5677558244647,established_a-b112,established_a,112,,,,100,,,,,,,,,,,0.23828125,256.0,,,,,,,,,,,,295.0,,,0.7578125,194.0
unconditional_first_payback,demo-human_decline_bot_rise-884000,human_decline_bot_rise,dynamic_hierarchy,119,fixed_price,9d018b9de9fdf567d73f5985050e16b27d8e3d3b4c30531233e5677558244647,established_a-b112,established_a,112,,,,100,,,,,,,,,,,0.23828125,256.0,,,,,,,,,,,,296.0,,,0.7578125,194.0
unconditional_first_payback,demo-human_decline_bot_rise-884000,human_decline_bot_rise,dynamic_hierarchy,119,fixed_price,9d018b9de9fdf567d73f5985050e16b27d8e3d3b4c30531233e5677558244647,established_a-b112,established_a,112,,,,100,,,,,,,,,,,0.23828125,256.0,,,,,,,,,,,,297.0,,,0.7578125,194.0
unconditional_first_payback,demo-human_decline_bot_rise-884000,human_decline_bot_rise,dynamic_hierarchy,119,fixed_price,9d018b9de9fdf567d73f5985050e16b27d8e3d3b4c30531233e5677558244647,established_a-b112,established_a,112,,,,100,,,,,,,,,,,0.23828125,256.0,,,,,,,,,,,,298.0,,,0.7578125,194.0
unconditional_first_payback,demo-human_decline_bot_rise-884000,human_decline_bot_rise,dynamic_hierarchy,119,fixed_price,9d018b9de9fdf567d73f5985050e16b27d8e3d3b4c30531233e5677558244647,established_a-b112,established_a,112,,,,100,,,,,,,,,,,0.23828125,256.0,,,,,,,,,,,,299.0,,,0.7578125,194.0
unconditional_first_payback,demo-human_decline_bot_rise-884000,human_decline_bot_rise,dynamic_hierarchy,119,fixed_price,9d018b9de9fdf567d73f5985050e16b27d8e3d3b4c30531233e5677558244647,established_a-b112,established_a,112,,,,100,,,,,,,,,,,0.23828125,256.0,,,,,,,,,,,,300.0,,,0.7578125,194.0
unconditional_first_payback,demo-human_decline_bot_rise-884000,human_decline_bot_rise,dynamic_hierarchy,119,fixed_price,9d018b9de9fdf567d73f5985050e16b27d8e3d3b4c30531233e5677558244647,established_a-b112,established_a,112,,,,100,,,,,,,,,,,0.23828125,256.0,,,,,,,,,,,,301.0,,,0.7578125,194.0
unconditional_first_payback,demo-human_decline_bot_rise-884000,human_decline_bot_rise,dynamic_hierarchy,119,fixed_price,9d018b9de9fdf567d73f5985050e16b27d8e3d3b4c30531233e5677558244647,established_a-b112,established_a,112,,,,100,,,,,,,,,,,0.23828125,256.0,,,,,,,,,,,,302.0,,,0.7578125,194.0
unconditional_first_payback,demo-human_decline_bot_rise-884000,human_decline_bot_rise,dynamic_hierarchy,119,fixed_price,9d018b9de9fdf567d73f5985050e16b27d8e3d3b4c30531233e5677558244647,established_a-b112,established_a,112,,,,100,,,,,,,,,,,0.23828125,256.0,,,,,,,,,,,,303.0,,,0.7578125,194.0
unconditional_first_payback,demo-human_decline_bot_rise-884000,human_decline_bot_rise,dynamic_hierarchy,119,fixed_price,9d018b9de9fdf567d73f5985050e16b27d8e3d3b4c30531233e5677558244647,established_a-b112,established_a,112,,,,100,,,,,,,,,,,0.23828125,256.0,,,,,,,,,,,,304.0,,,0.7578125,194.0
unconditional_first_payback,demo-human_decline_bot_rise-884000,human_decline_bot_rise,dynamic_hierarchy,119,fixed_price,9d018b9de9fdf567d73f5985050e16b27d8e3d3b4c30531233e5677558244647,established_a-b112,established_a,112,,,,100,,,,,,,,,,,0.23828125,256.0,,,,,,,,,,,,305.0,,,0.7578125,194.0
unconditional_first_payback,demo-human_decline_bot_rise-884000,human_decline_bot_rise,dynamic_hierarchy,119,fixed_price,9d018b9de9fdf567d73f5985050e16b27d8e3d3b4c30531233e5677558244647,established_a-b112,established_a,112,,,,100,,,,,,,,,,,0.23828125,256.0,,,,,,,,,,,,306.0,,,0.76171875,195.0
unconditional_first_payback,demo-human_decline_bot_rise-884000,human_decline_bot_rise,dynamic_hierarchy,119,fixed_price,9d018b9de9fdf567d73f5985050e16b27d8e3d3b4c30531233e5677558244647,established_a-b112,established_a,112,,,,100,,,,,,,,,,,0.23828125,256.0,,,,,,,,,,,,307.0,,,0.76171875,195.0
unconditional_first_payback,demo-human_decline_bot_rise-884000,human_decline_bot_rise,dynamic_hierarchy,119,fixed_price,9d018b9de9fdf567d73f5985050e16b27d8e3d3b4c30531233e5677558244647,established_a-b112,established_a,112,,,,100,,,,,,,,,,,0.23828125,256.0,,,,,,,,,,,,308.0,,,0.76171875,195.0
unconditional_first_payback,demo-human_decline_bot_rise-884000,human_decline_bot_rise,dynamic_hierarchy,119,fixed_price,9d018b9de9fdf567d73f5985050e16b27d8e3d3b4c30531233e5677558244647,established_a-b112,established_a,112,,,,100,,,,,,,,,,,0.23828125,256.0,,,,,,,,,,,,309.0,,,0.76171875,195.0
unconditional_first_payback,demo-human_decline_bot_rise-884000,human_decline_bot_rise,dynamic_hierarchy,119,fixed_price,9d018b9de9fdf567d73f5985050e16b27d8e3d3b4c30531233e5677558244647,established_a-b112,established_a,112,,,,100,,,,,,,,,,,0.23828125,256.0,,,,,,,,,,,,310.0,,,0.76171875,195.0
unconditional_first_payback,demo-human_decline_bot_rise-884000,human_decline_bot_rise,dynamic_hierarchy,119,fixed_price,9d018b9de9fdf567d73f5985050e16b27d8e3d3b4c30531233e5677558244647,established_a-b112,established_a,112,,,,100,,,,,,,,,,,0.23828125,256.0,,,,,,,,,,,,311.0,,,0.76171875,195.0
unconditional_first_payback,demo-human_decline_bot_rise-884000,human_decline_bot_rise,dynamic_hierarchy,119,fixed_price,9d018b9de9fdf567d73f5985050e16b27d8e3d3b4c30531233e5677558244647,established_a-b112,established_a,112,,,,100,,,,,,,,,,,0.23828125,256.0,,,,,,,,,,,,312.0,,,0.76171875,195.0
unconditional_first_payback,demo-human_decline_bot_rise-884000,human_decline_bot_rise,dynamic_hierarchy,119,fixed_price,9d018b9de9fdf567d73f5985050e16b27d8e3d3b4c30531233e5677558244647,established_a-b112,established_a,112,,,,100,,,,,,,,,,,0.23828125,256.0,,,,,,,,,,,,313.0,,,0.76171875,195.0
unconditional_first_payback,demo-human_decline_bot_rise-884000,human_decline_bot_rise,dynamic_hierarchy,119,fixed_price,9d018b9de9fdf567d73f5985050e16b27d8e3d3b4c30531233e5677558244647,established_a-b112,established_a,112,,,,100,,,,,,,,,,,0.23828125,256.0,,,,,,,,,,,,314.0,,,0.76171875,195.0
unconditional_first_payback,demo-human_decline_bot_rise-884000,human_decline_bot_rise,dynamic_hierarchy,119,fixed_price,9d018b9de9fdf567d73f5985050e16b27d8e3d3b4c30531233e5677558244647,established_a-b112,established_a,112,,,,100,,,,,,,,,,,0.23828125,256.0,,,,,,,,,,,,315.0,,,0.76171875,195.0
unconditional_first_payback,demo-human_decline_bot_rise-884000,human_decline_bot_rise,dynamic_hierarchy,119,fixed_price,9d018b9de9fdf567d73f5985050e16b27d8e3d3b4c30531233e5677558244647,established_a-b112,established_a,112,,,,100,,,,,,,,,,,0.23828125,256.0,,,,,,,,,,,,316.0,,,0.76171875,195.0
unconditional_first_payback,demo-human_decline_bot_rise-884000,human_decline_bot_rise,dynamic_hierarchy,119,fixed_price,9d018b9de9fdf567d73f5985050e16b27d8e3d3b4c30531233e5677558244647,established_a-b112,established_a,112,,,,100,,,,,,,,,,,0.23828125,256.0,,,,,,,,,,,,317.0,,,0.76171875,195.0
unconditional_first_payback,demo-human_decline_bot_rise-884000,human_decline_bot_rise,dynamic_hierarchy,119,fixed_price,9d018b9de9fdf567d73f5985050e16b27d8e3d3b4c30531233e5677558244647,established_a-b112,established_a,112,,,,100,,,,,,,,,,,0.23828125,256.0,,,,,,,,,,,,318.0,,,0.76171875,195.0
unconditional_first_payback,demo-human_decline_bot_rise-884000,human_decline_bot_rise,dynamic_hierarchy,119,fixed_price,9d018b9de9fdf567d73f5985050e16b27d8e3d3b4c30531233e5677558244647,established_a-b112,established_a,112,,,,100,,,,,,,,,,,0.23828125,256.0,,,,,,,,,,,,319.0,,,0.76171875,195.0
unconditional_first_payback,demo-human_decline_bot_rise-884000,human_decline_bot_rise,dynamic_hierarchy,119,fixed_price,9d018b9de9fdf567d73f5985050e16b27d8e3d3b4c30531233e5677558244647,established_a-b112,established_a,112,,,,100,,,,,,,,,,,0.23828125,256.0,,,,,,,,,,,,320.0,,,0.76171875,195.0
unconditional_first_payback,demo-human_decline_bot_rise-884000,human_decline_bot_rise,dynamic_hierarchy,119,fixed_price,9d018b9de9fdf567d73f5985050e16b27d8e3d3b4c30531233e5677558244647,established_a-b112,established_a,112,,,,100,,,,,,,,,,,0.23828125,256.0,,,,,,,,,,,,321.0,,,0.76171875,195.0
unconditional_first_payback,demo-human_decline_bot_rise-884000,human_decline_bot_rise,dynamic_hierarchy,119,fixed_price,9d018b9de9fdf567d73f5985050e16b27d8e3d3b4c30531233e5677558244647,established_a-b112,established_a,112,,,,100,,,,,,,,,,,0.23828125,256.0,,,,,,,,,,,,322.0,,,0.76171875,195.0
unconditional_first_payback,demo-human_decline_bot_rise-884000,human_decline_bot_rise,dynamic_hierarchy,119,fixed_price,9d018b9de9fdf567d73f5985050e16b27d8e3d3b4c30531233e5677558244647,established_a-b112,established_a,112,,,,100,,,,,,,,,,,0.23828125,256.0,,,,,,,,,,,,323.0,,,0.76171875,195.0
unconditional_first_payback,demo-human_decline_bot_rise-884000,human_decline_bot_rise,dynamic_hierarchy,119,fixed_price,9d018b9de9fdf567d73f5985050e16b27d8e3d3b4c30531233e5677558244647,established_a-b112,established_a,112,,,,100,,,,,,,,,,,0.23828125,256.0,,,,,,,,,,,,324.0,,,0.76171875,195.0
unconditional_first_payback,demo-human_decline_bot_rise-884000,human_decline_bot_rise,dynamic_hierarchy,119,fixed_price,9d018b9de9fdf567d73f5985050e16b27d8e3d3b4c30531233e5677558244647,established_a-b112,established_a,112,,,,100,,,,,,,,,,,0.23828125,256.0,,,,,,,,,,,,325.0,,,0.76171875,195.0
unconditional_first_payback,demo-human_decline_bot_rise-884000,human_decline_bot_rise,dynamic_hierarchy,119,fixed_price,9d018b9de9fdf567d73f5985050e16b27d8e3d3b4c30531233e5677558244647,established_a-b112,established_a,112,,,,100,,,,,,,,,,,0.23828125,256.0,,,,,,,,,,,,326.0,,,0.76171875,195.0
unconditional_first_payback,demo-human_decline_bot_rise-884000,human_decline_bot_rise,dynamic_hierarchy,119,fixed_price,9d018b9de9fdf567d73f5985050e16b27d8e3d3b4c30531233e5677558244647,established_a-b112,established_a,112,,,,100,,,,,,,,,,,0.23828125,256.0,,,,,,,,,,,,327.0,,,0.76171875,195.0
unconditional_first_payback,demo-human_decline_bot_rise-884000,human_decline_bot_rise,dynamic_hierarchy,119,fixed_price,9d018b9de9fdf567d73f5985050e16b27d8e3d3b4c30531233e5677558244647,established_a-b112,established_a,112,,,,100,,,,,,,,,,,0.23828125,256.0,,,,,,,,,,,,328.0,,,0.76171875,195.0
unconditional_first_payback,demo-human_decline_bot_rise-884000,human_decline_bot_rise,dynamic_hierarchy,119,fixed_price,9d018b9de9fdf567d73f5985050e16b27d8e3d3b4c30531233e5677558244647,established_a-b112,established_a,112,,,,100,,,,,,,,,,,0.23828125,256.0,,,,,,,,,,,,329.0,,,0.76171875,195.0
unconditional_first_payback,demo-human_decline_bot_rise-884000,human_decline_bot_rise,dynamic_hierarchy,119,fixed_price,9d018b9de9fdf567d73f5985050e16b27d8e3d3b4c30531233e5677558244647,established_a-b112,established_a,112,,,,100,,,,,,,,,,,0.23828125,256.0,,,,,,,,,,,,330.0,,,0.76171875,195.0
unconditional_first_payback,demo-human_decline_bot_rise-884000,human_decline_bot_rise,dynamic_hierarchy,119,fixed_price,9d018b9de9fdf567d73f5985050e16b27d8e3d3b4c30531233e5677558244647,established_a-b112,established_a,112,,,,100,,,,,,,,,,,0.23828125,256.0,,,,,,,,,,,,331.0,,,0.76171875,195.0
unconditional_first_payback,demo-human_decline_bot_rise-884000,human_decline_bot_rise,dynamic_hierarchy,119,fixed_price,9d018b9de9fdf567d73f5985050e16b27d8e3d3b4c30531233e5677558244647,established_a-b112,established_a,112,,,,100,,,,,,,,,,,0.23828125,256.0,,,,,,,,,,,,332.0,,,0.76171875,195.0
unconditional_first_payback,demo-human_decline_bot_rise-884000,human_decline_bot_rise,dynamic_hierarchy,119,fixed_price,9d018b9de9fdf567d73f5985050e16b27d8e3d3b4c30531233e5677558244647,established_a-b112,established_a,112,,,,100,,,,,,,,,,,0.23828125,256.0,,,,,,,,,,,,333.0,,,0.76171875,195.0
unconditional_first_payback,demo-human_decline_bot_rise-884000,human_decline_bot_rise,dynamic_hierarchy,119,fixed_price,9d018b9de9fdf567d73f5985050e16b27d8e3d3b4c30531233e5677558244647,established_a-b112,established_a,112,,,,100,,,,,,,,,,,0.23828125,256.0,,,,,,,,,,,,334.0,,,0.76171875,195.0
unconditional_first_payback,demo-human_decline_bot_rise-884000,human_decline_bot_rise,dynamic_hierarchy,119,fixed_price,9d018b9de9fdf567d73f5985050e16b27d8e3d3b4c30531233e5677558244647,established_a-b112,established_a,112,,,,100,,,,,,,,,,,0.23828125,256.0,,,,,,,,,,,,335.0,,,0.76171875,195.0
unconditional_first_payback,demo-human_decline_bot_rise-884000,human_decline_bot_rise,dynamic_hierarchy,119,fixed_price,9d018b9de9fdf567d73f5985050e16b27d8e3d3b4c30531233e5677558244647,established_a-b112,established_a,112,,,,100,,,,,,,,,,,0.23828125,256.0,,,,,,,,,,,,336.0,,,0.76171875,195.0
unconditional_first_payback,demo-human_decline_bot_rise-884000,human_decline_bot_rise,dynamic_hierarchy,119,fixed_price,9d018b9de9fdf567d73f5985050e16b27d8e3d3b4c30531233e5677558244647,established_a-b112,established_a,112,,,,100,,,,,,,,,,,0.23828125,256.0,,,,,,,,,,,,337.0,,,0.76171875,195.0
unconditional_first_payback,demo-human_decline_bot_rise-884000,human_decline_bot_rise,dynamic_hierarchy,119,fixed_price,9d018b9de9fdf567d73f5985050e16b27d8e3d3b4c30531233e5677558244647,established_a-b112,established_a,112,,,,100,,,,,,,,,,,0.23828125,256.0,,,,,,,,,,,,338.0,,,0.76171875,195.0
unconditional_first_payback,demo-human_decline_bot_rise-884000,human_decline_bot_rise,dynamic_hierarchy,119,fixed_price,9d018b9de9fdf567d73f5985050e16b27d8e3d3b4c30531233e5677558244647,established_a-b112,established_a,112,,,,100,,,,,,,,,,,0.23828125,256.0,,,,,,,,,,,,339.0,,,0.76171875,195.0
unconditional_first_payback,demo-human_decline_bot_rise-884000,human_decline_bot_rise,dynamic_hierarchy,119,fixed_price,9d018b9de9fdf567d73f5985050e16b27d8e3d3b4c30531233e5677558244647,established_a-b112,established_a,112,,,,100,,,,,,,,,,,0.23828125,256.0,,,,,,,,,,,,340.0,,,0.76171875,195.0
unconditional_first_payback,demo-human_decline_bot_rise-884000,human_decline_bot_rise,dynamic_hierarchy,119,fixed_price,9d018b9de9fdf567d73f5985050e16b27d8e3d3b4c30531233e5677558244647,established_a-b112,established_a,112,,,,100,,,,,,,,,,,0.23828125,256.0,,,,,,,,,,,,341.0,,,0.76171875,195.0
unconditional_first_payback,demo-human_decline_bot_rise-884000,human_decline_bot_rise,dynamic_hierarchy,119,fixed_price,9d018b9de9fdf567d73f5985050e16b27d8e3d3b4c30531233e5677558244647,established_a-b112,established_a,112,,,,100,,,,,,,,,,,0.23828125,256.0,,,,,,,,,,,,342.0,,,0.76171875,195.0
unconditional_first_payback,demo-human_decline_bot_rise-884000,human_decline_bot_rise,dynamic_hierarchy,119,fixed_price,9d018b9de9fdf567d73f5985050e16b27d8e3d3b4c30531233e5677558244647,established_a-b112,established_a,112,,,,100,,,,,,,,,,,0.23828125,256.0,,,,,,,,,,,,343.0,,,0.76171875,195.0
unconditional_first_payback,demo-human_decline_bot_rise-884000,human_decline_bot_rise,dynamic_hierarchy,119,fixed_price,9d018b9de9fdf567d73f5985050e16b27d8e3d3b4c30531233e5677558244647,established_a-b112,established_a,112,,,,100,,,,,,,,,,,0.23828125,256.0,,,,,,,,,,,,344.0,,,0.76171875,195.0
unconditional_first_payback,demo-human_decline_bot_rise-884000,human_decline_bot_rise,dynamic_hierarchy,119,fixed_price,9d018b9de9fdf567d73f5985050e16b27d8e3d3b4c30531233e5677558244647,established_a-b112,established_a,112,,,,100,,,,,,,,,,,0.23828125,256.0,,,,,,,,,,,,345.0,,,0.76171875,195.0
unconditional_first_payback,demo-human_decline_bot_rise-884000,human_decline_bot_rise,dynamic_hierarchy,119,fixed_price,9d018b9de9fdf567d73f5985050e16b27d8e3d3b4c30531233e5677558244647,established_a-b112,established_a,112,,,,100,,,,,,,,,,,0.23828125,256.0,,,,,,,,,,,,346.0,,,0.76171875,195.0
unconditional_first_payback,demo-human_decline_bot_rise-884000,human_decline_bot_rise,dynamic_hierarchy,119,fixed_price,9d018b9de9fdf567d73f5985050e16b27d8e3d3b4c30531233e5677558244647,established_a-b112,established_a,112,,,,100,,,,,,,,,,,0.23828125,256.0,,,,,,,,,,,,347.0,,,0.76171875,195.0
unconditional_first_payback,demo-human_decline_bot_rise-884000,human_decline_bot_rise,dynamic_hierarchy,119,fixed_price,9d018b9de9fdf567d73f5985050e16b27d8e3d3b4c30531233e5677558244647,established_a-b112,established_a,112,,,,100,,,,,,,,,,,0.23828125,256.0,,,,,,,,,,,,348.0,,,0.76171875,195.0
unconditional_first_payback,demo-human_decline_bot_rise-884000,human_decline_bot_rise,dynamic_hierarchy,119,fixed_price,9d018b9de9fdf567d73f5985050e16b27d8e3d3b4c30531233e5677558244647,established_a-b112,established_a,112,,,,100,,,,,,,,,,,0.23828125,256.0,,,,,,,,,,,,349.0,,,0.76171875,195.0
unconditional_first_payback,demo-human_decline_bot_rise-884000,human_decline_bot_rise,dynamic_hierarchy,119,fixed_price,9d018b9de9fdf567d73f5985050e16b27d8e3d3b4c30531233e5677558244647,established_a-b112,established_a,112,,,,100,,,,,,,,,,,0.23828125,256.0,,,,,,,,,,,,350.0,,,0.76171875,195.0
unconditional_first_payback,demo-human_decline_bot_rise-884000,human_decline_bot_rise,dynamic_hierarchy,119,fixed_price,9d018b9de9fdf567d73f5985050e16b27d8e3d3b4c30531233e5677558244647,established_a-b112,established_a,112,,,,100,,,,,,,,,,,0.23828125,256.0,,,,,,,,,,,,351.0,,,0.76171875,195.0
unconditional_first_payback,demo-human_decline_bot_rise-884000,human_decline_bot_rise,dynamic_hierarchy,119,fixed_price,9d018b9de9fdf567d73f5985050e16b27d8e3d3b4c30531233e5677558244647,established_a-b112,established_a,112,,,,100,,,,,,,,,,,0.23828125,256.0,,,,,,,,,,,,352.0,,,0.76171875,195.0
unconditional_first_payback,demo-human_decline_bot_rise-884000,human_decline_bot_rise,dynamic_hierarchy,119,fixed_price,9d018b9de9fdf567d73f5985050e16b27d8e3d3b4c30531233e5677558244647,established_a-b112,established_a,112,,,,100,,,,,,,,,,,0.23828125,256.0,,,,,,,,,,,,353.0,,,0.76171875,195.0
unconditional_first_payback,demo-human_decline_bot_rise-884000,human_decline_bot_rise,dynamic_hierarchy,119,fixed_price,9d018b9de9fdf567d73f5985050e16b27d8e3d3b4c30531233e5677558244647,established_a-b112,established_a,112,,,,100,,,,,,,,,,,0.23828125,256.0,,,,,,,,,,,,354.0,,,0.76171875,195.0
unconditional_first_payback,demo-human_decline_bot_rise-884000,human_decline_bot_rise,dynamic_hierarchy,119,fixed_price,9d018b9de9fdf567d73f5985050e16b27d8e3d3b4c30531233e5677558244647,established_a-b112,established_a,112,,,,100,,,,,,,,,,,0.23828125,256.0,,,,,,,,,,,,355.0,,,0.76171875,195.0
unconditional_first_payback,demo-human_decline_bot_rise-884000,human_decline_bot_rise,dynamic_hierarchy,119,fixed_price,9d018b9de9fdf567d73f5985050e16b27d8e3d3b4c30531233e5677558244647,established_a-b112,established_a,112,,,,100,,,,,,,,,,,0.23828125,256.0,,,,,,,,,,,,356.0,,,0.76171875,195.0
unconditional_first_payback,demo-human_decline_bot_rise-884000,human_decline_bot_rise,dynamic_hierarchy,119,fixed_price,9d018b9de9fdf567d73f5985050e16b27d8e3d3b4c30531233e5677558244647,established_a-b112,established_a,112,,,,100,,,,,,,,,,,0.23828125,256.0,,,,,,,,,,,,357.0,,,0.76171875,195.0
unconditional_first_payback,demo-human_decline_bot_rise-884000,human_decline_bot_rise,dynamic_hierarchy,119,fixed_price,9d018b9de9fdf567d73f5985050e16b27d8e3d3b4c30531233e5677558244647,established_a-b112,established_a,112,,,,100,,,,,,,,,,,0.23828125,256.0,,,,,,,,,,,,358.0,,,0.76171875,195.0
unconditional_first_payback,demo-human_decline_bot_rise-884000,human_decline_bot_rise,dynamic_hierarchy,119,fixed_price,9d018b9de9fdf567d73f5985050e16b27d8e3d3b4c30531233e5677558244647,established_a-b112,established_a,112,,,,100,,,,,,,,,,,0.23828125,256.0,,,,,,,,,,,,359.0,,,0.76171875,195.0
unconditional_first_payback,demo-human_decline_bot_rise-884000,human_decline_bot_rise,dynamic_hierarchy,119,fixed_price,9d018b9de9fdf567d73f5985050e16b27d8e3d3b4c30531233e5677558244647,established_a-b112,established_a,112,,,,100,,,,,,,,,,,0.23828125,256.0,,,,,,,,,,,,360.0,,,0.76171875,195.0
unconditional_first_payback,demo-human_decline_bot_rise-884000,human_decline_bot_rise,dynamic_hierarchy,119,fixed_price,9d018b9de9fdf567d73f5985050e16b27d8e3d3b4c30531233e5677558244647,established_a-b112,established_a,112,,,,100,,,,,,,,,,,0.23828125,256.0,,,,,,,,,,,,361.0,,,0.76171875,195.0
unconditional_first_payback,demo-human_decline_bot_rise-884000,human_decline_bot_rise,dynamic_hierarchy,119,fixed_price,9d018b9de9fdf567d73f5985050e16b27d8e3d3b4c30531233e5677558244647,established_a-b112,established_a,112,,,,100,,,,,,,,,,,0.23828125,256.0,,,,,,,,,,,,362.0,,,0.76171875,195.0
unconditional_first_payback,demo-human_decline_bot_rise-884000,human_decline_bot_rise,dynamic_hierarchy,119,fixed_price,9d018b9de9fdf567d73f5985050e16b27d8e3d3b4c30531233e5677558244647,established_a-b112,established_a,112,,,,100,,,,,,,,,,,0.23828125,256.0,,,,,,,,,,,,363.0,,,0.76171875,195.0
unconditional_first_payback,demo-human_decline_bot_rise-884000,human_decline_bot_rise,dynamic_hierarchy,119,fixed_price,9d018b9de9fdf567d73f5985050e16b27d8e3d3b4c30531233e5677558244647,established_a-b112,established_a,112,,,,100,,,,,,,,,,,0.23828125,256.0,,,,,,,,,,,,364.0,,,0.76171875,195.0
unconditional_first_payback,demo-human_decline_bot_rise-884000,human_decline_bot_rise,dynamic_hierarchy,119,fixed_price,9d018b9de9fdf567d73f5985050e16b27d8e3d3b4c30531233e5677558244647,established_a-b112,established_a,112,,,,100,,,,,,,,,,,0.23828125,256.0,,,,,,,,,,,,365.0,,,0.76171875,195.0
unconditional_first_payback,demo-human_decline_bot_rise-884000,human_decline_bot_rise,dynamic_hierarchy,119,fixed_price,9d018b9de9fdf567d73f5985050e16b27d8e3d3b4c30531233e5677558244647,established_a-b112,established_a,112,,,,100,,,,,,,,,,,0.23828125,256.0,,,,,,,,,,,,366.0,,,0.76171875,195.0
unconditional_first_payback,demo-human_decline_bot_rise-884000,human_decline_bot_rise,dynamic_hierarchy,119,fixed_price,9d018b9de9fdf567d73f5985050e16b27d8e3d3b4c30531233e5677558244647,established_a-b112,established_a,112,,,,100,,,,,,,,,,,0.23828125,256.0,,,,,,,,,,,,367.0,,,0.76171875,195.0
unconditional_first_payback,demo-human_decline_bot_rise-884000,human_decline_bot_rise,dynamic_hierarchy,119,fixed_price,9d018b9de9fdf567d73f5985050e16b27d8e3d3b4c30531233e5677558244647,established_a-b112,established_a,112,,,,100,,,,,,,,,,,0.23828125,256.0,,,,,,,,,,,,368.0,,,0.76171875,195.0
unconditional_first_payback,demo-human_decline_bot_rise-884000,human_decline_bot_rise,dynamic_hierarchy,119,fixed_price,9d018b9de9fdf567d73f5985050e16b27d8e3d3b4c30531233e5677558244647,established_a-b112,established_a,112,,,,100,,,,,,,,,,,0.23828125,256.0,,,,,,,,,,,,369.0,,,0.76171875,195.0
unconditional_first_payback,demo-human_decline_bot_rise-884000,human_decline_bot_rise,dynamic_hierarchy,119,fixed_price,9d018b9de9fdf567d73f5985050e16b27d8e3d3b4c30531233e5677558244647,established_a-b112,established_a,112,,,,100,,,,,,,,,,,0.23828125,256.0,,,,,,,,,,,,370.0,,,0.76171875,195.0
unconditional_first_payback,demo-human_decline_bot_rise-884000,human_decline_bot_rise,dynamic_hierarchy,119,fixed_price,9d018b9de9fdf567d73f5985050e16b27d8e3d3b4c30531233e5677558244647,established_a-b112,established_a,112,,,,100,,,,,,,,,,,0.23828125,256.0,,,,,,,,,,,,371.0,,,0.76171875,195.0
unconditional_first_payback,demo-human_decline_bot_rise-884000,human_decline_bot_rise,dynamic_hierarchy,119,fixed_price,9d018b9de9fdf567d73f5985050e16b27d8e3d3b4c30531233e5677558244647,established_a-b112,established_a,112,,,,100,,,,,,,,,,,0.23828125,256.0,,,,,,,,,,,,372.0,,,0.76171875,195.0
unconditional_first_payback,demo-human_decline_bot_rise-884000,human_decline_bot_rise,dynamic_hierarchy,119,fixed_price,9d018b9de9fdf567d73f5985050e16b27d8e3d3b4c30531233e5677558244647,established_a-b112,established_a,112,,,,100,,,,,,,,,,,0.23828125,256.0,,,,,,,,,,,,373.0,,,0.76171875,195.0
unconditional_first_payback,demo-human_decline_bot_rise-884000,human_decline_bot_rise,dynamic_hierarchy,119,fixed_price,9d018b9de9fdf567d73f5985050e16b27d8e3d3b4c30531233e5677558244647,established_a-b112,established_a,112,,,,100,,,,,,,,,,,0.23828125,256.0,,,,,,,,,,,,374.0,,,0.76171875,195.0
unconditional_first_payback,demo-human_decline_bot_rise-884000,human_decline_bot_rise,dynamic_hierarchy,119,fixed_price,9d018b9de9fdf567d73f5985050e16b27d8e3d3b4c30531233e5677558244647,established_a-b112,established_a,112,,,,100,,,,,,,,,,,0.23828125,256.0,,,,,,,,,,,,375.0,,,0.76171875,195.0
unconditional_first_payback,demo-human_decline_bot_rise-884000,human_decline_bot_rise,dynamic_hierarchy,119,fixed_price,9d018b9de9fdf567d73f5985050e16b27d8e3d3b4c30531233e5677558244647,established_a-b112,established_a,112,,,,100,,,,,,,,,,,0.23828125,256.0,,,,,,,,,,,,376.0,,,0.76171875,195.0
unconditional_first_payback,demo-human_decline_bot_rise-884000,human_decline_bot_rise,dynamic_hierarchy,119,fixed_price,9d018b9de9fdf567d73f5985050e16b27d8e3d3b4c30531233e5677558244647,established_a-b112,established_a,112,,,,100,,,,,,,,,,,0.23828125,256.0,,,,,,,,,,,,377.0,,,0.76171875,195.0
unconditional_first_payback,demo-human_decline_bot_rise-884000,human_decline_bot_rise,dynamic_hierarchy,119,fixed_price,9d018b9de9fdf567d73f5985050e16b27d8e3d3b4c30531233e5677558244647,established_a-b112,established_a,112,,,,100,,,,,,,,,,,0.23828125,256.0,,,,,,,,,,,,378.0,,,0.76171875,195.0
unconditional_first_payback,demo-human_decline_bot_rise-884000,human_decline_bot_rise,dynamic_hierarchy,119,fixed_price,9d018b9de9fdf567d73f5985050e16b27d8e3d3b4c30531233e5677558244647,established_a-b112,established_a,112,,,,100,,,,,,,,,,,0.23828125,256.0,,,,,,,,,,,,379.0,,,0.76171875,195.0
unconditional_first_payback,demo-human_decline_bot_rise-884000,human_decline_bot_rise,dynamic_hierarchy,119,fixed_price,9d018b9de9fdf567d73f5985050e16b27d8e3d3b4c30531233e5677558244647,established_a-b112,established_a,112,,,,100,,,,,,,,,,,0.23828125,256.0,,,,,,,,,,,,380.0,,,0.76171875,195.0
unconditional_first_payback,demo-human_decline_bot_rise-884000,human_decline_bot_rise,dynamic_hierarchy,119,fixed_price,9d018b9de9fdf567d73f5985050e16b27d8e3d3b4c30531233e5677558244647,established_a-b112,established_a,112,,,,100,,,,,,,,,,,0.23828125,256.0,,,,,,,,,,,,381.0,,,0.76171875,195.0
unconditional_first_payback,demo-human_decline_bot_rise-884000,human_decline_bot_rise,dynamic_hierarchy,119,fixed_price,9d018b9de9fdf567d73f5985050e16b27d8e3d3b4c30531233e5677558244647,established_a-b112,established_a,112,,,,100,,,,,,,,,,,0.23828125,256.0,,,,,,,,,,,,382.0,,,0.76171875,195.0
unconditional_first_payback,demo-human_decline_bot_rise-884000,human_decline_bot_rise,dynamic_hierarchy,119,fixed_price,9d018b9de9fdf567d73f5985050e16b27d8e3d3b4c30531233e5677558244647,established_a-b112,established_a,112,,,,100,,,,,,,,,,,0.23828125,256.0,,,,,,,,,,,,383.0,,,0.76171875,195.0
unconditional_first_payback,demo-human_decline_bot_rise-884000,human_decline_bot_rise,dynamic_hierarchy,119,fixed_price,9d018b9de9fdf567d73f5985050e16b27d8e3d3b4c30531233e5677558244647,established_a-b112,established_a,112,,,,100,,,,,,,,,,,0.23828125,256.0,,,,,,,,,,,,384.0,,,0.76171875,195.0
unconditional_first_payback,demo-human_decline_bot_rise-884000,human_decline_bot_rise,dynamic_hierarchy,119,fixed_price,9d018b9de9fdf567d73f5985050e16b27d8e3d3b4c30531233e5677558244647,established_a-b112,established_a,112,,,,100,,,,,,,,,,,0.23828125,256.0,,,,,,,,,,,,385.0,,,0.76171875,195.0
unconditional_first_payback,demo-human_decline_bot_rise-884000,human_decline_bot_rise,dynamic_hierarchy,119,fixed_price,9d018b9de9fdf567d73f5985050e16b27d8e3d3b4c30531233e5677558244647,established_a-b112,established_a,112,,,,100,,,,,,,,,,,0.23828125,256.0,,,,,,,,,,,,386.0,,,0.76171875,195.0
unconditional_first_payback,demo-human_decline_bot_rise-884000,human_decline_bot_rise,dynamic_hierarchy,119,fixed_price,9d018b9de9fdf567d73f5985050e16b27d8e3d3b4c30531233e5677558244647,established_a-b112,established_a,112,,,,100,,,,,,,,,,,0.23828125,256.0,,,,,,,,,,,,387.0,,,0.76171875,195.0
unconditional_first_payback,demo-human_decline_bot_rise-884000,human_decline_bot_rise,dynamic_hierarchy,119,fixed_price,9d018b9de9fdf567d73f5985050e16b27d8e3d3b4c30531233e5677558244647,established_a-b112,established_a,112,,,,100,,,,,,,,,,,0.23828125,256.0,,,,,,,,,,,,388.0,,,0.76171875,195.0
unconditional_first_payback,demo-human_decline_bot_rise-884000,human_decline_bot_rise,dynamic_hierarchy,119,fixed_price,9d018b9de9fdf567d73f5985050e16b27d8e3d3b4c30531233e5677558244647,established_a-b112,established_a,112,,,,100,,,,,,,,,,,0.23828125,256.0,,,,,,,,,,,,389.0,,,0.76171875,195.0
unconditional_first_payback,demo-human_decline_bot_rise-884000,human_decline_bot_rise,dynamic_hierarchy,119,fixed_price,9d018b9de9fdf567d73f5985050e16b27d8e3d3b4c30531233e5677558244647,established_a-b112,established_a,112,,,,100,,,,,,,,,,,0.23828125,256.0,,,,,,,,,,,,390.0,,,0.76171875,195.0
unconditional_first_payback,demo-human_decline_bot_rise-884000,human_decline_bot_rise,dynamic_hierarchy,119,fixed_price,9d018b9de9fdf567d73f5985050e16b27d8e3d3b4c30531233e5677558244647,established_a-b112,established_a,112,,,,100,,,,,,,,,,,0.23828125,256.0,,,,,,,,,,,,391.0,,,0.76171875,195.0
unconditional_first_payback,demo-human_decline_bot_rise-884000,human_decline_bot_rise,dynamic_hierarchy,119,fixed_price,9d018b9de9fdf567d73f5985050e16b27d8e3d3b4c30531233e5677558244647,established_a-b112,established_a,112,,,,100,,,,,,,,,,,0.23828125,256.0,,,,,,,,,,,,392.0,,,0.76171875,195.0
unconditional_first_payback,demo-human_decline_bot_rise-884000,human_decline_bot_rise,dynamic_hierarchy,119,fixed_price,9d018b9de9fdf567d73f5985050e16b27d8e3d3b4c30531233e5677558244647,established_a-b112,established_a,112,,,,100,,,,,,,,,,,0.23828125,256.0,,,,,,,,,,,,393.0,,,0.76171875,195.0
unconditional_first_payback,demo-human_decline_bot_rise-884000,human_decline_bot_rise,dynamic_hierarchy,119,fixed_price,9d018b9de9fdf567d73f5985050e16b27d8e3d3b4c30531233e5677558244647,established_a-b112,established_a,112,,,,100,,,,,,,,,,,0.23828125,256.0,,,,,,,,,,,,394.0,,,0.76171875,195.0
unconditional_first_payback,demo-human_decline_bot_rise-884000,human_decline_bot_rise,dynamic_hierarchy,119,fixed_price,9d018b9de9fdf567d73f5985050e16b27d8e3d3b4c30531233e5677558244647,established_a-b112,established_a,112,,,,100,,,,,,,,,,,0.23828125,256.0,,,,,,,,,,,,395.0,,,0.76171875,195.0
unconditional_first_payback,demo-human_decline_bot_rise-884000,human_decline_bot_rise,dynamic_hierarchy,119,fixed_price,9d018b9de9fdf567d73f5985050e16b27d8e3d3b4c30531233e5677558244647,established_a-b112,established_a,112,,,,100,,,,,,,,,,,0.23828125,256.0,,,,,,,,,,,,396.0,,,0.76171875,195.0
unconditional_first_payback,demo-human_decline_bot_rise-884000,human_decline_bot_rise,dynamic_hierarchy,119,fixed_price,9d018b9de9fdf567d73f5985050e16b27d8e3d3b4c30531233e5677558244647,established_a-b112,established_a,112,,,,100,,,,,,,,,,,0.23828125,256.0,,,,,,,,,,,,397.0,,,0.76171875,195.0
unconditional_first_payback,demo-human_decline_bot_rise-884000,human_decline_bot_rise,dynamic_hierarchy,119,fixed_price,9d018b9de9fdf567d73f5985050e16b27d8e3d3b4c30531233e5677558244647,established_a-b112,established_a,112,,,,100,,,,,,,,,,,0.23828125,256.0,,,,,,,,,,,,398.0,,,0.76171875,195.0
unconditional_first_payback,demo-human_decline_bot_rise-884000,human_decline_bot_rise,dynamic_hierarchy,119,fixed_price,9d018b9de9fdf567d73f5985050e16b27d8e3d3b4c30531233e5677558244647,established_a-b112,established_a,112,,,,100,,,,,,,,,,,0.23828125,256.0,,,,,,,,,,,,399.0,,,0.76171875,195.0
unconditional_first_payback,demo-human_decline_bot_rise-884000,human_decline_bot_rise,dynamic_hierarchy,119,fixed_price,9d018b9de9fdf567d73f5985050e16b27d8e3d3b4c30531233e5677558244647,established_a-b112,established_a,112,,,,100,,,,,,,,,,,0.23828125,256.0,,,,,,,,,,,,400.0,,,0.76171875,195.0
unconditional_first_payback,demo-human_decline_bot_rise-884000,human_decline_bot_rise,dynamic_hierarchy,119,fixed_price,9d018b9de9fdf567d73f5985050e16b27d8e3d3b4c30531233e5677558244647,established_a-b112,established_a,112,,,,100,,,,,,,,,,,0.23828125,256.0,,,,,,,,,,,,401.0,,,0.76171875,195.0
unconditional_first_payback,demo-human_decline_bot_rise-884000,human_decline_bot_rise,dynamic_hierarchy,119,fixed_price,9d018b9de9fdf567d73f5985050e16b27d8e3d3b4c30531233e5677558244647,established_a-b112,established_a,112,,,,100,,,,,,,,,,,0.23828125,256.0,,,,,,,,,,,,402.0,,,0.76171875,195.0
unconditional_first_payback,demo-human_decline_bot_rise-884000,human_decline_bot_rise,dynamic_hierarchy,119,fixed_price,9d018b9de9fdf567d73f5985050e16b27d8e3d3b4c30531233e5677558244647,established_a-b112,established_a,112,,,,100,,,,,,,,,,,0.23828125,256.0,,,,,,,,,,,,403.0,,,0.76171875,195.0
unconditional_first_payback,demo-human_decline_bot_rise-884000,human_decline_bot_rise,dynamic_hierarchy,119,fixed_price,9d018b9de9fdf567d73f5985050e16b27d8e3d3b4c30531233e5677558244647,established_a-b112,established_a,112,,,,100,,,,,,,,,,,0.23828125,256.0,,,,,,,,,,,,404.0,,,0.76171875,195.0
unconditional_first_payback,demo-human_decline_bot_rise-884000,human_decline_bot_rise,dynamic_hierarchy,119,fixed_price,9d018b9de9fdf567d73f5985050e16b27d8e3d3b4c30531233e5677558244647,established_a-b112,established_a,112,,,,100,,,,,,,,,,,0.23828125,256.0,,,,,,,,,,,,405.0,,,0.76171875,195.0
unconditional_first_payback,demo-human_decline_bot_rise-884000,human_decline_bot_rise,dynamic_hierarchy,119,fixed_price,9d018b9de9fdf567d73f5985050e16b27d8e3d3b4c30531233e5677558244647,established_a-b112,established_a,112,,,,100,,,,,,,,,,,0.23828125,256.0,,,,,,,,,,,,406.0,,,0.76171875,195.0
unconditional_first_payback,demo-human_decline_bot_rise-884000,human_decline_bot_rise,dynamic_hierarchy,119,fixed_price,9d018b9de9fdf567d73f5985050e16b27d8e3d3b4c30531233e5677558244647,established_a-b112,established_a,112,,,,100,,,,,,,,,,,0.23828125,256.0,,,,,,,,,,,,407.0,,,0.76171875,195.0
unconditional_first_payback,demo-human_decline_bot_rise-884000,human_decline_bot_rise,dynamic_hierarchy,119,fixed_price,9d018b9de9fdf567d73f5985050e16b27d8e3d3b4c30531233e5677558244647,established_a-b112,established_a,112,,,,100,,,,,,,,,,,0.23828125,256.0,,,,,,,,,,,,408.0,,,0.76171875,195.0
unconditional_first_payback,demo-human_decline_bot_rise-884000,human_decline_bot_rise,dynamic_hierarchy,119,fixed_price,9d018b9de9fdf567d73f5985050e16b27d8e3d3b4c30531233e5677558244647,established_a-b112,established_a,112,,,,100,,,,,,,,,,,0.23828125,256.0,,,,,,,,,,,,409.0,,,0.76171875,195.0
unconditional_first_payback,demo-human_decline_bot_rise-884000,human_decline_bot_rise,dynamic_hierarchy,119,fixed_price,9d018b9de9fdf567d73f5985050e16b27d8e3d3b4c30531233e5677558244647,established_a-b112,established_a,112,,,,100,,,,,,,,,,,0.23828125,256.0,,,,,,,,,,,,410.0,,,0.76171875,195.0
unconditional_first_payback,demo-human_decline_bot_rise-884000,human_decline_bot_rise,dynamic_hierarchy,119,fixed_price,9d018b9de9fdf567d73f5985050e16b27d8e3d3b4c30531233e5677558244647,established_a-b112,established_a,112,,,,100,,,,,,,,,,,0.23828125,256.0,,,,,,,,,,,,411.0,,,0.76171875,195.0
unconditional_first_payback,demo-human_decline_bot_rise-884000,human_decline_bot_rise,dynamic_hierarchy,119,fixed_price,9d018b9de9fdf567d73f5985050e16b27d8e3d3b4c30531233e5677558244647,established_a-b112,established_a,112,,,,100,,,,,,,,,,,0.23828125,256.0,,,,,,,,,,,,412.0,,,0.76171875,195.0
unconditional_first_payback,demo-human_decline_bot_rise-884000,human_decline_bot_rise,dynamic_hierarchy,119,fixed_price,9d018b9de9fdf567d73f5985050e16b27d8e3d3b4c30531233e5677558244647,established_a-b112,established_a,112,,,,100,,,,,,,,,,,0.23828125,256.0,,,,,,,,,,,,413.0,,,0.76171875,195.0
unconditional_first_payback,demo-human_decline_bot_rise-884000,human_decline_bot_rise,dynamic_hierarchy,119,fixed_price,9d018b9de9fdf567d73f5985050e16b27d8e3d3b4c30531233e5677558244647,established_a-b112,established_a,112,,,,100,,,,,,,,,,,0.23828125,256.0,,,,,,,,,,,,414.0,,,0.76171875,195.0
unconditional_first_payback,demo-human_decline_bot_rise-884000,human_decline_bot_rise,dynamic_hierarchy,119,fixed_price,9d018b9de9fdf567d73f5985050e16b27d8e3d3b4c30531233e5677558244647,established_a-b112,established_a,112,,,,100,,,,,,,,,,,0.23828125,256.0,,,,,,,,,,,,415.0,,,0.76171875,195.0
unconditional_first_payback,demo-human_decline_bot_rise-884000,human_decline_bot_rise,dynamic_hierarchy,119,fixed_price,9d018b9de9fdf567d73f5985050e16b27d8e3d3b4c30531233e5677558244647,established_a-b112,established_a,112,,,,100,,,,,,,,,,,0.23828125,256.0,,,,,,,,,,,,416.0,,,0.76171875,195.0
unconditional_first_payback,demo-human_decline_bot_rise-884000,human_decline_bot_rise,dynamic_hierarchy,119,fixed_price,9d018b9de9fdf567d73f5985050e16b27d8e3d3b4c30531233e5677558244647,established_a-b112,established_a,112,,,,100,,,,,,,,,,,0.23828125,256.0,,,,,,,,,,,,417.0,,,0.76171875,195.0
unconditional_first_payback,demo-human_decline_bot_rise-884000,human_decline_bot_rise,dynamic_hierarchy,119,fixed_price,9d018b9de9fdf567d73f5985050e16b27d8e3d3b4c30531233e5677558244647,established_a-b112,established_a,112,,,,100,,,,,,,,,,,0.23828125,256.0,,,,,,,,,,,,418.0,,,0.76171875,195.0
unconditional_first_payback,demo-human_decline_bot_rise-884000,human_decline_bot_rise,dynamic_hierarchy,119,fixed_price,9d018b9de9fdf567d73f5985050e16b27d8e3d3b4c30531233e5677558244647,established_a-b112,established_a,112,,,,100,,,,,,,,,,,0.23828125,256.0,,,,,,,,,,,,419.0,,,0.76171875,195.0
unconditional_first_payback,demo-human_decline_bot_rise-884000,human_decline_bot_rise,dynamic_hierarchy,119,fixed_price,9d018b9de9fdf567d73f5985050e16b27d8e3d3b4c30531233e5677558244647,established_a-b112,established_a,112,,,,100,,,,,,,,,,,0.23828125,256.0,,,,,,,,,,,,420.0,,,0.76171875,195.0
unconditional_first_payback,demo-human_decline_bot_rise-884000,human_decline_bot_rise,dynamic_hierarchy,119,fixed_price,9d018b9de9fdf567d73f5985050e16b27d8e3d3b4c30531233e5677558244647,established_a-b112,established_a,112,,,,100,,,,,,,,,,,0.23828125,256.0,,,,,,,,,,,,421.0,,,0.76171875,195.0
unconditional_first_payback,demo-human_decline_bot_rise-884000,human_decline_bot_rise,dynamic_hierarchy,119,fixed_price,9d018b9de9fdf567d73f5985050e16b27d8e3d3b4c30531233e5677558244647,established_a-b112,established_a,112,,,,100,,,,,,,,,,,0.23828125,256.0,,,,,,,,,,,,422.0,,,0.76171875,195.0
unconditional_first_payback,demo-human_decline_bot_rise-884000,human_decline_bot_rise,dynamic_hierarchy,119,fixed_price,9d018b9de9fdf567d73f5985050e16b27d8e3d3b4c30531233e5677558244647,established_a-b112,established_a,112,,,,100,,,,,,,,,,,0.23828125,256.0,,,,,,,,,,,,423.0,,,0.76171875,195.0
unconditional_first_payback,demo-human_decline_bot_rise-884000,human_decline_bot_rise,dynamic_hierarchy,119,fixed_price,9d018b9de9fdf567d73f5985050e16b27d8e3d3b4c30531233e5677558244647,established_a-b112,established_a,112,,,,100,,,,,,,,,,,0.23828125,256.0,,,,,,,,,,,,424.0,,,0.76171875,195.0
unconditional_first_payback,demo-human_decline_bot_rise-884000,human_decline_bot_rise,dynamic_hierarchy,119,fixed_price,9d018b9de9fdf567d73f5985050e16b27d8e3d3b4c30531233e5677558244647,established_a-b112,established_a,112,,,,100,,,,,,,,,,,0.23828125,256.0,,,,,,,,,,,,425.0,,,0.76171875,195.0
unconditional_first_payback,demo-human_decline_bot_rise-884000,human_decline_bot_rise,dynamic_hierarchy,119,continue_recent_trend,9d018b9de9fdf567d73f5985050e16b27d8e3d3b4c30531233e5677558244647,established_a-b112,established_a,112,,,,100,,,,,,,,,,,0.578125,256.0,,,,,,,,,,,,0.0,,,0.0,0.0
unconditional_first_payback,demo-human_decline_bot_rise-884000,human_decline_bot_rise,dynamic_hierarchy,119,continue_recent_trend,9d018b9de9fdf567d73f5985050e16b27d8e3d3b4c30531233e5677558244647,established_a-b112,established_a,112,,,,100,,,,,,,,,,,0.578125,256.0,,,,,,,,,,,,1.0,,,0.0,0.0
unconditional_first_payback,demo-human_decline_bot_rise-884000,human_decline_bot_rise,dynamic_hierarchy,119,continue_recent_trend,9d018b9de9fdf567d73f5985050e16b27d8e3d3b4c30531233e5677558244647,established_a-b112,established_a,112,,,,100,,,,,,,,,,,0.578125,256.0,,,,,,,,,,,,2.0,,,0.0,0.0
unconditional_first_payback,demo-human_decline_bot_rise-884000,human_decline_bot_rise,dynamic_hierarchy,119,continue_recent_trend,9d018b9de9fdf567d73f5985050e16b27d8e3d3b4c30531233e5677558244647,established_a-b112,established_a,112,,,,100,,,,,,,,,,,0.578125,256.0,,,,,,,,,,,,3.0,,,0.0,0.0
unconditional_first_payback,demo-human_decline_bot_rise-884000,human_decline_bot_rise,dynamic_hierarchy,119,continue_recent_trend,9d018b9de9fdf567d73f5985050e16b27d8e3d3b4c30531233e5677558244647,established_a-b112,established_a,112,,,,100,,,,,,,,,,,0.578125,256.0,,,,,,,,,,,,4.0,,,0.0,0.0
unconditional_first_payback,demo-human_decline_bot_rise-884000,human_decline_bot_rise,dynamic_hierarchy,119,continue_recent_trend,9d018b9de9fdf567d73f5985050e16b27d8e3d3b4c30531233e5677558244647,established_a-b112,established_a,112,,,,100,,,,,,,,,,,0.578125,256.0,,,,,,,,,,,,5.0,,,0.0,0.0
unconditional_first_payback,demo-human_decline_bot_rise-884000,human_decline_bot_rise,dynamic_hierarchy,119,continue_recent_trend,9d018b9de9fdf567d73f5985050e16b27d8e3d3b4c30531233e5677558244647,established_a-b112,established_a,112,,,,100,,,,,,,,,,,0.578125,256.0,,,,,,,,,,,,6.0,,,0.0,0.0
unconditional_first_payback,demo-human_decline_bot_rise-884000,human_decline_bot_rise,dynamic_hierarchy,119,continue_recent_trend,9d018b9de9fdf567d73f5985050e16b27d8e3d3b4c30531233e5677558244647,established_a-b112,established_a,112,,,,100,,,,,,,,,,,0.578125,256.0,,,,,,,,,,,,7.0,,,0.0,0.0
unconditional_first_payback,demo-human_decline_bot_rise-884000,human_decline_bot_rise,dynamic_hierarchy,119,continue_recent_trend,9d018b9de9fdf567d73f5985050e16b27d8e3d3b4c30531233e5677558244647,established_a-b112,established_a,112,,,,100,,,,,,,,,,,0.578125,256.0,,,,,,,,,,,,8.0,,,0.0,0.0
unconditional_first_payback,demo-human_decline_bot_rise-884000,human_decline_bot_rise,dynamic_hierarchy,119,continue_recent_trend,9d018b9de9fdf567d73f5985050e16b27d8e3d3b4c30531233e5677558244647,established_a-b112,established_a,112,,,,100,,,,,,,,,,,0.578125,256.0,,,,,,,,,,,,9.0,,,0.0,0.0
unconditional_first_payback,demo-human_decline_bot_rise-884000,human_decline_bot_rise,dynamic_hierarchy,119,continue_recent_trend,9d018b9de9fdf567d73f5985050e16b27d8e3d3b4c30531233e5677558244647,established_a-b112,established_a,112,,,,100,,,,,,,,,,,0.578125,256.0,,,,,,,,,,,,10.0,,,0.0,0.0
unconditional_first_payback,demo-human_decline_bot_rise-884000,human_decline_bot_rise,dynamic_hierarchy,119,continue_recent_trend,9d018b9de9fdf567d73f5985050e16b27d8e3d3b4c30531233e5677558244647,established_a-b112,established_a,112,,,,100,,,,,,,,,,,0.578125,256.0,,,,,,,,,,,,11.0,,,0.0,0.0
unconditional_first_payback,demo-human_decline_bot_rise-884000,human_decline_bot_rise,dynamic_hierarchy,119,continue_recent_trend,9d018b9de9fdf567d73f5985050e16b27d8e3d3b4c30531233e5677558244647,established_a-b112,established_a,112,,,,100,,,,,,,,,,,0.578125,256.0,,,,,,,,,,,,12.0,,,0.0,0.0
unconditional_first_payback,demo-human_decline_bot_rise-884000,human_decline_bot_rise,dynamic_hierarchy,119,continue_recent_trend,9d018b9de9fdf567d73f5985050e16b27d8e3d3b4c30531233e5677558244647,established_a-b112,established_a,112,,,,100,,,,,,,,,,,0.578125,256.0,,,,,,,,,,,,13.0,,,0.0,0.0
unconditional_first_payback,demo-human_decline_bot_rise-884000,human_decline_bot_rise,dynamic_hierarchy,119,continue_recent_trend,9d018b9de9fdf567d73f5985050e16b27d8e3d3b4c30531233e5677558244647,established_a-b112,established_a,112,,,,100,,,,,,,,,,,0.578125,256.0,,,,,,,,,,,,14.0,,,0.0,0.0
unconditional_first_payback,demo-human_decline_bot_rise-884000,human_decline_bot_rise,dynamic_hierarchy,119,continue_recent_trend,9d018b9de9fdf567d73f5985050e16b27d8e3d3b4c30531233e5677558244647,established_a-b112,established_a,112,,,,100,,,,,,,,,,,0.578125,256.0,,,,,,,,,,,,15.0,,,0.0,0.0
unconditional_first_payback,demo-human_decline_bot_rise-884000,human_decline_bot_rise,dynamic_hierarchy,119,continue_recent_trend,9d018b9de9fdf567d73f5985050e16b27d8e3d3b4c30531233e5677558244647,established_a-b112,established_a,112,,,,100,,,,,,,,,,,0.578125,256.0,,,,,,,,,,,,16.0,,,0.0,0.0
unconditional_first_payback,demo-human_decline_bot_rise-884000,human_decline_bot_rise,dynamic_hierarchy,119,continue_recent_trend,9d018b9de9fdf567d73f5985050e16b27d8e3d3b4c30531233e5677558244647,established_a-b112,established_a,112,,,,100,,,,,,,,,,,0.578125,256.0,,,,,,,,,,,,17.0,,,0.0,0.0
unconditional_first_payback,demo-human_decline_bot_rise-884000,human_decline_bot_rise,dynamic_hierarchy,119,continue_recent_trend,9d018b9de9fdf567d73f5985050e16b27d8e3d3b4c30531233e5677558244647,established_a-b112,established_a,112,,,,100,,,,,,,,,,,0.578125,256.0,,,,,,,,,,,,18.0,,,0.0,0.0
unconditional_first_payback,demo-human_decline_bot_rise-884000,human_decline_bot_rise,dynamic_hierarchy,119,continue_recent_trend,9d018b9de9fdf567d73f5985050e16b27d8e3d3b4c30531233e5677558244647,established_a-b112,established_a,112,,,,100,,,,,,,,,,,0.578125,256.0,,,,,,,,,,,,19.0,,,0.0,0.0
unconditional_first_payback,demo-human_decline_bot_rise-884000,human_decline_bot_rise,dynamic_hierarchy,119,continue_recent_trend,9d018b9de9fdf567d73f5985050e16b27d8e3d3b4c30531233e5677558244647,established_a-b112,established_a,112,,,,100,,,,,,,,,,,0.578125,256.0,,,,,,,,,,,,20.0,,,0.0,0.0
unconditional_first_payback,demo-human_decline_bot_rise-884000,human_decline_bot_rise,dynamic_hierarchy,119,continue_recent_trend,9d018b9de9fdf567d73f5985050e16b27d8e3d3b4c30531233e5677558244647,established_a-b112,established_a,112,,,,100,,,,,,,,,,,0.578125,256.0,,,,,,,,,,,,21.0,,,0.0,0.0
unconditional_first_payback,demo-human_decline_bot_rise-884000,human_decline_bot_rise,dynamic_hierarchy,119,continue_recent_trend,9d018b9de9fdf567d73f5985050e16b27d8e3d3b4c30531233e5677558244647,established_a-b112,established_a,112,,,,100,,,,,,,,,,,0.578125,256.0,,,,,,,,,,,,22.0,,,0.0,0.0
unconditional_first_payback,demo-human_decline_bot_rise-884000,human_decline_bot_rise,dynamic_hierarchy,119,continue_recent_trend,9d018b9de9fdf567d73f5985050e16b27d8e3d3b4c30531233e5677558244647,established_a-b112,established_a,112,,,,100,,,,,,,,,,,0.578125,256.0,,,,,,,,,,,,23.0,,,0.0,0.0
unconditional_first_payback,demo-human_decline_bot_rise-884000,human_decline_bot_rise,dynamic_hierarchy,119,continue_recent_trend,9d018b9de9fdf567d73f5985050e16b27d8e3d3b4c30531233e5677558244647,established_a-b112,established_a,112,,,,100,,,,,,,,,,,0.578125,256.0,,,,,,,,,,,,24.0,,,0.0,0.0
unconditional_first_payback,demo-human_decline_bot_rise-884000,human_decline_bot_rise,dynamic_hierarchy,119,continue_recent_trend,9d018b9de9fdf567d73f5985050e16b27d8e3d3b4c30531233e5677558244647,established_a-b112,established_a,112,,,,100,,,,,,,,,,,0.578125,256.0,,,,,,,,,,,,25.0,,,0.0,0.0
unconditional_first_payback,demo-human_decline_bot_rise-884000,human_decline_bot_rise,dynamic_hierarchy,119,continue_recent_trend,9d018b9de9fdf567d73f5985050e16b27d8e3d3b4c30531233e5677558244647,established_a-b112,established_a,112,,,,100,,,,,,,,,,,0.578125,256.0,,,,,,,,,,,,26.0,,,0.0,0.0
unconditional_first_payback,demo-human_decline_bot_rise-884000,human_decline_bot_rise,dynamic_hierarchy,119,continue_recent_trend,9d018b9de9fdf567d73f5985050e16b27d8e3d3b4c30531233e5677558244647,established_a-b112,established_a,112,,,,100,,,,,,,,,,,0.578125,256.0,,,,,,,,,,,,27.0,,,0.0,0.0
unconditional_first_payback,demo-human_decline_bot_rise-884000,human_decline_bot_rise,dynamic_hierarchy,119,continue_recent_trend,9d018b9de9fdf567d73f5985050e16b27d8e3d3b4c30531233e5677558244647,established_a-b112,established_a,112,,,,100,,,,,,,,,,,0.578125,256.0,,,,,,,,,,,,28.0,,,0.0,0.0
unconditional_first_payback,demo-human_decline_bot_rise-884000,human_decline_bot_rise,dynamic_hierarchy,119,continue_recent_trend,9d018b9de9fdf567d73f5985050e16b27d8e3d3b4c30531233e5677558244647,established_a-b112,established_a,112,,,,100,,,,,,,,,,,0.578125,256.0,,,,,,,,,,,,29.0,,,0.0,0.0
unconditional_first_payback,demo-human_decline_bot_rise-884000,human_decline_bot_rise,dynamic_hierarchy,119,continue_recent_trend,9d018b9de9fdf567d73f5985050e16b27d8e3d3b4c30531233e5677558244647,established_a-b112,established_a,112,,,,100,,,,,,,,,,,0.578125,256.0,,,,,,,,,,,,30.0,,,0.0,0.0
unconditional_first_payback,demo-human_decline_bot_rise-884000,human_decline_bot_rise,dynamic_hierarchy,119,continue_recent_trend,9d018b9de9fdf567d73f5985050e16b27d8e3d3b4c30531233e5677558244647,established_a-b112,established_a,112,,,,100,,,,,,,,,,,0.578125,256.0,,,,,,,,,,,,31.0,,,0.0,0.0
unconditional_first_payback,demo-human_decline_bot_rise-884000,human_decline_bot_rise,dynamic_hierarchy,119,continue_recent_trend,9d018b9de9fdf567d73f5985050e16b27d8e3d3b4c30531233e5677558244647,established_a-b112,established_a,112,,,,100,,,,,,,,,,,0.578125,256.0,,,,,,,,,,,,32.0,,,0.00390625,1.0
unconditional_first_payback,demo-human_decline_bot_rise-884000,human_decline_bot_rise,dynamic_hierarchy,119,continue_recent_trend,9d018b9de9fdf567d73f5985050e16b27d8e3d3b4c30531233e5677558244647,established_a-b112,established_a,112,,,,100,,,,,,,,,,,0.578125,256.0,,,,,,,,,,,,33.0,,,0.00390625,1.0
unconditional_first_payback,demo-human_decline_bot_rise-884000,human_decline_bot_rise,dynamic_hierarchy,119,continue_recent_trend,9d018b9de9fdf567d73f5985050e16b27d8e3d3b4c30531233e5677558244647,established_a-b112,established_a,112,,,,100,,,,,,,,,,,0.578125,256.0,,,,,,,,,,,,34.0,,,0.00390625,1.0
unconditional_first_payback,demo-human_decline_bot_rise-884000,human_decline_bot_rise,dynamic_hierarchy,119,continue_recent_trend,9d018b9de9fdf567d73f5985050e16b27d8e3d3b4c30531233e5677558244647,established_a-b112,established_a,112,,,,100,,,,,,,,,,,0.578125,256.0,,,,,,,,,,,,35.0,,,0.00390625,1.0
unconditional_first_payback,demo-human_decline_bot_rise-884000,human_decline_bot_rise,dynamic_hierarchy,119,continue_recent_trend,9d018b9de9fdf567d73f5985050e16b27d8e3d3b4c30531233e5677558244647,established_a-b112,established_a,112,,,,100,,,,,,,,,,,0.578125,256.0,,,,,,,,,,,,36.0,,,0.00390625,1.0
unconditional_first_payback,demo-human_decline_bot_rise-884000,human_decline_bot_rise,dynamic_hierarchy,119,continue_recent_trend,9d018b9de9fdf567d73f5985050e16b27d8e3d3b4c30531233e5677558244647,established_a-b112,established_a,112,,,,100,,,,,,,,,,,0.578125,256.0,,,,,,,,,,,,37.0,,,0.00390625,1.0
unconditional_first_payback,demo-human_decline_bot_rise-884000,human_decline_bot_rise,dynamic_hierarchy,119,continue_recent_trend,9d018b9de9fdf567d73f5985050e16b27d8e3d3b4c30531233e5677558244647,established_a-b112,established_a,112,,,,100,,,,,,,,,,,0.578125,256.0,,,,,,,,,,,,38.0,,,0.00390625,1.0
unconditional_first_payback,demo-human_decline_bot_rise-884000,human_decline_bot_rise,dynamic_hierarchy,119,continue_recent_trend,9d018b9de9fdf567d73f5985050e16b27d8e3d3b4c30531233e5677558244647,established_a-b112,established_a,112,,,,100,,,,,,,,,,,0.578125,256.0,,,,,,,,,,,,39.0,,,0.00390625,1.0
unconditional_first_payback,demo-human_decline_bot_rise-884000,human_decline_bot_rise,dynamic_hierarchy,119,continue_recent_trend,9d018b9de9fdf567d73f5985050e16b27d8e3d3b4c30531233e5677558244647,established_a-b112,established_a,112,,,,100,,,,,,,,,,,0.578125,256.0,,,,,,,,,,,,40.0,,,0.00390625,1.0
unconditional_first_payback,demo-human_decline_bot_rise-884000,human_decline_bot_rise,dynamic_hierarchy,119,continue_recent_trend,9d018b9de9fdf567d73f5985050e16b27d8e3d3b4c30531233e5677558244647,established_a-b112,established_a,112,,,,100,,,,,,,,,,,0.578125,256.0,,,,,,,,,,,,41.0,,,0.0078125,2.0
unconditional_first_payback,demo-human_decline_bot_rise-884000,human_decline_bot_rise,dynamic_hierarchy,119,continue_recent_trend,9d018b9de9fdf567d73f5985050e16b27d8e3d3b4c30531233e5677558244647,established_a-b112,established_a,112,,,,100,,,,,,,,,,,0.578125,256.0,,,,,,,,,,,,42.0,,,0.01171875,3.0
unconditional_first_payback,demo-human_decline_bot_rise-884000,human_decline_bot_rise,dynamic_hierarchy,119,continue_recent_trend,9d018b9de9fdf567d73f5985050e16b27d8e3d3b4c30531233e5677558244647,established_a-b112,established_a,112,,,,100,,,,,,,,,,,0.578125,256.0,,,,,,,,,,,,43.0,,,0.01171875,3.0
unconditional_first_payback,demo-human_decline_bot_rise-884000,human_decline_bot_rise,dynamic_hierarchy,119,continue_recent_trend,9d018b9de9fdf567d73f5985050e16b27d8e3d3b4c30531233e5677558244647,established_a-b112,established_a,112,,,,100,,,,,,,,,,,0.578125,256.0,,,,,,,,,,,,44.0,,,0.015625,4.0
unconditional_first_payback,demo-human_decline_bot_rise-884000,human_decline_bot_rise,dynamic_hierarchy,119,continue_recent_trend,9d018b9de9fdf567d73f5985050e16b27d8e3d3b4c30531233e5677558244647,established_a-b112,established_a,112,,,,100,,,,,,,,,,,0.578125,256.0,,,,,,,,,,,,45.0,,,0.015625,4.0
unconditional_first_payback,demo-human_decline_bot_rise-884000,human_decline_bot_rise,dynamic_hierarchy,119,continue_recent_trend,9d018b9de9fdf567d73f5985050e16b27d8e3d3b4c30531233e5677558244647,established_a-b112,established_a,112,,,,100,,,,,,,,,,,0.578125,256.0,,,,,,,,,,,,46.0,,,0.015625,4.0
unconditional_first_payback,demo-human_decline_bot_rise-884000,human_decline_bot_rise,dynamic_hierarchy,119,continue_recent_trend,9d018b9de9fdf567d73f5985050e16b27d8e3d3b4c30531233e5677558244647,established_a-b112,established_a,112,,,,100,,,,,,,,,,,0.578125,256.0,,,,,,,,,,,,47.0,,,0.015625,4.0
unconditional_first_payback,demo-human_decline_bot_rise-884000,human_decline_bot_rise,dynamic_hierarchy,119,continue_recent_trend,9d018b9de9fdf567d73f5985050e16b27d8e3d3b4c30531233e5677558244647,established_a-b112,established_a,112,,,,100,,,,,,,,,,,0.578125,256.0,,,,,,,,,,,,48.0,,,0.015625,4.0
unconditional_first_payback,demo-human_decline_bot_rise-884000,human_decline_bot_rise,dynamic_hierarchy,119,continue_recent_trend,9d018b9de9fdf567d73f5985050e16b27d8e3d3b4c30531233e5677558244647,established_a-b112,established_a,112,,,,100,,,,,,,,,,,0.578125,256.0,,,,,,,,,,,,49.0,,,0.015625,4.0
unconditional_first_payback,demo-human_decline_bot_rise-884000,human_decline_bot_rise,dynamic_hierarchy,119,continue_recent_trend,9d018b9de9fdf567d73f5985050e16b27d8e3d3b4c30531233e5677558244647,established_a-b112,established_a,112,,,,100,,,,,,,,,,,0.578125,256.0,,,,,,,,,,,,50.0,,,0.015625,4.0
unconditional_first_payback,demo-human_decline_bot_rise-884000,human_decline_bot_rise,dynamic_hierarchy,119,continue_recent_trend,9d018b9de9fdf567d73f5985050e16b27d8e3d3b4c30531233e5677558244647,established_a-b112,established_a,112,,,,100,,,,,,,,,,,0.578125,256.0,,,,,,,,,,,,51.0,,,0.015625,4.0
unconditional_first_payback,demo-human_decline_bot_rise-884000,human_decline_bot_rise,dynamic_hierarchy,119,continue_recent_trend,9d018b9de9fdf567d73f5985050e16b27d8e3d3b4c30531233e5677558244647,established_a-b112,established_a,112,,,,100,,,,,,,,,,,0.578125,256.0,,,,,,,,,,,,52.0,,,0.015625,4.0
unconditional_first_payback,demo-human_decline_bot_rise-884000,human_decline_bot_rise,dynamic_hierarchy,119,continue_recent_trend,9d018b9de9fdf567d73f5985050e16b27d8e3d3b4c30531233e5677558244647,established_a-b112,established_a,112,,,,100,,,,,,,,,,,0.578125,256.0,,,,,,,,,,,,53.0,,,0.015625,4.0
unconditional_first_payback,demo-human_decline_bot_rise-884000,human_decline_bot_rise,dynamic_hierarchy,119,continue_recent_trend,9d018b9de9fdf567d73f5985050e16b27d8e3d3b4c30531233e5677558244647,established_a-b112,established_a,112,,,,100,,,,,,,,,,,0.578125,256.0,,,,,,,,,,,,54.0,,,0.015625,4.0
unconditional_first_payback,demo-human_decline_bot_rise-884000,human_decline_bot_rise,dynamic_hierarchy,119,continue_recent_trend,9d018b9de9fdf567d73f5985050e16b27d8e3d3b4c30531233e5677558244647,established_a-b112,established_a,112,,,,100,,,,,,,,,,,0.578125,256.0,,,,,,,,,,,,55.0,,,0.015625,4.0
unconditional_first_payback,demo-human_decline_bot_rise-884000,human_decline_bot_rise,dynamic_hierarchy,119,continue_recent_trend,9d018b9de9fdf567d73f5985050e16b27d8e3d3b4c30531233e5677558244647,established_a-b112,established_a,112,,,,100,,,,,,,,,,,0.578125,256.0,,,,,,,,,,,,56.0,,,0.0234375,6.0
unconditional_first_payback,demo-human_decline_bot_rise-884000,human_decline_bot_rise,dynamic_hierarchy,119,continue_recent_trend,9d018b9de9fdf567d73f5985050e16b27d8e3d3b4c30531233e5677558244647,established_a-b112,established_a,112,,,,100,,,,,,,,,,,0.578125,256.0,,,,,,,,,,,,57.0,,,0.03125,8.0
unconditional_first_payback,demo-human_decline_bot_rise-884000,human_decline_bot_rise,dynamic_hierarchy,119,continue_recent_trend,9d018b9de9fdf567d73f5985050e16b27d8e3d3b4c30531233e5677558244647,established_a-b112,established_a,112,,,,100,,,,,,,,,,,0.578125,256.0,,,,,,,,,,,,58.0,,,0.03125,8.0
unconditional_first_payback,demo-human_decline_bot_rise-884000,human_decline_bot_rise,dynamic_hierarchy,119,continue_recent_trend,9d018b9de9fdf567d73f5985050e16b27d8e3d3b4c30531233e5677558244647,established_a-b112,established_a,112,,,,100,,,,,,,,,,,0.578125,256.0,,,,,,,,,,,,59.0,,,0.03125,8.0
unconditional_first_payback,demo-human_decline_bot_rise-884000,human_decline_bot_rise,dynamic_hierarchy,119,continue_recent_trend,9d018b9de9fdf567d73f5985050e16b27d8e3d3b4c30531233e5677558244647,established_a-b112,established_a,112,,,,100,,,,,,,,,,,0.578125,256.0,,,,,,,,,,,,60.0,,,0.03515625,9.0
unconditional_first_payback,demo-human_decline_bot_rise-884000,human_decline_bot_rise,dynamic_hierarchy,119,continue_recent_trend,9d018b9de9fdf567d73f5985050e16b27d8e3d3b4c30531233e5677558244647,established_a-b112,established_a,112,,,,100,,,,,,,,,,,0.578125,256.0,,,,,,,,,,,,61.0,,,0.03515625,9.0
unconditional_first_payback,demo-human_decline_bot_rise-884000,human_decline_bot_rise,dynamic_hierarchy,119,continue_recent_trend,9d018b9de9fdf567d73f5985050e16b27d8e3d3b4c30531233e5677558244647,established_a-b112,established_a,112,,,,100,,,,,,,,,,,0.578125,256.0,,,,,,,,,,,,62.0,,,0.0390625,10.0
unconditional_first_payback,demo-human_decline_bot_rise-884000,human_decline_bot_rise,dynamic_hierarchy,119,continue_recent_trend,9d018b9de9fdf567d73f5985050e16b27d8e3d3b4c30531233e5677558244647,established_a-b112,established_a,112,,,,100,,,,,,,,,,,0.578125,256.0,,,,,,,,,,,,63.0,,,0.0390625,10.0
unconditional_first_payback,demo-human_decline_bot_rise-884000,human_decline_bot_rise,dynamic_hierarchy,119,continue_recent_trend,9d018b9de9fdf567d73f5985050e16b27d8e3d3b4c30531233e5677558244647,established_a-b112,established_a,112,,,,100,,,,,,,,,,,0.578125,256.0,,,,,,,,,,,,64.0,,,0.046875,12.0
unconditional_first_payback,demo-human_decline_bot_rise-884000,human_decline_bot_rise,dynamic_hierarchy,119,continue_recent_trend,9d018b9de9fdf567d73f5985050e16b27d8e3d3b4c30531233e5677558244647,established_a-b112,established_a,112,,,,100,,,,,,,,,,,0.578125,256.0,,,,,,,,,,,,65.0,,,0.046875,12.0
unconditional_first_payback,demo-human_decline_bot_rise-884000,human_decline_bot_rise,dynamic_hierarchy,119,continue_recent_trend,9d018b9de9fdf567d73f5985050e16b27d8e3d3b4c30531233e5677558244647,established_a-b112,established_a,112,,,,100,,,,,,,,,,,0.578125,256.0,,,,,,,,,,,,66.0,,,0.05078125,13.0
unconditional_first_payback,demo-human_decline_bot_rise-884000,human_decline_bot_rise,dynamic_hierarchy,119,continue_recent_trend,9d018b9de9fdf567d73f5985050e16b27d8e3d3b4c30531233e5677558244647,established_a-b112,established_a,112,,,,100,,,,,,,,,,,0.578125,256.0,,,,,,,,,,,,67.0,,,0.05859375,15.0
unconditional_first_payback,demo-human_decline_bot_rise-884000,human_decline_bot_rise,dynamic_hierarchy,119,continue_recent_trend,9d018b9de9fdf567d73f5985050e16b27d8e3d3b4c30531233e5677558244647,established_a-b112,established_a,112,,,,100,,,,,,,,,,,0.578125,256.0,,,,,,,,,,,,68.0,,,0.05859375,15.0
unconditional_first_payback,demo-human_decline_bot_rise-884000,human_decline_bot_rise,dynamic_hierarchy,119,continue_recent_trend,9d018b9de9fdf567d73f5985050e16b27d8e3d3b4c30531233e5677558244647,established_a-b112,established_a,112,,,,100,,,,,,,,,,,0.578125,256.0,,,,,,,,,,,,69.0,,,0.0625,16.0
unconditional_first_payback,demo-human_decline_bot_rise-884000,human_decline_bot_rise,dynamic_hierarchy,119,continue_recent_trend,9d018b9de9fdf567d73f5985050e16b27d8e3d3b4c30531233e5677558244647,established_a-b112,established_a,112,,,,100,,,,,,,,,,,0.578125,256.0,,,,,,,,,,,,70.0,,,0.06640625,17.0
unconditional_first_payback,demo-human_decline_bot_rise-884000,human_decline_bot_rise,dynamic_hierarchy,119,continue_recent_trend,9d018b9de9fdf567d73f5985050e16b27d8e3d3b4c30531233e5677558244647,established_a-b112,established_a,112,,,,100,,,,,,,,,,,0.578125,256.0,,,,,,,,,,,,71.0,,,0.07421875,19.0
unconditional_first_payback,demo-human_decline_bot_rise-884000,human_decline_bot_rise,dynamic_hierarchy,119,continue_recent_trend,9d018b9de9fdf567d73f5985050e16b27d8e3d3b4c30531233e5677558244647,established_a-b112,established_a,112,,,,100,,,,,,,,,,,0.578125,256.0,,,,,,,,,,,,72.0,,,0.07421875,19.0
unconditional_first_payback,demo-human_decline_bot_rise-884000,human_decline_bot_rise,dynamic_hierarchy,119,continue_recent_trend,9d018b9de9fdf567d73f5985050e16b27d8e3d3b4c30531233e5677558244647,established_a-b112,established_a,112,,,,100,,,,,,,,,,,0.578125,256.0,,,,,,,,,,,,73.0,,,0.08203125,21.0
unconditional_first_payback,demo-human_decline_bot_rise-884000,human_decline_bot_rise,dynamic_hierarchy,119,continue_recent_trend,9d018b9de9fdf567d73f5985050e16b27d8e3d3b4c30531233e5677558244647,established_a-b112,established_a,112,,,,100,,,,,,,,,,,0.578125,256.0,,,,,,,,,,,,74.0,,,0.08984375,23.0
unconditional_first_payback,demo-human_decline_bot_rise-884000,human_decline_bot_rise,dynamic_hierarchy,119,continue_recent_trend,9d018b9de9fdf567d73f5985050e16b27d8e3d3b4c30531233e5677558244647,established_a-b112,established_a,112,,,,100,,,,,,,,,,,0.578125,256.0,,,,,,,,,,,,75.0,,,0.09375,24.0
unconditional_first_payback,demo-human_decline_bot_rise-884000,human_decline_bot_rise,dynamic_hierarchy,119,continue_recent_trend,9d018b9de9fdf567d73f5985050e16b27d8e3d3b4c30531233e5677558244647,established_a-b112,established_a,112,,,,100,,,,,,,,,,,0.578125,256.0,,,,,,,,,,,,76.0,,,0.09765625,25.0
unconditional_first_payback,demo-human_decline_bot_rise-884000,human_decline_bot_rise,dynamic_hierarchy,119,continue_recent_trend,9d018b9de9fdf567d73f5985050e16b27d8e3d3b4c30531233e5677558244647,established_a-b112,established_a,112,,,,100,,,,,,,,,,,0.578125,256.0,,,,,,,,,,,,77.0,,,0.109375,28.0
unconditional_first_payback,demo-human_decline_bot_rise-884000,human_decline_bot_rise,dynamic_hierarchy,119,continue_recent_trend,9d018b9de9fdf567d73f5985050e16b27d8e3d3b4c30531233e5677558244647,established_a-b112,established_a,112,,,,100,,,,,,,,,,,0.578125,256.0,,,,,,,,,,,,78.0,,,0.109375,28.0
unconditional_first_payback,demo-human_decline_bot_rise-884000,human_decline_bot_rise,dynamic_hierarchy,119,continue_recent_trend,9d018b9de9fdf567d73f5985050e16b27d8e3d3b4c30531233e5677558244647,established_a-b112,established_a,112,,,,100,,,,,,,,,,,0.578125,256.0,,,,,,,,,,,,79.0,,,0.1171875,30.0
unconditional_first_payback,demo-human_decline_bot_rise-884000,human_decline_bot_rise,dynamic_hierarchy,119,continue_recent_trend,9d018b9de9fdf567d73f5985050e16b27d8e3d3b4c30531233e5677558244647,established_a-b112,established_a,112,,,,100,,,,,,,,,,,0.578125,256.0,,,,,,,,,,,,80.0,,,0.1171875,30.0
unconditional_first_payback,demo-human_decline_bot_rise-884000,human_decline_bot_rise,dynamic_hierarchy,119,continue_recent_trend,9d018b9de9fdf567d73f5985050e16b27d8e3d3b4c30531233e5677558244647,established_a-b112,established_a,112,,,,100,,,,,,,,,,,0.578125,256.0,,,,,,,,,,,,81.0,,,0.1171875,30.0
unconditional_first_payback,demo-human_decline_bot_rise-884000,human_decline_bot_rise,dynamic_hierarchy,119,continue_recent_trend,9d018b9de9fdf567d73f5985050e16b27d8e3d3b4c30531233e5677558244647,established_a-b112,established_a,112,,,,100,,,,,,,,,,,0.578125,256.0,,,,,,,,,,,,82.0,,,0.125,32.0
unconditional_first_payback,demo-human_decline_bot_rise-884000,human_decline_bot_rise,dynamic_hierarchy,119,continue_recent_trend,9d018b9de9fdf567d73f5985050e16b27d8e3d3b4c30531233e5677558244647,established_a-b112,established_a,112,,,,100,,,,,,,,,,,0.578125,256.0,,,,,,,,,,,,83.0,,,0.125,32.0
unconditional_first_payback,demo-human_decline_bot_rise-884000,human_decline_bot_rise,dynamic_hierarchy,119,continue_recent_trend,9d018b9de9fdf567d73f5985050e16b27d8e3d3b4c30531233e5677558244647,established_a-b112,established_a,112,,,,100,,,,,,,,,,,0.578125,256.0,,,,,,,,,,,,84.0,,,0.12890625,33.0
unconditional_first_payback,demo-human_decline_bot_rise-884000,human_decline_bot_rise,dynamic_hierarchy,119,continue_recent_trend,9d018b9de9fdf567d73f5985050e16b27d8e3d3b4c30531233e5677558244647,established_a-b112,established_a,112,,,,100,,,,,,,,,,,0.578125,256.0,,,,,,,,,,,,85.0,,,0.1328125,34.0
unconditional_first_payback,demo-human_decline_bot_rise-884000,human_decline_bot_rise,dynamic_hierarchy,119,continue_recent_trend,9d018b9de9fdf567d73f5985050e16b27d8e3d3b4c30531233e5677558244647,established_a-b112,established_a,112,,,,100,,,,,,,,,,,0.578125,256.0,,,,,,,,,,,,86.0,,,0.13671875,35.0
unconditional_first_payback,demo-human_decline_bot_rise-884000,human_decline_bot_rise,dynamic_hierarchy,119,continue_recent_trend,9d018b9de9fdf567d73f5985050e16b27d8e3d3b4c30531233e5677558244647,established_a-b112,established_a,112,,,,100,,,,,,,,,,,0.578125,256.0,,,,,,,,,,,,87.0,,,0.14453125,37.0
unconditional_first_payback,demo-human_decline_bot_rise-884000,human_decline_bot_rise,dynamic_hierarchy,119,continue_recent_trend,9d018b9de9fdf567d73f5985050e16b27d8e3d3b4c30531233e5677558244647,established_a-b112,established_a,112,,,,100,,,,,,,,,,,0.578125,256.0,,,,,,,,,,,,88.0,,,0.1484375,38.0
unconditional_first_payback,demo-human_decline_bot_rise-884000,human_decline_bot_rise,dynamic_hierarchy,119,continue_recent_trend,9d018b9de9fdf567d73f5985050e16b27d8e3d3b4c30531233e5677558244647,established_a-b112,established_a,112,,,,100,,,,,,,,,,,0.578125,256.0,,,,,,,,,,,,89.0,,,0.15234375,39.0
unconditional_first_payback,demo-human_decline_bot_rise-884000,human_decline_bot_rise,dynamic_hierarchy,119,continue_recent_trend,9d018b9de9fdf567d73f5985050e16b27d8e3d3b4c30531233e5677558244647,established_a-b112,established_a,112,,,,100,,,,,,,,,,,0.578125,256.0,,,,,,,,,,,,90.0,,,0.15625,40.0
unconditional_first_payback,demo-human_decline_bot_rise-884000,human_decline_bot_rise,dynamic_hierarchy,119,continue_recent_trend,9d018b9de9fdf567d73f5985050e16b27d8e3d3b4c30531233e5677558244647,established_a-b112,established_a,112,,,,100,,,,,,,,,,,0.578125,256.0,,,,,,,,,,,,91.0,,,0.1640625,42.0
unconditional_first_payback,demo-human_decline_bot_rise-884000,human_decline_bot_rise,dynamic_hierarchy,119,continue_recent_trend,9d018b9de9fdf567d73f5985050e16b27d8e3d3b4c30531233e5677558244647,established_a-b112,established_a,112,,,,100,,,,,,,,,,,0.578125,256.0,,,,,,,,,,,,92.0,,,0.1640625,42.0
unconditional_first_payback,demo-human_decline_bot_rise-884000,human_decline_bot_rise,dynamic_hierarchy,119,continue_recent_trend,9d018b9de9fdf567d73f5985050e16b27d8e3d3b4c30531233e5677558244647,established_a-b112,established_a,112,,,,100,,,,,,,,,,,0.578125,256.0,,,,,,,,,,,,93.0,,,0.1640625,42.0
unconditional_first_payback,demo-human_decline_bot_rise-884000,human_decline_bot_rise,dynamic_hierarchy,119,continue_recent_trend,9d018b9de9fdf567d73f5985050e16b27d8e3d3b4c30531233e5677558244647,established_a-b112,established_a,112,,,,100,,,,,,,,,,,0.578125,256.0,,,,,,,,,,,,94.0,,,0.171875,44.0
unconditional_first_payback,demo-human_decline_bot_rise-884000,human_decline_bot_rise,dynamic_hierarchy,119,continue_recent_trend,9d018b9de9fdf567d73f5985050e16b27d8e3d3b4c30531233e5677558244647,established_a-b112,established_a,112,,,,100,,,,,,,,,,,0.578125,256.0,,,,,,,,,,,,95.0,,,0.171875,44.0
unconditional_first_payback,demo-human_decline_bot_rise-884000,human_decline_bot_rise,dynamic_hierarchy,119,continue_recent_trend,9d018b9de9fdf567d73f5985050e16b27d8e3d3b4c30531233e5677558244647,established_a-b112,established_a,112,,,,100,,,,,,,,,,,0.578125,256.0,,,,,,,,,,,,96.0,,,0.171875,44.0
unconditional_first_payback,demo-human_decline_bot_rise-884000,human_decline_bot_rise,dynamic_hierarchy,119,continue_recent_trend,9d018b9de9fdf567d73f5985050e16b27d8e3d3b4c30531233e5677558244647,established_a-b112,established_a,112,,,,100,,,,,,,,,,,0.578125,256.0,,,,,,,,,,,,97.0,,,0.17578125,45.0
unconditional_first_payback,demo-human_decline_bot_rise-884000,human_decline_bot_rise,dynamic_hierarchy,119,continue_recent_trend,9d018b9de9fdf567d73f5985050e16b27d8e3d3b4c30531233e5677558244647,established_a-b112,established_a,112,,,,100,,,,,,,,,,,0.578125,256.0,,,,,,,,,,,,98.0,,,0.18359375,47.0
unconditional_first_payback,demo-human_decline_bot_rise-884000,human_decline_bot_rise,dynamic_hierarchy,119,continue_recent_trend,9d018b9de9fdf567d73f5985050e16b27d8e3d3b4c30531233e5677558244647,established_a-b112,established_a,112,,,,100,,,,,,,,,,,0.578125,256.0,,,,,,,,,,,,99.0,,,0.1875,48.0
unconditional_first_payback,demo-human_decline_bot_rise-884000,human_decline_bot_rise,dynamic_hierarchy,119,continue_recent_trend,9d018b9de9fdf567d73f5985050e16b27d8e3d3b4c30531233e5677558244647,established_a-b112,established_a,112,,,,100,,,,,,,,,,,0.578125,256.0,,,,,,,,,,,,100.0,,,0.19140625,49.0
unconditional_first_payback,demo-human_decline_bot_rise-884000,human_decline_bot_rise,dynamic_hierarchy,119,continue_recent_trend,9d018b9de9fdf567d73f5985050e16b27d8e3d3b4c30531233e5677558244647,established_a-b112,established_a,112,,,,100,,,,,,,,,,,0.578125,256.0,,,,,,,,,,,,101.0,,,0.1953125,50.0
unconditional_first_payback,demo-human_decline_bot_rise-884000,human_decline_bot_rise,dynamic_hierarchy,119,continue_recent_trend,9d018b9de9fdf567d73f5985050e16b27d8e3d3b4c30531233e5677558244647,established_a-b112,established_a,112,,,,100,,,,,,,,,,,0.578125,256.0,,,,,,,,,,,,102.0,,,0.19921875,51.0
unconditional_first_payback,demo-human_decline_bot_rise-884000,human_decline_bot_rise,dynamic_hierarchy,119,continue_recent_trend,9d018b9de9fdf567d73f5985050e16b27d8e3d3b4c30531233e5677558244647,established_a-b112,established_a,112,,,,100,,,,,,,,,,,0.578125,256.0,,,,,,,,,,,,103.0,,,0.19921875,51.0
unconditional_first_payback,demo-human_decline_bot_rise-884000,human_decline_bot_rise,dynamic_hierarchy,119,continue_recent_trend,9d018b9de9fdf567d73f5985050e16b27d8e3d3b4c30531233e5677558244647,established_a-b112,established_a,112,,,,100,,,,,,,,,,,0.578125,256.0,,,,,,,,,,,,104.0,,,0.19921875,51.0
unconditional_first_payback,demo-human_decline_bot_rise-884000,human_decline_bot_rise,dynamic_hierarchy,119,continue_recent_trend,9d018b9de9fdf567d73f5985050e16b27d8e3d3b4c30531233e5677558244647,established_a-b112,established_a,112,,,,100,,,,,,,,,,,0.578125,256.0,,,,,,,,,,,,105.0,,,0.19921875,51.0
unconditional_first_payback,demo-human_decline_bot_rise-884000,human_decline_bot_rise,dynamic_hierarchy,119,continue_recent_trend,9d018b9de9fdf567d73f5985050e16b27d8e3d3b4c30531233e5677558244647,established_a-b112,established_a,112,,,,100,,,,,,,,,,,0.578125,256.0,,,,,,,,,,,,106.0,,,0.19921875,51.0
unconditional_first_payback,demo-human_decline_bot_rise-884000,human_decline_bot_rise,dynamic_hierarchy,119,continue_recent_trend,9d018b9de9fdf567d73f5985050e16b27d8e3d3b4c30531233e5677558244647,established_a-b112,established_a,112,,,,100,,,,,,,,,,,0.578125,256.0,,,,,,,,,,,,107.0,,,0.203125,52.0
unconditional_first_payback,demo-human_decline_bot_rise-884000,human_decline_bot_rise,dynamic_hierarchy,119,continue_recent_trend,9d018b9de9fdf567d73f5985050e16b27d8e3d3b4c30531233e5677558244647,established_a-b112,established_a,112,,,,100,,,,,,,,,,,0.578125,256.0,,,,,,,,,,,,108.0,,,0.20703125,53.0
unconditional_first_payback,demo-human_decline_bot_rise-884000,human_decline_bot_rise,dynamic_hierarchy,119,continue_recent_trend,9d018b9de9fdf567d73f5985050e16b27d8e3d3b4c30531233e5677558244647,established_a-b112,established_a,112,,,,100,,,,,,,,,,,0.578125,256.0,,,,,,,,,,,,109.0,,,0.2109375,54.0
unconditional_first_payback,demo-human_decline_bot_rise-884000,human_decline_bot_rise,dynamic_hierarchy,119,continue_recent_trend,9d018b9de9fdf567d73f5985050e16b27d8e3d3b4c30531233e5677558244647,established_a-b112,established_a,112,,,,100,,,,,,,,,,,0.578125,256.0,,,,,,,,,,,,110.0,,,0.2109375,54.0
unconditional_first_payback,demo-human_decline_bot_rise-884000,human_decline_bot_rise,dynamic_hierarchy,119,continue_recent_trend,9d018b9de9fdf567d73f5985050e16b27d8e3d3b4c30531233e5677558244647,established_a-b112,established_a,112,,,,100,,,,,,,,,,,0.578125,256.0,,,,,,,,,,,,111.0,,,0.2109375,54.0
unconditional_first_payback,demo-human_decline_bot_rise-884000,human_decline_bot_rise,dynamic_hierarchy,119,continue_recent_trend,9d018b9de9fdf567d73f5985050e16b27d8e3d3b4c30531233e5677558244647,established_a-b112,established_a,112,,,,100,,,,,,,,,,,0.578125,256.0,,,,,,,,,,,,112.0,,,0.21484375,55.0
unconditional_first_payback,demo-human_decline_bot_rise-884000,human_decline_bot_rise,dynamic_hierarchy,119,continue_recent_trend,9d018b9de9fdf567d73f5985050e16b27d8e3d3b4c30531233e5677558244647,established_a-b112,established_a,112,,,,100,,,,,,,,,,,0.578125,256.0,,,,,,,,,,,,113.0,,,0.21484375,55.0
unconditional_first_payback,demo-human_decline_bot_rise-884000,human_decline_bot_rise,dynamic_hierarchy,119,continue_recent_trend,9d018b9de9fdf567d73f5985050e16b27d8e3d3b4c30531233e5677558244647,established_a-b112,established_a,112,,,,100,,,,,,,,,,,0.578125,256.0,,,,,,,,,,,,114.0,,,0.21484375,55.0
unconditional_first_payback,demo-human_decline_bot_rise-884000,human_decline_bot_rise,dynamic_hierarchy,119,continue_recent_trend,9d018b9de9fdf567d73f5985050e16b27d8e3d3b4c30531233e5677558244647,established_a-b112,established_a,112,,,,100,,,,,,,,,,,0.578125,256.0,,,,,,,,,,,,115.0,,,0.21484375,55.0
unconditional_first_payback,demo-human_decline_bot_rise-884000,human_decline_bot_rise,dynamic_hierarchy,119,continue_recent_trend,9d018b9de9fdf567d73f5985050e16b27d8e3d3b4c30531233e5677558244647,established_a-b112,established_a,112,,,,100,,,,,,,,,,,0.578125,256.0,,,,,,,,,,,,116.0,,,0.21484375,55.0
unconditional_first_payback,demo-human_decline_bot_rise-884000,human_decline_bot_rise,dynamic_hierarchy,119,continue_recent_trend,9d018b9de9fdf567d73f5985050e16b27d8e3d3b4c30531233e5677558244647,established_a-b112,established_a,112,,,,100,,,,,,,,,,,0.578125,256.0,,,,,,,,,,,,117.0,,,0.21875,56.0
unconditional_first_payback,demo-human_decline_bot_rise-884000,human_decline_bot_rise,dynamic_hierarchy,119,continue_recent_trend,9d018b9de9fdf567d73f5985050e16b27d8e3d3b4c30531233e5677558244647,established_a-b112,established_a,112,,,,100,,,,,,,,,,,0.578125,256.0,,,,,,,,,,,,118.0,,,0.22265625,57.0
unconditional_first_payback,demo-human_decline_bot_rise-884000,human_decline_bot_rise,dynamic_hierarchy,119,continue_recent_trend,9d018b9de9fdf567d73f5985050e16b27d8e3d3b4c30531233e5677558244647,established_a-b112,established_a,112,,,,100,,,,,,,,,,,0.578125,256.0,,,,,,,,,,,,119.0,,,0.2265625,58.0
unconditional_first_payback,demo-human_decline_bot_rise-884000,human_decline_bot_rise,dynamic_hierarchy,119,continue_recent_trend,9d018b9de9fdf567d73f5985050e16b27d8e3d3b4c30531233e5677558244647,established_a-b112,established_a,112,,,,100,,,,,,,,,,,0.578125,256.0,,,,,,,,,,,,120.0,,,0.2265625,58.0
unconditional_first_payback,demo-human_decline_bot_rise-884000,human_decline_bot_rise,dynamic_hierarchy,119,continue_recent_trend,9d018b9de9fdf567d73f5985050e16b27d8e3d3b4c30531233e5677558244647,established_a-b112,established_a,112,,,,100,,,,,,,,,,,0.578125,256.0,,,,,,,,,,,,121.0,,,0.2265625,58.0
unconditional_first_payback,demo-human_decline_bot_rise-884000,human_decline_bot_rise,dynamic_hierarchy,119,continue_recent_trend,9d018b9de9fdf567d73f5985050e16b27d8e3d3b4c30531233e5677558244647,established_a-b112,established_a,112,,,,100,,,,,,,,,,,0.578125,256.0,,,,,,,,,,,,122.0,,,0.2265625,58.0
unconditional_first_payback,demo-human_decline_bot_rise-884000,human_decline_bot_rise,dynamic_hierarchy,119,continue_recent_trend,9d018b9de9fdf567d73f5985050e16b27d8e3d3b4c30531233e5677558244647,established_a-b112,established_a,112,,,,100,,,,,,,,,,,0.578125,256.0,,,,,,,,,,,,123.0,,,0.2265625,58.0
unconditional_first_payback,demo-human_decline_bot_rise-884000,human_decline_bot_rise,dynamic_hierarchy,119,continue_recent_trend,9d018b9de9fdf567d73f5985050e16b27d8e3d3b4c30531233e5677558244647,established_a-b112,established_a,112,,,,100,,,,,,,,,,,0.578125,256.0,,,,,,,,,,,,124.0,,,0.2265625,58.0
unconditional_first_payback,demo-human_decline_bot_rise-884000,human_decline_bot_rise,dynamic_hierarchy,119,continue_recent_trend,9d018b9de9fdf567d73f5985050e16b27d8e3d3b4c30531233e5677558244647,established_a-b112,established_a,112,,,,100,,,,,,,,,,,0.578125,256.0,,,,,,,,,,,,125.0,,,0.2265625,58.0
unconditional_first_payback,demo-human_decline_bot_rise-884000,human_decline_bot_rise,dynamic_hierarchy,119,continue_recent_trend,9d018b9de9fdf567d73f5985050e16b27d8e3d3b4c30531233e5677558244647,established_a-b112,established_a,112,,,,100,,,,,,,,,,,0.578125,256.0,,,,,,,,,,,,126.0,,,0.23046875,59.0
unconditional_first_payback,demo-human_decline_bot_rise-884000,human_decline_bot_rise,dynamic_hierarchy,119,continue_recent_trend,9d018b9de9fdf567d73f5985050e16b27d8e3d3b4c30531233e5677558244647,established_a-b112,established_a,112,,,,100,,,,,,,,,,,0.578125,256.0,,,,,,,,,,,,127.0,,,0.23046875,59.0
unconditional_first_payback,demo-human_decline_bot_rise-884000,human_decline_bot_rise,dynamic_hierarchy,119,continue_recent_trend,9d018b9de9fdf567d73f5985050e16b27d8e3d3b4c30531233e5677558244647,established_a-b112,established_a,112,,,,100,,,,,,,,,,,0.578125,256.0,,,,,,,,,,,,128.0,,,0.23046875,59.0
unconditional_first_payback,demo-human_decline_bot_rise-884000,human_decline_bot_rise,dynamic_hierarchy,119,continue_recent_trend,9d018b9de9fdf567d73f5985050e16b27d8e3d3b4c30531233e5677558244647,established_a-b112,established_a,112,,,,100,,,,,,,,,,,0.578125,256.0,,,,,,,,,,,,129.0,,,0.234375,60.0
unconditional_first_payback,demo-human_decline_bot_rise-884000,human_decline_bot_rise,dynamic_hierarchy,119,continue_recent_trend,9d018b9de9fdf567d73f5985050e16b27d8e3d3b4c30531233e5677558244647,established_a-b112,established_a,112,,,,100,,,,,,,,,,,0.578125,256.0,,,,,,,,,,,,130.0,,,0.23828125,61.0
unconditional_first_payback,demo-human_decline_bot_rise-884000,human_decline_bot_rise,dynamic_hierarchy,119,continue_recent_trend,9d018b9de9fdf567d73f5985050e16b27d8e3d3b4c30531233e5677558244647,established_a-b112,established_a,112,,,,100,,,,,,,,,,,0.578125,256.0,,,,,,,,,,,,131.0,,,0.23828125,61.0
unconditional_first_payback,demo-human_decline_bot_rise-884000,human_decline_bot_rise,dynamic_hierarchy,119,continue_recent_trend,9d018b9de9fdf567d73f5985050e16b27d8e3d3b4c30531233e5677558244647,established_a-b112,established_a,112,,,,100,,,,,,,,,,,0.578125,256.0,,,,,,,,,,,,132.0,,,0.23828125,61.0
unconditional_first_payback,demo-human_decline_bot_rise-884000,human_decline_bot_rise,dynamic_hierarchy,119,continue_recent_trend,9d018b9de9fdf567d73f5985050e16b27d8e3d3b4c30531233e5677558244647,established_a-b112,established_a,112,,,,100,,,,,,,,,,,0.578125,256.0,,,,,,,,,,,,133.0,,,0.23828125,61.0
unconditional_first_payback,demo-human_decline_bot_rise-884000,human_decline_bot_rise,dynamic_hierarchy,119,continue_recent_trend,9d018b9de9fdf567d73f5985050e16b27d8e3d3b4c30531233e5677558244647,established_a-b112,established_a,112,,,,100,,,,,,,,,,,0.578125,256.0,,,,,,,,,,,,134.0,,,0.2421875,62.0
unconditional_first_payback,demo-human_decline_bot_rise-884000,human_decline_bot_rise,dynamic_hierarchy,119,continue_recent_trend,9d018b9de9fdf567d73f5985050e16b27d8e3d3b4c30531233e5677558244647,established_a-b112,established_a,112,,,,100,,,,,,,,,,,0.578125,256.0,,,,,,,,,,,,135.0,,,0.25,64.0
unconditional_first_payback,demo-human_decline_bot_rise-884000,human_decline_bot_rise,dynamic_hierarchy,119,continue_recent_trend,9d018b9de9fdf567d73f5985050e16b27d8e3d3b4c30531233e5677558244647,established_a-b112,established_a,112,,,,100,,,,,,,,,,,0.578125,256.0,,,,,,,,,,,,136.0,,,0.2578125,66.0
unconditional_first_payback,demo-human_decline_bot_rise-884000,human_decline_bot_rise,dynamic_hierarchy,119,continue_recent_trend,9d018b9de9fdf567d73f5985050e16b27d8e3d3b4c30531233e5677558244647,established_a-b112,established_a,112,,,,100,,,,,,,,,,,0.578125,256.0,,,,,,,,,,,,137.0,,,0.2578125,66.0
unconditional_first_payback,demo-human_decline_bot_rise-884000,human_decline_bot_rise,dynamic_hierarchy,119,continue_recent_trend,9d018b9de9fdf567d73f5985050e16b27d8e3d3b4c30531233e5677558244647,established_a-b112,established_a,112,,,,100,,,,,,,,,,,0.578125,256.0,,,,,,,,,,,,138.0,,,0.26171875,67.0
unconditional_first_payback,demo-human_decline_bot_rise-884000,human_decline_bot_rise,dynamic_hierarchy,119,continue_recent_trend,9d018b9de9fdf567d73f5985050e16b27d8e3d3b4c30531233e5677558244647,established_a-b112,established_a,112,,,,100,,,,,,,,,,,0.578125,256.0,,,,,,,,,,,,139.0,,,0.265625,68.0
unconditional_first_payback,demo-human_decline_bot_rise-884000,human_decline_bot_rise,dynamic_hierarchy,119,continue_recent_trend,9d018b9de9fdf567d73f5985050e16b27d8e3d3b4c30531233e5677558244647,established_a-b112,established_a,112,,,,100,,,,,,,,,,,0.578125,256.0,,,,,,,,,,,,140.0,,,0.265625,68.0
unconditional_first_payback,demo-human_decline_bot_rise-884000,human_decline_bot_rise,dynamic_hierarchy,119,continue_recent_trend,9d018b9de9fdf567d73f5985050e16b27d8e3d3b4c30531233e5677558244647,established_a-b112,established_a,112,,,,100,,,,,,,,,,,0.578125,256.0,,,,,,,,,,,,141.0,,,0.265625,68.0
unconditional_first_payback,demo-human_decline_bot_rise-884000,human_decline_bot_rise,dynamic_hierarchy,119,continue_recent_trend,9d018b9de9fdf567d73f5985050e16b27d8e3d3b4c30531233e5677558244647,established_a-b112,established_a,112,,,,100,,,,,,,,,,,0.578125,256.0,,,,,,,,,,,,142.0,,,0.26953125,69.0
unconditional_first_payback,demo-human_decline_bot_rise-884000,human_decline_bot_rise,dynamic_hierarchy,119,continue_recent_trend,9d018b9de9fdf567d73f5985050e16b27d8e3d3b4c30531233e5677558244647,established_a-b112,established_a,112,,,,100,,,,,,,,,,,0.578125,256.0,,,,,,,,,,,,143.0,,,0.26953125,69.0
unconditional_first_payback,demo-human_decline_bot_rise-884000,human_decline_bot_rise,dynamic_hierarchy,119,continue_recent_trend,9d018b9de9fdf567d73f5985050e16b27d8e3d3b4c30531233e5677558244647,established_a-b112,established_a,112,,,,100,,,,,,,,,,,0.578125,256.0,,,,,,,,,,,,144.0,,,0.2734375,70.0
unconditional_first_payback,demo-human_decline_bot_rise-884000,human_decline_bot_rise,dynamic_hierarchy,119,continue_recent_trend,9d018b9de9fdf567d73f5985050e16b27d8e3d3b4c30531233e5677558244647,established_a-b112,established_a,112,,,,100,,,,,,,,,,,0.578125,256.0,,,,,,,,,,,,145.0,,,0.27734375,71.0
unconditional_first_payback,demo-human_decline_bot_rise-884000,human_decline_bot_rise,dynamic_hierarchy,119,continue_recent_trend,9d018b9de9fdf567d73f5985050e16b27d8e3d3b4c30531233e5677558244647,established_a-b112,established_a,112,,,,100,,,,,,,,,,,0.578125,256.0,,,,,,,,,,,,146.0,,,0.27734375,71.0
unconditional_first_payback,demo-human_decline_bot_rise-884000,human_decline_bot_rise,dynamic_hierarchy,119,continue_recent_trend,9d018b9de9fdf567d73f5985050e16b27d8e3d3b4c30531233e5677558244647,established_a-b112,established_a,112,,,,100,,,,,,,,,,,0.578125,256.0,,,,,,,,,,,,147.0,,,0.27734375,71.0
unconditional_first_payback,demo-human_decline_bot_rise-884000,human_decline_bot_rise,dynamic_hierarchy,119,continue_recent_trend,9d018b9de9fdf567d73f5985050e16b27d8e3d3b4c30531233e5677558244647,established_a-b112,established_a,112,,,,100,,,,,,,,,,,0.578125,256.0,,,,,,,,,,,,148.0,,,0.27734375,71.0
unconditional_first_payback,demo-human_decline_bot_rise-884000,human_decline_bot_rise,dynamic_hierarchy,119,continue_recent_trend,9d018b9de9fdf567d73f5985050e16b27d8e3d3b4c30531233e5677558244647,established_a-b112,established_a,112,,,,100,,,,,,,,,,,0.578125,256.0,,,,,,,,,,,,149.0,,,0.27734375,71.0
unconditional_first_payback,demo-human_decline_bot_rise-884000,human_decline_bot_rise,dynamic_hierarchy,119,continue_recent_trend,9d018b9de9fdf567d73f5985050e16b27d8e3d3b4c30531233e5677558244647,established_a-b112,established_a,112,,,,100,,,,,,,,,,,0.578125,256.0,,,,,,,,,,,,150.0,,,0.27734375,71.0
unconditional_first_payback,demo-human_decline_bot_rise-884000,human_decline_bot_rise,dynamic_hierarchy,119,continue_recent_trend,9d018b9de9fdf567d73f5985050e16b27d8e3d3b4c30531233e5677558244647,established_a-b112,established_a,112,,,,100,,,,,,,,,,,0.578125,256.0,,,,,,,,,,,,151.0,,,0.27734375,71.0
unconditional_first_payback,demo-human_decline_bot_rise-884000,human_decline_bot_rise,dynamic_hierarchy,119,continue_recent_trend,9d018b9de9fdf567d73f5985050e16b27d8e3d3b4c30531233e5677558244647,established_a-b112,established_a,112,,,,100,,,,,,,,,,,0.578125,256.0,,,,,,,,,,,,152.0,,,0.27734375,71.0
unconditional_first_payback,demo-human_decline_bot_rise-884000,human_decline_bot_rise,dynamic_hierarchy,119,continue_recent_trend,9d018b9de9fdf567d73f5985050e16b27d8e3d3b4c30531233e5677558244647,established_a-b112,established_a,112,,,,100,,,,,,,,,,,0.578125,256.0,,,,,,,,,,,,153.0,,,0.27734375,71.0
unconditional_first_payback,demo-human_decline_bot_rise-884000,human_decline_bot_rise,dynamic_hierarchy,119,continue_recent_trend,9d018b9de9fdf567d73f5985050e16b27d8e3d3b4c30531233e5677558244647,established_a-b112,established_a,112,,,,100,,,,,,,,,,,0.578125,256.0,,,,,,,,,,,,154.0,,,0.28125,72.0
unconditional_first_payback,demo-human_decline_bot_rise-884000,human_decline_bot_rise,dynamic_hierarchy,119,continue_recent_trend,9d018b9de9fdf567d73f5985050e16b27d8e3d3b4c30531233e5677558244647,established_a-b112,established_a,112,,,,100,,,,,,,,,,,0.578125,256.0,,,,,,,,,,,,155.0,,,0.28515625,73.0
unconditional_first_payback,demo-human_decline_bot_rise-884000,human_decline_bot_rise,dynamic_hierarchy,119,continue_recent_trend,9d018b9de9fdf567d73f5985050e16b27d8e3d3b4c30531233e5677558244647,established_a-b112,established_a,112,,,,100,,,,,,,,,,,0.578125,256.0,,,,,,,,,,,,156.0,,,0.2890625,74.0
unconditional_first_payback,demo-human_decline_bot_rise-884000,human_decline_bot_rise,dynamic_hierarchy,119,continue_recent_trend,9d018b9de9fdf567d73f5985050e16b27d8e3d3b4c30531233e5677558244647,established_a-b112,established_a,112,,,,100,,,,,,,,,,,0.578125,256.0,,,,,,,,,,,,157.0,,,0.2890625,74.0
unconditional_first_payback,demo-human_decline_bot_rise-884000,human_decline_bot_rise,dynamic_hierarchy,119,continue_recent_trend,9d018b9de9fdf567d73f5985050e16b27d8e3d3b4c30531233e5677558244647,established_a-b112,established_a,112,,,,100,,,,,,,,,,,0.578125,256.0,,,,,,,,,,,,158.0,,,0.29296875,75.0
unconditional_first_payback,demo-human_decline_bot_rise-884000,human_decline_bot_rise,dynamic_hierarchy,119,continue_recent_trend,9d018b9de9fdf567d73f5985050e16b27d8e3d3b4c30531233e5677558244647,established_a-b112,established_a,112,,,,100,,,,,,,,,,,0.578125,256.0,,,,,,,,,,,,159.0,,,0.296875,76.0
unconditional_first_payback,demo-human_decline_bot_rise-884000,human_decline_bot_rise,dynamic_hierarchy,119,continue_recent_trend,9d018b9de9fdf567d73f5985050e16b27d8e3d3b4c30531233e5677558244647,established_a-b112,established_a,112,,,,100,,,,,,,,,,,0.578125,256.0,,,,,,,,,,,,160.0,,,0.296875,76.0
unconditional_first_payback,demo-human_decline_bot_rise-884000,human_decline_bot_rise,dynamic_hierarchy,119,continue_recent_trend,9d018b9de9fdf567d73f5985050e16b27d8e3d3b4c30531233e5677558244647,established_a-b112,established_a,112,,,,100,,,,,,,,,,,0.578125,256.0,,,,,,,,,,,,161.0,,,0.30078125,77.0
unconditional_first_payback,demo-human_decline_bot_rise-884000,human_decline_bot_rise,dynamic_hierarchy,119,continue_recent_trend,9d018b9de9fdf567d73f5985050e16b27d8e3d3b4c30531233e5677558244647,established_a-b112,established_a,112,,,,100,,,,,,,,,,,0.578125,256.0,,,,,,,,,,,,162.0,,,0.3046875,78.0
unconditional_first_payback,demo-human_decline_bot_rise-884000,human_decline_bot_rise,dynamic_hierarchy,119,continue_recent_trend,9d018b9de9fdf567d73f5985050e16b27d8e3d3b4c30531233e5677558244647,established_a-b112,established_a,112,,,,100,,,,,,,,,,,0.578125,256.0,,,,,,,,,,,,163.0,,,0.30859375,79.0
unconditional_first_payback,demo-human_decline_bot_rise-884000,human_decline_bot_rise,dynamic_hierarchy,119,continue_recent_trend,9d018b9de9fdf567d73f5985050e16b27d8e3d3b4c30531233e5677558244647,established_a-b112,established_a,112,,,,100,,,,,,,,,,,0.578125,256.0,,,,,,,,,,,,164.0,,,0.3125,80.0
unconditional_first_payback,demo-human_decline_bot_rise-884000,human_decline_bot_rise,dynamic_hierarchy,119,continue_recent_trend,9d018b9de9fdf567d73f5985050e16b27d8e3d3b4c30531233e5677558244647,established_a-b112,established_a,112,,,,100,,,,,,,,,,,0.578125,256.0,,,,,,,,,,,,165.0,,,0.3203125,82.0
unconditional_first_payback,demo-human_decline_bot_rise-884000,human_decline_bot_rise,dynamic_hierarchy,119,continue_recent_trend,9d018b9de9fdf567d73f5985050e16b27d8e3d3b4c30531233e5677558244647,established_a-b112,established_a,112,,,,100,,,,,,,,,,,0.578125,256.0,,,,,,,,,,,,166.0,,,0.32421875,83.0
unconditional_first_payback,demo-human_decline_bot_rise-884000,human_decline_bot_rise,dynamic_hierarchy,119,continue_recent_trend,9d018b9de9fdf567d73f5985050e16b27d8e3d3b4c30531233e5677558244647,established_a-b112,established_a,112,,,,100,,,,,,,,,,,0.578125,256.0,,,,,,,,,,,,167.0,,,0.32421875,83.0
unconditional_first_payback,demo-human_decline_bot_rise-884000,human_decline_bot_rise,dynamic_hierarchy,119,continue_recent_trend,9d018b9de9fdf567d73f5985050e16b27d8e3d3b4c30531233e5677558244647,established_a-b112,established_a,112,,,,100,,,,,,,,,,,0.578125,256.0,,,,,,,,,,,,168.0,,,0.32421875,83.0
unconditional_first_payback,demo-human_decline_bot_rise-884000,human_decline_bot_rise,dynamic_hierarchy,119,continue_recent_trend,9d018b9de9fdf567d73f5985050e16b27d8e3d3b4c30531233e5677558244647,established_a-b112,established_a,112,,,,100,,,,,,,,,,,0.578125,256.0,,,,,,,,,,,,169.0,,,0.32421875,83.0
unconditional_first_payback,demo-human_decline_bot_rise-884000,human_decline_bot_rise,dynamic_hierarchy,119,continue_recent_trend,9d018b9de9fdf567d73f5985050e16b27d8e3d3b4c30531233e5677558244647,established_a-b112,established_a,112,,,,100,,,,,,,,,,,0.578125,256.0,,,,,,,,,,,,170.0,,,0.32421875,83.0
unconditional_first_payback,demo-human_decline_bot_rise-884000,human_decline_bot_rise,dynamic_hierarchy,119,continue_recent_trend,9d018b9de9fdf567d73f5985050e16b27d8e3d3b4c30531233e5677558244647,established_a-b112,established_a,112,,,,100,,,,,,,,,,,0.578125,256.0,,,,,,,,,,,,171.0,,,0.32421875,83.0
unconditional_first_payback,demo-human_decline_bot_rise-884000,human_decline_bot_rise,dynamic_hierarchy,119,continue_recent_trend,9d018b9de9fdf567d73f5985050e16b27d8e3d3b4c30531233e5677558244647,established_a-b112,established_a,112,,,,100,,,,,,,,,,,0.578125,256.0,,,,,,,,,,,,172.0,,,0.328125,84.0
unconditional_first_payback,demo-human_decline_bot_rise-884000,human_decline_bot_rise,dynamic_hierarchy,119,continue_recent_trend,9d018b9de9fdf567d73f5985050e16b27d8e3d3b4c30531233e5677558244647,established_a-b112,established_a,112,,,,100,,,,,,,,,,,0.578125,256.0,,,,,,,,,,,,173.0,,,0.33203125,85.0
unconditional_first_payback,demo-human_decline_bot_rise-884000,human_decline_bot_rise,dynamic_hierarchy,119,continue_recent_trend,9d018b9de9fdf567d73f5985050e16b27d8e3d3b4c30531233e5677558244647,established_a-b112,established_a,112,,,,100,,,,,,,,,,,0.578125,256.0,,,,,,,,,,,,174.0,,,0.3359375,86.0
unconditional_first_payback,demo-human_decline_bot_rise-884000,human_decline_bot_rise,dynamic_hierarchy,119,continue_recent_trend,9d018b9de9fdf567d73f5985050e16b27d8e3d3b4c30531233e5677558244647,established_a-b112,established_a,112,,,,100,,,,,,,,,,,0.578125,256.0,,,,,,,,,,,,175.0,,,0.3359375,86.0
unconditional_first_payback,demo-human_decline_bot_rise-884000,human_decline_bot_rise,dynamic_hierarchy,119,continue_recent_trend,9d018b9de9fdf567d73f5985050e16b27d8e3d3b4c30531233e5677558244647,established_a-b112,established_a,112,,,,100,,,,,,,,,,,0.578125,256.0,,,,,,,,,,,,176.0,,,0.33984375,87.0
unconditional_first_payback,demo-human_decline_bot_rise-884000,human_decline_bot_rise,dynamic_hierarchy,119,continue_recent_trend,9d018b9de9fdf567d73f5985050e16b27d8e3d3b4c30531233e5677558244647,established_a-b112,established_a,112,,,,100,,,,,,,,,,,0.578125,256.0,,,,,,,,,,,,177.0,,,0.34375,88.0
unconditional_first_payback,demo-human_decline_bot_rise-884000,human_decline_bot_rise,dynamic_hierarchy,119,continue_recent_trend,9d018b9de9fdf567d73f5985050e16b27d8e3d3b4c30531233e5677558244647,established_a-b112,established_a,112,,,,100,,,,,,,,,,,0.578125,256.0,,,,,,,,,,,,178.0,,,0.34375,88.0
unconditional_first_payback,demo-human_decline_bot_rise-884000,human_decline_bot_rise,dynamic_hierarchy,119,continue_recent_trend,9d018b9de9fdf567d73f5985050e16b27d8e3d3b4c30531233e5677558244647,established_a-b112,established_a,112,,,,100,,,,,,,,,,,0.578125,256.0,,,,,,,,,,,,179.0,,,0.34375,88.0
unconditional_first_payback,demo-human_decline_bot_rise-884000,human_decline_bot_rise,dynamic_hierarchy,119,continue_recent_trend,9d018b9de9fdf567d73f5985050e16b27d8e3d3b4c30531233e5677558244647,established_a-b112,established_a,112,,,,100,,,,,,,,,,,0.578125,256.0,,,,,,,,,,,,180.0,,,0.34375,88.0
unconditional_first_payback,demo-human_decline_bot_rise-884000,human_decline_bot_rise,dynamic_hierarchy,119,continue_recent_trend,9d018b9de9fdf567d73f5985050e16b27d8e3d3b4c30531233e5677558244647,established_a-b112,established_a,112,,,,100,,,,,,,,,,,0.578125,256.0,,,,,,,,,,,,181.0,,,0.34765625,89.0
unconditional_first_payback,demo-human_decline_bot_rise-884000,human_decline_bot_rise,dynamic_hierarchy,119,continue_recent_trend,9d018b9de9fdf567d73f5985050e16b27d8e3d3b4c30531233e5677558244647,established_a-b112,established_a,112,,,,100,,,,,,,,,,,0.578125,256.0,,,,,,,,,,,,182.0,,,0.3515625,90.0
unconditional_first_payback,demo-human_decline_bot_rise-884000,human_decline_bot_rise,dynamic_hierarchy,119,continue_recent_trend,9d018b9de9fdf567d73f5985050e16b27d8e3d3b4c30531233e5677558244647,established_a-b112,established_a,112,,,,100,,,,,,,,,,,0.578125,256.0,,,,,,,,,,,,183.0,,,0.35546875,91.0
unconditional_first_payback,demo-human_decline_bot_rise-884000,human_decline_bot_rise,dynamic_hierarchy,119,continue_recent_trend,9d018b9de9fdf567d73f5985050e16b27d8e3d3b4c30531233e5677558244647,established_a-b112,established_a,112,,,,100,,,,,,,,,,,0.578125,256.0,,,,,,,,,,,,184.0,,,0.35546875,91.0
unconditional_first_payback,demo-human_decline_bot_rise-884000,human_decline_bot_rise,dynamic_hierarchy,119,continue_recent_trend,9d018b9de9fdf567d73f5985050e16b27d8e3d3b4c30531233e5677558244647,established_a-b112,established_a,112,,,,100,,,,,,,,,,,0.578125,256.0,,,,,,,,,,,,185.0,,,0.35546875,91.0
unconditional_first_payback,demo-human_decline_bot_rise-884000,human_decline_bot_rise,dynamic_hierarchy,119,continue_recent_trend,9d018b9de9fdf567d73f5985050e16b27d8e3d3b4c30531233e5677558244647,established_a-b112,established_a,112,,,,100,,,,,,,,,,,0.578125,256.0,,,,,,,,,,,,186.0,,,0.359375,92.0
unconditional_first_payback,demo-human_decline_bot_rise-884000,human_decline_bot_rise,dynamic_hierarchy,119,continue_recent_trend,9d018b9de9fdf567d73f5985050e16b27d8e3d3b4c30531233e5677558244647,established_a-b112,established_a,112,,,,100,,,,,,,,,,,0.578125,256.0,,,,,,,,,,,,187.0,,,0.3671875,94.0
unconditional_first_payback,demo-human_decline_bot_rise-884000,human_decline_bot_rise,dynamic_hierarchy,119,continue_recent_trend,9d018b9de9fdf567d73f5985050e16b27d8e3d3b4c30531233e5677558244647,established_a-b112,established_a,112,,,,100,,,,,,,,,,,0.578125,256.0,,,,,,,,,,,,188.0,,,0.3671875,94.0
unconditional_first_payback,demo-human_decline_bot_rise-884000,human_decline_bot_rise,dynamic_hierarchy,119,continue_recent_trend,9d018b9de9fdf567d73f5985050e16b27d8e3d3b4c30531233e5677558244647,established_a-b112,established_a,112,,,,100,,,,,,,,,,,0.578125,256.0,,,,,,,,,,,,189.0,,,0.3671875,94.0
unconditional_first_payback,demo-human_decline_bot_rise-884000,human_decline_bot_rise,dynamic_hierarchy,119,continue_recent_trend,9d018b9de9fdf567d73f5985050e16b27d8e3d3b4c30531233e5677558244647,established_a-b112,established_a,112,,,,100,,,,,,,,,,,0.578125,256.0,,,,,,,,,,,,190.0,,,0.37109375,95.0
unconditional_first_payback,demo-human_decline_bot_rise-884000,human_decline_bot_rise,dynamic_hierarchy,119,continue_recent_trend,9d018b9de9fdf567d73f5985050e16b27d8e3d3b4c30531233e5677558244647,established_a-b112,established_a,112,,,,100,,,,,,,,,,,0.578125,256.0,,,,,,,,,,,,191.0,,,0.37109375,95.0
unconditional_first_payback,demo-human_decline_bot_rise-884000,human_decline_bot_rise,dynamic_hierarchy,119,continue_recent_trend,9d018b9de9fdf567d73f5985050e16b27d8e3d3b4c30531233e5677558244647,established_a-b112,established_a,112,,,,100,,,,,,,,,,,0.578125,256.0,,,,,,,,,,,,192.0,,,0.37109375,95.0
unconditional_first_payback,demo-human_decline_bot_rise-884000,human_decline_bot_rise,dynamic_hierarchy,119,continue_recent_trend,9d018b9de9fdf567d73f5985050e16b27d8e3d3b4c30531233e5677558244647,established_a-b112,established_a,112,,,,100,,,,,,,,,,,0.578125,256.0,,,,,,,,,,,,193.0,,,0.37109375,95.0
unconditional_first_payback,demo-human_decline_bot_rise-884000,human_decline_bot_rise,dynamic_hierarchy,119,continue_recent_trend,9d018b9de9fdf567d73f5985050e16b27d8e3d3b4c30531233e5677558244647,established_a-b112,established_a,112,,,,100,,,,,,,,,,,0.578125,256.0,,,,,,,,,,,,194.0,,,0.375,96.0
unconditional_first_payback,demo-human_decline_bot_rise-884000,human_decline_bot_rise,dynamic_hierarchy,119,continue_recent_trend,9d018b9de9fdf567d73f5985050e16b27d8e3d3b4c30531233e5677558244647,established_a-b112,established_a,112,,,,100,,,,,,,,,,,0.578125,256.0,,,,,,,,,,,,195.0,,,0.375,96.0
unconditional_first_payback,demo-human_decline_bot_rise-884000,human_decline_bot_rise,dynamic_hierarchy,119,continue_recent_trend,9d018b9de9fdf567d73f5985050e16b27d8e3d3b4c30531233e5677558244647,established_a-b112,established_a,112,,,,100,,,,,,,,,,,0.578125,256.0,,,,,,,,,,,,196.0,,,0.375,96.0
unconditional_first_payback,demo-human_decline_bot_rise-884000,human_decline_bot_rise,dynamic_hierarchy,119,continue_recent_trend,9d018b9de9fdf567d73f5985050e16b27d8e3d3b4c30531233e5677558244647,established_a-b112,established_a,112,,,,100,,,,,,,,,,,0.578125,256.0,,,,,,,,,,,,197.0,,,0.37890625,97.0
unconditional_first_payback,demo-human_decline_bot_rise-884000,human_decline_bot_rise,dynamic_hierarchy,119,continue_recent_trend,9d018b9de9fdf567d73f5985050e16b27d8e3d3b4c30531233e5677558244647,established_a-b112,established_a,112,,,,100,,,,,,,,,,,0.578125,256.0,,,,,,,,,,,,198.0,,,0.37890625,97.0
unconditional_first_payback,demo-human_decline_bot_rise-884000,human_decline_bot_rise,dynamic_hierarchy,119,continue_recent_trend,9d018b9de9fdf567d73f5985050e16b27d8e3d3b4c30531233e5677558244647,established_a-b112,established_a,112,,,,100,,,,,,,,,,,0.578125,256.0,,,,,,,,,,,,199.0,,,0.37890625,97.0
unconditional_first_payback,demo-human_decline_bot_rise-884000,human_decline_bot_rise,dynamic_hierarchy,119,continue_recent_trend,9d018b9de9fdf567d73f5985050e16b27d8e3d3b4c30531233e5677558244647,established_a-b112,established_a,112,,,,100,,,,,,,,,,,0.578125,256.0,,,,,,,,,,,,200.0,,,0.37890625,97.0
unconditional_first_payback,demo-human_decline_bot_rise-884000,human_decline_bot_rise,dynamic_hierarchy,119,continue_recent_trend,9d018b9de9fdf567d73f5985050e16b27d8e3d3b4c30531233e5677558244647,established_a-b112,established_a,112,,,,100,,,,,,,,,,,0.578125,256.0,,,,,,,,,,,,201.0,,,0.37890625,97.0
unconditional_first_payback,demo-human_decline_bot_rise-884000,human_decline_bot_rise,dynamic_hierarchy,119,continue_recent_trend,9d018b9de9fdf567d73f5985050e16b27d8e3d3b4c30531233e5677558244647,established_a-b112,established_a,112,,,,100,,,,,,,,,,,0.578125,256.0,,,,,,,,,,,,202.0,,,0.37890625,97.0
unconditional_first_payback,demo-human_decline_bot_rise-884000,human_decline_bot_rise,dynamic_hierarchy,119,continue_recent_trend,9d018b9de9fdf567d73f5985050e16b27d8e3d3b4c30531233e5677558244647,established_a-b112,established_a,112,,,,100,,,,,,,,,,,0.578125,256.0,,,,,,,,,,,,203.0,,,0.3828125,98.0
unconditional_first_payback,demo-human_decline_bot_rise-884000,human_decline_bot_rise,dynamic_hierarchy,119,continue_recent_trend,9d018b9de9fdf567d73f5985050e16b27d8e3d3b4c30531233e5677558244647,established_a-b112,established_a,112,,,,100,,,,,,,,,,,0.578125,256.0,,,,,,,,,,,,204.0,,,0.3828125,98.0
unconditional_first_payback,demo-human_decline_bot_rise-884000,human_decline_bot_rise,dynamic_hierarchy,119,continue_recent_trend,9d018b9de9fdf567d73f5985050e16b27d8e3d3b4c30531233e5677558244647,established_a-b112,established_a,112,,,,100,,,,,,,,,,,0.578125,256.0,,,,,,,,,,,,205.0,,,0.3828125,98.0
unconditional_first_payback,demo-human_decline_bot_rise-884000,human_decline_bot_rise,dynamic_hierarchy,119,continue_recent_trend,9d018b9de9fdf567d73f5985050e16b27d8e3d3b4c30531233e5677558244647,established_a-b112,established_a,112,,,,100,,,,,,,,,,,0.578125,256.0,,,,,,,,,,,,206.0,,,0.38671875,99.0
unconditional_first_payback,demo-human_decline_bot_rise-884000,human_decline_bot_rise,dynamic_hierarchy,119,continue_recent_trend,9d018b9de9fdf567d73f5985050e16b27d8e3d3b4c30531233e5677558244647,established_a-b112,established_a,112,,,,100,,,,,,,,,,,0.578125,256.0,,,,,,,,,,,,207.0,,,0.38671875,99.0
unconditional_first_payback,demo-human_decline_bot_rise-884000,human_decline_bot_rise,dynamic_hierarchy,119,continue_recent_trend,9d018b9de9fdf567d73f5985050e16b27d8e3d3b4c30531233e5677558244647,established_a-b112,established_a,112,,,,100,,,,,,,,,,,0.578125,256.0,,,,,,,,,,,,208.0,,,0.390625,100.0
unconditional_first_payback,demo-human_decline_bot_rise-884000,human_decline_bot_rise,dynamic_hierarchy,119,continue_recent_trend,9d018b9de9fdf567d73f5985050e16b27d8e3d3b4c30531233e5677558244647,established_a-b112,established_a,112,,,,100,,,,,,,,,,,0.578125,256.0,,,,,,,,,,,,209.0,,,0.390625,100.0
unconditional_first_payback,demo-human_decline_bot_rise-884000,human_decline_bot_rise,dynamic_hierarchy,119,continue_recent_trend,9d018b9de9fdf567d73f5985050e16b27d8e3d3b4c30531233e5677558244647,established_a-b112,established_a,112,,,,100,,,,,,,,,,,0.578125,256.0,,,,,,,,,,,,210.0,,,0.390625,100.0
unconditional_first_payback,demo-human_decline_bot_rise-884000,human_decline_bot_rise,dynamic_hierarchy,119,continue_recent_trend,9d018b9de9fdf567d73f5985050e16b27d8e3d3b4c30531233e5677558244647,established_a-b112,established_a,112,,,,100,,,,,,,,,,,0.578125,256.0,,,,,,,,,,,,211.0,,,0.390625,100.0
unconditional_first_payback,demo-human_decline_bot_rise-884000,human_decline_bot_rise,dynamic_hierarchy,119,continue_recent_trend,9d018b9de9fdf567d73f5985050e16b27d8e3d3b4c30531233e5677558244647,established_a-b112,established_a,112,,,,100,,,,,,,,,,,0.578125,256.0,,,,,,,,,,,,212.0,,,0.390625,100.0
unconditional_first_payback,demo-human_decline_bot_rise-884000,human_decline_bot_rise,dynamic_hierarchy,119,continue_recent_trend,9d018b9de9fdf567d73f5985050e16b27d8e3d3b4c30531233e5677558244647,established_a-b112,established_a,112,,,,100,,,,,,,,,,,0.578125,256.0,,,,,,,,,,,,213.0,,,0.390625,100.0
unconditional_first_payback,demo-human_decline_bot_rise-884000,human_decline_bot_rise,dynamic_hierarchy,119,continue_recent_trend,9d018b9de9fdf567d73f5985050e16b27d8e3d3b4c30531233e5677558244647,established_a-b112,established_a,112,,,,100,,,,,,,,,,,0.578125,256.0,,,,,,,,,,,,214.0,,,0.390625,100.0
unconditional_first_payback,demo-human_decline_bot_rise-884000,human_decline_bot_rise,dynamic_hierarchy,119,continue_recent_trend,9d018b9de9fdf567d73f5985050e16b27d8e3d3b4c30531233e5677558244647,established_a-b112,established_a,112,,,,100,,,,,,,,,,,0.578125,256.0,,,,,,,,,,,,215.0,,,0.390625,100.0
unconditional_first_payback,demo-human_decline_bot_rise-884000,human_decline_bot_rise,dynamic_hierarchy,119,continue_recent_trend,9d018b9de9fdf567d73f5985050e16b27d8e3d3b4c30531233e5677558244647,established_a-b112,established_a,112,,,,100,,,,,,,,,,,0.578125,256.0,,,,,,,,,,,,216.0,,,0.390625,100.0
unconditional_first_payback,demo-human_decline_bot_rise-884000,human_decline_bot_rise,dynamic_hierarchy,119,continue_recent_trend,9d018b9de9fdf567d73f5985050e16b27d8e3d3b4c30531233e5677558244647,established_a-b112,established_a,112,,,,100,,,,,,,,,,,0.578125,256.0,,,,,,,,,,,,217.0,,,0.39453125,101.0
unconditional_first_payback,demo-human_decline_bot_rise-884000,human_decline_bot_rise,dynamic_hierarchy,119,continue_recent_trend,9d018b9de9fdf567d73f5985050e16b27d8e3d3b4c30531233e5677558244647,established_a-b112,established_a,112,,,,100,,,,,,,,,,,0.578125,256.0,,,,,,,,,,,,218.0,,,0.39453125,101.0
unconditional_first_payback,demo-human_decline_bot_rise-884000,human_decline_bot_rise,dynamic_hierarchy,119,continue_recent_trend,9d018b9de9fdf567d73f5985050e16b27d8e3d3b4c30531233e5677558244647,established_a-b112,established_a,112,,,,100,,,,,,,,,,,0.578125,256.0,,,,,,,,,,,,219.0,,,0.39453125,101.0
unconditional_first_payback,demo-human_decline_bot_rise-884000,human_decline_bot_rise,dynamic_hierarchy,119,continue_recent_trend,9d018b9de9fdf567d73f5985050e16b27d8e3d3b4c30531233e5677558244647,established_a-b112,established_a,112,,,,100,,,,,,,,,,,0.578125,256.0,,,,,,,,,,,,220.0,,,0.39453125,101.0
unconditional_first_payback,demo-human_decline_bot_rise-884000,human_decline_bot_rise,dynamic_hierarchy,119,continue_recent_trend,9d018b9de9fdf567d73f5985050e16b27d8e3d3b4c30531233e5677558244647,established_a-b112,established_a,112,,,,100,,,,,,,,,,,0.578125,256.0,,,,,,,,,,,,221.0,,,0.39453125,101.0
unconditional_first_payback,demo-human_decline_bot_rise-884000,human_decline_bot_rise,dynamic_hierarchy,119,continue_recent_trend,9d018b9de9fdf567d73f5985050e16b27d8e3d3b4c30531233e5677558244647,established_a-b112,established_a,112,,,,100,,,,,,,,,,,0.578125,256.0,,,,,,,,,,,,222.0,,,0.3984375,102.0
unconditional_first_payback,demo-human_decline_bot_rise-884000,human_decline_bot_rise,dynamic_hierarchy,119,continue_recent_trend,9d018b9de9fdf567d73f5985050e16b27d8e3d3b4c30531233e5677558244647,established_a-b112,established_a,112,,,,100,,,,,,,,,,,0.578125,256.0,,,,,,,,,,,,223.0,,,0.3984375,102.0
unconditional_first_payback,demo-human_decline_bot_rise-884000,human_decline_bot_rise,dynamic_hierarchy,119,continue_recent_trend,9d018b9de9fdf567d73f5985050e16b27d8e3d3b4c30531233e5677558244647,established_a-b112,established_a,112,,,,100,,,,,,,,,,,0.578125,256.0,,,,,,,,,,,,224.0,,,0.3984375,102.0
unconditional_first_payback,demo-human_decline_bot_rise-884000,human_decline_bot_rise,dynamic_hierarchy,119,continue_recent_trend,9d018b9de9fdf567d73f5985050e16b27d8e3d3b4c30531233e5677558244647,established_a-b112,established_a,112,,,,100,,,,,,,,,,,0.578125,256.0,,,,,,,,,,,,225.0,,,0.3984375,102.0
unconditional_first_payback,demo-human_decline_bot_rise-884000,human_decline_bot_rise,dynamic_hierarchy,119,continue_recent_trend,9d018b9de9fdf567d73f5985050e16b27d8e3d3b4c30531233e5677558244647,established_a-b112,established_a,112,,,,100,,,,,,,,,,,0.578125,256.0,,,,,,,,,,,,226.0,,,0.3984375,102.0
unconditional_first_payback,demo-human_decline_bot_rise-884000,human_decline_bot_rise,dynamic_hierarchy,119,continue_recent_trend,9d018b9de9fdf567d73f5985050e16b27d8e3d3b4c30531233e5677558244647,established_a-b112,established_a,112,,,,100,,,,,,,,,,,0.578125,256.0,,,,,,,,,,,,227.0,,,0.3984375,102.0
unconditional_first_payback,demo-human_decline_bot_rise-884000,human_decline_bot_rise,dynamic_hierarchy,119,continue_recent_trend,9d018b9de9fdf567d73f5985050e16b27d8e3d3b4c30531233e5677558244647,established_a-b112,established_a,112,,,,100,,,,,,,,,,,0.578125,256.0,,,,,,,,,,,,228.0,,,0.3984375,102.0
unconditional_first_payback,demo-human_decline_bot_rise-884000,human_decline_bot_rise,dynamic_hierarchy,119,continue_recent_trend,9d018b9de9fdf567d73f5985050e16b27d8e3d3b4c30531233e5677558244647,established_a-b112,established_a,112,,,,100,,,,,,,,,,,0.578125,256.0,,,,,,,,,,,,229.0,,,0.3984375,102.0
unconditional_first_payback,demo-human_decline_bot_rise-884000,human_decline_bot_rise,dynamic_hierarchy,119,continue_recent_trend,9d018b9de9fdf567d73f5985050e16b27d8e3d3b4c30531233e5677558244647,established_a-b112,established_a,112,,,,100,,,,,,,,,,,0.578125,256.0,,,,,,,,,,,,230.0,,,0.3984375,102.0
unconditional_first_payback,demo-human_decline_bot_rise-884000,human_decline_bot_rise,dynamic_hierarchy,119,continue_recent_trend,9d018b9de9fdf567d73f5985050e16b27d8e3d3b4c30531233e5677558244647,established_a-b112,established_a,112,,,,100,,,,,,,,,,,0.578125,256.0,,,,,,,,,,,,231.0,,,0.3984375,102.0
unconditional_first_payback,demo-human_decline_bot_rise-884000,human_decline_bot_rise,dynamic_hierarchy,119,continue_recent_trend,9d018b9de9fdf567d73f5985050e16b27d8e3d3b4c30531233e5677558244647,established_a-b112,established_a,112,,,,100,,,,,,,,,,,0.578125,256.0,,,,,,,,,,,,232.0,,,0.3984375,102.0
unconditional_first_payback,demo-human_decline_bot_rise-884000,human_decline_bot_rise,dynamic_hierarchy,119,continue_recent_trend,9d018b9de9fdf567d73f5985050e16b27d8e3d3b4c30531233e5677558244647,established_a-b112,established_a,112,,,,100,,,,,,,,,,,0.578125,256.0,,,,,,,,,,,,233.0,,,0.3984375,102.0
unconditional_first_payback,demo-human_decline_bot_rise-884000,human_decline_bot_rise,dynamic_hierarchy,119,continue_recent_trend,9d018b9de9fdf567d73f5985050e16b27d8e3d3b4c30531233e5677558244647,established_a-b112,established_a,112,,,,100,,,,,,,,,,,0.578125,256.0,,,,,,,,,,,,234.0,,,0.3984375,102.0
unconditional_first_payback,demo-human_decline_bot_rise-884000,human_decline_bot_rise,dynamic_hierarchy,119,continue_recent_trend,9d018b9de9fdf567d73f5985050e16b27d8e3d3b4c30531233e5677558244647,established_a-b112,established_a,112,,,,100,,,,,,,,,,,0.578125,256.0,,,,,,,,,,,,235.0,,,0.3984375,102.0
unconditional_first_payback,demo-human_decline_bot_rise-884000,human_decline_bot_rise,dynamic_hierarchy,119,continue_recent_trend,9d018b9de9fdf567d73f5985050e16b27d8e3d3b4c30531233e5677558244647,established_a-b112,established_a,112,,,,100,,,,,,,,,,,0.578125,256.0,,,,,,,,,,,,236.0,,,0.3984375,102.0
unconditional_first_payback,demo-human_decline_bot_rise-884000,human_decline_bot_rise,dynamic_hierarchy,119,continue_recent_trend,9d018b9de9fdf567d73f5985050e16b27d8e3d3b4c30531233e5677558244647,established_a-b112,established_a,112,,,,100,,,,,,,,,,,0.578125,256.0,,,,,,,,,,,,237.0,,,0.3984375,102.0
unconditional_first_payback,demo-human_decline_bot_rise-884000,human_decline_bot_rise,dynamic_hierarchy,119,continue_recent_trend,9d018b9de9fdf567d73f5985050e16b27d8e3d3b4c30531233e5677558244647,established_a-b112,established_a,112,,,,100,,,,,,,,,,,0.578125,256.0,,,,,,,,,,,,238.0,,,0.3984375,102.0
unconditional_first_payback,demo-human_decline_bot_rise-884000,human_decline_bot_rise,dynamic_hierarchy,119,continue_recent_trend,9d018b9de9fdf567d73f5985050e16b27d8e3d3b4c30531233e5677558244647,established_a-b112,established_a,112,,,,100,,,,,,,,,,,0.578125,256.0,,,,,,,,,,,,239.0,,,0.40234375,103.0
unconditional_first_payback,demo-human_decline_bot_rise-884000,human_decline_bot_rise,dynamic_hierarchy,119,continue_recent_trend,9d018b9de9fdf567d73f5985050e16b27d8e3d3b4c30531233e5677558244647,established_a-b112,established_a,112,,,,100,,,,,,,,,,,0.578125,256.0,,,,,,,,,,,,240.0,,,0.40234375,103.0
unconditional_first_payback,demo-human_decline_bot_rise-884000,human_decline_bot_rise,dynamic_hierarchy,119,continue_recent_trend,9d018b9de9fdf567d73f5985050e16b27d8e3d3b4c30531233e5677558244647,established_a-b112,established_a,112,,,,100,,,,,,,,,,,0.578125,256.0,,,,,,,,,,,,241.0,,,0.40234375,103.0
unconditional_first_payback,demo-human_decline_bot_rise-884000,human_decline_bot_rise,dynamic_hierarchy,119,continue_recent_trend,9d018b9de9fdf567d73f5985050e16b27d8e3d3b4c30531233e5677558244647,established_a-b112,established_a,112,,,,100,,,,,,,,,,,0.578125,256.0,,,,,,,,,,,,242.0,,,0.40234375,103.0
unconditional_first_payback,demo-human_decline_bot_rise-884000,human_decline_bot_rise,dynamic_hierarchy,119,continue_recent_trend,9d018b9de9fdf567d73f5985050e16b27d8e3d3b4c30531233e5677558244647,established_a-b112,established_a,112,,,,100,,,,,,,,,,,0.578125,256.0,,,,,,,,,,,,243.0,,,0.40234375,103.0
unconditional_first_payback,demo-human_decline_bot_rise-884000,human_decline_bot_rise,dynamic_hierarchy,119,continue_recent_trend,9d018b9de9fdf567d73f5985050e16b27d8e3d3b4c30531233e5677558244647,established_a-b112,established_a,112,,,,100,,,,,,,,,,,0.578125,256.0,,,,,,,,,,,,244.0,,,0.40625,104.0
unconditional_first_payback,demo-human_decline_bot_rise-884000,human_decline_bot_rise,dynamic_hierarchy,119,continue_recent_trend,9d018b9de9fdf567d73f5985050e16b27d8e3d3b4c30531233e5677558244647,established_a-b112,established_a,112,,,,100,,,,,,,,,,,0.578125,256.0,,,,,,,,,,,,245.0,,,0.40625,104.0
unconditional_first_payback,demo-human_decline_bot_rise-884000,human_decline_bot_rise,dynamic_hierarchy,119,continue_recent_trend,9d018b9de9fdf567d73f5985050e16b27d8e3d3b4c30531233e5677558244647,established_a-b112,established_a,112,,,,100,,,,,,,,,,,0.578125,256.0,,,,,,,,,,,,246.0,,,0.40625,104.0
unconditional_first_payback,demo-human_decline_bot_rise-884000,human_decline_bot_rise,dynamic_hierarchy,119,continue_recent_trend,9d018b9de9fdf567d73f5985050e16b27d8e3d3b4c30531233e5677558244647,established_a-b112,established_a,112,,,,100,,,,,,,,,,,0.578125,256.0,,,,,,,,,,,,247.0,,,0.40625,104.0
unconditional_first_payback,demo-human_decline_bot_rise-884000,human_decline_bot_rise,dynamic_hierarchy,119,continue_recent_trend,9d018b9de9fdf567d73f5985050e16b27d8e3d3b4c30531233e5677558244647,established_a-b112,established_a,112,,,,100,,,,,,,,,,,0.578125,256.0,,,,,,,,,,,,248.0,,,0.40625,104.0
unconditional_first_payback,demo-human_decline_bot_rise-884000,human_decline_bot_rise,dynamic_hierarchy,119,continue_recent_trend,9d018b9de9fdf567d73f5985050e16b27d8e3d3b4c30531233e5677558244647,established_a-b112,established_a,112,,,,100,,,,,,,,,,,0.578125,256.0,,,,,,,,,,,,249.0,,,0.40625,104.0
unconditional_first_payback,demo-human_decline_bot_rise-884000,human_decline_bot_rise,dynamic_hierarchy,119,continue_recent_trend,9d018b9de9fdf567d73f5985050e16b27d8e3d3b4c30531233e5677558244647,established_a-b112,established_a,112,,,,100,,,,,,,,,,,0.578125,256.0,,,,,,,,,,,,250.0,,,0.40625,104.0
unconditional_first_payback,demo-human_decline_bot_rise-884000,human_decline_bot_rise,dynamic_hierarchy,119,continue_recent_trend,9d018b9de9fdf567d73f5985050e16b27d8e3d3b4c30531233e5677558244647,established_a-b112,established_a,112,,,,100,,,,,,,,,,,0.578125,256.0,,,,,,,,,,,,251.0,,,0.40625,104.0
unconditional_first_payback,demo-human_decline_bot_rise-884000,human_decline_bot_rise,dynamic_hierarchy,119,continue_recent_trend,9d018b9de9fdf567d73f5985050e16b27d8e3d3b4c30531233e5677558244647,established_a-b112,established_a,112,,,,100,,,,,,,,,,,0.578125,256.0,,,,,,,,,,,,252.0,,,0.40625,104.0
unconditional_first_payback,demo-human_decline_bot_rise-884000,human_decline_bot_rise,dynamic_hierarchy,119,continue_recent_trend,9d018b9de9fdf567d73f5985050e16b27d8e3d3b4c30531233e5677558244647,established_a-b112,established_a,112,,,,100,,,,,,,,,,,0.578125,256.0,,,,,,,,,,,,253.0,,,0.41015625,105.0
unconditional_first_payback,demo-human_decline_bot_rise-884000,human_decline_bot_rise,dynamic_hierarchy,119,continue_recent_trend,9d018b9de9fdf567d73f5985050e16b27d8e3d3b4c30531233e5677558244647,established_a-b112,established_a,112,,,,100,,,,,,,,,,,0.578125,256.0,,,,,,,,,,,,254.0,,,0.41015625,105.0
unconditional_first_payback,demo-human_decline_bot_rise-884000,human_decline_bot_rise,dynamic_hierarchy,119,continue_recent_trend,9d018b9de9fdf567d73f5985050e16b27d8e3d3b4c30531233e5677558244647,established_a-b112,established_a,112,,,,100,,,,,,,,,,,0.578125,256.0,,,,,,,,,,,,255.0,,,0.41015625,105.0
unconditional_first_payback,demo-human_decline_bot_rise-884000,human_decline_bot_rise,dynamic_hierarchy,119,continue_recent_trend,9d018b9de9fdf567d73f5985050e16b27d8e3d3b4c30531233e5677558244647,established_a-b112,established_a,112,,,,100,,,,,,,,,,,0.578125,256.0,,,,,,,,,,,,256.0,,,0.41015625,105.0
unconditional_first_payback,demo-human_decline_bot_rise-884000,human_decline_bot_rise,dynamic_hierarchy,119,continue_recent_trend,9d018b9de9fdf567d73f5985050e16b27d8e3d3b4c30531233e5677558244647,established_a-b112,established_a,112,,,,100,,,,,,,,,,,0.578125,256.0,,,,,,,,,,,,257.0,,,0.41015625,105.0
unconditional_first_payback,demo-human_decline_bot_rise-884000,human_decline_bot_rise,dynamic_hierarchy,119,continue_recent_trend,9d018b9de9fdf567d73f5985050e16b27d8e3d3b4c30531233e5677558244647,established_a-b112,established_a,112,,,,100,,,,,,,,,,,0.578125,256.0,,,,,,,,,,,,258.0,,,0.41015625,105.0
unconditional_first_payback,demo-human_decline_bot_rise-884000,human_decline_bot_rise,dynamic_hierarchy,119,continue_recent_trend,9d018b9de9fdf567d73f5985050e16b27d8e3d3b4c30531233e5677558244647,established_a-b112,established_a,112,,,,100,,,,,,,,,,,0.578125,256.0,,,,,,,,,,,,259.0,,,0.41015625,105.0
unconditional_first_payback,demo-human_decline_bot_rise-884000,human_decline_bot_rise,dynamic_hierarchy,119,continue_recent_trend,9d018b9de9fdf567d73f5985050e16b27d8e3d3b4c30531233e5677558244647,established_a-b112,established_a,112,,,,100,,,,,,,,,,,0.578125,256.0,,,,,,,,,,,,260.0,,,0.41015625,105.0
unconditional_first_payback,demo-human_decline_bot_rise-884000,human_decline_bot_rise,dynamic_hierarchy,119,continue_recent_trend,9d018b9de9fdf567d73f5985050e16b27d8e3d3b4c30531233e5677558244647,established_a-b112,established_a,112,,,,100,,,,,,,,,,,0.578125,256.0,,,,,,,,,,,,261.0,,,0.4140625,106.0
unconditional_first_payback,demo-human_decline_bot_rise-884000,human_decline_bot_rise,dynamic_hierarchy,119,continue_recent_trend,9d018b9de9fdf567d73f5985050e16b27d8e3d3b4c30531233e5677558244647,established_a-b112,established_a,112,,,,100,,,,,,,,,,,0.578125,256.0,,,,,,,,,,,,262.0,,,0.4140625,106.0
unconditional_first_payback,demo-human_decline_bot_rise-884000,human_decline_bot_rise,dynamic_hierarchy,119,continue_recent_trend,9d018b9de9fdf567d73f5985050e16b27d8e3d3b4c30531233e5677558244647,established_a-b112,established_a,112,,,,100,,,,,,,,,,,0.578125,256.0,,,,,,,,,,,,263.0,,,0.4140625,106.0
unconditional_first_payback,demo-human_decline_bot_rise-884000,human_decline_bot_rise,dynamic_hierarchy,119,continue_recent_trend,9d018b9de9fdf567d73f5985050e16b27d8e3d3b4c30531233e5677558244647,established_a-b112,established_a,112,,,,100,,,,,,,,,,,0.578125,256.0,,,,,,,,,,,,264.0,,,0.4140625,106.0
unconditional_first_payback,demo-human_decline_bot_rise-884000,human_decline_bot_rise,dynamic_hierarchy,119,continue_recent_trend,9d018b9de9fdf567d73f5985050e16b27d8e3d3b4c30531233e5677558244647,established_a-b112,established_a,112,,,,100,,,,,,,,,,,0.578125,256.0,,,,,,,,,,,,265.0,,,0.4140625,106.0
unconditional_first_payback,demo-human_decline_bot_rise-884000,human_decline_bot_rise,dynamic_hierarchy,119,continue_recent_trend,9d018b9de9fdf567d73f5985050e16b27d8e3d3b4c30531233e5677558244647,established_a-b112,established_a,112,,,,100,,,,,,,,,,,0.578125,256.0,,,,,,,,,,,,266.0,,,0.4140625,106.0
unconditional_first_payback,demo-human_decline_bot_rise-884000,human_decline_bot_rise,dynamic_hierarchy,119,continue_recent_trend,9d018b9de9fdf567d73f5985050e16b27d8e3d3b4c30531233e5677558244647,established_a-b112,established_a,112,,,,100,,,,,,,,,,,0.578125,256.0,,,,,,,,,,,,267.0,,,0.4140625,106.0
unconditional_first_payback,demo-human_decline_bot_rise-884000,human_decline_bot_rise,dynamic_hierarchy,119,continue_recent_trend,9d018b9de9fdf567d73f5985050e16b27d8e3d3b4c30531233e5677558244647,established_a-b112,established_a,112,,,,100,,,,,,,,,,,0.578125,256.0,,,,,,,,,,,,268.0,,,0.4140625,106.0
unconditional_first_payback,demo-human_decline_bot_rise-884000,human_decline_bot_rise,dynamic_hierarchy,119,continue_recent_trend,9d018b9de9fdf567d73f5985050e16b27d8e3d3b4c30531233e5677558244647,established_a-b112,established_a,112,,,,100,,,,,,,,,,,0.578125,256.0,,,,,,,,,,,,269.0,,,0.4140625,106.0
unconditional_first_payback,demo-human_decline_bot_rise-884000,human_decline_bot_rise,dynamic_hierarchy,119,continue_recent_trend,9d018b9de9fdf567d73f5985050e16b27d8e3d3b4c30531233e5677558244647,established_a-b112,established_a,112,,,,100,,,,,,,,,,,0.578125,256.0,,,,,,,,,,,,270.0,,,0.4140625,106.0
unconditional_first_payback,demo-human_decline_bot_rise-884000,human_decline_bot_rise,dynamic_hierarchy,119,continue_recent_trend,9d018b9de9fdf567d73f5985050e16b27d8e3d3b4c30531233e5677558244647,established_a-b112,established_a,112,,,,100,,,,,,,,,,,0.578125,256.0,,,,,,,,,,,,271.0,,,0.4140625,106.0
unconditional_first_payback,demo-human_decline_bot_rise-884000,human_decline_bot_rise,dynamic_hierarchy,119,continue_recent_trend,9d018b9de9fdf567d73f5985050e16b27d8e3d3b4c30531233e5677558244647,established_a-b112,established_a,112,,,,100,,,,,,,,,,,0.578125,256.0,,,,,,,,,,,,272.0,,,0.4140625,106.0
unconditional_first_payback,demo-human_decline_bot_rise-884000,human_decline_bot_rise,dynamic_hierarchy,119,continue_recent_trend,9d018b9de9fdf567d73f5985050e16b27d8e3d3b4c30531233e5677558244647,established_a-b112,established_a,112,,,,100,,,,,,,,,,,0.578125,256.0,,,,,,,,,,,,273.0,,,0.4140625,106.0
unconditional_first_payback,demo-human_decline_bot_rise-884000,human_decline_bot_rise,dynamic_hierarchy,119,continue_recent_trend,9d018b9de9fdf567d73f5985050e16b27d8e3d3b4c30531233e5677558244647,established_a-b112,established_a,112,,,,100,,,,,,,,,,,0.578125,256.0,,,,,,,,,,,,274.0,,,0.4140625,106.0
unconditional_first_payback,demo-human_decline_bot_rise-884000,human_decline_bot_rise,dynamic_hierarchy,119,continue_recent_trend,9d018b9de9fdf567d73f5985050e16b27d8e3d3b4c30531233e5677558244647,established_a-b112,established_a,112,,,,100,,,,,,,,,,,0.578125,256.0,,,,,,,,,,,,275.0,,,0.4140625,106.0
unconditional_first_payback,demo-human_decline_bot_rise-884000,human_decline_bot_rise,dynamic_hierarchy,119,continue_recent_trend,9d018b9de9fdf567d73f5985050e16b27d8e3d3b4c30531233e5677558244647,established_a-b112,established_a,112,,,,100,,,,,,,,,,,0.578125,256.0,,,,,,,,,,,,276.0,,,0.4140625,106.0
unconditional_first_payback,demo-human_decline_bot_rise-884000,human_decline_bot_rise,dynamic_hierarchy,119,continue_recent_trend,9d018b9de9fdf567d73f5985050e16b27d8e3d3b4c30531233e5677558244647,established_a-b112,established_a,112,,,,100,,,,,,,,,,,0.578125,256.0,,,,,,,,,,,,277.0,,,0.4140625,106.0
unconditional_first_payback,demo-human_decline_bot_rise-884000,human_decline_bot_rise,dynamic_hierarchy,119,continue_recent_trend,9d018b9de9fdf567d73f5985050e16b27d8e3d3b4c30531233e5677558244647,established_a-b112,established_a,112,,,,100,,,,,,,,,,,0.578125,256.0,,,,,,,,,,,,278.0,,,0.4140625,106.0
unconditional_first_payback,demo-human_decline_bot_rise-884000,human_decline_bot_rise,dynamic_hierarchy,119,continue_recent_trend,9d018b9de9fdf567d73f5985050e16b27d8e3d3b4c30531233e5677558244647,established_a-b112,established_a,112,,,,100,,,,,,,,,,,0.578125,256.0,,,,,,,,,,,,279.0,,,0.4140625,106.0
unconditional_first_payback,demo-human_decline_bot_rise-884000,human_decline_bot_rise,dynamic_hierarchy,119,continue_recent_trend,9d018b9de9fdf567d73f5985050e16b27d8e3d3b4c30531233e5677558244647,established_a-b112,established_a,112,,,,100,,,,,,,,,,,0.578125,256.0,,,,,,,,,,,,280.0,,,0.4140625,106.0
unconditional_first_payback,demo-human_decline_bot_rise-884000,human_decline_bot_rise,dynamic_hierarchy,119,continue_recent_trend,9d018b9de9fdf567d73f5985050e16b27d8e3d3b4c30531233e5677558244647,established_a-b112,established_a,112,,,,100,,,,,,,,,,,0.578125,256.0,,,,,,,,,,,,281.0,,,0.4140625,106.0
unconditional_first_payback,demo-human_decline_bot_rise-884000,human_decline_bot_rise,dynamic_hierarchy,119,continue_recent_trend,9d018b9de9fdf567d73f5985050e16b27d8e3d3b4c30531233e5677558244647,established_a-b112,established_a,112,,,,100,,,,,,,,,,,0.578125,256.0,,,,,,,,,,,,282.0,,,0.4140625,106.0
unconditional_first_payback,demo-human_decline_bot_rise-884000,human_decline_bot_rise,dynamic_hierarchy,119,continue_recent_trend,9d018b9de9fdf567d73f5985050e16b27d8e3d3b4c30531233e5677558244647,established_a-b112,established_a,112,,,,100,,,,,,,,,,,0.578125,256.0,,,,,,,,,,,,283.0,,,0.4140625,106.0
unconditional_first_payback,demo-human_decline_bot_rise-884000,human_decline_bot_rise,dynamic_hierarchy,119,continue_recent_trend,9d018b9de9fdf567d73f5985050e16b27d8e3d3b4c30531233e5677558244647,established_a-b112,established_a,112,,,,100,,,,,,,,,,,0.578125,256.0,,,,,,,,,,,,284.0,,,0.4140625,106.0
unconditional_first_payback,demo-human_decline_bot_rise-884000,human_decline_bot_rise,dynamic_hierarchy,119,continue_recent_trend,9d018b9de9fdf567d73f5985050e16b27d8e3d3b4c30531233e5677558244647,established_a-b112,established_a,112,,,,100,,,,,,,,,,,0.578125,256.0,,,,,,,,,,,,285.0,,,0.4140625,106.0
unconditional_first_payback,demo-human_decline_bot_rise-884000,human_decline_bot_rise,dynamic_hierarchy,119,continue_recent_trend,9d018b9de9fdf567d73f5985050e16b27d8e3d3b4c30531233e5677558244647,established_a-b112,established_a,112,,,,100,,,,,,,,,,,0.578125,256.0,,,,,,,,,,,,286.0,,,0.4140625,106.0
unconditional_first_payback,demo-human_decline_bot_rise-884000,human_decline_bot_rise,dynamic_hierarchy,119,continue_recent_trend,9d018b9de9fdf567d73f5985050e16b27d8e3d3b4c30531233e5677558244647,established_a-b112,established_a,112,,,,100,,,,,,,,,,,0.578125,256.0,,,,,,,,,,,,287.0,,,0.4140625,106.0
unconditional_first_payback,demo-human_decline_bot_rise-884000,human_decline_bot_rise,dynamic_hierarchy,119,continue_recent_trend,9d018b9de9fdf567d73f5985050e16b27d8e3d3b4c30531233e5677558244647,established_a-b112,established_a,112,,,,100,,,,,,,,,,,0.578125,256.0,,,,,,,,,,,,288.0,,,0.4140625,106.0
unconditional_first_payback,demo-human_decline_bot_rise-884000,human_decline_bot_rise,dynamic_hierarchy,119,continue_recent_trend,9d018b9de9fdf567d73f5985050e16b27d8e3d3b4c30531233e5677558244647,established_a-b112,established_a,112,,,,100,,,,,,,,,,,0.578125,256.0,,,,,,,,,,,,289.0,,,0.4140625,106.0
unconditional_first_payback,demo-human_decline_bot_rise-884000,human_decline_bot_rise,dynamic_hierarchy,119,continue_recent_trend,9d018b9de9fdf567d73f5985050e16b27d8e3d3b4c30531233e5677558244647,established_a-b112,established_a,112,,,,100,,,,,,,,,,,0.578125,256.0,,,,,,,,,,,,290.0,,,0.4140625,106.0
unconditional_first_payback,demo-human_decline_bot_rise-884000,human_decline_bot_rise,dynamic_hierarchy,119,continue_recent_trend,9d018b9de9fdf567d73f5985050e16b27d8e3d3b4c30531233e5677558244647,established_a-b112,established_a,112,,,,100,,,,,,,,,,,0.578125,256.0,,,,,,,,,,,,291.0,,,0.4140625,106.0
unconditional_first_payback,demo-human_decline_bot_rise-884000,human_decline_bot_rise,dynamic_hierarchy,119,continue_recent_trend,9d018b9de9fdf567d73f5985050e16b27d8e3d3b4c30531233e5677558244647,established_a-b112,established_a,112,,,,100,,,,,,,,,,,0.578125,256.0,,,,,,,,,,,,292.0,,,0.4140625,106.0
unconditional_first_payback,demo-human_decline_bot_rise-884000,human_decline_bot_rise,dynamic_hierarchy,119,continue_recent_trend,9d018b9de9fdf567d73f5985050e16b27d8e3d3b4c30531233e5677558244647,established_a-b112,established_a,112,,,,100,,,,,,,,,,,0.578125,256.0,,,,,,,,,,,,293.0,,,0.4140625,106.0
unconditional_first_payback,demo-human_decline_bot_rise-884000,human_decline_bot_rise,dynamic_hierarchy,119,continue_recent_trend,9d018b9de9fdf567d73f5985050e16b27d8e3d3b4c30531233e5677558244647,established_a-b112,established_a,112,,,,100,,,,,,,,,,,0.578125,256.0,,,,,,,,,,,,294.0,,,0.4140625,106.0
unconditional_first_payback,demo-human_decline_bot_rise-884000,human_decline_bot_rise,dynamic_hierarchy,119,continue_recent_trend,9d018b9de9fdf567d73f5985050e16b27d8e3d3b4c30531233e5677558244647,established_a-b112,established_a,112,,,,100,,,,,,,,,,,0.578125,256.0,,,,,,,,,,,,295.0,,,0.4140625,106.0
unconditional_first_payback,demo-human_decline_bot_rise-884000,human_decline_bot_rise,dynamic_hierarchy,119,continue_recent_trend,9d018b9de9fdf567d73f5985050e16b27d8e3d3b4c30531233e5677558244647,established_a-b112,established_a,112,,,,100,,,,,,,,,,,0.578125,256.0,,,,,,,,,,,,296.0,,,0.4140625,106.0
unconditional_first_payback,demo-human_decline_bot_rise-884000,human_decline_bot_rise,dynamic_hierarchy,119,continue_recent_trend,9d018b9de9fdf567d73f5985050e16b27d8e3d3b4c30531233e5677558244647,established_a-b112,established_a,112,,,,100,,,,,,,,,,,0.578125,256.0,,,,,,,,,,,,297.0,,,0.41796875,107.0
unconditional_first_payback,demo-human_decline_bot_rise-884000,human_decline_bot_rise,dynamic_hierarchy,119,continue_recent_trend,9d018b9de9fdf567d73f5985050e16b27d8e3d3b4c30531233e5677558244647,established_a-b112,established_a,112,,,,100,,,,,,,,,,,0.578125,256.0,,,,,,,,,,,,298.0,,,0.41796875,107.0
unconditional_first_payback,demo-human_decline_bot_rise-884000,human_decline_bot_rise,dynamic_hierarchy,119,continue_recent_trend,9d018b9de9fdf567d73f5985050e16b27d8e3d3b4c30531233e5677558244647,established_a-b112,established_a,112,,,,100,,,,,,,,,,,0.578125,256.0,,,,,,,,,,,,299.0,,,0.41796875,107.0
unconditional_first_payback,demo-human_decline_bot_rise-884000,human_decline_bot_rise,dynamic_hierarchy,119,continue_recent_trend,9d018b9de9fdf567d73f5985050e16b27d8e3d3b4c30531233e5677558244647,established_a-b112,established_a,112,,,,100,,,,,,,,,,,0.578125,256.0,,,,,,,,,,,,300.0,,,0.41796875,107.0
unconditional_first_payback,demo-human_decline_bot_rise-884000,human_decline_bot_rise,dynamic_hierarchy,119,continue_recent_trend,9d018b9de9fdf567d73f5985050e16b27d8e3d3b4c30531233e5677558244647,established_a-b112,established_a,112,,,,100,,,,,,,,,,,0.578125,256.0,,,,,,,,,,,,301.0,,,0.41796875,107.0
unconditional_first_payback,demo-human_decline_bot_rise-884000,human_decline_bot_rise,dynamic_hierarchy,119,continue_recent_trend,9d018b9de9fdf567d73f5985050e16b27d8e3d3b4c30531233e5677558244647,established_a-b112,established_a,112,,,,100,,,,,,,,,,,0.578125,256.0,,,,,,,,,,,,302.0,,,0.41796875,107.0
unconditional_first_payback,demo-human_decline_bot_rise-884000,human_decline_bot_rise,dynamic_hierarchy,119,continue_recent_trend,9d018b9de9fdf567d73f5985050e16b27d8e3d3b4c30531233e5677558244647,established_a-b112,established_a,112,,,,100,,,,,,,,,,,0.578125,256.0,,,,,,,,,,,,303.0,,,0.41796875,107.0
unconditional_first_payback,demo-human_decline_bot_rise-884000,human_decline_bot_rise,dynamic_hierarchy,119,continue_recent_trend,9d018b9de9fdf567d73f5985050e16b27d8e3d3b4c30531233e5677558244647,established_a-b112,established_a,112,,,,100,,,,,,,,,,,0.578125,256.0,,,,,,,,,,,,304.0,,,0.41796875,107.0
unconditional_first_payback,demo-human_decline_bot_rise-884000,human_decline_bot_rise,dynamic_hierarchy,119,continue_recent_trend,9d018b9de9fdf567d73f5985050e16b27d8e3d3b4c30531233e5677558244647,established_a-b112,established_a,112,,,,100,,,,,,,,,,,0.578125,256.0,,,,,,,,,,,,305.0,,,0.41796875,107.0
unconditional_first_payback,demo-human_decline_bot_rise-884000,human_decline_bot_rise,dynamic_hierarchy,119,continue_recent_trend,9d018b9de9fdf567d73f5985050e16b27d8e3d3b4c30531233e5677558244647,established_a-b112,established_a,112,,,,100,,,,,,,,,,,0.578125,256.0,,,,,,,,,,,,306.0,,,0.41796875,107.0
unconditional_first_payback,demo-human_decline_bot_rise-884000,human_decline_bot_rise,dynamic_hierarchy,119,continue_recent_trend,9d018b9de9fdf567d73f5985050e16b27d8e3d3b4c30531233e5677558244647,established_a-b112,established_a,112,,,,100,,,,,,,,,,,0.578125,256.0,,,,,,,,,,,,307.0,,,0.41796875,107.0
unconditional_first_payback,demo-human_decline_bot_rise-884000,human_decline_bot_rise,dynamic_hierarchy,119,continue_recent_trend,9d018b9de9fdf567d73f5985050e16b27d8e3d3b4c30531233e5677558244647,established_a-b112,established_a,112,,,,100,,,,,,,,,,,0.578125,256.0,,,,,,,,,,,,308.0,,,0.41796875,107.0
unconditional_first_payback,demo-human_decline_bot_rise-884000,human_decline_bot_rise,dynamic_hierarchy,119,continue_recent_trend,9d018b9de9fdf567d73f5985050e16b27d8e3d3b4c30531233e5677558244647,established_a-b112,established_a,112,,,,100,,,,,,,,,,,0.578125,256.0,,,,,,,,,,,,309.0,,,0.41796875,107.0
unconditional_first_payback,demo-human_decline_bot_rise-884000,human_decline_bot_rise,dynamic_hierarchy,119,continue_recent_trend,9d018b9de9fdf567d73f5985050e16b27d8e3d3b4c30531233e5677558244647,established_a-b112,established_a,112,,,,100,,,,,,,,,,,0.578125,256.0,,,,,,,,,,,,310.0,,,0.41796875,107.0
unconditional_first_payback,demo-human_decline_bot_rise-884000,human_decline_bot_rise,dynamic_hierarchy,119,continue_recent_trend,9d018b9de9fdf567d73f5985050e16b27d8e3d3b4c30531233e5677558244647,established_a-b112,established_a,112,,,,100,,,,,,,,,,,0.578125,256.0,,,,,,,,,,,,311.0,,,0.41796875,107.0
unconditional_first_payback,demo-human_decline_bot_rise-884000,human_decline_bot_rise,dynamic_hierarchy,119,continue_recent_trend,9d018b9de9fdf567d73f5985050e16b27d8e3d3b4c30531233e5677558244647,established_a-b112,established_a,112,,,,100,,,,,,,,,,,0.578125,256.0,,,,,,,,,,,,312.0,,,0.41796875,107.0
unconditional_first_payback,demo-human_decline_bot_rise-884000,human_decline_bot_rise,dynamic_hierarchy,119,continue_recent_trend,9d018b9de9fdf567d73f5985050e16b27d8e3d3b4c30531233e5677558244647,established_a-b112,established_a,112,,,,100,,,,,,,,,,,0.578125,256.0,,,,,,,,,,,,313.0,,,0.41796875,107.0
unconditional_first_payback,demo-human_decline_bot_rise-884000,human_decline_bot_rise,dynamic_hierarchy,119,continue_recent_trend,9d018b9de9fdf567d73f5985050e16b27d8e3d3b4c30531233e5677558244647,established_a-b112,established_a,112,,,,100,,,,,,,,,,,0.578125,256.0,,,,,,,,,,,,314.0,,,0.41796875,107.0
unconditional_first_payback,demo-human_decline_bot_rise-884000,human_decline_bot_rise,dynamic_hierarchy,119,continue_recent_trend,9d018b9de9fdf567d73f5985050e16b27d8e3d3b4c30531233e5677558244647,established_a-b112,established_a,112,,,,100,,,,,,,,,,,0.578125,256.0,,,,,,,,,,,,315.0,,,0.41796875,107.0
unconditional_first_payback,demo-human_decline_bot_rise-884000,human_decline_bot_rise,dynamic_hierarchy,119,continue_recent_trend,9d018b9de9fdf567d73f5985050e16b27d8e3d3b4c30531233e5677558244647,established_a-b112,established_a,112,,,,100,,,,,,,,,,,0.578125,256.0,,,,,,,,,,,,316.0,,,0.41796875,107.0
unconditional_first_payback,demo-human_decline_bot_rise-884000,human_decline_bot_rise,dynamic_hierarchy,119,continue_recent_trend,9d018b9de9fdf567d73f5985050e16b27d8e3d3b4c30531233e5677558244647,established_a-b112,established_a,112,,,,100,,,,,,,,,,,0.578125,256.0,,,,,,,,,,,,317.0,,,0.41796875,107.0
unconditional_first_payback,demo-human_decline_bot_rise-884000,human_decline_bot_rise,dynamic_hierarchy,119,continue_recent_trend,9d018b9de9fdf567d73f5985050e16b27d8e3d3b4c30531233e5677558244647,established_a-b112,established_a,112,,,,100,,,,,,,,,,,0.578125,256.0,,,,,,,,,,,,318.0,,,0.41796875,107.0
unconditional_first_payback,demo-human_decline_bot_rise-884000,human_decline_bot_rise,dynamic_hierarchy,119,continue_recent_trend,9d018b9de9fdf567d73f5985050e16b27d8e3d3b4c30531233e5677558244647,established_a-b112,established_a,112,,,,100,,,,,,,,,,,0.578125,256.0,,,,,,,,,,,,319.0,,,0.41796875,107.0
unconditional_first_payback,demo-human_decline_bot_rise-884000,human_decline_bot_rise,dynamic_hierarchy,119,continue_recent_trend,9d018b9de9fdf567d73f5985050e16b27d8e3d3b4c30531233e5677558244647,established_a-b112,established_a,112,,,,100,,,,,,,,,,,0.578125,256.0,,,,,,,,,,,,320.0,,,0.41796875,107.0
unconditional_first_payback,demo-human_decline_bot_rise-884000,human_decline_bot_rise,dynamic_hierarchy,119,continue_recent_trend,9d018b9de9fdf567d73f5985050e16b27d8e3d3b4c30531233e5677558244647,established_a-b112,established_a,112,,,,100,,,,,,,,,,,0.578125,256.0,,,,,,,,,,,,321.0,,,0.41796875,107.0
unconditional_first_payback,demo-human_decline_bot_rise-884000,human_decline_bot_rise,dynamic_hierarchy,119,continue_recent_trend,9d018b9de9fdf567d73f5985050e16b27d8e3d3b4c30531233e5677558244647,established_a-b112,established_a,112,,,,100,,,,,,,,,,,0.578125,256.0,,,,,,,,,,,,322.0,,,0.41796875,107.0
unconditional_first_payback,demo-human_decline_bot_rise-884000,human_decline_bot_rise,dynamic_hierarchy,119,continue_recent_trend,9d018b9de9fdf567d73f5985050e16b27d8e3d3b4c30531233e5677558244647,established_a-b112,established_a,112,,,,100,,,,,,,,,,,0.578125,256.0,,,,,,,,,,,,323.0,,,0.41796875,107.0
unconditional_first_payback,demo-human_decline_bot_rise-884000,human_decline_bot_rise,dynamic_hierarchy,119,continue_recent_trend,9d018b9de9fdf567d73f5985050e16b27d8e3d3b4c30531233e5677558244647,established_a-b112,established_a,112,,,,100,,,,,,,,,,,0.578125,256.0,,,,,,,,,,,,324.0,,,0.41796875,107.0
unconditional_first_payback,demo-human_decline_bot_rise-884000,human_decline_bot_rise,dynamic_hierarchy,119,continue_recent_trend,9d018b9de9fdf567d73f5985050e16b27d8e3d3b4c30531233e5677558244647,established_a-b112,established_a,112,,,,100,,,,,,,,,,,0.578125,256.0,,,,,,,,,,,,325.0,,,0.41796875,107.0
unconditional_first_payback,demo-human_decline_bot_rise-884000,human_decline_bot_rise,dynamic_hierarchy,119,continue_recent_trend,9d018b9de9fdf567d73f5985050e16b27d8e3d3b4c30531233e5677558244647,established_a-b112,established_a,112,,,,100,,,,,,,,,,,0.578125,256.0,,,,,,,,,,,,326.0,,,0.41796875,107.0
unconditional_first_payback,demo-human_decline_bot_rise-884000,human_decline_bot_rise,dynamic_hierarchy,119,continue_recent_trend,9d018b9de9fdf567d73f5985050e16b27d8e3d3b4c30531233e5677558244647,established_a-b112,established_a,112,,,,100,,,,,,,,,,,0.578125,256.0,,,,,,,,,,,,327.0,,,0.41796875,107.0
unconditional_first_payback,demo-human_decline_bot_rise-884000,human_decline_bot_rise,dynamic_hierarchy,119,continue_recent_trend,9d018b9de9fdf567d73f5985050e16b27d8e3d3b4c30531233e5677558244647,established_a-b112,established_a,112,,,,100,,,,,,,,,,,0.578125,256.0,,,,,,,,,,,,328.0,,,0.41796875,107.0
unconditional_first_payback,demo-human_decline_bot_rise-884000,human_decline_bot_rise,dynamic_hierarchy,119,continue_recent_trend,9d018b9de9fdf567d73f5985050e16b27d8e3d3b4c30531233e5677558244647,established_a-b112,established_a,112,,,,100,,,,,,,,,,,0.578125,256.0,,,,,,,,,,,,329.0,,,0.41796875,107.0
unconditional_first_payback,demo-human_decline_bot_rise-884000,human_decline_bot_rise,dynamic_hierarchy,119,continue_recent_trend,9d018b9de9fdf567d73f5985050e16b27d8e3d3b4c30531233e5677558244647,established_a-b112,established_a,112,,,,100,,,,,,,,,,,0.578125,256.0,,,,,,,,,,,,330.0,,,0.41796875,107.0
unconditional_first_payback,demo-human_decline_bot_rise-884000,human_decline_bot_rise,dynamic_hierarchy,119,continue_recent_trend,9d018b9de9fdf567d73f5985050e16b27d8e3d3b4c30531233e5677558244647,established_a-b112,established_a,112,,,,100,,,,,,,,,,,0.578125,256.0,,,,,,,,,,,,331.0,,,0.41796875,107.0
unconditional_first_payback,demo-human_decline_bot_rise-884000,human_decline_bot_rise,dynamic_hierarchy,119,continue_recent_trend,9d018b9de9fdf567d73f5985050e16b27d8e3d3b4c30531233e5677558244647,established_a-b112,established_a,112,,,,100,,,,,,,,,,,0.578125,256.0,,,,,,,,,,,,332.0,,,0.41796875,107.0
unconditional_first_payback,demo-human_decline_bot_rise-884000,human_decline_bot_rise,dynamic_hierarchy,119,continue_recent_trend,9d018b9de9fdf567d73f5985050e16b27d8e3d3b4c30531233e5677558244647,established_a-b112,established_a,112,,,,100,,,,,,,,,,,0.578125,256.0,,,,,,,,,,,,333.0,,,0.41796875,107.0
unconditional_first_payback,demo-human_decline_bot_rise-884000,human_decline_bot_rise,dynamic_hierarchy,119,continue_recent_trend,9d018b9de9fdf567d73f5985050e16b27d8e3d3b4c30531233e5677558244647,established_a-b112,established_a,112,,,,100,,,,,,,,,,,0.578125,256.0,,,,,,,,,,,,334.0,,,0.41796875,107.0
unconditional_first_payback,demo-human_decline_bot_rise-884000,human_decline_bot_rise,dynamic_hierarchy,119,continue_recent_trend,9d018b9de9fdf567d73f5985050e16b27d8e3d3b4c30531233e5677558244647,established_a-b112,established_a,112,,,,100,,,,,,,,,,,0.578125,256.0,,,,,,,,,,,,335.0,,,0.41796875,107.0
unconditional_first_payback,demo-human_decline_bot_rise-884000,human_decline_bot_rise,dynamic_hierarchy,119,continue_recent_trend,9d018b9de9fdf567d73f5985050e16b27d8e3d3b4c30531233e5677558244647,established_a-b112,established_a,112,,,,100,,,,,,,,,,,0.578125,256.0,,,,,,,,,,,,336.0,,,0.41796875,107.0
unconditional_first_payback,demo-human_decline_bot_rise-884000,human_decline_bot_rise,dynamic_hierarchy,119,continue_recent_trend,9d018b9de9fdf567d73f5985050e16b27d8e3d3b4c30531233e5677558244647,established_a-b112,established_a,112,,,,100,,,,,,,,,,,0.578125,256.0,,,,,,,,,,,,337.0,,,0.41796875,107.0
unconditional_first_payback,demo-human_decline_bot_rise-884000,human_decline_bot_rise,dynamic_hierarchy,119,continue_recent_trend,9d018b9de9fdf567d73f5985050e16b27d8e3d3b4c30531233e5677558244647,established_a-b112,established_a,112,,,,100,,,,,,,,,,,0.578125,256.0,,,,,,,,,,,,338.0,,,0.41796875,107.0
unconditional_first_payback,demo-human_decline_bot_rise-884000,human_decline_bot_rise,dynamic_hierarchy,119,continue_recent_trend,9d018b9de9fdf567d73f5985050e16b27d8e3d3b4c30531233e5677558244647,established_a-b112,established_a,112,,,,100,,,,,,,,,,,0.578125,256.0,,,,,,,,,,,,339.0,,,0.41796875,107.0
unconditional_first_payback,demo-human_decline_bot_rise-884000,human_decline_bot_rise,dynamic_hierarchy,119,continue_recent_trend,9d018b9de9fdf567d73f5985050e16b27d8e3d3b4c30531233e5677558244647,established_a-b112,established_a,112,,,,100,,,,,,,,,,,0.578125,256.0,,,,,,,,,,,,340.0,,,0.41796875,107.0
unconditional_first_payback,demo-human_decline_bot_rise-884000,human_decline_bot_rise,dynamic_hierarchy,119,continue_recent_trend,9d018b9de9fdf567d73f5985050e16b27d8e3d3b4c30531233e5677558244647,established_a-b112,established_a,112,,,,100,,,,,,,,,,,0.578125,256.0,,,,,,,,,,,,341.0,,,0.41796875,107.0
unconditional_first_payback,demo-human_decline_bot_rise-884000,human_decline_bot_rise,dynamic_hierarchy,119,continue_recent_trend,9d018b9de9fdf567d73f5985050e16b27d8e3d3b4c30531233e5677558244647,established_a-b112,established_a,112,,,,100,,,,,,,,,,,0.578125,256.0,,,,,,,,,,,,342.0,,,0.41796875,107.0
unconditional_first_payback,demo-human_decline_bot_rise-884000,human_decline_bot_rise,dynamic_hierarchy,119,continue_recent_trend,9d018b9de9fdf567d73f5985050e16b27d8e3d3b4c30531233e5677558244647,established_a-b112,established_a,112,,,,100,,,,,,,,,,,0.578125,256.0,,,,,,,,,,,,343.0,,,0.41796875,107.0
unconditional_first_payback,demo-human_decline_bot_rise-884000,human_decline_bot_rise,dynamic_hierarchy,119,continue_recent_trend,9d018b9de9fdf567d73f5985050e16b27d8e3d3b4c30531233e5677558244647,established_a-b112,established_a,112,,,,100,,,,,,,,,,,0.578125,256.0,,,,,,,,,,,,344.0,,,0.41796875,107.0
unconditional_first_payback,demo-human_decline_bot_rise-884000,human_decline_bot_rise,dynamic_hierarchy,119,continue_recent_trend,9d018b9de9fdf567d73f5985050e16b27d8e3d3b4c30531233e5677558244647,established_a-b112,established_a,112,,,,100,,,,,,,,,,,0.578125,256.0,,,,,,,,,,,,345.0,,,0.41796875,107.0
unconditional_first_payback,demo-human_decline_bot_rise-884000,human_decline_bot_rise,dynamic_hierarchy,119,continue_recent_trend,9d018b9de9fdf567d73f5985050e16b27d8e3d3b4c30531233e5677558244647,established_a-b112,established_a,112,,,,100,,,,,,,,,,,0.578125,256.0,,,,,,,,,,,,346.0,,,0.41796875,107.0
unconditional_first_payback,demo-human_decline_bot_rise-884000,human_decline_bot_rise,dynamic_hierarchy,119,continue_recent_trend,9d018b9de9fdf567d73f5985050e16b27d8e3d3b4c30531233e5677558244647,established_a-b112,established_a,112,,,,100,,,,,,,,,,,0.578125,256.0,,,,,,,,,,,,347.0,,,0.41796875,107.0
unconditional_first_payback,demo-human_decline_bot_rise-884000,human_decline_bot_rise,dynamic_hierarchy,119,continue_recent_trend,9d018b9de9fdf567d73f5985050e16b27d8e3d3b4c30531233e5677558244647,established_a-b112,established_a,112,,,,100,,,,,,,,,,,0.578125,256.0,,,,,,,,,,,,348.0,,,0.41796875,107.0
unconditional_first_payback,demo-human_decline_bot_rise-884000,human_decline_bot_rise,dynamic_hierarchy,119,continue_recent_trend,9d018b9de9fdf567d73f5985050e16b27d8e3d3b4c30531233e5677558244647,established_a-b112,established_a,112,,,,100,,,,,,,,,,,0.578125,256.0,,,,,,,,,,,,349.0,,,0.41796875,107.0
unconditional_first_payback,demo-human_decline_bot_rise-884000,human_decline_bot_rise,dynamic_hierarchy,119,continue_recent_trend,9d018b9de9fdf567d73f5985050e16b27d8e3d3b4c30531233e5677558244647,established_a-b112,established_a,112,,,,100,,,,,,,,,,,0.578125,256.0,,,,,,,,,,,,350.0,,,0.41796875,107.0
unconditional_first_payback,demo-human_decline_bot_rise-884000,human_decline_bot_rise,dynamic_hierarchy,119,continue_recent_trend,9d018b9de9fdf567d73f5985050e16b27d8e3d3b4c30531233e5677558244647,established_a-b112,established_a,112,,,,100,,,,,,,,,,,0.578125,256.0,,,,,,,,,,,,351.0,,,0.41796875,107.0
unconditional_first_payback,demo-human_decline_bot_rise-884000,human_decline_bot_rise,dynamic_hierarchy,119,continue_recent_trend,9d018b9de9fdf567d73f5985050e16b27d8e3d3b4c30531233e5677558244647,established_a-b112,established_a,112,,,,100,,,,,,,,,,,0.578125,256.0,,,,,,,,,,,,352.0,,,0.41796875,107.0
unconditional_first_payback,demo-human_decline_bot_rise-884000,human_decline_bot_rise,dynamic_hierarchy,119,continue_recent_trend,9d018b9de9fdf567d73f5985050e16b27d8e3d3b4c30531233e5677558244647,established_a-b112,established_a,112,,,,100,,,,,,,,,,,0.578125,256.0,,,,,,,,,,,,353.0,,,0.41796875,107.0
unconditional_first_payback,demo-human_decline_bot_rise-884000,human_decline_bot_rise,dynamic_hierarchy,119,continue_recent_trend,9d018b9de9fdf567d73f5985050e16b27d8e3d3b4c30531233e5677558244647,established_a-b112,established_a,112,,,,100,,,,,,,,,,,0.578125,256.0,,,,,,,,,,,,354.0,,,0.41796875,107.0
unconditional_first_payback,demo-human_decline_bot_rise-884000,human_decline_bot_rise,dynamic_hierarchy,119,continue_recent_trend,9d018b9de9fdf567d73f5985050e16b27d8e3d3b4c30531233e5677558244647,established_a-b112,established_a,112,,,,100,,,,,,,,,,,0.578125,256.0,,,,,,,,,,,,355.0,,,0.41796875,107.0
unconditional_first_payback,demo-human_decline_bot_rise-884000,human_decline_bot_rise,dynamic_hierarchy,119,continue_recent_trend,9d018b9de9fdf567d73f5985050e16b27d8e3d3b4c30531233e5677558244647,established_a-b112,established_a,112,,,,100,,,,,,,,,,,0.578125,256.0,,,,,,,,,,,,356.0,,,0.41796875,107.0
unconditional_first_payback,demo-human_decline_bot_rise-884000,human_decline_bot_rise,dynamic_hierarchy,119,continue_recent_trend,9d018b9de9fdf567d73f5985050e16b27d8e3d3b4c30531233e5677558244647,established_a-b112,established_a,112,,,,100,,,,,,,,,,,0.578125,256.0,,,,,,,,,,,,357.0,,,0.41796875,107.0
unconditional_first_payback,demo-human_decline_bot_rise-884000,human_decline_bot_rise,dynamic_hierarchy,119,continue_recent_trend,9d018b9de9fdf567d73f5985050e16b27d8e3d3b4c30531233e5677558244647,established_a-b112,established_a,112,,,,100,,,,,,,,,,,0.578125,256.0,,,,,,,,,,,,358.0,,,0.41796875,107.0
unconditional_first_payback,demo-human_decline_bot_rise-884000,human_decline_bot_rise,dynamic_hierarchy,119,continue_recent_trend,9d018b9de9fdf567d73f5985050e16b27d8e3d3b4c30531233e5677558244647,established_a-b112,established_a,112,,,,100,,,,,,,,,,,0.578125,256.0,,,,,,,,,,,,359.0,,,0.41796875,107.0
unconditional_first_payback,demo-human_decline_bot_rise-884000,human_decline_bot_rise,dynamic_hierarchy,119,continue_recent_trend,9d018b9de9fdf567d73f5985050e16b27d8e3d3b4c30531233e5677558244647,established_a-b112,established_a,112,,,,100,,,,,,,,,,,0.578125,256.0,,,,,,,,,,,,360.0,,,0.41796875,107.0
unconditional_first_payback,demo-human_decline_bot_rise-884000,human_decline_bot_rise,dynamic_hierarchy,119,continue_recent_trend,9d018b9de9fdf567d73f5985050e16b27d8e3d3b4c30531233e5677558244647,established_a-b112,established_a,112,,,,100,,,,,,,,,,,0.578125,256.0,,,,,,,,,,,,361.0,,,0.41796875,107.0
unconditional_first_payback,demo-human_decline_bot_rise-884000,human_decline_bot_rise,dynamic_hierarchy,119,continue_recent_trend,9d018b9de9fdf567d73f5985050e16b27d8e3d3b4c30531233e5677558244647,established_a-b112,established_a,112,,,,100,,,,,,,,,,,0.578125,256.0,,,,,,,,,,,,362.0,,,0.41796875,107.0
unconditional_first_payback,demo-human_decline_bot_rise-884000,human_decline_bot_rise,dynamic_hierarchy,119,continue_recent_trend,9d018b9de9fdf567d73f5985050e16b27d8e3d3b4c30531233e5677558244647,established_a-b112,established_a,112,,,,100,,,,,,,,,,,0.578125,256.0,,,,,,,,,,,,363.0,,,0.421875,108.0
unconditional_first_payback,demo-human_decline_bot_rise-884000,human_decline_bot_rise,dynamic_hierarchy,119,continue_recent_trend,9d018b9de9fdf567d73f5985050e16b27d8e3d3b4c30531233e5677558244647,established_a-b112,established_a,112,,,,100,,,,,,,,,,,0.578125,256.0,,,,,,,,,,,,364.0,,,0.421875,108.0
unconditional_first_payback,demo-human_decline_bot_rise-884000,human_decline_bot_rise,dynamic_hierarchy,119,continue_recent_trend,9d018b9de9fdf567d73f5985050e16b27d8e3d3b4c30531233e5677558244647,established_a-b112,established_a,112,,,,100,,,,,,,,,,,0.578125,256.0,,,,,,,,,,,,365.0,,,0.421875,108.0
unconditional_first_payback,demo-human_decline_bot_rise-884000,human_decline_bot_rise,dynamic_hierarchy,119,continue_recent_trend,9d018b9de9fdf567d73f5985050e16b27d8e3d3b4c30531233e5677558244647,established_a-b112,established_a,112,,,,100,,,,,,,,,,,0.578125,256.0,,,,,,,,,,,,366.0,,,0.421875,108.0
unconditional_first_payback,demo-human_decline_bot_rise-884000,human_decline_bot_rise,dynamic_hierarchy,119,continue_recent_trend,9d018b9de9fdf567d73f5985050e16b27d8e3d3b4c30531233e5677558244647,established_a-b112,established_a,112,,,,100,,,,,,,,,,,0.578125,256.0,,,,,,,,,,,,367.0,,,0.421875,108.0
unconditional_first_payback,demo-human_decline_bot_rise-884000,human_decline_bot_rise,dynamic_hierarchy,119,continue_recent_trend,9d018b9de9fdf567d73f5985050e16b27d8e3d3b4c30531233e5677558244647,established_a-b112,established_a,112,,,,100,,,,,,,,,,,0.578125,256.0,,,,,,,,,,,,368.0,,,0.421875,108.0
unconditional_first_payback,demo-human_decline_bot_rise-884000,human_decline_bot_rise,dynamic_hierarchy,119,continue_recent_trend,9d018b9de9fdf567d73f5985050e16b27d8e3d3b4c30531233e5677558244647,established_a-b112,established_a,112,,,,100,,,,,,,,,,,0.578125,256.0,,,,,,,,,,,,369.0,,,0.421875,108.0
unconditional_first_payback,demo-human_decline_bot_rise-884000,human_decline_bot_rise,dynamic_hierarchy,119,continue_recent_trend,9d018b9de9fdf567d73f5985050e16b27d8e3d3b4c30531233e5677558244647,established_a-b112,established_a,112,,,,100,,,,,,,,,,,0.578125,256.0,,,,,,,,,,,,370.0,,,0.421875,108.0
unconditional_first_payback,demo-human_decline_bot_rise-884000,human_decline_bot_rise,dynamic_hierarchy,119,continue_recent_trend,9d018b9de9fdf567d73f5985050e16b27d8e3d3b4c30531233e5677558244647,established_a-b112,established_a,112,,,,100,,,,,,,,,,,0.578125,256.0,,,,,,,,,,,,371.0,,,0.421875,108.0
unconditional_first_payback,demo-human_decline_bot_rise-884000,human_decline_bot_rise,dynamic_hierarchy,119,continue_recent_trend,9d018b9de9fdf567d73f5985050e16b27d8e3d3b4c30531233e5677558244647,established_a-b112,established_a,112,,,,100,,,,,,,,,,,0.578125,256.0,,,,,,,,,,,,372.0,,,0.421875,108.0
unconditional_first_payback,demo-human_decline_bot_rise-884000,human_decline_bot_rise,dynamic_hierarchy,119,continue_recent_trend,9d018b9de9fdf567d73f5985050e16b27d8e3d3b4c30531233e5677558244647,established_a-b112,established_a,112,,,,100,,,,,,,,,,,0.578125,256.0,,,,,,,,,,,,373.0,,,0.421875,108.0
unconditional_first_payback,demo-human_decline_bot_rise-884000,human_decline_bot_rise,dynamic_hierarchy,119,continue_recent_trend,9d018b9de9fdf567d73f5985050e16b27d8e3d3b4c30531233e5677558244647,established_a-b112,established_a,112,,,,100,,,,,,,,,,,0.578125,256.0,,,,,,,,,,,,374.0,,,0.421875,108.0
unconditional_first_payback,demo-human_decline_bot_rise-884000,human_decline_bot_rise,dynamic_hierarchy,119,continue_recent_trend,9d018b9de9fdf567d73f5985050e16b27d8e3d3b4c30531233e5677558244647,established_a-b112,established_a,112,,,,100,,,,,,,,,,,0.578125,256.0,,,,,,,,,,,,375.0,,,0.421875,108.0
unconditional_first_payback,demo-human_decline_bot_rise-884000,human_decline_bot_rise,dynamic_hierarchy,119,continue_recent_trend,9d018b9de9fdf567d73f5985050e16b27d8e3d3b4c30531233e5677558244647,established_a-b112,established_a,112,,,,100,,,,,,,,,,,0.578125,256.0,,,,,,,,,,,,376.0,,,0.421875,108.0
unconditional_first_payback,demo-human_decline_bot_rise-884000,human_decline_bot_rise,dynamic_hierarchy,119,continue_recent_trend,9d018b9de9fdf567d73f5985050e16b27d8e3d3b4c30531233e5677558244647,established_a-b112,established_a,112,,,,100,,,,,,,,,,,0.578125,256.0,,,,,,,,,,,,377.0,,,0.421875,108.0
unconditional_first_payback,demo-human_decline_bot_rise-884000,human_decline_bot_rise,dynamic_hierarchy,119,continue_recent_trend,9d018b9de9fdf567d73f5985050e16b27d8e3d3b4c30531233e5677558244647,established_a-b112,established_a,112,,,,100,,,,,,,,,,,0.578125,256.0,,,,,,,,,,,,378.0,,,0.421875,108.0
unconditional_first_payback,demo-human_decline_bot_rise-884000,human_decline_bot_rise,dynamic_hierarchy,119,continue_recent_trend,9d018b9de9fdf567d73f5985050e16b27d8e3d3b4c30531233e5677558244647,established_a-b112,established_a,112,,,,100,,,,,,,,,,,0.578125,256.0,,,,,,,,,,,,379.0,,,0.421875,108.0
unconditional_first_payback,demo-human_decline_bot_rise-884000,human_decline_bot_rise,dynamic_hierarchy,119,continue_recent_trend,9d018b9de9fdf567d73f5985050e16b27d8e3d3b4c30531233e5677558244647,established_a-b112,established_a,112,,,,100,,,,,,,,,,,0.578125,256.0,,,,,,,,,,,,380.0,,,0.421875,108.0
unconditional_first_payback,demo-human_decline_bot_rise-884000,human_decline_bot_rise,dynamic_hierarchy,119,continue_recent_trend,9d018b9de9fdf567d73f5985050e16b27d8e3d3b4c30531233e5677558244647,established_a-b112,established_a,112,,,,100,,,,,,,,,,,0.578125,256.0,,,,,,,,,,,,381.0,,,0.421875,108.0
unconditional_first_payback,demo-human_decline_bot_rise-884000,human_decline_bot_rise,dynamic_hierarchy,119,continue_recent_trend,9d018b9de9fdf567d73f5985050e16b27d8e3d3b4c30531233e5677558244647,established_a-b112,established_a,112,,,,100,,,,,,,,,,,0.578125,256.0,,,,,,,,,,,,382.0,,,0.421875,108.0
unconditional_first_payback,demo-human_decline_bot_rise-884000,human_decline_bot_rise,dynamic_hierarchy,119,continue_recent_trend,9d018b9de9fdf567d73f5985050e16b27d8e3d3b4c30531233e5677558244647,established_a-b112,established_a,112,,,,100,,,,,,,,,,,0.578125,256.0,,,,,,,,,,,,383.0,,,0.421875,108.0
unconditional_first_payback,demo-human_decline_bot_rise-884000,human_decline_bot_rise,dynamic_hierarchy,119,continue_recent_trend,9d018b9de9fdf567d73f5985050e16b27d8e3d3b4c30531233e5677558244647,established_a-b112,established_a,112,,,,100,,,,,,,,,,,0.578125,256.0,,,,,,,,,,,,384.0,,,0.421875,108.0
unconditional_first_payback,demo-human_decline_bot_rise-884000,human_decline_bot_rise,dynamic_hierarchy,119,continue_recent_trend,9d018b9de9fdf567d73f5985050e16b27d8e3d3b4c30531233e5677558244647,established_a-b112,established_a,112,,,,100,,,,,,,,,,,0.578125,256.0,,,,,,,,,,,,385.0,,,0.421875,108.0
unconditional_first_payback,demo-human_decline_bot_rise-884000,human_decline_bot_rise,dynamic_hierarchy,119,continue_recent_trend,9d018b9de9fdf567d73f5985050e16b27d8e3d3b4c30531233e5677558244647,established_a-b112,established_a,112,,,,100,,,,,,,,,,,0.578125,256.0,,,,,,,,,,,,386.0,,,0.421875,108.0
unconditional_first_payback,demo-human_decline_bot_rise-884000,human_decline_bot_rise,dynamic_hierarchy,119,continue_recent_trend,9d018b9de9fdf567d73f5985050e16b27d8e3d3b4c30531233e5677558244647,established_a-b112,established_a,112,,,,100,,,,,,,,,,,0.578125,256.0,,,,,,,,,,,,387.0,,,0.421875,108.0
unconditional_first_payback,demo-human_decline_bot_rise-884000,human_decline_bot_rise,dynamic_hierarchy,119,continue_recent_trend,9d018b9de9fdf567d73f5985050e16b27d8e3d3b4c30531233e5677558244647,established_a-b112,established_a,112,,,,100,,,,,,,,,,,0.578125,256.0,,,,,,,,,,,,388.0,,,0.421875,108.0
unconditional_first_payback,demo-human_decline_bot_rise-884000,human_decline_bot_rise,dynamic_hierarchy,119,continue_recent_trend,9d018b9de9fdf567d73f5985050e16b27d8e3d3b4c30531233e5677558244647,established_a-b112,established_a,112,,,,100,,,,,,,,,,,0.578125,256.0,,,,,,,,,,,,389.0,,,0.421875,108.0
unconditional_first_payback,demo-human_decline_bot_rise-884000,human_decline_bot_rise,dynamic_hierarchy,119,continue_recent_trend,9d018b9de9fdf567d73f5985050e16b27d8e3d3b4c30531233e5677558244647,established_a-b112,established_a,112,,,,100,,,,,,,,,,,0.578125,256.0,,,,,,,,,,,,390.0,,,0.421875,108.0
unconditional_first_payback,demo-human_decline_bot_rise-884000,human_decline_bot_rise,dynamic_hierarchy,119,continue_recent_trend,9d018b9de9fdf567d73f5985050e16b27d8e3d3b4c30531233e5677558244647,established_a-b112,established_a,112,,,,100,,,,,,,,,,,0.578125,256.0,,,,,,,,,,,,391.0,,,0.421875,108.0
unconditional_first_payback,demo-human_decline_bot_rise-884000,human_decline_bot_rise,dynamic_hierarchy,119,continue_recent_trend,9d018b9de9fdf567d73f5985050e16b27d8e3d3b4c30531233e5677558244647,established_a-b112,established_a,112,,,,100,,,,,,,,,,,0.578125,256.0,,,,,,,,,,,,392.0,,,0.421875,108.0
unconditional_first_payback,demo-human_decline_bot_rise-884000,human_decline_bot_rise,dynamic_hierarchy,119,continue_recent_trend,9d018b9de9fdf567d73f5985050e16b27d8e3d3b4c30531233e5677558244647,established_a-b112,established_a,112,,,,100,,,,,,,,,,,0.578125,256.0,,,,,,,,,,,,393.0,,,0.421875,108.0
unconditional_first_payback,demo-human_decline_bot_rise-884000,human_decline_bot_rise,dynamic_hierarchy,119,continue_recent_trend,9d018b9de9fdf567d73f5985050e16b27d8e3d3b4c30531233e5677558244647,established_a-b112,established_a,112,,,,100,,,,,,,,,,,0.578125,256.0,,,,,,,,,,,,394.0,,,0.421875,108.0
unconditional_first_payback,demo-human_decline_bot_rise-884000,human_decline_bot_rise,dynamic_hierarchy,119,continue_recent_trend,9d018b9de9fdf567d73f5985050e16b27d8e3d3b4c30531233e5677558244647,established_a-b112,established_a,112,,,,100,,,,,,,,,,,0.578125,256.0,,,,,,,,,,,,395.0,,,0.421875,108.0
unconditional_first_payback,demo-human_decline_bot_rise-884000,human_decline_bot_rise,dynamic_hierarchy,119,continue_recent_trend,9d018b9de9fdf567d73f5985050e16b27d8e3d3b4c30531233e5677558244647,established_a-b112,established_a,112,,,,100,,,,,,,,,,,0.578125,256.0,,,,,,,,,,,,396.0,,,0.421875,108.0
unconditional_first_payback,demo-human_decline_bot_rise-884000,human_decline_bot_rise,dynamic_hierarchy,119,continue_recent_trend,9d018b9de9fdf567d73f5985050e16b27d8e3d3b4c30531233e5677558244647,established_a-b112,established_a,112,,,,100,,,,,,,,,,,0.578125,256.0,,,,,,,,,,,,397.0,,,0.421875,108.0
unconditional_first_payback,demo-human_decline_bot_rise-884000,human_decline_bot_rise,dynamic_hierarchy,119,continue_recent_trend,9d018b9de9fdf567d73f5985050e16b27d8e3d3b4c30531233e5677558244647,established_a-b112,established_a,112,,,,100,,,,,,,,,,,0.578125,256.0,,,,,,,,,,,,398.0,,,0.421875,108.0
unconditional_first_payback,demo-human_decline_bot_rise-884000,human_decline_bot_rise,dynamic_hierarchy,119,continue_recent_trend,9d018b9de9fdf567d73f5985050e16b27d8e3d3b4c30531233e5677558244647,established_a-b112,established_a,112,,,,100,,,,,,,,,,,0.578125,256.0,,,,,,,,,,,,399.0,,,0.421875,108.0
unconditional_first_payback,demo-human_decline_bot_rise-884000,human_decline_bot_rise,dynamic_hierarchy,119,continue_recent_trend,9d018b9de9fdf567d73f5985050e16b27d8e3d3b4c30531233e5677558244647,established_a-b112,established_a,112,,,,100,,,,,,,,,,,0.578125,256.0,,,,,,,,,,,,400.0,,,0.421875,108.0
unconditional_first_payback,demo-human_decline_bot_rise-884000,human_decline_bot_rise,dynamic_hierarchy,119,continue_recent_trend,9d018b9de9fdf567d73f5985050e16b27d8e3d3b4c30531233e5677558244647,established_a-b112,established_a,112,,,,100,,,,,,,,,,,0.578125,256.0,,,,,,,,,,,,401.0,,,0.421875,108.0
unconditional_first_payback,demo-human_decline_bot_rise-884000,human_decline_bot_rise,dynamic_hierarchy,119,continue_recent_trend,9d018b9de9fdf567d73f5985050e16b27d8e3d3b4c30531233e5677558244647,established_a-b112,established_a,112,,,,100,,,,,,,,,,,0.578125,256.0,,,,,,,,,,,,402.0,,,0.421875,108.0
unconditional_first_payback,demo-human_decline_bot_rise-884000,human_decline_bot_rise,dynamic_hierarchy,119,continue_recent_trend,9d018b9de9fdf567d73f5985050e16b27d8e3d3b4c30531233e5677558244647,established_a-b112,established_a,112,,,,100,,,,,,,,,,,0.578125,256.0,,,,,,,,,,,,403.0,,,0.421875,108.0
unconditional_first_payback,demo-human_decline_bot_rise-884000,human_decline_bot_rise,dynamic_hierarchy,119,continue_recent_trend,9d018b9de9fdf567d73f5985050e16b27d8e3d3b4c30531233e5677558244647,established_a-b112,established_a,112,,,,100,,,,,,,,,,,0.578125,256.0,,,,,,,,,,,,404.0,,,0.421875,108.0
unconditional_first_payback,demo-human_decline_bot_rise-884000,human_decline_bot_rise,dynamic_hierarchy,119,continue_recent_trend,9d018b9de9fdf567d73f5985050e16b27d8e3d3b4c30531233e5677558244647,established_a-b112,established_a,112,,,,100,,,,,,,,,,,0.578125,256.0,,,,,,,,,,,,405.0,,,0.421875,108.0
unconditional_first_payback,demo-human_decline_bot_rise-884000,human_decline_bot_rise,dynamic_hierarchy,119,continue_recent_trend,9d018b9de9fdf567d73f5985050e16b27d8e3d3b4c30531233e5677558244647,established_a-b112,established_a,112,,,,100,,,,,,,,,,,0.578125,256.0,,,,,,,,,,,,406.0,,,0.421875,108.0
unconditional_first_payback,demo-human_decline_bot_rise-884000,human_decline_bot_rise,dynamic_hierarchy,119,continue_recent_trend,9d018b9de9fdf567d73f5985050e16b27d8e3d3b4c30531233e5677558244647,established_a-b112,established_a,112,,,,100,,,,,,,,,,,0.578125,256.0,,,,,,,,,,,,407.0,,,0.421875,108.0
unconditional_first_payback,demo-human_decline_bot_rise-884000,human_decline_bot_rise,dynamic_hierarchy,119,continue_recent_trend,9d018b9de9fdf567d73f5985050e16b27d8e3d3b4c30531233e5677558244647,established_a-b112,established_a,112,,,,100,,,,,,,,,,,0.578125,256.0,,,,,,,,,,,,408.0,,,0.421875,108.0
unconditional_first_payback,demo-human_decline_bot_rise-884000,human_decline_bot_rise,dynamic_hierarchy,119,continue_recent_trend,9d018b9de9fdf567d73f5985050e16b27d8e3d3b4c30531233e5677558244647,established_a-b112,established_a,112,,,,100,,,,,,,,,,,0.578125,256.0,,,,,,,,,,,,409.0,,,0.421875,108.0
unconditional_first_payback,demo-human_decline_bot_rise-884000,human_decline_bot_rise,dynamic_hierarchy,119,continue_recent_trend,9d018b9de9fdf567d73f5985050e16b27d8e3d3b4c30531233e5677558244647,established_a-b112,established_a,112,,,,100,,,,,,,,,,,0.578125,256.0,,,,,,,,,,,,410.0,,,0.421875,108.0
unconditional_first_payback,demo-human_decline_bot_rise-884000,human_decline_bot_rise,dynamic_hierarchy,119,continue_recent_trend,9d018b9de9fdf567d73f5985050e16b27d8e3d3b4c30531233e5677558244647,established_a-b112,established_a,112,,,,100,,,,,,,,,,,0.578125,256.0,,,,,,,,,,,,411.0,,,0.421875,108.0
unconditional_first_payback,demo-human_decline_bot_rise-884000,human_decline_bot_rise,dynamic_hierarchy,119,continue_recent_trend,9d018b9de9fdf567d73f5985050e16b27d8e3d3b4c30531233e5677558244647,established_a-b112,established_a,112,,,,100,,,,,,,,,,,0.578125,256.0,,,,,,,,,,,,412.0,,,0.421875,108.0
unconditional_first_payback,demo-human_decline_bot_rise-884000,human_decline_bot_rise,dynamic_hierarchy,119,continue_recent_trend,9d018b9de9fdf567d73f5985050e16b27d8e3d3b4c30531233e5677558244647,established_a-b112,established_a,112,,,,100,,,,,,,,,,,0.578125,256.0,,,,,,,,,,,,413.0,,,0.421875,108.0
unconditional_first_payback,demo-human_decline_bot_rise-884000,human_decline_bot_rise,dynamic_hierarchy,119,continue_recent_trend,9d018b9de9fdf567d73f5985050e16b27d8e3d3b4c30531233e5677558244647,established_a-b112,established_a,112,,,,100,,,,,,,,,,,0.578125,256.0,,,,,,,,,,,,414.0,,,0.421875,108.0
unconditional_first_payback,demo-human_decline_bot_rise-884000,human_decline_bot_rise,dynamic_hierarchy,119,continue_recent_trend,9d018b9de9fdf567d73f5985050e16b27d8e3d3b4c30531233e5677558244647,established_a-b112,established_a,112,,,,100,,,,,,,,,,,0.578125,256.0,,,,,,,,,,,,415.0,,,0.421875,108.0
unconditional_first_payback,demo-human_decline_bot_rise-884000,human_decline_bot_rise,dynamic_hierarchy,119,continue_recent_trend,9d018b9de9fdf567d73f5985050e16b27d8e3d3b4c30531233e5677558244647,established_a-b112,established_a,112,,,,100,,,,,,,,,,,0.578125,256.0,,,,,,,,,,,,416.0,,,0.421875,108.0
unconditional_first_payback,demo-human_decline_bot_rise-884000,human_decline_bot_rise,dynamic_hierarchy,119,continue_recent_trend,9d018b9de9fdf567d73f5985050e16b27d8e3d3b4c30531233e5677558244647,established_a-b112,established_a,112,,,,100,,,,,,,,,,,0.578125,256.0,,,,,,,,,,,,417.0,,,0.421875,108.0
unconditional_first_payback,demo-human_decline_bot_rise-884000,human_decline_bot_rise,dynamic_hierarchy,119,continue_recent_trend,9d018b9de9fdf567d73f5985050e16b27d8e3d3b4c30531233e5677558244647,established_a-b112,established_a,112,,,,100,,,,,,,,,,,0.578125,256.0,,,,,,,,,,,,418.0,,,0.421875,108.0
unconditional_first_payback,demo-human_decline_bot_rise-884000,human_decline_bot_rise,dynamic_hierarchy,119,continue_recent_trend,9d018b9de9fdf567d73f5985050e16b27d8e3d3b4c30531233e5677558244647,established_a-b112,established_a,112,,,,100,,,,,,,,,,,0.578125,256.0,,,,,,,,,,,,419.0,,,0.421875,108.0
unconditional_first_payback,demo-human_decline_bot_rise-884000,human_decline_bot_rise,dynamic_hierarchy,119,continue_recent_trend,9d018b9de9fdf567d73f5985050e16b27d8e3d3b4c30531233e5677558244647,established_a-b112,established_a,112,,,,100,,,,,,,,,,,0.578125,256.0,,,,,,,,,,,,420.0,,,0.421875,108.0
unconditional_first_payback,demo-human_decline_bot_rise-884000,human_decline_bot_rise,dynamic_hierarchy,119,continue_recent_trend,9d018b9de9fdf567d73f5985050e16b27d8e3d3b4c30531233e5677558244647,established_a-b112,established_a,112,,,,100,,,,,,,,,,,0.578125,256.0,,,,,,,,,,,,421.0,,,0.421875,108.0
unconditional_first_payback,demo-human_decline_bot_rise-884000,human_decline_bot_rise,dynamic_hierarchy,119,continue_recent_trend,9d018b9de9fdf567d73f5985050e16b27d8e3d3b4c30531233e5677558244647,established_a-b112,established_a,112,,,,100,,,,,,,,,,,0.578125,256.0,,,,,,,,,,,,422.0,,,0.421875,108.0
unconditional_first_payback,demo-human_decline_bot_rise-884000,human_decline_bot_rise,dynamic_hierarchy,119,continue_recent_trend,9d018b9de9fdf567d73f5985050e16b27d8e3d3b4c30531233e5677558244647,established_a-b112,established_a,112,,,,100,,,,,,,,,,,0.578125,256.0,,,,,,,,,,,,423.0,,,0.421875,108.0
unconditional_first_payback,demo-human_decline_bot_rise-884000,human_decline_bot_rise,dynamic_hierarchy,119,continue_recent_trend,9d018b9de9fdf567d73f5985050e16b27d8e3d3b4c30531233e5677558244647,established_a-b112,established_a,112,,,,100,,,,,,,,,,,0.578125,256.0,,,,,,,,,,,,424.0,,,0.421875,108.0
unconditional_first_payback,demo-human_decline_bot_rise-884000,human_decline_bot_rise,dynamic_hierarchy,119,continue_recent_trend,9d018b9de9fdf567d73f5985050e16b27d8e3d3b4c30531233e5677558244647,established_a-b112,established_a,112,,,,100,,,,,,,,,,,0.578125,256.0,,,,,,,,,,,,425.0,,,0.421875,108.0
