scenario,seed,world_id,source_id,cohort_id,origin_age,cutoff,n_leads,policy_id,draw_count,model,horizon,prediction,true_margin,absolute_error,absolute_error_per_lead,forecast_type,probability_profitable
calendar_attribution_shock,20101,calendar_attribution_shock-20101,low,low-w05,3,38,100,daily_to_365_response30_settlement30,250,fixed_aggregate,30,-4.69258189055182,-15.86292401815348,11.17034212760166,0.1117034212760166,point,
calendar_attribution_shock,20101,calendar_attribution_shock-20101,low,low-w05,3,38,100,daily_to_365_response30_settlement30,250,fixed_aggregate,90,11.156330470027973,-14.733336691593554,25.889667161621524,0.2588966716162152,point,
calendar_attribution_shock,20101,calendar_attribution_shock-20101,low,low-w05,3,38,100,daily_to_365_response30_settlement30,250,fixed_aggregate,180,19.14805895890782,-15.483149456233836,34.63120841514166,0.3463120841514165,point,
calendar_attribution_shock,20101,calendar_attribution_shock-20101,low,low-w05,3,38,100,daily_to_365_response30_settlement30,250,fixed_aggregate,425,19.57345410658304,-18.316914290001403,37.89036839658444,0.3789036839658443,point,
calendar_attribution_shock,20101,calendar_attribution_shock-20101,low,low-w05,3,38,100,daily_to_365_response30_settlement30,250,observable_survival,30,-13.494263711857842,-15.86292401815348,2.368660306295638,0.0236866030629563,point,
calendar_attribution_shock,20101,calendar_attribution_shock-20101,low,low-w05,3,38,100,daily_to_365_response30_settlement30,250,observable_survival,90,-7.971100215008104,-14.733336691593554,6.76223647658545,0.0676223647658545,point,
calendar_attribution_shock,20101,calendar_attribution_shock-20101,low,low-w05,3,38,100,daily_to_365_response30_settlement30,250,observable_survival,180,-6.193368155578559,-15.483149456233836,9.289781300655278,0.0928978130065527,point,
calendar_attribution_shock,20101,calendar_attribution_shock-20101,low,low-w05,3,38,100,daily_to_365_response30_settlement30,250,observable_survival,425,-8.38627762654377,-18.316914290001403,9.930636663457634,0.0993063666345763,point,
calendar_attribution_shock,20101,calendar_attribution_shock-20101,middle,middle-w05,3,38,100,daily_to_365_response30_settlement30,250,fixed_aggregate,30,-1.1406349069768438,-1.1632379067871832,0.0226029998103394,0.0002260299981033,point,
calendar_attribution_shock,20101,calendar_attribution_shock-20101,middle,middle-w05,3,38,100,daily_to_365_response30_settlement30,250,fixed_aggregate,90,14.766226102417436,11.568439394218547,3.1977867081988887,0.0319778670819888,point,
calendar_attribution_shock,20101,calendar_attribution_shock-20101,middle,middle-w05,3,38,100,daily_to_365_response30_settlement30,250,fixed_aggregate,180,22.915055402915364,21.247251985348825,1.6678034175665388,0.0166780341756653,point,
calendar_attribution_shock,20101,calendar_attribution_shock-20101,middle,middle-w05,3,38,100,daily_to_365_response30_settlement30,250,fixed_aggregate,425,23.85495960561753,21.88870533927204,1.9662542663454945,0.0196625426634549,point,
calendar_attribution_shock,20101,calendar_attribution_shock-20101,middle,middle-w05,3,38,100,daily_to_365_response30_settlement30,250,observable_survival,30,-4.017291861565245,-1.1632379067871832,2.854053954778062,0.0285405395477806,point,
calendar_attribution_shock,20101,calendar_attribution_shock-20101,middle,middle-w05,3,38,100,daily_to_365_response30_settlement30,250,observable_survival,90,4.263113870988043,11.568439394218547,7.305325523230504,0.073053255232305,point,
calendar_attribution_shock,20101,calendar_attribution_shock-20101,middle,middle-w05,3,38,100,daily_to_365_response30_settlement30,250,observable_survival,180,7.172827094346866,21.247251985348825,14.07442489100196,0.1407442489100195,point,
calendar_attribution_shock,20101,calendar_attribution_shock-20101,middle,middle-w05,3,38,100,daily_to_365_response30_settlement30,250,observable_survival,425,5.740328302530993,21.88870533927204,16.148377036741046,0.1614837703674104,point,
calendar_attribution_shock,20101,calendar_attribution_shock-20101,high,high-w05,3,38,100,daily_to_365_response30_settlement30,250,fixed_aggregate,30,1.1126816299717253,22.872723716450995,21.76004208647927,0.2176004208647927,point,
calendar_attribution_shock,20101,calendar_attribution_shock-20101,high,high-w05,3,38,100,daily_to_365_response30_settlement30,250,fixed_aggregate,90,17.006355022176727,60.3387507537613,43.332395731584576,0.4333239573158458,point,
calendar_attribution_shock,20101,calendar_attribution_shock-20101,high,high-w05,3,38,100,daily_to_365_response30_settlement30,250,fixed_aggregate,180,25.13850061503755,78.02325194452077,52.884751329483215,0.5288475132948321,point,
calendar_attribution_shock,20101,calendar_attribution_shock-20101,high,high-w05,3,38,100,daily_to_365_response30_settlement30,250,fixed_aggregate,425,26.053407928962983,79.90775628356994,53.85434835460696,0.5385434835460695,point,
calendar_attribution_shock,20101,calendar_attribution_shock-20101,high,high-w05,3,38,100,daily_to_365_response30_settlement30,250,observable_survival,30,16.14982733488866,22.872723716450995,6.722896381562336,0.0672289638156233,point,
calendar_attribution_shock,20101,calendar_attribution_shock-20101,high,high-w05,3,38,100,daily_to_365_response30_settlement30,250,observable_survival,90,46.679705279809234,60.3387507537613,13.65904547395207,0.1365904547395207,point,
calendar_attribution_shock,20101,calendar_attribution_shock-20101,high,high-w05,3,38,100,daily_to_365_response30_settlement30,250,observable_survival,180,61.07261224178063,78.02325194452077,16.95063970274014,0.1695063970274014,point,
calendar_attribution_shock,20101,calendar_attribution_shock-20101,high,high-w05,3,38,100,daily_to_365_response30_settlement30,250,observable_survival,425,63.43070995786479,79.90775628356994,16.477046325705153,0.1647704632570515,point,
calendar_attribution_shock,20101,calendar_attribution_shock-20101,low,low-w05,7,42,100,daily_to_365_response30_settlement30,250,fixed_aggregate,30,-7.372321874204503,-15.86292401815348,8.490602143948976,0.0849060214394897,point,
calendar_attribution_shock,20101,calendar_attribution_shock-20101,low,low-w05,7,42,100,daily_to_365_response30_settlement30,250,fixed_aggregate,90,9.503723596071634,-14.733336691593554,24.237060287665187,0.2423706028766518,point,
calendar_attribution_shock,20101,calendar_attribution_shock-20101,low,low-w05,7,42,100,daily_to_365_response30_settlement30,250,fixed_aggregate,180,18.11973312697357,-15.483149456233836,33.60288258320741,0.3360288258320741,point,
calendar_attribution_shock,20101,calendar_attribution_shock-20101,low,low-w05,7,42,100,daily_to_365_response30_settlement30,250,fixed_aggregate,425,18.759495519335296,-18.316914290001403,37.076409809336695,0.3707640980933669,point,
calendar_attribution_shock,20101,calendar_attribution_shock-20101,low,low-w05,7,42,100,daily_to_365_response30_settlement30,250,observable_survival,30,-14.093159967374412,-15.86292401815348,1.7697640507790684,0.0176976405077906,point,
calendar_attribution_shock,20101,calendar_attribution_shock-20101,low,low-w05,7,42,100,daily_to_365_response30_settlement30,250,observable_survival,90,-7.315671512975478,-14.733336691593554,7.417665178618075,0.0741766517861807,point,
calendar_attribution_shock,20101,calendar_attribution_shock-20101,low,low-w05,7,42,100,daily_to_365_response30_settlement30,250,observable_survival,180,-4.778817594080042,-15.483149456233836,10.704331862153795,0.1070433186215379,point,
calendar_attribution_shock,20101,calendar_attribution_shock-20101,low,low-w05,7,42,100,daily_to_365_response30_settlement30,250,observable_survival,425,-6.732510270814582,-18.316914290001403,11.58440401918682,0.1158440401918682,point,
calendar_attribution_shock,20101,calendar_attribution_shock-20101,middle,middle-w05,7,42,100,daily_to_365_response30_settlement30,250,fixed_aggregate,30,-0.0512644642623437,-1.1632379067871832,1.1119734425248395,0.0111197344252483,point,
calendar_attribution_shock,20101,calendar_attribution_shock-20101,middle,middle-w05,7,42,100,daily_to_365_response30_settlement30,250,fixed_aggregate,90,16.906392925249392,11.568439394218547,5.337953531030845,0.0533795353103084,point,
calendar_attribution_shock,20101,calendar_attribution_shock-20101,middle,middle-w05,7,42,100,daily_to_365_response30_settlement30,250,fixed_aggregate,180,25.73669236003015,21.247251985348825,4.489440374681326,0.0448944037468132,point,
calendar_attribution_shock,20101,calendar_attribution_shock-20101,middle,middle-w05,7,42,100,daily_to_365_response30_settlement30,250,fixed_aggregate,425,27.06112540829089,21.88870533927204,5.172420069018852,0.0517242006901885,point,
calendar_attribution_shock,20101,calendar_attribution_shock-20101,middle,middle-w05,7,42,100,daily_to_365_response30_settlement30,250,observable_survival,30,-3.4006471919469923,-1.1632379067871832,2.237409285159809,0.022374092851598,point,
calendar_attribution_shock,20101,calendar_attribution_shock-20101,middle,middle-w05,7,42,100,daily_to_365_response30_settlement30,250,observable_survival,90,5.939890048326759,11.568439394218547,5.628549345891789,0.0562854934589178,point,
calendar_attribution_shock,20101,calendar_attribution_shock-20101,middle,middle-w05,7,42,100,daily_to_365_response30_settlement30,250,observable_survival,180,9.580980943755764,21.247251985348825,11.66627104159306,0.1166627104159306,point,
calendar_attribution_shock,20101,calendar_attribution_shock-20101,middle,middle-w05,7,42,100,daily_to_365_response30_settlement30,250,observable_survival,425,8.477573187847302,21.88870533927204,13.411132151424738,0.1341113215142473,point,
calendar_attribution_shock,20101,calendar_attribution_shock-20101,high,high-w05,7,42,100,daily_to_365_response30_settlement30,250,fixed_aggregate,30,4.057640617606395,22.872723716450995,18.8150830988446,0.1881508309884459,point,
calendar_attribution_shock,20101,calendar_attribution_shock-20101,high,high-w05,7,42,100,daily_to_365_response30_settlement30,250,fixed_aggregate,90,20.997522222236483,60.3387507537613,39.34122853152482,0.3934122853152482,point,
calendar_attribution_shock,20101,calendar_attribution_shock-20101,high,high-w05,7,42,100,daily_to_365_response30_settlement30,250,fixed_aggregate,180,29.79602298470231,78.02325194452077,48.22722895981845,0.4822722895981845,point,
calendar_attribution_shock,20101,calendar_attribution_shock-20101,high,high-w05,7,42,100,daily_to_365_response30_settlement30,250,fixed_aggregate,425,31.04508764143767,79.90775628356994,48.86266864213226,0.4886266864213226,point,
calendar_attribution_shock,20101,calendar_attribution_shock-20101,high,high-w05,7,42,100,daily_to_365_response30_settlement30,250,observable_survival,30,14.33318254626337,22.872723716450995,8.539541170187626,0.0853954117018762,point,
calendar_attribution_shock,20101,calendar_attribution_shock-20101,high,high-w05,7,42,100,daily_to_365_response30_settlement30,250,observable_survival,90,45.69790081850278,60.3387507537613,14.640849935258522,0.1464084993525852,point,
calendar_attribution_shock,20101,calendar_attribution_shock-20101,high,high-w05,7,42,100,daily_to_365_response30_settlement30,250,observable_survival,180,60.69959104607676,78.02325194452077,17.32366089844401,0.1732366089844401,point,
calendar_attribution_shock,20101,calendar_attribution_shock-20101,high,high-w05,7,42,100,daily_to_365_response30_settlement30,250,observable_survival,425,63.27828800982878,79.90775628356994,16.62946827374116,0.1662946827374116,point,
calendar_attribution_shock,20101,calendar_attribution_shock-20101,low,low-w05,14,49,100,daily_to_365_response30_settlement30,250,fixed_aggregate,30,-10.176752724983311,-15.86292401815348,5.686171293170169,0.0568617129317016,point,
calendar_attribution_shock,20101,calendar_attribution_shock-20101,low,low-w05,14,49,100,daily_to_365_response30_settlement30,250,fixed_aggregate,90,7.218704067624698,-14.733336691593554,21.952040759218253,0.2195204075921825,point,
calendar_attribution_shock,20101,calendar_attribution_shock-20101,low,low-w05,14,49,100,daily_to_365_response30_settlement30,250,fixed_aggregate,180,16.40357009601327,-15.483149456233836,31.886719552247108,0.318867195522471,point,
calendar_attribution_shock,20101,calendar_attribution_shock-20101,low,low-w05,14,49,100,daily_to_365_response30_settlement30,250,fixed_aggregate,425,17.38530787644601,-18.316914290001403,35.70222216644741,0.3570222216644741,point,
calendar_attribution_shock,20101,calendar_attribution_shock-20101,low,low-w05,14,49,100,daily_to_365_response30_settlement30,250,observable_survival,30,-15.007793886427889,-15.86292401815348,0.8551301317255913,0.0085513013172559,point,
calendar_attribution_shock,20101,calendar_attribution_shock-20101,low,low-w05,14,49,100,daily_to_365_response30_settlement30,250,observable_survival,90,-10.846813520522913,-14.733336691593554,3.8865231710706407,0.0388652317107064,point,
calendar_attribution_shock,20101,calendar_attribution_shock-20101,low,low-w05,14,49,100,daily_to_365_response30_settlement30,250,observable_survival,180,-9.684502321238336,-15.483149456233836,5.798647134995502,0.057986471349955,point,
calendar_attribution_shock,20101,calendar_attribution_shock-20101,low,low-w05,14,49,100,daily_to_365_response30_settlement30,250,observable_survival,425,-12.017940762031282,-18.316914290001403,6.298973527970121,0.0629897352797012,point,
calendar_attribution_shock,20101,calendar_attribution_shock-20101,middle,middle-w05,14,49,100,daily_to_365_response30_settlement30,250,fixed_aggregate,30,-0.815303869734068,-1.1632379067871832,0.3479340370531152,0.0034793403705311,point,
calendar_attribution_shock,20101,calendar_attribution_shock-20101,middle,middle-w05,14,49,100,daily_to_365_response30_settlement30,250,fixed_aggregate,90,16.62477986201669,11.568439394218547,5.056340467798144,0.0505634046779814,point,
calendar_attribution_shock,20101,calendar_attribution_shock-20101,middle,middle-w05,14,49,100,daily_to_365_response30_settlement30,250,fixed_aggregate,180,25.960158179448545,21.247251985348825,4.71290619409972,0.0471290619409972,point,
calendar_attribution_shock,20101,calendar_attribution_shock-20101,middle,middle-w05,14,49,100,daily_to_365_response30_settlement30,250,fixed_aggregate,425,27.447953954816946,21.88870533927204,5.559248615544902,0.055592486155449,point,
calendar_attribution_shock,20101,calendar_attribution_shock-20101,middle,middle-w05,14,49,100,daily_to_365_response30_settlement30,250,observable_survival,30,-3.3058868526687584,-1.1632379067871832,2.142648945881575,0.0214264894588157,point,
calendar_attribution_shock,20101,calendar_attribution_shock-20101,middle,middle-w05,14,49,100,daily_to_365_response30_settlement30,250,observable_survival,90,5.25308872414483,11.568439394218547,6.315350670073717,0.0631535067007371,point,
calendar_attribution_shock,20101,calendar_attribution_shock-20101,middle,middle-w05,14,49,100,daily_to_365_response30_settlement30,250,observable_survival,180,8.64447670010773,21.247251985348825,12.602775285241096,0.1260277528524109,point,
calendar_attribution_shock,20101,calendar_attribution_shock-20101,middle,middle-w05,14,49,100,daily_to_365_response30_settlement30,250,observable_survival,425,7.431548248071591,21.88870533927204,14.457157091200449,0.1445715709120044,point,
calendar_attribution_shock,20101,calendar_attribution_shock-20101,high,high-w05,14,49,100,daily_to_365_response30_settlement30,250,fixed_aggregate,30,12.749268914778414,22.872723716450995,10.12345480167258,0.1012345480167258,point,
calendar_attribution_shock,20101,calendar_attribution_shock-20101,high,high-w05,14,49,100,daily_to_365_response30_settlement30,250,fixed_aggregate,90,30.14301462660948,60.3387507537613,30.195736127151825,0.3019573612715182,point,
calendar_attribution_shock,20101,calendar_attribution_shock-20101,high,high-w05,14,49,100,daily_to_365_response30_settlement30,250,fixed_aggregate,180,39.461215221850736,78.02325194452077,38.56203672267003,0.3856203672267003,point,
calendar_attribution_shock,20101,calendar_attribution_shock-20101,high,high-w05,14,49,100,daily_to_365_response30_settlement30,250,fixed_aggregate,425,40.923051246877726,79.90775628356994,38.98470503669221,0.3898470503669221,point,
calendar_attribution_shock,20101,calendar_attribution_shock-20101,high,high-w05,14,49,100,daily_to_365_response30_settlement30,250,observable_survival,30,17.84701271828486,22.872723716450995,5.0257109981661365,0.0502571099816613,point,
calendar_attribution_shock,20101,calendar_attribution_shock-20101,high,high-w05,14,49,100,daily_to_365_response30_settlement30,250,observable_survival,90,48.60650985650916,60.3387507537613,11.732240897252147,0.1173224089725214,point,
calendar_attribution_shock,20101,calendar_attribution_shock-20101,high,high-w05,14,49,100,daily_to_365_response30_settlement30,250,observable_survival,180,63.80405268559928,78.02325194452077,14.219199258921492,0.1421919925892149,point,
calendar_attribution_shock,20101,calendar_attribution_shock-20101,high,high-w05,14,49,100,daily_to_365_response30_settlement30,250,observable_survival,425,66.4434886986311,79.90775628356994,13.464267584938838,0.1346426758493883,point,
calendar_attribution_shock,20101,calendar_attribution_shock-20101,low,low-w05,30,65,100,daily_to_365_response30_settlement30,250,fixed_aggregate,90,-3.481760629445689,-14.733336691593554,11.251576062147866,0.1125157606214786,point,
calendar_attribution_shock,20101,calendar_attribution_shock-20101,low,low-w05,30,65,100,daily_to_365_response30_settlement30,250,fixed_aggregate,180,2.3546888440923555,-15.483149456233836,17.837838300326194,0.1783783830032619,point,
calendar_attribution_shock,20101,calendar_attribution_shock-20101,low,low-w05,30,65,100,daily_to_365_response30_settlement30,250,fixed_aggregate,425,2.0707273469886864,-18.316914290001403,20.38764163699009,0.2038764163699009,point,
calendar_attribution_shock,20101,calendar_attribution_shock-20101,low,low-w05,30,65,100,daily_to_365_response30_settlement30,250,observable_survival,90,-13.098743041289628,-14.733336691593554,1.6345936503039251,0.0163459365030392,point,
calendar_attribution_shock,20101,calendar_attribution_shock-20101,low,low-w05,30,65,100,daily_to_365_response30_settlement30,250,observable_survival,180,-13.432711286685938,-15.483149456233836,2.050438169547899,0.0205043816954789,point,
calendar_attribution_shock,20101,calendar_attribution_shock-20101,low,low-w05,30,65,100,daily_to_365_response30_settlement30,250,observable_survival,425,-16.232061057526018,-18.316914290001403,2.084853232475385,0.0208485323247538,point,
calendar_attribution_shock,20101,calendar_attribution_shock-20101,middle,middle-w05,30,65,100,daily_to_365_response30_settlement30,250,fixed_aggregate,90,12.168287626055443,11.568439394218547,0.5998482318368961,0.0059984823183689,point,
calendar_attribution_shock,20101,calendar_attribution_shock-20101,middle,middle-w05,30,65,100,daily_to_365_response30_settlement30,250,fixed_aggregate,180,18.042438142240535,21.247251985348825,3.204813843108287,0.0320481384310828,point,
calendar_attribution_shock,20101,calendar_attribution_shock-20101,middle,middle-w05,30,65,100,daily_to_365_response30_settlement30,250,fixed_aggregate,425,17.986988782871315,21.88870533927204,3.901716556400725,0.0390171655640072,point,
calendar_attribution_shock,20101,calendar_attribution_shock-20101,middle,middle-w05,30,65,100,daily_to_365_response30_settlement30,250,observable_survival,90,8.851933650095692,11.568439394218547,2.7165057441228555,0.0271650574412285,point,
calendar_attribution_shock,20101,calendar_attribution_shock-20101,middle,middle-w05,30,65,100,daily_to_365_response30_settlement30,250,observable_survival,180,11.631805540079013,21.247251985348825,9.615446445269813,0.0961544644526981,point,
calendar_attribution_shock,20101,calendar_attribution_shock-20101,middle,middle-w05,30,65,100,daily_to_365_response30_settlement30,250,observable_survival,425,10.069135401309584,21.88870533927204,11.819569937962456,0.1181956993796245,point,
calendar_attribution_shock,20101,calendar_attribution_shock-20101,high,high-w05,30,65,100,daily_to_365_response30_settlement30,250,fixed_aggregate,90,36.69558029841703,60.3387507537613,23.64317045534428,0.2364317045534427,point,
calendar_attribution_shock,20101,calendar_attribution_shock-20101,high,high-w05,30,65,100,daily_to_365_response30_settlement30,250,fixed_aggregate,180,42.64043173201398,78.02325194452077,35.382820212506786,0.3538282021250679,point,
calendar_attribution_shock,20101,calendar_attribution_shock-20101,high,high-w05,30,65,100,daily_to_365_response30_settlement30,250,fixed_aggregate,425,42.81619497877592,79.90775628356994,37.09156130479402,0.3709156130479402,point,
calendar_attribution_shock,20101,calendar_attribution_shock-20101,high,high-w05,30,65,100,daily_to_365_response30_settlement30,250,observable_survival,90,51.85920953197144,60.3387507537613,8.479541221789866,0.0847954122178986,point,
calendar_attribution_shock,20101,calendar_attribution_shock-20101,high,high-w05,30,65,100,daily_to_365_response30_settlement30,250,observable_survival,180,64.29176654834608,78.02325194452077,13.73148539617469,0.1373148539617469,point,
calendar_attribution_shock,20101,calendar_attribution_shock-20101,high,high-w05,30,65,100,daily_to_365_response30_settlement30,250,observable_survival,425,66.02116106330635,79.90775628356994,13.886595220263589,0.1388659522026358,point,
calendar_attribution_shock,20101,calendar_attribution_shock-20101,low,low-w05,60,95,100,daily_to_365_response30_settlement30,250,fixed_aggregate,90,-9.787605424061784,-14.733336691593554,4.9457312675317695,0.0494573126753176,point,
calendar_attribution_shock,20101,calendar_attribution_shock-20101,low,low-w05,60,95,100,daily_to_365_response30_settlement30,250,fixed_aggregate,180,-9.67826537029025,-15.483149456233836,5.804884085943588,0.0580488408594358,point,
calendar_attribution_shock,20101,calendar_attribution_shock-20101,low,low-w05,60,95,100,daily_to_365_response30_settlement30,250,fixed_aggregate,425,-12.142665164913163,-18.316914290001403,6.17424912508824,0.0617424912508824,point,
calendar_attribution_shock,20101,calendar_attribution_shock-20101,low,low-w05,60,95,100,daily_to_365_response30_settlement30,250,observable_survival,90,-13.612206633080492,-14.733336691593554,1.12113005851306,0.0112113005851306,point,
calendar_attribution_shock,20101,calendar_attribution_shock-20101,low,low-w05,60,95,100,daily_to_365_response30_settlement30,250,observable_survival,180,-13.431586592729818,-15.483149456233836,2.051562863504019,0.0205156286350401,point,
calendar_attribution_shock,20101,calendar_attribution_shock-20101,low,low-w05,60,95,100,daily_to_365_response30_settlement30,250,observable_survival,425,-15.945833455767428,-18.316914290001403,2.3710808342339758,0.0237108083423397,point,
calendar_attribution_shock,20101,calendar_attribution_shock-20101,middle,middle-w05,60,95,100,daily_to_365_response30_settlement30,250,fixed_aggregate,90,15.76318927886109,11.568439394218547,4.194749884642542,0.0419474988464254,point,
calendar_attribution_shock,20101,calendar_attribution_shock-20101,middle,middle-w05,60,95,100,daily_to_365_response30_settlement30,250,fixed_aggregate,180,15.78136823805493,21.247251985348825,5.465883747293896,0.0546588374729389,point,
calendar_attribution_shock,20101,calendar_attribution_shock-20101,middle,middle-w05,60,95,100,daily_to_365_response30_settlement30,250,fixed_aggregate,425,13.256504048497984,21.88870533927204,8.632201290774056,0.0863220129077405,point,
calendar_attribution_shock,20101,calendar_attribution_shock-20101,middle,middle-w05,60,95,100,daily_to_365_response30_settlement30,250,observable_survival,90,15.906281149533235,11.568439394218547,4.337841755314688,0.0433784175531468,point,
calendar_attribution_shock,20101,calendar_attribution_shock-20101,middle,middle-w05,60,95,100,daily_to_365_response30_settlement30,250,observable_survival,180,19.65075877826473,21.247251985348825,1.596493207084091,0.0159649320708409,point,
calendar_attribution_shock,20101,calendar_attribution_shock-20101,middle,middle-w05,60,95,100,daily_to_365_response30_settlement30,250,observable_survival,425,18.284015848957655,21.88870533927204,3.6046894903143816,0.0360468949031438,point,
calendar_attribution_shock,20101,calendar_attribution_shock-20101,high,high-w05,60,95,100,daily_to_365_response30_settlement30,250,fixed_aggregate,90,59.05295637677778,60.3387507537613,1.2857943769835245,0.0128579437698352,point,
calendar_attribution_shock,20101,calendar_attribution_shock-20101,high,high-w05,60,95,100,daily_to_365_response30_settlement30,250,fixed_aggregate,180,59.22128236564073,78.02325194452077,18.801969578880037,0.1880196957888003,point,
calendar_attribution_shock,20101,calendar_attribution_shock-20101,high,high-w05,60,95,100,daily_to_365_response30_settlement30,250,fixed_aggregate,425,57.03638015025531,79.90775628356994,22.871376133314627,0.2287137613331462,point,
calendar_attribution_shock,20101,calendar_attribution_shock-20101,high,high-w05,60,95,100,daily_to_365_response30_settlement30,250,observable_survival,90,66.45621814855556,60.3387507537613,6.117467394794261,0.0611746739479426,point,
calendar_attribution_shock,20101,calendar_attribution_shock-20101,high,high-w05,60,95,100,daily_to_365_response30_settlement30,250,observable_survival,180,77.56226905525419,78.02325194452077,0.4609828892665746,0.0046098288926657,point,
calendar_attribution_shock,20101,calendar_attribution_shock-20101,high,high-w05,60,95,100,daily_to_365_response30_settlement30,250,observable_survival,425,78.85507291184423,79.90775628356994,1.0526833717257065,0.010526833717257,point,
calendar_attribution_shock,20202,calendar_attribution_shock-20202,low,low-w05,3,38,100,daily_to_365_response30_settlement30,250,fixed_aggregate,30,-4.434627567519809,-16.670810998210932,12.236183430691124,0.1223618343069112,point,
calendar_attribution_shock,20202,calendar_attribution_shock-20202,low,low-w05,3,38,100,daily_to_365_response30_settlement30,250,fixed_aggregate,90,16.22662238365381,-16.58338168335994,32.81000406701375,0.3281000406701375,point,
calendar_attribution_shock,20202,calendar_attribution_shock-20202,low,low-w05,3,38,100,daily_to_365_response30_settlement30,250,fixed_aggregate,180,27.314303833643365,-16.185789703809622,43.50009353745298,0.4350009353745298,point,
calendar_attribution_shock,20202,calendar_attribution_shock-20202,low,low-w05,3,38,100,daily_to_365_response30_settlement30,250,fixed_aggregate,425,29.373611519407543,-18.50777234713398,47.881383866541526,0.4788138386654152,point,
calendar_attribution_shock,20202,calendar_attribution_shock-20202,low,low-w05,3,38,100,daily_to_365_response30_settlement30,250,observable_survival,30,-16.118181206090114,-16.670810998210932,0.5526297921208183,0.0055262979212081,point,
calendar_attribution_shock,20202,calendar_attribution_shock-20202,low,low-w05,3,38,100,daily_to_365_response30_settlement30,250,observable_survival,90,-15.022630443956947,-16.58338168335994,1.5607512394029914,0.0156075123940299,point,
calendar_attribution_shock,20202,calendar_attribution_shock-20202,low,low-w05,3,38,100,daily_to_365_response30_settlement30,250,observable_survival,180,-15.632202359292654,-16.185789703809622,0.5535873445169681,0.0055358734451696,point,
calendar_attribution_shock,20202,calendar_attribution_shock-20202,low,low-w05,3,38,100,daily_to_365_response30_settlement30,250,observable_survival,425,-18.2794919720247,-18.50777234713398,0.2282803751092785,0.0022828037510927,point,
calendar_attribution_shock,20202,calendar_attribution_shock-20202,middle,middle-w05,3,38,100,daily_to_365_response30_settlement30,250,fixed_aggregate,30,-4.58217753172975,-15.364553728444784,10.782376196715031,0.1078237619671503,point,
calendar_attribution_shock,20202,calendar_attribution_shock-20202,middle,middle-w05,3,38,100,daily_to_365_response30_settlement30,250,fixed_aggregate,90,16.078495789664057,-12.044953399596888,28.123449189260946,0.2812344918926094,point,
calendar_attribution_shock,20202,calendar_attribution_shock-20202,middle,middle-w05,3,38,100,daily_to_365_response30_settlement30,250,fixed_aggregate,180,27.16439615787654,-6.64111834992679,33.80551450780333,0.3380551450780333,point,
calendar_attribution_shock,20202,calendar_attribution_shock-20202,middle,middle-w05,3,38,100,daily_to_365_response30_settlement30,250,fixed_aggregate,425,29.21767592656278,-7.65527851192318,36.87295443848596,0.3687295443848596,point,
calendar_attribution_shock,20202,calendar_attribution_shock-20202,middle,middle-w05,3,38,100,daily_to_365_response30_settlement30,250,observable_survival,30,-6.257145596863504,-15.364553728444784,9.10740813158128,0.0910740813158128,point,
calendar_attribution_shock,20202,calendar_attribution_shock-20202,middle,middle-w05,3,38,100,daily_to_365_response30_settlement30,250,observable_survival,90,8.187396048517124,-12.044953399596888,20.23234944811401,0.2023234944811401,point,
calendar_attribution_shock,20202,calendar_attribution_shock-20202,middle,middle-w05,3,38,100,daily_to_365_response30_settlement30,250,observable_survival,180,14.358438316081212,-6.64111834992679,20.999556666008004,0.20999556666008,point,
calendar_attribution_shock,20202,calendar_attribution_shock-20202,middle,middle-w05,3,38,100,daily_to_365_response30_settlement30,250,observable_survival,425,13.977879514154054,-7.65527851192318,21.633158026077236,0.2163315802607723,point,
calendar_attribution_shock,20202,calendar_attribution_shock-20202,high,high-w05,3,38,100,daily_to_365_response30_settlement30,250,fixed_aggregate,30,3.601705433766869,14.846180446503356,11.244475012736489,0.1124447501273648,point,
calendar_attribution_shock,20202,calendar_attribution_shock-20202,high,high-w05,3,38,100,daily_to_365_response30_settlement30,250,fixed_aggregate,90,24.23126597633018,29.922946440411195,5.6916804640810135,0.0569168046408101,point,
calendar_attribution_shock,20202,calendar_attribution_shock-20202,high,high-w05,3,38,100,daily_to_365_response30_settlement30,250,fixed_aggregate,180,35.2196064192408,50.08942100975415,14.86981459051335,0.1486981459051335,point,
calendar_attribution_shock,20202,calendar_attribution_shock-20202,high,high-w05,3,38,100,daily_to_365_response30_settlement30,250,fixed_aggregate,425,36.9331276246126,52.41195459963197,15.478826975019372,0.1547882697501937,point,
calendar_attribution_shock,20202,calendar_attribution_shock-20202,high,high-w05,3,38,100,daily_to_365_response30_settlement30,250,observable_survival,30,17.76322791030863,14.846180446503356,2.917047463805272,0.0291704746380527,point,
calendar_attribution_shock,20202,calendar_attribution_shock-20202,high,high-w05,3,38,100,daily_to_365_response30_settlement30,250,observable_survival,90,46.3274951449651,29.922946440411195,16.404548704553903,0.164045487045539,point,
calendar_attribution_shock,20202,calendar_attribution_shock-20202,high,high-w05,3,38,100,daily_to_365_response30_settlement30,250,observable_survival,180,59.93113630990887,50.08942100975415,9.841715300154718,0.0984171530015471,point,
calendar_attribution_shock,20202,calendar_attribution_shock-20202,high,high-w05,3,38,100,daily_to_365_response30_settlement30,250,observable_survival,425,61.96709812946761,52.41195459963197,9.55514352983564,0.0955514352983564,point,
calendar_attribution_shock,20202,calendar_attribution_shock-20202,low,low-w05,7,42,100,daily_to_365_response30_settlement30,250,fixed_aggregate,30,-7.310133566572546,-16.670810998210932,9.360677431638386,0.0936067743163838,point,
calendar_attribution_shock,20202,calendar_attribution_shock-20202,low,low-w05,7,42,100,daily_to_365_response30_settlement30,250,fixed_aggregate,90,5.254402995939673,-16.58338168335994,21.83778467929961,0.2183778467929961,point,
calendar_attribution_shock,20202,calendar_attribution_shock-20202,low,low-w05,7,42,100,daily_to_365_response30_settlement30,250,fixed_aggregate,180,10.557007585663158,-16.185789703809622,26.74279728947278,0.2674279728947278,point,
calendar_attribution_shock,20202,calendar_attribution_shock-20202,low,low-w05,7,42,100,daily_to_365_response30_settlement30,250,fixed_aggregate,425,10.334038175407384,-18.50777234713398,28.841810522541365,0.2884181052254136,point,
calendar_attribution_shock,20202,calendar_attribution_shock-20202,low,low-w05,7,42,100,daily_to_365_response30_settlement30,250,observable_survival,30,-16.187763755450188,-16.670810998210932,0.4830472427607439,0.0048304724276074,point,
calendar_attribution_shock,20202,calendar_attribution_shock-20202,low,low-w05,7,42,100,daily_to_365_response30_settlement30,250,observable_survival,90,-14.008111479699158,-16.58338168335994,2.5752702036607804,0.0257527020366078,point,
calendar_attribution_shock,20202,calendar_attribution_shock-20202,low,low-w05,7,42,100,daily_to_365_response30_settlement30,250,observable_survival,180,-13.997330626427614,-16.185789703809622,2.1884590773820083,0.02188459077382,point,
calendar_attribution_shock,20202,calendar_attribution_shock-20202,low,low-w05,7,42,100,daily_to_365_response30_settlement30,250,observable_survival,425,-16.430021806143632,-18.50777234713398,2.077750540990348,0.0207775054099034,point,
calendar_attribution_shock,20202,calendar_attribution_shock-20202,middle,middle-w05,7,42,100,daily_to_365_response30_settlement30,250,fixed_aggregate,30,-7.238723249238372,-15.364553728444784,8.12583047920641,0.0812583047920641,point,
calendar_attribution_shock,20202,calendar_attribution_shock-20202,middle,middle-w05,7,42,100,daily_to_365_response30_settlement30,250,fixed_aggregate,90,5.329518935235639,-12.044953399596888,17.374472334832525,0.1737447233483252,point,
calendar_attribution_shock,20202,calendar_attribution_shock-20202,middle,middle-w05,7,42,100,daily_to_365_response30_settlement30,250,fixed_aggregate,180,10.617948467015829,-6.64111834992679,17.25906681694262,0.1725906681694262,point,
calendar_attribution_shock,20202,calendar_attribution_shock-20202,middle,middle-w05,7,42,100,daily_to_365_response30_settlement30,250,fixed_aggregate,425,10.31301076225668,-7.65527851192318,17.96828927417986,0.1796828927417986,point,
calendar_attribution_shock,20202,calendar_attribution_shock-20202,middle,middle-w05,7,42,100,daily_to_365_response30_settlement30,250,observable_survival,30,-7.591828454079788,-15.364553728444784,7.772725274364995,0.0777272527436499,point,
calendar_attribution_shock,20202,calendar_attribution_shock-20202,middle,middle-w05,7,42,100,daily_to_365_response30_settlement30,250,observable_survival,90,8.275847812863987,-12.044953399596888,20.32080121246087,0.2032080121246087,point,
calendar_attribution_shock,20202,calendar_attribution_shock-20202,middle,middle-w05,7,42,100,daily_to_365_response30_settlement30,250,observable_survival,180,15.331436100571082,-6.64111834992679,21.972554450497874,0.2197255445049787,point,
calendar_attribution_shock,20202,calendar_attribution_shock-20202,middle,middle-w05,7,42,100,daily_to_365_response30_settlement30,250,observable_survival,425,15.218287138710062,-7.65527851192318,22.873565650633243,0.2287356565063324,point,
calendar_attribution_shock,20202,calendar_attribution_shock-20202,high,high-w05,7,42,100,daily_to_365_response30_settlement30,250,fixed_aggregate,30,6.30015961980646,14.846180446503356,8.546020826696896,0.0854602082669689,point,
calendar_attribution_shock,20202,calendar_attribution_shock-20202,high,high-w05,7,42,100,daily_to_365_response30_settlement30,250,fixed_aggregate,90,18.839637894376438,29.922946440411195,11.08330854603476,0.1108330854603476,point,
calendar_attribution_shock,20202,calendar_attribution_shock-20202,high,high-w05,7,42,100,daily_to_365_response30_settlement30,250,fixed_aggregate,180,24.060728629091862,50.08942100975415,26.02869238066228,0.2602869238066228,point,
calendar_attribution_shock,20202,calendar_attribution_shock-20202,high,high-w05,7,42,100,daily_to_365_response30_settlement30,250,fixed_aggregate,425,23.55212836030432,52.41195459963197,28.85982623932765,0.2885982623932765,point,
calendar_attribution_shock,20202,calendar_attribution_shock-20202,high,high-w05,7,42,100,daily_to_365_response30_settlement30,250,observable_survival,30,16.231147975960745,14.846180446503356,1.3849675294573878,0.0138496752945738,point,
calendar_attribution_shock,20202,calendar_attribution_shock-20202,high,high-w05,7,42,100,daily_to_365_response30_settlement30,250,observable_survival,90,40.87165259425793,29.922946440411195,10.948706153846736,0.1094870615384673,point,
calendar_attribution_shock,20202,calendar_attribution_shock-20202,high,high-w05,7,42,100,daily_to_365_response30_settlement30,250,observable_survival,180,52.45945764317894,50.08942100975415,2.370036633424796,0.0237003663342479,point,
calendar_attribution_shock,20202,calendar_attribution_shock-20202,high,high-w05,7,42,100,daily_to_365_response30_settlement30,250,observable_survival,425,53.80160151716173,52.41195459963197,1.3896469175297597,0.0138964691752975,point,
calendar_attribution_shock,20202,calendar_attribution_shock-20202,low,low-w05,14,49,100,daily_to_365_response30_settlement30,250,fixed_aggregate,30,-10.52734480365031,-16.670810998210932,6.143466194560622,0.0614346619456062,point,
calendar_attribution_shock,20202,calendar_attribution_shock-20202,low,low-w05,14,49,100,daily_to_365_response30_settlement30,250,fixed_aggregate,90,7.327592997414573,-16.58338168335994,23.910974680774512,0.2391097468077451,point,
calendar_attribution_shock,20202,calendar_attribution_shock-20202,low,low-w05,14,49,100,daily_to_365_response30_settlement30,250,fixed_aggregate,180,16.881526814504312,-16.185789703809622,33.06731651831393,0.3306731651831393,point,
calendar_attribution_shock,20202,calendar_attribution_shock-20202,low,low-w05,14,49,100,daily_to_365_response30_settlement30,250,fixed_aggregate,425,18.36847771312293,-18.50777234713398,36.87625006025691,0.3687625006025691,point,
calendar_attribution_shock,20202,calendar_attribution_shock-20202,low,low-w05,14,49,100,daily_to_365_response30_settlement30,250,observable_survival,30,-16.22050651551467,-16.670810998210932,0.4503044826962608,0.0045030448269626,point,
calendar_attribution_shock,20202,calendar_attribution_shock-20202,low,low-w05,14,49,100,daily_to_365_response30_settlement30,250,observable_survival,90,-14.895492099439103,-16.58338168335994,1.6878895839208337,0.0168788958392083,point,
calendar_attribution_shock,20202,calendar_attribution_shock-20202,low,low-w05,14,49,100,daily_to_365_response30_settlement30,250,observable_survival,180,-15.299096662210545,-16.185789703809622,0.8866930415990772,0.0088669304159907,point,
calendar_attribution_shock,20202,calendar_attribution_shock-20202,low,low-w05,14,49,100,daily_to_365_response30_settlement30,250,observable_survival,425,-17.844180564990022,-18.50777234713398,0.663591782143957,0.0066359178214395,point,
calendar_attribution_shock,20202,calendar_attribution_shock-20202,middle,middle-w05,14,49,100,daily_to_365_response30_settlement30,250,fixed_aggregate,30,-10.271363231554888,-15.364553728444784,5.0931904968898944,0.0509319049688989,point,
calendar_attribution_shock,20202,calendar_attribution_shock-20202,middle,middle-w05,14,49,100,daily_to_365_response30_settlement30,250,fixed_aggregate,90,7.600097241543187,-12.044953399596888,19.645050641140077,0.1964505064114007,point,
calendar_attribution_shock,20202,calendar_attribution_shock-20202,middle,middle-w05,14,49,100,daily_to_365_response30_settlement30,250,fixed_aggregate,180,17.178431454112193,-6.64111834992679,23.819549804038985,0.2381954980403898,point,
calendar_attribution_shock,20202,calendar_attribution_shock-20202,middle,middle-w05,14,49,100,daily_to_365_response30_settlement30,250,fixed_aggregate,425,18.682137023006543,-7.65527851192318,26.337415534929725,0.2633741553492972,point,
calendar_attribution_shock,20202,calendar_attribution_shock-20202,middle,middle-w05,14,49,100,daily_to_365_response30_settlement30,250,observable_survival,30,-11.38885829730206,-15.364553728444784,3.9756954311427215,0.0397569543114272,point,
calendar_attribution_shock,20202,calendar_attribution_shock-20202,middle,middle-w05,14,49,100,daily_to_365_response30_settlement30,250,observable_survival,90,1.2094889184272202,-12.044953399596888,13.254442318024108,0.132544423180241,point,
calendar_attribution_shock,20202,calendar_attribution_shock-20202,middle,middle-w05,14,49,100,daily_to_365_response30_settlement30,250,observable_survival,180,6.723663357869274,-6.64111834992679,13.364781707796064,0.1336478170779606,point,
calendar_attribution_shock,20202,calendar_attribution_shock-20202,middle,middle-w05,14,49,100,daily_to_365_response30_settlement30,250,observable_survival,425,6.168033095183604,-7.65527851192318,13.823311607106785,0.1382331160710678,point,
calendar_attribution_shock,20202,calendar_attribution_shock-20202,high,high-w05,14,49,100,daily_to_365_response30_settlement30,250,fixed_aggregate,30,8.887809566113223,14.846180446503356,5.958370880390135,0.0595837088039013,point,
calendar_attribution_shock,20202,calendar_attribution_shock-20202,high,high-w05,14,49,100,daily_to_365_response30_settlement30,250,fixed_aggregate,90,26.6634943281664,29.922946440411195,3.259452112244798,0.0325945211224479,point,
calendar_attribution_shock,20202,calendar_attribution_shock-20202,high,high-w05,14,49,100,daily_to_365_response30_settlement30,250,fixed_aggregate,180,36.13240142682336,50.08942100975415,13.95701958293079,0.1395701958293079,point,
calendar_attribution_shock,20202,calendar_attribution_shock-20202,high,high-w05,14,49,100,daily_to_365_response30_settlement30,250,fixed_aggregate,425,37.313552264976096,52.41195459963197,15.098402334655871,0.1509840233465587,point,
calendar_attribution_shock,20202,calendar_attribution_shock-20202,high,high-w05,14,49,100,daily_to_365_response30_settlement30,250,observable_survival,30,12.8148759183514,14.846180446503356,2.031304528151958,0.0203130452815195,point,
calendar_attribution_shock,20202,calendar_attribution_shock-20202,high,high-w05,14,49,100,daily_to_365_response30_settlement30,250,observable_survival,90,39.3097439108322,29.922946440411195,9.386797470421008,0.09386797470421,point,
calendar_attribution_shock,20202,calendar_attribution_shock-20202,high,high-w05,14,49,100,daily_to_365_response30_settlement30,250,observable_survival,180,52.47053401034074,50.08942100975415,2.381113000586595,0.0238111300058659,point,
calendar_attribution_shock,20202,calendar_attribution_shock-20202,high,high-w05,14,49,100,daily_to_365_response30_settlement30,250,observable_survival,425,54.36220293551379,52.41195459963197,1.950248335881824,0.0195024833588182,point,
calendar_attribution_shock,20202,calendar_attribution_shock-20202,low,low-w05,30,65,100,daily_to_365_response30_settlement30,250,fixed_aggregate,90,-4.693658129245875,-16.58338168335994,11.889723554114063,0.1188972355411406,point,
calendar_attribution_shock,20202,calendar_attribution_shock-20202,low,low-w05,30,65,100,daily_to_365_response30_settlement30,250,fixed_aggregate,180,-0.7165533681909847,-16.185789703809622,15.469236335618636,0.1546923633561863,point,
calendar_attribution_shock,20202,calendar_attribution_shock-20202,low,low-w05,30,65,100,daily_to_365_response30_settlement30,250,fixed_aggregate,425,-1.3852137845896286,-18.50777234713398,17.122558562544352,0.1712255856254435,point,
calendar_attribution_shock,20202,calendar_attribution_shock-20202,low,low-w05,30,65,100,daily_to_365_response30_settlement30,250,observable_survival,90,-15.777354665941475,-16.58338168335994,0.8060270174184616,0.0080602701741846,point,
calendar_attribution_shock,20202,calendar_attribution_shock-20202,low,low-w05,30,65,100,daily_to_365_response30_settlement30,250,observable_survival,180,-16.678498599210258,-16.185789703809622,0.4927088954006358,0.0049270889540063,point,
calendar_attribution_shock,20202,calendar_attribution_shock-20202,low,low-w05,30,65,100,daily_to_365_response30_settlement30,250,observable_survival,425,-19.340792178291284,-18.50777234713398,0.8330198311573049,0.008330198311573,point,
calendar_attribution_shock,20202,calendar_attribution_shock-20202,middle,middle-w05,30,65,100,daily_to_365_response30_settlement30,250,fixed_aggregate,90,-2.9566786242220195,-12.044953399596888,9.088274775374868,0.0908827477537486,point,
calendar_attribution_shock,20202,calendar_attribution_shock-20202,middle,middle-w05,30,65,100,daily_to_365_response30_settlement30,250,fixed_aggregate,180,1.0798640178101715,-6.64111834992679,7.720982367736962,0.0772098236773696,point,
calendar_attribution_shock,20202,calendar_attribution_shock-20202,middle,middle-w05,30,65,100,daily_to_365_response30_settlement30,250,fixed_aggregate,425,0.4343584233934008,-7.65527851192318,8.08963693531658,0.0808963693531658,point,
calendar_attribution_shock,20202,calendar_attribution_shock-20202,middle,middle-w05,30,65,100,daily_to_365_response30_settlement30,250,observable_survival,90,-2.893463472147884,-12.044953399596888,9.151489927449004,0.09151489927449,point,
calendar_attribution_shock,20202,calendar_attribution_shock-20202,middle,middle-w05,30,65,100,daily_to_365_response30_settlement30,250,observable_survival,180,2.824031844404576,-6.64111834992679,9.465150194331368,0.0946515019433136,point,
calendar_attribution_shock,20202,calendar_attribution_shock-20202,middle,middle-w05,30,65,100,daily_to_365_response30_settlement30,250,observable_survival,425,2.3814780189473046,-7.65527851192318,10.036756530870484,0.1003675653087048,point,
calendar_attribution_shock,20202,calendar_attribution_shock-20202,high,high-w05,30,65,100,daily_to_365_response30_settlement30,250,fixed_aggregate,90,28.119982421298896,29.922946440411195,1.8029640191122984,0.0180296401911229,point,
calendar_attribution_shock,20202,calendar_attribution_shock-20202,high,high-w05,30,65,100,daily_to_365_response30_settlement30,250,fixed_aggregate,180,32.06513521598253,50.08942100975415,18.024285793771615,0.1802428579377162,point,
calendar_attribution_shock,20202,calendar_attribution_shock-20202,high,high-w05,30,65,100,daily_to_365_response30_settlement30,250,fixed_aggregate,425,31.23513890752728,52.41195459963197,21.176815692104693,0.2117681569210469,point,
calendar_attribution_shock,20202,calendar_attribution_shock-20202,high,high-w05,30,65,100,daily_to_365_response30_settlement30,250,observable_survival,90,42.27661649575147,29.922946440411195,12.353670055340274,0.1235367005534027,point,
calendar_attribution_shock,20202,calendar_attribution_shock-20202,high,high-w05,30,65,100,daily_to_365_response30_settlement30,250,observable_survival,180,53.93902132914821,50.08942100975415,3.849600319394064,0.0384960031939406,point,
calendar_attribution_shock,20202,calendar_attribution_shock-20202,high,high-w05,30,65,100,daily_to_365_response30_settlement30,250,observable_survival,425,55.36445755725767,52.41195459963197,2.952502957625697,0.0295250295762569,point,
calendar_attribution_shock,20202,calendar_attribution_shock-20202,low,low-w05,60,95,100,daily_to_365_response30_settlement30,250,fixed_aggregate,90,-11.576546257583471,-16.58338168335994,5.006835425776465,0.0500683542577646,point,
calendar_attribution_shock,20202,calendar_attribution_shock-20202,low,low-w05,60,95,100,daily_to_365_response30_settlement30,250,fixed_aggregate,180,-9.89656788598594,-16.185789703809622,6.289221817823682,0.0628922181782368,point,
calendar_attribution_shock,20202,calendar_attribution_shock-20202,low,low-w05,60,95,100,daily_to_365_response30_settlement30,250,fixed_aggregate,425,-11.508625049199392,-18.50777234713398,6.999147297934588,0.0699914729793458,point,
calendar_attribution_shock,20202,calendar_attribution_shock-20202,low,low-w05,60,95,100,daily_to_365_response30_settlement30,250,observable_survival,90,-15.621205821674696,-16.58338168335994,0.9621758616852424,0.0096217586168524,point,
calendar_attribution_shock,20202,calendar_attribution_shock-20202,low,low-w05,60,95,100,daily_to_365_response30_settlement30,250,observable_survival,180,-16.93631534660238,-16.185789703809622,0.7505256427927591,0.0075052564279275,point,
calendar_attribution_shock,20202,calendar_attribution_shock-20202,low,low-w05,60,95,100,daily_to_365_response30_settlement30,250,observable_survival,425,-19.77069230239662,-18.50777234713398,1.262919955262639,0.0126291995526263,point,
calendar_attribution_shock,20202,calendar_attribution_shock-20202,middle,middle-w05,60,95,100,daily_to_365_response30_settlement30,250,fixed_aggregate,90,-7.393021983667931,-12.044953399596888,4.651931415928956,0.0465193141592895,point,
calendar_attribution_shock,20202,calendar_attribution_shock-20202,middle,middle-w05,60,95,100,daily_to_365_response30_settlement30,250,fixed_aggregate,180,-5.676172551443905,-6.64111834992679,0.9649457984828852,0.0096494579848288,point,
calendar_attribution_shock,20202,calendar_attribution_shock-20202,middle,middle-w05,60,95,100,daily_to_365_response30_settlement30,250,fixed_aggregate,425,-7.296149309789324,-7.65527851192318,0.3591292021338566,0.0035912920213385,point,
calendar_attribution_shock,20202,calendar_attribution_shock-20202,middle,middle-w05,60,95,100,daily_to_365_response30_settlement30,250,observable_survival,90,-7.589066013190687,-12.044953399596888,4.4558873864062,0.044558873864062,point,
calendar_attribution_shock,20202,calendar_attribution_shock-20202,middle,middle-w05,60,95,100,daily_to_365_response30_settlement30,250,observable_survival,180,-4.309695837138533,-6.64111834992679,2.331422512788257,0.0233142251278825,point,
calendar_attribution_shock,20202,calendar_attribution_shock-20202,middle,middle-w05,60,95,100,daily_to_365_response30_settlement30,250,observable_survival,425,-5.631207986788224,-7.65527851192318,2.024070525134956,0.0202407052513495,point,
calendar_attribution_shock,20202,calendar_attribution_shock-20202,high,high-w05,60,95,100,daily_to_365_response30_settlement30,250,fixed_aggregate,90,33.071724792141,29.922946440411195,3.1487783517298027,0.031487783517298,point,
calendar_attribution_shock,20202,calendar_attribution_shock-20202,high,high-w05,60,95,100,daily_to_365_response30_settlement30,250,fixed_aggregate,180,34.727310129278685,50.08942100975415,15.362110880475464,0.1536211088047546,point,
calendar_attribution_shock,20202,calendar_attribution_shock-20202,high,high-w05,60,95,100,daily_to_365_response30_settlement30,250,fixed_aggregate,425,33.00175359089052,52.41195459963197,19.41020100874145,0.1941020100874144,point,
calendar_attribution_shock,20202,calendar_attribution_shock-20202,high,high-w05,60,95,100,daily_to_365_response30_settlement30,250,observable_survival,90,39.64227904913268,29.922946440411195,9.719332608721489,0.0971933260872148,point,
calendar_attribution_shock,20202,calendar_attribution_shock-20202,high,high-w05,60,95,100,daily_to_365_response30_settlement30,250,observable_survival,180,46.25605456420472,50.08942100975415,3.833366445549423,0.0383336644554942,point,
calendar_attribution_shock,20202,calendar_attribution_shock-20202,high,high-w05,60,95,100,daily_to_365_response30_settlement30,250,observable_survival,425,45.94475651067093,52.41195459963197,6.467198088961041,0.0646719808896104,point,
calendar_attribution_shock,20303,calendar_attribution_shock-20303,low,low-w05,3,38,100,daily_to_365_response30_settlement30,250,fixed_aggregate,30,-7.263691846484183,-17.416380708835778,10.152688862351596,0.1015268886235159,point,
calendar_attribution_shock,20303,calendar_attribution_shock-20303,low,low-w05,3,38,100,daily_to_365_response30_settlement30,250,fixed_aggregate,90,11.79222800751576,-17.029160641706444,28.821388649222204,0.288213886492222,point,
calendar_attribution_shock,20303,calendar_attribution_shock-20303,low,low-w05,3,38,100,daily_to_365_response30_settlement30,250,fixed_aggregate,180,21.61936819630325,-17.892347710544186,39.51171590684744,0.3951171590684743,point,
calendar_attribution_shock,20303,calendar_attribution_shock-20303,low,low-w05,3,38,100,daily_to_365_response30_settlement30,250,fixed_aggregate,425,23.026969161141377,-19.197478306593773,42.224447467735146,0.4222444746773515,point,
calendar_attribution_shock,20303,calendar_attribution_shock-20303,low,low-w05,3,38,100,daily_to_365_response30_settlement30,250,observable_survival,30,-15.35282907213801,-17.416380708835778,2.0635516366977686,0.0206355163669776,point,
calendar_attribution_shock,20303,calendar_attribution_shock-20303,low,low-w05,3,38,100,daily_to_365_response30_settlement30,250,observable_survival,90,-13.104035165053324,-17.029160641706444,3.9251254766531183,0.0392512547665311,point,
calendar_attribution_shock,20303,calendar_attribution_shock-20303,low,low-w05,3,38,100,daily_to_365_response30_settlement30,250,observable_survival,180,-13.1102793757593,-17.892347710544186,4.782068334784887,0.0478206833478488,point,
calendar_attribution_shock,20303,calendar_attribution_shock-20303,low,low-w05,3,38,100,daily_to_365_response30_settlement30,250,observable_survival,425,-15.696988783512175,-19.197478306593773,3.5004895230815976,0.0350048952308159,point,
calendar_attribution_shock,20303,calendar_attribution_shock-20303,middle,middle-w05,3,38,100,daily_to_365_response30_settlement30,250,fixed_aggregate,30,-5.256984207499031,-7.756395026828757,2.499410819329726,0.0249941081932972,point,
calendar_attribution_shock,20303,calendar_attribution_shock-20303,middle,middle-w05,3,38,100,daily_to_365_response30_settlement30,250,fixed_aggregate,90,13.795479517643043,-1.3498546623450371,15.145334179988083,0.1514533417998808,point,
calendar_attribution_shock,20303,calendar_attribution_shock-20303,middle,middle-w05,3,38,100,daily_to_365_response30_settlement30,250,fixed_aggregate,180,23.586781883644825,6.561267709861094,17.02551417378373,0.1702551417378373,point,
calendar_attribution_shock,20303,calendar_attribution_shock-20303,middle,middle-w05,3,38,100,daily_to_365_response30_settlement30,250,fixed_aggregate,425,24.834308588620043,6.32617110742618,18.508137481193863,0.1850813748119386,point,
calendar_attribution_shock,20303,calendar_attribution_shock-20303,middle,middle-w05,3,38,100,daily_to_365_response30_settlement30,250,observable_survival,30,-8.074778419681055,-7.756395026828757,0.3183833928522972,0.0031838339285229,point,
calendar_attribution_shock,20303,calendar_attribution_shock-20303,middle,middle-w05,3,38,100,daily_to_365_response30_settlement30,250,observable_survival,90,0.7345000971437481,-1.3498546623450371,2.084354759488785,0.0208435475948878,point,
calendar_attribution_shock,20303,calendar_attribution_shock-20303,middle,middle-w05,3,38,100,daily_to_365_response30_settlement30,250,observable_survival,180,4.189080588852994,6.561267709861094,2.3721871210081007,0.023721871210081,point,
calendar_attribution_shock,20303,calendar_attribution_shock-20303,middle,middle-w05,3,38,100,daily_to_365_response30_settlement30,250,observable_survival,425,2.677827861454121,6.32617110742618,3.648343245972059,0.0364834324597205,point,
calendar_attribution_shock,20303,calendar_attribution_shock-20303,high,high-w05,3,38,100,daily_to_365_response30_settlement30,250,fixed_aggregate,30,-2.440589162453865,25.012546835444795,27.45313599789866,0.2745313599789866,point,
calendar_attribution_shock,20303,calendar_attribution_shock-20303,high,high-w05,3,38,100,daily_to_365_response30_settlement30,250,fixed_aggregate,90,16.602849101621565,43.14393546054488,26.54108635892332,0.2654108635892331,point,
calendar_attribution_shock,20303,calendar_attribution_shock-20303,high,high-w05,3,38,100,daily_to_365_response30_settlement30,250,fixed_aggregate,180,26.3907328200242,64.90540648264583,38.51467366262163,0.3851467366262163,point,
calendar_attribution_shock,20303,calendar_attribution_shock-20303,high,high-w05,3,38,100,daily_to_365_response30_settlement30,250,fixed_aggregate,425,27.660865505120253,67.70647762615472,40.04561212103447,0.4004561212103447,point,
calendar_attribution_shock,20303,calendar_attribution_shock-20303,high,high-w05,3,38,100,daily_to_365_response30_settlement30,250,observable_survival,30,9.117927806512386,25.012546835444795,15.894619028932407,0.158946190289324,point,
calendar_attribution_shock,20303,calendar_attribution_shock-20303,high,high-w05,3,38,100,daily_to_365_response30_settlement30,250,observable_survival,90,46.78227209308621,43.14393546054488,3.638336632541332,0.0363833663254133,point,
calendar_attribution_shock,20303,calendar_attribution_shock-20303,high,high-w05,3,38,100,daily_to_365_response30_settlement30,250,observable_survival,180,65.73960979713716,64.90540648264583,0.834203314491333,0.0083420331449133,point,
calendar_attribution_shock,20303,calendar_attribution_shock-20303,high,high-w05,3,38,100,daily_to_365_response30_settlement30,250,observable_survival,425,69.621799279319,67.70647762615472,1.915321653164284,0.0191532165316428,point,
calendar_attribution_shock,20303,calendar_attribution_shock-20303,low,low-w05,7,42,100,daily_to_365_response30_settlement30,250,fixed_aggregate,30,-8.36109657156169,-17.416380708835778,9.055284137274088,0.0905528413727408,point,
calendar_attribution_shock,20303,calendar_attribution_shock-20303,low,low-w05,7,42,100,daily_to_365_response30_settlement30,250,fixed_aggregate,90,10.487996291660131,-17.029160641706444,27.51715693336658,0.2751715693336657,point,
calendar_attribution_shock,20303,calendar_attribution_shock-20303,low,low-w05,7,42,100,daily_to_365_response30_settlement30,250,fixed_aggregate,180,20.053448108281,-17.892347710544186,37.94579581882518,0.3794579581882518,point,
calendar_attribution_shock,20303,calendar_attribution_shock-20303,low,low-w05,7,42,100,daily_to_365_response30_settlement30,250,fixed_aggregate,425,21.387186920021072,-19.197478306593773,40.584665226614845,0.4058466522661484,point,
calendar_attribution_shock,20303,calendar_attribution_shock-20303,low,low-w05,7,42,100,daily_to_365_response30_settlement30,250,observable_survival,30,-15.80937887723786,-17.416380708835778,1.607001831597918,0.0160700183159791,point,
calendar_attribution_shock,20303,calendar_attribution_shock-20303,low,low-w05,7,42,100,daily_to_365_response30_settlement30,250,observable_survival,90,-14.313786326634764,-17.029160641706444,2.71537431507168,0.0271537431507167,point,
calendar_attribution_shock,20303,calendar_attribution_shock-20303,low,low-w05,7,42,100,daily_to_365_response30_settlement30,250,observable_survival,180,-14.683507278645132,-17.892347710544186,3.2088404318990538,0.0320884043189905,point,
calendar_attribution_shock,20303,calendar_attribution_shock-20303,low,low-w05,7,42,100,daily_to_365_response30_settlement30,250,observable_survival,425,-17.361684184895015,-19.197478306593773,1.8357941216987577,0.0183579412169875,point,
calendar_attribution_shock,20303,calendar_attribution_shock-20303,middle,middle-w05,7,42,100,daily_to_365_response30_settlement30,250,fixed_aggregate,30,-4.415025653385607,-7.756395026828757,3.3413693734431504,0.0334136937344315,point,
calendar_attribution_shock,20303,calendar_attribution_shock-20303,middle,middle-w05,7,42,100,daily_to_365_response30_settlement30,250,fixed_aggregate,90,14.425584479664398,-1.3498546623450371,15.775439142009436,0.1577543914200943,point,
calendar_attribution_shock,20303,calendar_attribution_shock-20303,middle,middle-w05,7,42,100,daily_to_365_response30_settlement30,250,fixed_aggregate,180,23.962814855034345,6.561267709861094,17.40154714517325,0.1740154714517325,point,
calendar_attribution_shock,20303,calendar_attribution_shock-20303,middle,middle-w05,7,42,100,daily_to_365_response30_settlement30,250,fixed_aggregate,425,25.196320323120563,6.32617110742618,18.870149215694383,0.1887014921569438,point,
calendar_attribution_shock,20303,calendar_attribution_shock-20303,middle,middle-w05,7,42,100,daily_to_365_response30_settlement30,250,observable_survival,30,-7.005505299654266,-7.756395026828757,0.7508897271744912,0.0075088972717449,point,
calendar_attribution_shock,20303,calendar_attribution_shock-20303,middle,middle-w05,7,42,100,daily_to_365_response30_settlement30,250,observable_survival,90,2.991776835932273,-1.3498546623450371,4.341631498277311,0.0434163149827731,point,
calendar_attribution_shock,20303,calendar_attribution_shock-20303,middle,middle-w05,7,42,100,daily_to_365_response30_settlement30,250,observable_survival,180,7.124970383835539,6.561267709861094,0.5637026739744444,0.0056370267397444,point,
calendar_attribution_shock,20303,calendar_attribution_shock-20303,middle,middle-w05,7,42,100,daily_to_365_response30_settlement30,250,observable_survival,425,5.918093457241726,6.32617110742618,0.4080776501844543,0.0040807765018445,point,
calendar_attribution_shock,20303,calendar_attribution_shock-20303,high,high-w05,7,42,100,daily_to_365_response30_settlement30,250,fixed_aggregate,30,1.826486870912487,25.012546835444795,23.18605996453231,0.231860599645323,point,
calendar_attribution_shock,20303,calendar_attribution_shock-20303,high,high-w05,7,42,100,daily_to_365_response30_settlement30,250,fixed_aggregate,90,20.627480974455477,43.14393546054488,22.51645448608941,0.225164544860894,point,
calendar_attribution_shock,20303,calendar_attribution_shock-20303,high,high-w05,7,42,100,daily_to_365_response30_settlement30,250,fixed_aggregate,180,30.08922907129702,64.90540648264583,34.81617741134881,0.3481617741134881,point,
calendar_attribution_shock,20303,calendar_attribution_shock-20303,high,high-w05,7,42,100,daily_to_365_response30_settlement30,250,fixed_aggregate,425,31.121853033263204,67.70647762615472,36.58462459289152,0.3658462459289151,point,
calendar_attribution_shock,20303,calendar_attribution_shock-20303,high,high-w05,7,42,100,daily_to_365_response30_settlement30,250,observable_survival,30,11.514184925259784,25.012546835444795,13.498361910185013,0.1349836191018501,point,
calendar_attribution_shock,20303,calendar_attribution_shock-20303,high,high-w05,7,42,100,daily_to_365_response30_settlement30,250,observable_survival,90,43.37698335581874,43.14393546054488,0.2330478952738559,0.0023304789527385,point,
calendar_attribution_shock,20303,calendar_attribution_shock-20303,high,high-w05,7,42,100,daily_to_365_response30_settlement30,250,observable_survival,180,59.27360991464748,64.90540648264583,5.63179656799835,0.0563179656799835,point,
calendar_attribution_shock,20303,calendar_attribution_shock-20303,high,high-w05,7,42,100,daily_to_365_response30_settlement30,250,observable_survival,425,62.06388179267295,67.70647762615472,5.642595833481771,0.0564259583348177,point,
calendar_attribution_shock,20303,calendar_attribution_shock-20303,low,low-w05,14,49,100,daily_to_365_response30_settlement30,250,fixed_aggregate,30,-11.130999630793196,-17.416380708835778,6.285381078042583,0.0628538107804258,point,
calendar_attribution_shock,20303,calendar_attribution_shock-20303,low,low-w05,14,49,100,daily_to_365_response30_settlement30,250,fixed_aggregate,90,-2.331121130969956,-17.029160641706444,14.698039510736487,0.1469803951073648,point,
calendar_attribution_shock,20303,calendar_attribution_shock-20303,low,low-w05,14,49,100,daily_to_365_response30_settlement30,250,fixed_aggregate,180,-0.5014041730037662,-17.892347710544186,17.39094353754042,0.1739094353754041,point,
calendar_attribution_shock,20303,calendar_attribution_shock-20303,low,low-w05,14,49,100,daily_to_365_response30_settlement30,250,fixed_aggregate,425,-2.22281054626276,-19.197478306593773,16.974667760331013,0.1697466776033101,point,
calendar_attribution_shock,20303,calendar_attribution_shock-20303,low,low-w05,14,49,100,daily_to_365_response30_settlement30,250,observable_survival,30,-16.41418093047138,-17.416380708835778,1.002199778364396,0.0100219977836439,point,
calendar_attribution_shock,20303,calendar_attribution_shock-20303,low,low-w05,14,49,100,daily_to_365_response30_settlement30,250,observable_survival,90,-14.498143292617533,-17.029160641706444,2.531017349088911,0.0253101734908891,point,
calendar_attribution_shock,20303,calendar_attribution_shock-20303,low,low-w05,14,49,100,daily_to_365_response30_settlement30,250,observable_survival,180,-14.60054280347477,-17.892347710544186,3.291804907069416,0.0329180490706941,point,
calendar_attribution_shock,20303,calendar_attribution_shock-20303,low,low-w05,14,49,100,daily_to_365_response30_settlement30,250,observable_survival,425,-17.185515812079945,-19.197478306593773,2.011962494513828,0.0201196249451382,point,
calendar_attribution_shock,20303,calendar_attribution_shock-20303,middle,middle-w05,14,49,100,daily_to_365_response30_settlement30,250,fixed_aggregate,30,-4.7731603339514415,-7.756395026828757,2.983234692877316,0.0298323469287731,point,
calendar_attribution_shock,20303,calendar_attribution_shock-20303,middle,middle-w05,14,49,100,daily_to_365_response30_settlement30,250,fixed_aggregate,90,4.053602956553935,-1.3498546623450371,5.4034576188989725,0.0540345761889897,point,
calendar_attribution_shock,20303,calendar_attribution_shock-20303,middle,middle-w05,14,49,100,daily_to_365_response30_settlement30,250,fixed_aggregate,180,5.930506523505514,6.561267709861094,0.6307611863555804,0.0063076118635558,point,
calendar_attribution_shock,20303,calendar_attribution_shock-20303,middle,middle-w05,14,49,100,daily_to_365_response30_settlement30,250,fixed_aggregate,425,4.270475723197503,6.32617110742618,2.0556953842286774,0.0205569538422867,point,
calendar_attribution_shock,20303,calendar_attribution_shock-20303,middle,middle-w05,14,49,100,daily_to_365_response30_settlement30,250,observable_survival,30,-7.806890806017528,-7.756395026828757,0.050495779188771,0.0005049577918877,point,
calendar_attribution_shock,20303,calendar_attribution_shock-20303,middle,middle-w05,14,49,100,daily_to_365_response30_settlement30,250,observable_survival,90,1.5458518838143955,-1.3498546623450371,2.895706546159433,0.0289570654615943,point,
calendar_attribution_shock,20303,calendar_attribution_shock-20303,middle,middle-w05,14,49,100,daily_to_365_response30_settlement30,250,observable_survival,180,5.489651062276363,6.561267709861094,1.0716166475847313,0.0107161664758473,point,
calendar_attribution_shock,20303,calendar_attribution_shock-20303,middle,middle-w05,14,49,100,daily_to_365_response30_settlement30,250,observable_survival,425,4.333208124609542,6.32617110742618,1.9929629828166384,0.0199296298281663,point,
calendar_attribution_shock,20303,calendar_attribution_shock-20303,high,high-w05,14,49,100,daily_to_365_response30_settlement30,250,fixed_aggregate,30,15.21370247214704,25.012546835444795,9.798844363297755,0.0979884436329775,point,
calendar_attribution_shock,20303,calendar_attribution_shock-20303,high,high-w05,14,49,100,daily_to_365_response30_settlement30,250,fixed_aggregate,90,23.942970377236392,43.14393546054488,19.20096508330849,0.1920096508330848,point,
calendar_attribution_shock,20303,calendar_attribution_shock-20303,high,high-w05,14,49,100,daily_to_365_response30_settlement30,250,fixed_aggregate,180,25.70842100699121,64.90540648264583,39.19698547565462,0.3919698547565462,point,
calendar_attribution_shock,20303,calendar_attribution_shock-20303,high,high-w05,14,49,100,daily_to_365_response30_settlement30,250,fixed_aggregate,425,23.82690368895137,67.70647762615472,43.87957393720336,0.4387957393720335,point,
calendar_attribution_shock,20303,calendar_attribution_shock-20303,high,high-w05,14,49,100,daily_to_365_response30_settlement30,250,observable_survival,30,21.84158860575908,25.012546835444795,3.170958229685713,0.0317095822968571,point,
calendar_attribution_shock,20303,calendar_attribution_shock-20303,high,high-w05,14,49,100,daily_to_365_response30_settlement30,250,observable_survival,90,50.98577092449631,43.14393546054488,7.841835463951426,0.0784183546395142,point,
calendar_attribution_shock,20303,calendar_attribution_shock-20303,high,high-w05,14,49,100,daily_to_365_response30_settlement30,250,observable_survival,180,65.49067656628293,64.90540648264583,0.5852700836370985,0.0058527008363709,point,
calendar_attribution_shock,20303,calendar_attribution_shock-20303,high,high-w05,14,49,100,daily_to_365_response30_settlement30,250,observable_survival,425,67.80290458726523,67.70647762615472,0.0964269611105095,0.000964269611105,point,
calendar_attribution_shock,20303,calendar_attribution_shock-20303,low,low-w05,30,65,100,daily_to_365_response30_settlement30,250,fixed_aggregate,90,-5.108180953620336,-17.029160641706444,11.920979688086106,0.119209796880861,point,
calendar_attribution_shock,20303,calendar_attribution_shock-20303,low,low-w05,30,65,100,daily_to_365_response30_settlement30,250,fixed_aggregate,180,-0.424083785119192,-17.892347710544186,17.468263925424996,0.1746826392542499,point,
calendar_attribution_shock,20303,calendar_attribution_shock-20303,low,low-w05,30,65,100,daily_to_365_response30_settlement30,250,fixed_aggregate,425,-1.05699063546691,-19.197478306593773,18.140487671126863,0.1814048767112686,point,
calendar_attribution_shock,20303,calendar_attribution_shock-20303,low,low-w05,30,65,100,daily_to_365_response30_settlement30,250,observable_survival,90,-14.948463123787596,-17.029160641706444,2.0806975179188463,0.0208069751791884,point,
calendar_attribution_shock,20303,calendar_attribution_shock-20303,low,low-w05,30,65,100,daily_to_365_response30_settlement30,250,observable_survival,180,-14.14618297974422,-17.892347710544186,3.746164730799967,0.0374616473079996,point,
calendar_attribution_shock,20303,calendar_attribution_shock-20303,low,low-w05,30,65,100,daily_to_365_response30_settlement30,250,observable_survival,425,-16.46394991189321,-19.197478306593773,2.7335283947005635,0.0273352839470056,point,
calendar_attribution_shock,20303,calendar_attribution_shock-20303,middle,middle-w05,30,65,100,daily_to_365_response30_settlement30,250,fixed_aggregate,90,4.915748784180122,-1.3498546623450371,6.26560344652516,0.0626560344652516,point,
calendar_attribution_shock,20303,calendar_attribution_shock-20303,middle,middle-w05,30,65,100,daily_to_365_response30_settlement30,250,fixed_aggregate,180,9.666101540389972,6.561267709861094,3.104833830528878,0.0310483383052887,point,
calendar_attribution_shock,20303,calendar_attribution_shock-20303,middle,middle-w05,30,65,100,daily_to_365_response30_settlement30,250,fixed_aggregate,425,9.12030863234856,6.32617110742618,2.7941375249223803,0.0279413752492238,point,
calendar_attribution_shock,20303,calendar_attribution_shock-20303,middle,middle-w05,30,65,100,daily_to_365_response30_settlement30,250,observable_survival,90,0.3067783442724413,-1.3498546623450371,1.6566330066174784,0.0165663300661747,point,
calendar_attribution_shock,20303,calendar_attribution_shock-20303,middle,middle-w05,30,65,100,daily_to_365_response30_settlement30,250,observable_survival,180,1.7088561786669485,6.561267709861094,4.852411531194146,0.0485241153119414,point,
calendar_attribution_shock,20303,calendar_attribution_shock-20303,middle,middle-w05,30,65,100,daily_to_365_response30_settlement30,250,observable_survival,425,-0.3330189777236392,6.32617110742618,6.659190085149819,0.0665919008514981,point,
calendar_attribution_shock,20303,calendar_attribution_shock-20303,high,high-w05,30,65,100,daily_to_365_response30_settlement30,250,fixed_aggregate,90,38.412341135240666,43.14393546054488,4.731594325304215,0.0473159432530421,point,
calendar_attribution_shock,20303,calendar_attribution_shock-20303,high,high-w05,30,65,100,daily_to_365_response30_settlement30,250,fixed_aggregate,180,43.1566230799182,64.90540648264583,21.748783402727632,0.2174878340272763,point,
calendar_attribution_shock,20303,calendar_attribution_shock-20303,high,high-w05,30,65,100,daily_to_365_response30_settlement30,250,fixed_aggregate,425,42.71371809812802,67.70647762615472,24.992759528026703,0.249927595280267,point,
calendar_attribution_shock,20303,calendar_attribution_shock-20303,high,high-w05,30,65,100,daily_to_365_response30_settlement30,250,observable_survival,90,54.68115221818669,43.14393546054488,11.537216757641808,0.115372167576418,point,
calendar_attribution_shock,20303,calendar_attribution_shock-20303,high,high-w05,30,65,100,daily_to_365_response30_settlement30,250,observable_survival,180,69.20687899739825,64.90540648264583,4.301472514752419,0.0430147251475241,point,
calendar_attribution_shock,20303,calendar_attribution_shock-20303,high,high-w05,30,65,100,daily_to_365_response30_settlement30,250,observable_survival,425,71.60431619479198,67.70647762615472,3.897838568637255,0.0389783856863725,point,
calendar_attribution_shock,20303,calendar_attribution_shock-20303,low,low-w05,60,95,100,daily_to_365_response30_settlement30,250,fixed_aggregate,90,-12.924518138926874,-17.029160641706444,4.104642502779569,0.0410464250277956,point,
calendar_attribution_shock,20303,calendar_attribution_shock-20303,low,low-w05,60,95,100,daily_to_365_response30_settlement30,250,fixed_aggregate,180,-10.131173072785092,-17.892347710544186,7.761174637759094,0.0776117463775909,point,
calendar_attribution_shock,20303,calendar_attribution_shock-20303,low,low-w05,60,95,100,daily_to_365_response30_settlement30,250,fixed_aggregate,425,-11.265422074032765,-19.197478306593773,7.932056232561008,0.07932056232561,point,
calendar_attribution_shock,20303,calendar_attribution_shock-20303,low,low-w05,60,95,100,daily_to_365_response30_settlement30,250,observable_survival,90,-15.817705622219872,-17.029160641706444,1.2114550194865714,0.0121145501948657,point,
calendar_attribution_shock,20303,calendar_attribution_shock-20303,low,low-w05,60,95,100,daily_to_365_response30_settlement30,250,observable_survival,180,-16.113405500851606,-17.892347710544186,1.7789422096925804,0.0177894220969258,point,
calendar_attribution_shock,20303,calendar_attribution_shock-20303,low,low-w05,60,95,100,daily_to_365_response30_settlement30,250,observable_survival,425,-18.596844987575484,-19.197478306593773,0.6006333190182893,0.0060063331901828,point,
calendar_attribution_shock,20303,calendar_attribution_shock-20303,middle,middle-w05,60,95,100,daily_to_365_response30_settlement30,250,fixed_aggregate,90,2.294525782554354,-1.3498546623450371,3.644380444899391,0.0364438044489939,point,
calendar_attribution_shock,20303,calendar_attribution_shock-20303,middle,middle-w05,60,95,100,daily_to_365_response30_settlement30,250,fixed_aggregate,180,5.1016953088026815,6.561267709861094,1.4595724010584128,0.0145957240105841,point,
calendar_attribution_shock,20303,calendar_attribution_shock-20303,middle,middle-w05,60,95,100,daily_to_365_response30_settlement30,250,fixed_aggregate,425,3.909722640278232,6.32617110742618,2.4164484671479483,0.0241644846714794,point,
calendar_attribution_shock,20303,calendar_attribution_shock-20303,middle,middle-w05,60,95,100,daily_to_365_response30_settlement30,250,observable_survival,90,2.7016155996761237,-1.3498546623450371,4.0514702620211605,0.0405147026202116,point,
calendar_attribution_shock,20303,calendar_attribution_shock-20303,middle,middle-w05,60,95,100,daily_to_365_response30_settlement30,250,observable_survival,180,7.986900770250259,6.561267709861094,1.4256330603891645,0.0142563306038916,point,
calendar_attribution_shock,20303,calendar_attribution_shock-20303,middle,middle-w05,60,95,100,daily_to_365_response30_settlement30,250,observable_survival,425,7.358247430788432,6.32617110742618,1.0320763233622516,0.0103207632336225,point,
calendar_attribution_shock,20303,calendar_attribution_shock-20303,high,high-w05,60,95,100,daily_to_365_response30_settlement30,250,fixed_aggregate,90,45.306589093728185,43.14393546054488,2.162653633183304,0.021626536331833,point,
calendar_attribution_shock,20303,calendar_attribution_shock-20303,high,high-w05,60,95,100,daily_to_365_response30_settlement30,250,fixed_aggregate,180,48.145237860506846,64.90540648264583,16.760168622138984,0.1676016862213898,point,
calendar_attribution_shock,20303,calendar_attribution_shock-20303,high,high-w05,60,95,100,daily_to_365_response30_settlement30,250,fixed_aggregate,425,47.21789104397898,67.70647762615472,20.488586582175746,0.2048858658217574,point,
calendar_attribution_shock,20303,calendar_attribution_shock-20303,high,high-w05,60,95,100,daily_to_365_response30_settlement30,250,observable_survival,90,50.52989546024448,43.14393546054488,7.385959999699594,0.0738595999969959,point,
calendar_attribution_shock,20303,calendar_attribution_shock-20303,high,high-w05,60,95,100,daily_to_365_response30_settlement30,250,observable_survival,180,66.95317166933187,64.90540648264583,2.047765186686036,0.0204776518668603,point,
calendar_attribution_shock,20303,calendar_attribution_shock-20303,high,high-w05,60,95,100,daily_to_365_response30_settlement30,250,observable_survival,425,70.03928333157427,67.70647762615472,2.332805705419545,0.0233280570541954,point,
collapse_tail,10101,collapse_tail-10101,low,low-w05,3,38,100,daily_to_365_response30_settlement30,250,fixed_aggregate,30,-1.7274592838561145,-16.931933893426635,15.20447460957052,0.1520447460957052,point,
collapse_tail,10101,collapse_tail-10101,low,low-w05,3,38,100,daily_to_365_response30_settlement30,250,fixed_aggregate,90,9.193946144495357,-14.965270028985373,24.15921617348073,0.2415921617348073,point,
collapse_tail,10101,collapse_tail-10101,low,low-w05,3,38,100,daily_to_365_response30_settlement30,250,fixed_aggregate,180,13.567808166463836,-14.943611411207057,28.511419577670893,0.2851141957767089,point,
collapse_tail,10101,collapse_tail-10101,low,low-w05,3,38,100,daily_to_365_response30_settlement30,250,fixed_aggregate,425,12.963883372445352,-17.3973215318997,30.36120490434505,0.3036120490434505,point,
collapse_tail,10101,collapse_tail-10101,low,low-w05,3,38,100,daily_to_365_response30_settlement30,250,observable_survival,30,-16.448909763797143,-16.931933893426635,0.4830241296294915,0.0048302412962949,point,
collapse_tail,10101,collapse_tail-10101,low,low-w05,3,38,100,daily_to_365_response30_settlement30,250,observable_survival,90,-15.50513178648172,-14.965270028985373,0.5398617574963467,0.0053986175749634,point,
collapse_tail,10101,collapse_tail-10101,low,low-w05,3,38,100,daily_to_365_response30_settlement30,250,observable_survival,180,-16.204512752198507,-14.943611411207057,1.2609013409914525,0.0126090134099145,point,
collapse_tail,10101,collapse_tail-10101,low,low-w05,3,38,100,daily_to_365_response30_settlement30,250,observable_survival,425,-18.885691081723657,-17.3973215318997,1.4883695498239575,0.0148836954982395,point,
collapse_tail,10101,collapse_tail-10101,middle,middle-w05,3,38,100,daily_to_365_response30_settlement30,250,fixed_aggregate,30,1.1647388643020389,-8.131789399571996,9.296528263874036,0.0929652826387403,point,
collapse_tail,10101,collapse_tail-10101,middle,middle-w05,3,38,100,daily_to_365_response30_settlement30,250,fixed_aggregate,90,12.066399902486983,2.5848910977001114,9.481508804786872,0.0948150880478687,point,
collapse_tail,10101,collapse_tail-10101,middle,middle-w05,3,38,100,daily_to_365_response30_settlement30,250,fixed_aggregate,180,16.403280253732195,7.423129147876718,8.980151105855477,0.0898015110585547,point,
collapse_tail,10101,collapse_tail-10101,middle,middle-w05,3,38,100,daily_to_365_response30_settlement30,250,fixed_aggregate,425,15.705369446234178,6.77648071903871,8.928888727195467,0.0892888872719546,point,
collapse_tail,10101,collapse_tail-10101,middle,middle-w05,3,38,100,daily_to_365_response30_settlement30,250,observable_survival,30,-3.7274353761696895,-8.131789399571996,4.4043540234023055,0.044043540234023,point,
collapse_tail,10101,collapse_tail-10101,middle,middle-w05,3,38,100,daily_to_365_response30_settlement30,250,observable_survival,90,6.458563643194405,2.5848910977001114,3.8736725454942937,0.0387367254549429,point,
collapse_tail,10101,collapse_tail-10101,middle,middle-w05,3,38,100,daily_to_365_response30_settlement30,250,observable_survival,180,10.341293078091402,7.423129147876718,2.918163930214684,0.0291816393021468,point,
collapse_tail,10101,collapse_tail-10101,middle,middle-w05,3,38,100,daily_to_365_response30_settlement30,250,observable_survival,425,9.130426731761528,6.77648071903871,2.353946012722818,0.0235394601272281,point,
collapse_tail,10101,collapse_tail-10101,high,high-w05,3,38,100,daily_to_365_response30_settlement30,250,fixed_aggregate,30,6.358865535108115,12.359455120106366,6.000589584998251,0.0600058958499825,point,
collapse_tail,10101,collapse_tail-10101,high,high-w05,3,38,100,daily_to_365_response30_settlement30,250,fixed_aggregate,90,17.318364007081225,42.55737282496694,25.239008817885715,0.2523900881788571,point,
collapse_tail,10101,collapse_tail-10101,high,high-w05,3,38,100,daily_to_365_response30_settlement30,250,fixed_aggregate,180,21.78495504475373,58.10318393624965,36.31822889149592,0.3631822889149592,point,
collapse_tail,10101,collapse_tail-10101,high,high-w05,3,38,100,daily_to_365_response30_settlement30,250,fixed_aggregate,425,21.457910330486637,59.656824509851546,38.19891417936491,0.3819891417936491,point,
collapse_tail,10101,collapse_tail-10101,high,high-w05,3,38,100,daily_to_365_response30_settlement30,250,observable_survival,30,23.05571366661218,12.359455120106366,10.696258546505817,0.1069625854650581,point,
collapse_tail,10101,collapse_tail-10101,high,high-w05,3,38,100,daily_to_365_response30_settlement30,250,observable_survival,90,47.043934257912085,42.55737282496694,4.486561432945145,0.0448656143294514,point,
collapse_tail,10101,collapse_tail-10101,high,high-w05,3,38,100,daily_to_365_response30_settlement30,250,observable_survival,180,57.20699105733595,58.10318393624965,0.8961928789137019,0.008961928789137,point,
collapse_tail,10101,collapse_tail-10101,high,high-w05,3,38,100,daily_to_365_response30_settlement30,250,observable_survival,425,58.27276251550491,59.656824509851546,1.384061994346638,0.0138406199434663,point,
collapse_tail,10101,collapse_tail-10101,low,low-w05,7,42,100,daily_to_365_response30_settlement30,250,fixed_aggregate,30,-3.4398430657897268,-16.931933893426635,13.492090827636908,0.134920908276369,point,
collapse_tail,10101,collapse_tail-10101,low,low-w05,7,42,100,daily_to_365_response30_settlement30,250,fixed_aggregate,90,7.068518025897963,-14.965270028985373,22.03378805488333,0.2203378805488333,point,
collapse_tail,10101,collapse_tail-10101,low,low-w05,7,42,100,daily_to_365_response30_settlement30,250,fixed_aggregate,180,10.559424410835886,-14.943611411207057,25.50303582204294,0.2550303582204294,point,
collapse_tail,10101,collapse_tail-10101,low,low-w05,7,42,100,daily_to_365_response30_settlement30,250,fixed_aggregate,425,9.518655069818983,-17.3973215318997,26.915976601718683,0.2691597660171868,point,
collapse_tail,10101,collapse_tail-10101,low,low-w05,7,42,100,daily_to_365_response30_settlement30,250,observable_survival,30,-15.881824027071945,-16.931933893426635,1.050109866354692,0.0105010986635469,point,
collapse_tail,10101,collapse_tail-10101,low,low-w05,7,42,100,daily_to_365_response30_settlement30,250,observable_survival,90,-12.612873404183729,-14.965270028985373,2.3523966248016457,0.0235239662480164,point,
collapse_tail,10101,collapse_tail-10101,low,low-w05,7,42,100,daily_to_365_response30_settlement30,250,observable_survival,180,-12.043954084232496,-14.943611411207057,2.899657326974559,0.0289965732697455,point,
collapse_tail,10101,collapse_tail-10101,low,low-w05,7,42,100,daily_to_365_response30_settlement30,250,observable_survival,425,-14.379634070328317,-17.3973215318997,3.0176874615713825,0.0301768746157138,point,
collapse_tail,10101,collapse_tail-10101,middle,middle-w05,7,42,100,daily_to_365_response30_settlement30,250,fixed_aggregate,30,0.0466661511534123,-8.131789399571996,8.178455550725408,0.081784555507254,point,
collapse_tail,10101,collapse_tail-10101,middle,middle-w05,7,42,100,daily_to_365_response30_settlement30,250,fixed_aggregate,90,10.5660255327408,2.5848910977001114,7.981134435040687,0.0798113443504068,point,
collapse_tail,10101,collapse_tail-10101,middle,middle-w05,7,42,100,daily_to_365_response30_settlement30,250,fixed_aggregate,180,14.089179803828992,7.423129147876718,6.666050655952274,0.0666605065595227,point,
collapse_tail,10101,collapse_tail-10101,middle,middle-w05,7,42,100,daily_to_365_response30_settlement30,250,fixed_aggregate,425,13.159801613927522,6.77648071903871,6.383320894888812,0.0638332089488881,point,
collapse_tail,10101,collapse_tail-10101,middle,middle-w05,7,42,100,daily_to_365_response30_settlement30,250,observable_survival,30,-4.708521954227819,-8.131789399571996,3.4232674453441776,0.0342326744534417,point,
collapse_tail,10101,collapse_tail-10101,middle,middle-w05,7,42,100,daily_to_365_response30_settlement30,250,observable_survival,90,7.0117402312343575,2.5848910977001114,4.426849133534246,0.0442684913353424,point,
collapse_tail,10101,collapse_tail-10101,middle,middle-w05,7,42,100,daily_to_365_response30_settlement30,250,observable_survival,180,11.842886336945314,7.423129147876718,4.419757189068596,0.0441975718906859,point,
collapse_tail,10101,collapse_tail-10101,middle,middle-w05,7,42,100,daily_to_365_response30_settlement30,250,observable_survival,425,11.016878029636109,6.77648071903871,4.240397310597399,0.0424039731059739,point,
collapse_tail,10101,collapse_tail-10101,high,high-w05,7,42,100,daily_to_365_response30_settlement30,250,fixed_aggregate,30,6.38649953580495,12.359455120106366,5.972955584301416,0.0597295558430141,point,
collapse_tail,10101,collapse_tail-10101,high,high-w05,7,42,100,daily_to_365_response30_settlement30,250,fixed_aggregate,90,16.926068135277205,42.55737282496694,25.63130468968973,0.2563130468968973,point,
collapse_tail,10101,collapse_tail-10101,high,high-w05,7,42,100,daily_to_365_response30_settlement30,250,fixed_aggregate,180,20.498398690236076,58.10318393624965,37.60478524601358,0.3760478524601358,point,
collapse_tail,10101,collapse_tail-10101,high,high-w05,7,42,100,daily_to_365_response30_settlement30,250,fixed_aggregate,425,19.703885240112623,59.656824509851546,39.95293926973892,0.3995293926973892,point,
collapse_tail,10101,collapse_tail-10101,high,high-w05,7,42,100,daily_to_365_response30_settlement30,250,observable_survival,30,17.990776375439935,12.359455120106366,5.631321255333569,0.0563132125533356,point,
collapse_tail,10101,collapse_tail-10101,high,high-w05,7,42,100,daily_to_365_response30_settlement30,250,observable_survival,90,44.62657868768615,42.55737282496694,2.0692058627192083,0.020692058627192,point,
collapse_tail,10101,collapse_tail-10101,high,high-w05,7,42,100,daily_to_365_response30_settlement30,250,observable_survival,180,56.57696703667495,58.10318393624965,1.526216899574699,0.0152621689957469,point,
collapse_tail,10101,collapse_tail-10101,high,high-w05,7,42,100,daily_to_365_response30_settlement30,250,observable_survival,425,58.17628593028533,59.656824509851546,1.4805385795662218,0.0148053857956622,point,
collapse_tail,10101,collapse_tail-10101,low,low-w05,14,49,100,daily_to_365_response30_settlement30,250,fixed_aggregate,30,-8.807143950997997,-16.931933893426635,8.124789942428638,0.0812478994242863,point,
collapse_tail,10101,collapse_tail-10101,low,low-w05,14,49,100,daily_to_365_response30_settlement30,250,fixed_aggregate,90,12.310173584637498,-14.965270028985373,27.27544361362287,0.2727544361362287,point,
collapse_tail,10101,collapse_tail-10101,low,low-w05,14,49,100,daily_to_365_response30_settlement30,250,fixed_aggregate,180,23.75048603171467,-14.943611411207057,38.69409744292172,0.3869409744292172,point,
collapse_tail,10101,collapse_tail-10101,low,low-w05,14,49,100,daily_to_365_response30_settlement30,250,fixed_aggregate,425,25.72668917557204,-17.3973215318997,43.12401070747174,0.4312401070747174,point,
collapse_tail,10101,collapse_tail-10101,low,low-w05,14,49,100,daily_to_365_response30_settlement30,250,observable_survival,30,-16.363236146397668,-16.931933893426635,0.5686977470289669,0.0056869774702896,point,
collapse_tail,10101,collapse_tail-10101,low,low-w05,14,49,100,daily_to_365_response30_settlement30,250,observable_survival,90,-11.812056707197089,-14.965270028985373,3.153213321788284,0.0315321332178828,point,
collapse_tail,10101,collapse_tail-10101,low,low-w05,14,49,100,daily_to_365_response30_settlement30,250,observable_survival,180,-10.453035640368682,-14.943611411207057,4.4905757708383724,0.0449057577083837,point,
collapse_tail,10101,collapse_tail-10101,low,low-w05,14,49,100,daily_to_365_response30_settlement30,250,observable_survival,425,-12.635884302466982,-17.3973215318997,4.761437229432717,0.0476143722943271,point,
collapse_tail,10101,collapse_tail-10101,middle,middle-w05,14,49,100,daily_to_365_response30_settlement30,250,fixed_aggregate,30,-3.524912874334392,-8.131789399571996,4.606876525237604,0.046068765252376,point,
collapse_tail,10101,collapse_tail-10101,middle,middle-w05,14,49,100,daily_to_365_response30_settlement30,250,fixed_aggregate,90,17.61185942552312,2.5848910977001114,15.02696832782301,0.1502696832782301,point,
collapse_tail,10101,collapse_tail-10101,middle,middle-w05,14,49,100,daily_to_365_response30_settlement30,250,fixed_aggregate,180,29.13629828849833,7.423129147876718,21.713169140621616,0.2171316914062161,point,
collapse_tail,10101,collapse_tail-10101,middle,middle-w05,14,49,100,daily_to_365_response30_settlement30,250,fixed_aggregate,425,31.41279897778323,6.77648071903871,24.63631825874452,0.2463631825874452,point,
collapse_tail,10101,collapse_tail-10101,middle,middle-w05,14,49,100,daily_to_365_response30_settlement30,250,observable_survival,30,-6.6771539401196485,-8.131789399571996,1.4546354594523478,0.0145463545945234,point,
collapse_tail,10101,collapse_tail-10101,middle,middle-w05,14,49,100,daily_to_365_response30_settlement30,250,observable_survival,90,5.672634657976398,2.5848910977001114,3.087743560276287,0.0308774356027628,point,
collapse_tail,10101,collapse_tail-10101,middle,middle-w05,14,49,100,daily_to_365_response30_settlement30,250,observable_survival,180,10.943628990016334,7.423129147876718,3.520499842139616,0.0352049984213961,point,
collapse_tail,10101,collapse_tail-10101,middle,middle-w05,14,49,100,daily_to_365_response30_settlement30,250,observable_survival,425,10.279804240737723,6.77648071903871,3.5033235216990155,0.0350332352169901,point,
collapse_tail,10101,collapse_tail-10101,high,high-w05,14,49,100,daily_to_365_response30_settlement30,250,fixed_aggregate,30,7.676040791401916,12.359455120106366,4.68341432870445,0.0468341432870445,point,
collapse_tail,10101,collapse_tail-10101,high,high-w05,14,49,100,daily_to_365_response30_settlement30,250,fixed_aggregate,90,28.79105485350307,42.55737282496694,13.76631797146387,0.1376631797146387,point,
collapse_tail,10101,collapse_tail-10101,high,high-w05,14,49,100,daily_to_365_response30_settlement30,250,fixed_aggregate,180,40.29909872686218,58.10318393624965,17.804085209387473,0.1780408520938747,point,
collapse_tail,10101,collapse_tail-10101,high,high-w05,14,49,100,daily_to_365_response30_settlement30,250,fixed_aggregate,425,42.48345944547723,59.656824509851546,17.173365064374316,0.1717336506437431,point,
collapse_tail,10101,collapse_tail-10101,high,high-w05,14,49,100,daily_to_365_response30_settlement30,250,observable_survival,30,16.03715962948021,12.359455120106366,3.6777045093738447,0.0367770450937384,point,
collapse_tail,10101,collapse_tail-10101,high,high-w05,14,49,100,daily_to_365_response30_settlement30,250,observable_survival,90,51.63646074876209,42.55737282496694,9.07908792379515,0.0907908792379515,point,
collapse_tail,10101,collapse_tail-10101,high,high-w05,14,49,100,daily_to_365_response30_settlement30,250,observable_survival,180,69.11877083407644,58.10318393624965,11.015586897826791,0.1101558689782679,point,
collapse_tail,10101,collapse_tail-10101,high,high-w05,14,49,100,daily_to_365_response30_settlement30,250,observable_survival,425,72.50910064953443,59.656824509851546,12.852276139682886,0.1285227613968288,point,
collapse_tail,10101,collapse_tail-10101,low,low-w05,30,65,100,daily_to_365_response30_settlement30,250,fixed_aggregate,90,-0.0807984487545927,-14.965270028985373,14.88447158023078,0.1488447158023078,point,
collapse_tail,10101,collapse_tail-10101,low,low-w05,30,65,100,daily_to_365_response30_settlement30,250,fixed_aggregate,180,7.718929525733783,-14.943611411207057,22.66254093694084,0.2266254093694083,point,
collapse_tail,10101,collapse_tail-10101,low,low-w05,30,65,100,daily_to_365_response30_settlement30,250,fixed_aggregate,425,8.558751260662845,-17.3973215318997,25.956072792562544,0.2595607279256254,point,
collapse_tail,10101,collapse_tail-10101,low,low-w05,30,65,100,daily_to_365_response30_settlement30,250,observable_survival,90,-14.501119924629275,-14.965270028985373,0.4641501043560971,0.0046415010435609,point,
collapse_tail,10101,collapse_tail-10101,low,low-w05,30,65,100,daily_to_365_response30_settlement30,250,observable_survival,180,-15.412625698380037,-14.943611411207057,0.4690142871729819,0.0046901428717298,point,
collapse_tail,10101,collapse_tail-10101,low,low-w05,30,65,100,daily_to_365_response30_settlement30,250,observable_survival,425,-18.077940757012332,-17.3973215318997,0.6806192251126362,0.0068061922511263,point,
collapse_tail,10101,collapse_tail-10101,middle,middle-w05,30,65,100,daily_to_365_response30_settlement30,250,fixed_aggregate,90,8.776013110548623,2.5848910977001114,6.191122012848512,0.0619112201284851,point,
collapse_tail,10101,collapse_tail-10101,middle,middle-w05,30,65,100,daily_to_365_response30_settlement30,250,fixed_aggregate,180,16.47342372651215,7.423129147876718,9.05029457863543,0.0905029457863543,point,
collapse_tail,10101,collapse_tail-10101,middle,middle-w05,30,65,100,daily_to_365_response30_settlement30,250,fixed_aggregate,425,17.087963842451657,6.77648071903871,10.311483123412948,0.1031148312341294,point,
collapse_tail,10101,collapse_tail-10101,middle,middle-w05,30,65,100,daily_to_365_response30_settlement30,250,observable_survival,90,8.57460990821316,2.5848910977001114,5.9897188105130486,0.0598971881051304,point,
collapse_tail,10101,collapse_tail-10101,middle,middle-w05,30,65,100,daily_to_365_response30_settlement30,250,observable_survival,180,17.964300127561103,7.423129147876718,10.541170979684384,0.1054117097968438,point,
collapse_tail,10101,collapse_tail-10101,middle,middle-w05,30,65,100,daily_to_365_response30_settlement30,250,observable_survival,425,18.561728521631395,6.77648071903871,11.785247802592686,0.1178524780259268,point,
collapse_tail,10101,collapse_tail-10101,high,high-w05,30,65,100,daily_to_365_response30_settlement30,250,fixed_aggregate,90,29.960578794101327,42.55737282496694,12.596794030865611,0.1259679403086561,point,
collapse_tail,10101,collapse_tail-10101,high,high-w05,30,65,100,daily_to_365_response30_settlement30,250,fixed_aggregate,180,37.85718000367071,58.10318393624965,20.246003932578944,0.2024600393257894,point,
collapse_tail,10101,collapse_tail-10101,high,high-w05,30,65,100,daily_to_365_response30_settlement30,250,fixed_aggregate,425,38.90024976347471,59.656824509851546,20.756574746376835,0.2075657474637683,point,
collapse_tail,10101,collapse_tail-10101,high,high-w05,30,65,100,daily_to_365_response30_settlement30,250,observable_survival,90,49.308741301054646,42.55737282496694,6.7513684760877055,0.067513684760877,point,
collapse_tail,10101,collapse_tail-10101,high,high-w05,30,65,100,daily_to_365_response30_settlement30,250,observable_survival,180,67.895742218561,58.10318393624965,9.792558282311347,0.0979255828231134,point,
collapse_tail,10101,collapse_tail-10101,high,high-w05,30,65,100,daily_to_365_response30_settlement30,250,observable_survival,425,71.74402015498242,59.656824509851546,12.087195645130876,0.1208719564513087,point,
collapse_tail,10101,collapse_tail-10101,low,low-w05,60,95,100,daily_to_365_response30_settlement30,250,fixed_aggregate,90,-7.419060244709821,-14.965270028985373,7.546209784275551,0.0754620978427555,point,
collapse_tail,10101,collapse_tail-10101,low,low-w05,60,95,100,daily_to_365_response30_settlement30,250,fixed_aggregate,180,-1.7570836622302706,-14.943611411207057,13.186527748976784,0.1318652774897678,point,
collapse_tail,10101,collapse_tail-10101,low,low-w05,60,95,100,daily_to_365_response30_settlement30,250,fixed_aggregate,425,-1.8652937423627745,-17.3973215318997,15.532027789536924,0.1553202778953692,point,
collapse_tail,10101,collapse_tail-10101,low,low-w05,60,95,100,daily_to_365_response30_settlement30,250,observable_survival,90,-13.787645811338,-14.965270028985373,1.1776242176473737,0.0117762421764737,point,
collapse_tail,10101,collapse_tail-10101,low,low-w05,60,95,100,daily_to_365_response30_settlement30,250,observable_survival,180,-13.483629028956788,-14.943611411207057,1.459982382250267,0.0145998238225026,point,
collapse_tail,10101,collapse_tail-10101,low,low-w05,60,95,100,daily_to_365_response30_settlement30,250,observable_survival,425,-15.778610947363038,-17.3973215318997,1.618710584536661,0.0161871058453666,point,
collapse_tail,10101,collapse_tail-10101,middle,middle-w05,60,95,100,daily_to_365_response30_settlement30,250,fixed_aggregate,90,7.368902846432128,2.5848910977001114,4.784011748732016,0.0478401174873201,point,
collapse_tail,10101,collapse_tail-10101,middle,middle-w05,60,95,100,daily_to_365_response30_settlement30,250,fixed_aggregate,180,12.874663716554672,7.423129147876718,5.451534568677955,0.0545153456867795,point,
collapse_tail,10101,collapse_tail-10101,middle,middle-w05,60,95,100,daily_to_365_response30_settlement30,250,fixed_aggregate,425,12.398177752431064,6.77648071903871,5.621697033392354,0.0562169703339235,point,
collapse_tail,10101,collapse_tail-10101,middle,middle-w05,60,95,100,daily_to_365_response30_settlement30,250,observable_survival,90,5.705314903342103,2.5848910977001114,3.1204238056419915,0.0312042380564199,point,
collapse_tail,10101,collapse_tail-10101,middle,middle-w05,60,95,100,daily_to_365_response30_settlement30,250,observable_survival,180,12.142525826979774,7.423129147876718,4.719396679103056,0.0471939667910305,point,
collapse_tail,10101,collapse_tail-10101,middle,middle-w05,60,95,100,daily_to_365_response30_settlement30,250,observable_survival,425,11.618824091721097,6.77648071903871,4.842343372682385,0.0484234337268238,point,
collapse_tail,10101,collapse_tail-10101,high,high-w05,60,95,100,daily_to_365_response30_settlement30,250,fixed_aggregate,90,42.85468025035114,42.55737282496694,0.2973074253842043,0.002973074253842,point,
collapse_tail,10101,collapse_tail-10101,high,high-w05,60,95,100,daily_to_365_response30_settlement30,250,fixed_aggregate,180,48.59045134643402,58.10318393624965,9.512732589815627,0.0951273258981562,point,
collapse_tail,10101,collapse_tail-10101,high,high-w05,60,95,100,daily_to_365_response30_settlement30,250,fixed_aggregate,425,48.586554881347226,59.656824509851546,11.07026962850432,0.1107026962850432,point,
collapse_tail,10101,collapse_tail-10101,high,high-w05,60,95,100,daily_to_365_response30_settlement30,250,observable_survival,90,51.42609408146894,42.55737282496694,8.868721256501999,0.0886872125650199,point,
collapse_tail,10101,collapse_tail-10101,high,high-w05,60,95,100,daily_to_365_response30_settlement30,250,observable_survival,180,63.14883697513616,58.10318393624965,5.045653038886506,0.050456530388865,point,
collapse_tail,10101,collapse_tail-10101,high,high-w05,60,95,100,daily_to_365_response30_settlement30,250,observable_survival,425,64.67373607493752,59.656824509851546,5.016911565085977,0.0501691156508597,point,
collapse_tail,10202,collapse_tail-10202,low,low-w05,3,38,100,daily_to_365_response30_settlement30,250,fixed_aggregate,30,-3.534904354360004,-15.871595862467617,12.336691508107611,0.1233669150810761,point,
collapse_tail,10202,collapse_tail-10202,low,low-w05,3,38,100,daily_to_365_response30_settlement30,250,fixed_aggregate,90,11.458766465279496,-13.593092099527244,25.051858564806743,0.2505185856480674,point,
collapse_tail,10202,collapse_tail-10202,low,low-w05,3,38,100,daily_to_365_response30_settlement30,250,fixed_aggregate,180,18.727520952847247,-12.981267908584105,31.70878886143135,0.3170878886143135,point,
collapse_tail,10202,collapse_tail-10202,low,low-w05,3,38,100,daily_to_365_response30_settlement30,250,fixed_aggregate,425,19.15072824890747,-15.770754147087358,34.92148239599483,0.3492148239599483,point,
collapse_tail,10202,collapse_tail-10202,low,low-w05,3,38,100,daily_to_365_response30_settlement30,250,observable_survival,30,-15.163935816430136,-15.871595862467617,0.707660046037482,0.0070766004603748,point,
collapse_tail,10202,collapse_tail-10202,low,low-w05,3,38,100,daily_to_365_response30_settlement30,250,observable_survival,90,-10.407280060226215,-13.593092099527244,3.1858120393010267,0.0318581203930102,point,
collapse_tail,10202,collapse_tail-10202,low,low-w05,3,38,100,daily_to_365_response30_settlement30,250,observable_survival,180,-9.019939089056498,-12.981267908584105,3.961328819527607,0.039613288195276,point,
collapse_tail,10202,collapse_tail-10202,low,low-w05,3,38,100,daily_to_365_response30_settlement30,250,observable_survival,425,-11.10518397457681,-15.770754147087358,4.665570172510547,0.0466557017251054,point,
collapse_tail,10202,collapse_tail-10202,middle,middle-w05,3,38,100,daily_to_365_response30_settlement30,250,fixed_aggregate,30,-0.4783059427974244,-5.656244480277321,5.177938537479896,0.0517793853747989,point,
collapse_tail,10202,collapse_tail-10202,middle,middle-w05,3,38,100,daily_to_365_response30_settlement30,250,fixed_aggregate,90,14.508148993049344,11.679356300598965,2.828792692450378,0.0282879269245037,point,
collapse_tail,10202,collapse_tail-10202,middle,middle-w05,3,38,100,daily_to_365_response30_settlement30,250,fixed_aggregate,180,21.778860492357545,17.57883039393067,4.200030098426876,0.0420003009842687,point,
collapse_tail,10202,collapse_tail-10202,middle,middle-w05,3,38,100,daily_to_365_response30_settlement30,250,fixed_aggregate,425,22.241419253407827,19.4642692265432,2.7771500268646285,0.0277715002686462,point,
collapse_tail,10202,collapse_tail-10202,middle,middle-w05,3,38,100,daily_to_365_response30_settlement30,250,observable_survival,30,-2.054095731677126,-5.656244480277321,3.6021487486001957,0.0360214874860019,point,
collapse_tail,10202,collapse_tail-10202,middle,middle-w05,3,38,100,daily_to_365_response30_settlement30,250,observable_survival,90,14.66685913263095,11.679356300598965,2.9875028320319856,0.0298750283203198,point,
collapse_tail,10202,collapse_tail-10202,middle,middle-w05,3,38,100,daily_to_365_response30_settlement30,250,observable_survival,180,22.082210258946123,17.57883039393067,4.503379865015454,0.0450337986501545,point,
collapse_tail,10202,collapse_tail-10202,middle,middle-w05,3,38,100,daily_to_365_response30_settlement30,250,observable_survival,425,22.06367959639619,19.4642692265432,2.5994103698529933,0.0259941036985299,point,
collapse_tail,10202,collapse_tail-10202,high,high-w05,3,38,100,daily_to_365_response30_settlement30,250,fixed_aggregate,30,2.561621858571225,10.469098607247828,7.907476748676602,0.079074767486766,point,
collapse_tail,10202,collapse_tail-10202,high,high-w05,3,38,100,daily_to_365_response30_settlement30,250,fixed_aggregate,90,17.659960394952247,35.72856230660648,18.06860191165423,0.1806860191165423,point,
collapse_tail,10202,collapse_tail-10202,high,high-w05,3,38,100,daily_to_365_response30_settlement30,250,fixed_aggregate,180,25.21916445522005,47.494384141667936,22.27521968644789,0.2227521968644789,point,
collapse_tail,10202,collapse_tail-10202,high,high-w05,3,38,100,daily_to_365_response30_settlement30,250,fixed_aggregate,425,26.54216551373348,50.21141800433218,23.6692524905987,0.236692524905987,point,
collapse_tail,10202,collapse_tail-10202,high,high-w05,3,38,100,daily_to_365_response30_settlement30,250,observable_survival,30,18.33683088188897,10.469098607247828,7.867732274641147,0.0786773227464114,point,
collapse_tail,10202,collapse_tail-10202,high,high-w05,3,38,100,daily_to_365_response30_settlement30,250,observable_survival,90,57.02049289033641,35.72856230660648,21.291930583729936,0.2129193058372993,point,
collapse_tail,10202,collapse_tail-10202,high,high-w05,3,38,100,daily_to_365_response30_settlement30,250,observable_survival,180,74.50921219677468,47.494384141667936,27.014828055106747,0.2701482805510675,point,
collapse_tail,10202,collapse_tail-10202,high,high-w05,3,38,100,daily_to_365_response30_settlement30,250,observable_survival,425,77.91148139572634,50.21141800433218,27.70006339139416,0.2770006339139416,point,
collapse_tail,10202,collapse_tail-10202,low,low-w05,7,42,100,daily_to_365_response30_settlement30,250,fixed_aggregate,30,-6.154595408536118,-15.871595862467617,9.717000453931496,0.0971700045393149,point,
collapse_tail,10202,collapse_tail-10202,low,low-w05,7,42,100,daily_to_365_response30_settlement30,250,fixed_aggregate,90,5.80878678347942,-13.593092099527244,19.401878883006663,0.1940187888300666,point,
collapse_tail,10202,collapse_tail-10202,low,low-w05,7,42,100,daily_to_365_response30_settlement30,250,fixed_aggregate,180,11.014234526845083,-12.981267908584105,23.995502435429188,0.2399550243542919,point,
collapse_tail,10202,collapse_tail-10202,low,low-w05,7,42,100,daily_to_365_response30_settlement30,250,fixed_aggregate,425,10.674471501026003,-15.770754147087358,26.44522564811336,0.2644522564811336,point,
collapse_tail,10202,collapse_tail-10202,low,low-w05,7,42,100,daily_to_365_response30_settlement30,250,observable_survival,30,-16.033464840367483,-15.871595862467617,0.1618689778998661,0.0016186897789986,point,
collapse_tail,10202,collapse_tail-10202,low,low-w05,7,42,100,daily_to_365_response30_settlement30,250,observable_survival,90,-11.582667919362716,-13.593092099527244,2.0104241801645277,0.0201042418016452,point,
collapse_tail,10202,collapse_tail-10202,low,low-w05,7,42,100,daily_to_365_response30_settlement30,250,observable_survival,180,-10.337220822841742,-12.981267908584105,2.644047085742363,0.0264404708574236,point,
collapse_tail,10202,collapse_tail-10202,low,low-w05,7,42,100,daily_to_365_response30_settlement30,250,observable_survival,425,-12.4221337339951,-15.770754147087358,3.3486204130922577,0.0334862041309225,point,
collapse_tail,10202,collapse_tail-10202,middle,middle-w05,7,42,100,daily_to_365_response30_settlement30,250,fixed_aggregate,30,-1.067942610767299,-5.656244480277321,4.588301869510023,0.0458830186951002,point,
collapse_tail,10202,collapse_tail-10202,middle,middle-w05,7,42,100,daily_to_365_response30_settlement30,250,fixed_aggregate,90,10.910246171214308,11.679356300598965,0.7691101293846572,0.0076911012938465,point,
collapse_tail,10202,collapse_tail-10202,middle,middle-w05,7,42,100,daily_to_365_response30_settlement30,250,fixed_aggregate,180,16.163392442929027,17.57883039393067,1.4154379510016426,0.0141543795100164,point,
collapse_tail,10202,collapse_tail-10202,middle,middle-w05,7,42,100,daily_to_365_response30_settlement30,250,fixed_aggregate,425,15.98770640317555,19.4642692265432,3.476562823367649,0.0347656282336764,point,
collapse_tail,10202,collapse_tail-10202,middle,middle-w05,7,42,100,daily_to_365_response30_settlement30,250,observable_survival,30,-2.583868480994141,-5.656244480277321,3.0723759992831803,0.0307237599928318,point,
collapse_tail,10202,collapse_tail-10202,middle,middle-w05,7,42,100,daily_to_365_response30_settlement30,250,observable_survival,90,12.072225334866893,11.679356300598965,0.3928690342679282,0.0039286903426792,point,
collapse_tail,10202,collapse_tail-10202,middle,middle-w05,7,42,100,daily_to_365_response30_settlement30,250,observable_survival,180,18.367050956476653,17.57883039393067,0.7882205625459839,0.0078822056254598,point,
collapse_tail,10202,collapse_tail-10202,middle,middle-w05,7,42,100,daily_to_365_response30_settlement30,250,observable_survival,425,18.08149441691977,19.4642692265432,1.3827748096234274,0.0138277480962342,point,
collapse_tail,10202,collapse_tail-10202,high,high-w05,7,42,100,daily_to_365_response30_settlement30,250,fixed_aggregate,30,3.772868183454879,10.469098607247828,6.696230423792949,0.0669623042379295,point,
collapse_tail,10202,collapse_tail-10202,high,high-w05,7,42,100,daily_to_365_response30_settlement30,250,fixed_aggregate,90,15.812811782958956,35.72856230660648,19.91575052364752,0.1991575052364752,point,
collapse_tail,10202,collapse_tail-10202,high,high-w05,7,42,100,daily_to_365_response30_settlement30,250,fixed_aggregate,180,21.233850307204744,47.494384141667936,26.260533834463192,0.2626053383446319,point,
collapse_tail,10202,collapse_tail-10202,high,high-w05,7,42,100,daily_to_365_response30_settlement30,250,fixed_aggregate,425,21.57229227109364,50.21141800433218,28.63912573323854,0.2863912573323854,point,
collapse_tail,10202,collapse_tail-10202,high,high-w05,7,42,100,daily_to_365_response30_settlement30,250,observable_survival,30,18.484998338328676,10.469098607247828,8.015899731080845,0.0801589973108084,point,
collapse_tail,10202,collapse_tail-10202,high,high-w05,7,42,100,daily_to_365_response30_settlement30,250,observable_survival,90,58.5628656062329,35.72856230660648,22.83430329962642,0.2283430329962642,point,
collapse_tail,10202,collapse_tail-10202,high,high-w05,7,42,100,daily_to_365_response30_settlement30,250,observable_survival,180,77.17832103248355,47.494384141667936,29.683936890815616,0.2968393689081561,point,
collapse_tail,10202,collapse_tail-10202,high,high-w05,7,42,100,daily_to_365_response30_settlement30,250,observable_survival,425,80.94449161604835,50.21141800433218,30.73307361171617,0.3073307361171617,point,
collapse_tail,10202,collapse_tail-10202,low,low-w05,14,49,100,daily_to_365_response30_settlement30,250,fixed_aggregate,30,-9.602921530620268,-15.871595862467617,6.268674331847349,0.0626867433184734,point,
collapse_tail,10202,collapse_tail-10202,low,low-w05,14,49,100,daily_to_365_response30_settlement30,250,fixed_aggregate,90,4.054056999502252,-13.593092099527244,17.647149099029495,0.1764714909902949,point,
collapse_tail,10202,collapse_tail-10202,low,low-w05,14,49,100,daily_to_365_response30_settlement30,250,fixed_aggregate,180,9.76540296062102,-12.981267908584105,22.74667086920513,0.2274667086920512,point,
collapse_tail,10202,collapse_tail-10202,low,low-w05,14,49,100,daily_to_365_response30_settlement30,250,fixed_aggregate,425,9.53770493651817,-15.770754147087358,25.308459083605527,0.2530845908360553,point,
collapse_tail,10202,collapse_tail-10202,low,low-w05,14,49,100,daily_to_365_response30_settlement30,250,observable_survival,30,-15.875744051600702,-15.871595862467617,0.004148189133085,4.148189133085012e-05,point,
collapse_tail,10202,collapse_tail-10202,low,low-w05,14,49,100,daily_to_365_response30_settlement30,250,observable_survival,90,-13.226355599328144,-13.593092099527244,0.3667365001990994,0.0036673650019909,point,
collapse_tail,10202,collapse_tail-10202,low,low-w05,14,49,100,daily_to_365_response30_settlement30,250,observable_survival,180,-12.918506982275543,-12.981267908584105,0.0627609263085595,0.0006276092630855,point,
collapse_tail,10202,collapse_tail-10202,low,low-w05,14,49,100,daily_to_365_response30_settlement30,250,observable_survival,425,-15.40288626696256,-15.770754147087358,0.3678678801247965,0.0036786788012479,point,
collapse_tail,10202,collapse_tail-10202,middle,middle-w05,14,49,100,daily_to_365_response30_settlement30,250,fixed_aggregate,30,-2.8790936780858147,-5.656244480277321,2.7771508021915063,0.027771508021915,point,
collapse_tail,10202,collapse_tail-10202,middle,middle-w05,14,49,100,daily_to_365_response30_settlement30,250,fixed_aggregate,90,10.759404107390084,11.679356300598965,0.9199521932088804,0.0091995219320888,point,
collapse_tail,10202,collapse_tail-10202,middle,middle-w05,14,49,100,daily_to_365_response30_settlement30,250,fixed_aggregate,180,16.49569996705131,17.57883039393067,1.083130426879361,0.0108313042687936,point,
collapse_tail,10202,collapse_tail-10202,middle,middle-w05,14,49,100,daily_to_365_response30_settlement30,250,fixed_aggregate,425,16.358066145570078,19.4642692265432,3.1062030809731205,0.0310620308097312,point,
collapse_tail,10202,collapse_tail-10202,middle,middle-w05,14,49,100,daily_to_365_response30_settlement30,250,observable_survival,30,-4.197600183477626,-5.656244480277321,1.4586442967996949,0.0145864429679969,point,
collapse_tail,10202,collapse_tail-10202,middle,middle-w05,14,49,100,daily_to_365_response30_settlement30,250,observable_survival,90,11.682202625069188,11.679356300598965,0.002846324470223,2.8463244702230384e-05,point,
collapse_tail,10202,collapse_tail-10202,middle,middle-w05,14,49,100,daily_to_365_response30_settlement30,250,observable_survival,180,19.042124614467586,17.57883039393067,1.4632942205369162,0.0146329422053691,point,
collapse_tail,10202,collapse_tail-10202,middle,middle-w05,14,49,100,daily_to_365_response30_settlement30,250,observable_survival,425,19.014253588857365,19.4642692265432,0.4500156376858335,0.0045001563768583,point,
collapse_tail,10202,collapse_tail-10202,high,high-w05,14,49,100,daily_to_365_response30_settlement30,250,fixed_aggregate,30,4.026366917820833,10.469098607247828,6.442731689426995,0.0644273168942699,point,
collapse_tail,10202,collapse_tail-10202,high,high-w05,14,49,100,daily_to_365_response30_settlement30,250,fixed_aggregate,90,17.700720138734884,35.72856230660648,18.027842167871597,0.1802784216787159,point,
collapse_tail,10202,collapse_tail-10202,high,high-w05,14,49,100,daily_to_365_response30_settlement30,250,fixed_aggregate,180,23.59553042668849,47.494384141667936,23.89885371497944,0.2389885371497944,point,
collapse_tail,10202,collapse_tail-10202,high,high-w05,14,49,100,daily_to_365_response30_settlement30,250,fixed_aggregate,425,23.96798952192465,50.21141800433218,26.243428482407527,0.2624342848240752,point,
collapse_tail,10202,collapse_tail-10202,high,high-w05,14,49,100,daily_to_365_response30_settlement30,250,observable_survival,30,11.909252606893116,10.469098607247828,1.440153999645288,0.0144015399964528,point,
collapse_tail,10202,collapse_tail-10202,high,high-w05,14,49,100,daily_to_365_response30_settlement30,250,observable_survival,90,50.92832833432193,35.72856230660648,15.199766027715455,0.1519976602771545,point,
collapse_tail,10202,collapse_tail-10202,high,high-w05,14,49,100,daily_to_365_response30_settlement30,250,observable_survival,180,69.92617692242054,47.494384141667936,22.4317927807526,0.224317927807526,point,
collapse_tail,10202,collapse_tail-10202,high,high-w05,14,49,100,daily_to_365_response30_settlement30,250,observable_survival,425,73.80113394764915,50.21141800433218,23.589715943316968,0.2358971594331697,point,
collapse_tail,10202,collapse_tail-10202,low,low-w05,30,65,100,daily_to_365_response30_settlement30,250,fixed_aggregate,90,-3.5563942754164537,-13.593092099527244,10.03669782411079,0.1003669782411079,point,
collapse_tail,10202,collapse_tail-10202,low,low-w05,30,65,100,daily_to_365_response30_settlement30,250,fixed_aggregate,180,-0.431090035103485,-12.981267908584105,12.55017787348062,0.1255017787348062,point,
collapse_tail,10202,collapse_tail-10202,low,low-w05,30,65,100,daily_to_365_response30_settlement30,250,fixed_aggregate,425,-1.7575906912864876,-15.770754147087358,14.01316345580087,0.1401316345580087,point,
collapse_tail,10202,collapse_tail-10202,low,low-w05,30,65,100,daily_to_365_response30_settlement30,250,observable_survival,90,-13.159595309488749,-13.593092099527244,0.4334967900384967,0.0043349679003849,point,
collapse_tail,10202,collapse_tail-10202,low,low-w05,30,65,100,daily_to_365_response30_settlement30,250,observable_survival,180,-12.756858846593428,-12.981267908584105,0.2244090619906771,0.0022440906199067,point,
collapse_tail,10202,collapse_tail-10202,low,low-w05,30,65,100,daily_to_365_response30_settlement30,250,observable_survival,425,-15.271940261052034,-15.770754147087358,0.4988138860353235,0.0049881388603532,point,
collapse_tail,10202,collapse_tail-10202,middle,middle-w05,30,65,100,daily_to_365_response30_settlement30,250,fixed_aggregate,90,6.932314310132816,11.679356300598965,4.7470419904661485,0.0474704199046614,point,
collapse_tail,10202,collapse_tail-10202,middle,middle-w05,30,65,100,daily_to_365_response30_settlement30,250,fixed_aggregate,180,10.04747782631436,17.57883039393067,7.53135256761631,0.075313525676163,point,
collapse_tail,10202,collapse_tail-10202,middle,middle-w05,30,65,100,daily_to_365_response30_settlement30,250,fixed_aggregate,425,8.768935941801073,19.4642692265432,10.695333284742125,0.1069533328474212,point,
collapse_tail,10202,collapse_tail-10202,middle,middle-w05,30,65,100,daily_to_365_response30_settlement30,250,observable_survival,90,12.675761909470792,11.679356300598965,0.9964056088718288,0.0099640560887182,point,
collapse_tail,10202,collapse_tail-10202,middle,middle-w05,30,65,100,daily_to_365_response30_settlement30,250,observable_survival,180,23.61513554956822,17.57883039393067,6.0363051556375495,0.0603630515563754,point,
collapse_tail,10202,collapse_tail-10202,middle,middle-w05,30,65,100,daily_to_365_response30_settlement30,250,observable_survival,425,24.743243704859825,19.4642692265432,5.278974478316627,0.0527897447831662,point,
collapse_tail,10202,collapse_tail-10202,high,high-w05,30,65,100,daily_to_365_response30_settlement30,250,fixed_aggregate,90,22.47089896114541,35.72856230660648,13.257663345461063,0.1325766334546106,point,
collapse_tail,10202,collapse_tail-10202,high,high-w05,30,65,100,daily_to_365_response30_settlement30,250,fixed_aggregate,180,25.791725993601982,47.494384141667936,21.702658148065957,0.2170265814806595,point,
collapse_tail,10202,collapse_tail-10202,high,high-w05,30,65,100,daily_to_365_response30_settlement30,250,fixed_aggregate,425,25.16072463785648,50.21141800433218,25.050693366475706,0.250506933664757,point,
collapse_tail,10202,collapse_tail-10202,high,high-w05,30,65,100,daily_to_365_response30_settlement30,250,observable_survival,90,37.65925493885119,35.72856230660648,1.930692632244714,0.0193069263224471,point,
collapse_tail,10202,collapse_tail-10202,high,high-w05,30,65,100,daily_to_365_response30_settlement30,250,observable_survival,180,44.309792254990015,47.494384141667936,3.184591886677921,0.0318459188667792,point,
collapse_tail,10202,collapse_tail-10202,high,high-w05,30,65,100,daily_to_365_response30_settlement30,250,observable_survival,425,44.30821904791669,50.21141800433218,5.903198956415494,0.0590319895641549,point,
collapse_tail,10202,collapse_tail-10202,low,low-w05,60,95,100,daily_to_365_response30_settlement30,250,fixed_aggregate,90,-8.48769151184109,-13.593092099527244,5.1054005876861535,0.0510540058768615,point,
collapse_tail,10202,collapse_tail-10202,low,low-w05,60,95,100,daily_to_365_response30_settlement30,250,fixed_aggregate,180,-4.919623227719012,-12.981267908584105,8.061644680865093,0.0806164468086509,point,
collapse_tail,10202,collapse_tail-10202,low,low-w05,60,95,100,daily_to_365_response30_settlement30,250,fixed_aggregate,425,-6.053538318811752,-15.770754147087358,9.717215828275606,0.097172158282756,point,
collapse_tail,10202,collapse_tail-10202,low,low-w05,60,95,100,daily_to_365_response30_settlement30,250,observable_survival,90,-14.1972262303762,-13.593092099527244,0.604134130848955,0.0060413413084895,point,
collapse_tail,10202,collapse_tail-10202,low,low-w05,60,95,100,daily_to_365_response30_settlement30,250,observable_survival,180,-14.296052085760511,-12.981267908584105,1.3147841771764082,0.013147841771764,point,
collapse_tail,10202,collapse_tail-10202,low,low-w05,60,95,100,daily_to_365_response30_settlement30,250,observable_survival,425,-16.898706122342666,-15.770754147087358,1.1279519752553089,0.011279519752553,point,
collapse_tail,10202,collapse_tail-10202,middle,middle-w05,60,95,100,daily_to_365_response30_settlement30,250,fixed_aggregate,90,11.880233397082035,11.679356300598965,0.2008770964830724,0.0020087709648307,point,
collapse_tail,10202,collapse_tail-10202,middle,middle-w05,60,95,100,daily_to_365_response30_settlement30,250,fixed_aggregate,180,15.397496710064368,17.57883039393067,2.181333683866301,0.021813336838663,point,
collapse_tail,10202,collapse_tail-10202,middle,middle-w05,60,95,100,daily_to_365_response30_settlement30,250,fixed_aggregate,425,14.208252478159412,19.4642692265432,5.256016748383786,0.0525601674838378,point,
collapse_tail,10202,collapse_tail-10202,middle,middle-w05,60,95,100,daily_to_365_response30_settlement30,250,observable_survival,90,12.811857910947372,11.679356300598965,1.1325016103484078,0.011325016103484,point,
collapse_tail,10202,collapse_tail-10202,middle,middle-w05,60,95,100,daily_to_365_response30_settlement30,250,observable_survival,180,21.07034001249928,17.57883039393067,3.4915096185686068,0.034915096185686,point,
collapse_tail,10202,collapse_tail-10202,middle,middle-w05,60,95,100,daily_to_365_response30_settlement30,250,observable_survival,425,21.25079204029896,19.4642692265432,1.786522813755763,0.0178652281375576,point,
collapse_tail,10202,collapse_tail-10202,high,high-w05,60,95,100,daily_to_365_response30_settlement30,250,fixed_aggregate,90,33.68090132281377,35.72856230660648,2.04766098379271,0.0204766098379271,point,
collapse_tail,10202,collapse_tail-10202,high,high-w05,60,95,100,daily_to_365_response30_settlement30,250,fixed_aggregate,180,37.37954805600863,47.494384141667936,10.114836085659306,0.101148360856593,point,
collapse_tail,10202,collapse_tail-10202,high,high-w05,60,95,100,daily_to_365_response30_settlement30,250,fixed_aggregate,425,36.67443631742061,50.21141800433218,13.536981686911568,0.1353698168691156,point,
collapse_tail,10202,collapse_tail-10202,high,high-w05,60,95,100,daily_to_365_response30_settlement30,250,observable_survival,90,39.73022159748663,35.72856230660648,4.001659290880156,0.0400165929088015,point,
collapse_tail,10202,collapse_tail-10202,high,high-w05,60,95,100,daily_to_365_response30_settlement30,250,observable_survival,180,53.24913834952292,47.494384141667936,5.75475420785498,0.0575475420785498,point,
collapse_tail,10202,collapse_tail-10202,high,high-w05,60,95,100,daily_to_365_response30_settlement30,250,observable_survival,425,55.39022899777695,50.21141800433218,5.17881099344477,0.0517881099344477,point,
collapse_tail,10303,collapse_tail-10303,low,low-w05,3,38,100,daily_to_365_response30_settlement30,250,fixed_aggregate,30,-2.7101057820598022,-15.490075524173916,12.779969742114114,0.1277996974211411,point,
collapse_tail,10303,collapse_tail-10303,low,low-w05,3,38,100,daily_to_365_response30_settlement30,250,fixed_aggregate,90,12.82315299625744,-10.1676810438625,22.99083404011994,0.2299083404011994,point,
collapse_tail,10303,collapse_tail-10303,low,low-w05,3,38,100,daily_to_365_response30_settlement30,250,fixed_aggregate,180,20.48747491100596,-6.752191707407621,27.239666618413583,0.2723966661841358,point,
collapse_tail,10303,collapse_tail-10303,low,low-w05,3,38,100,daily_to_365_response30_settlement30,250,fixed_aggregate,425,20.840001422311666,-8.523879679483763,29.363881101795428,0.2936388110179543,point,
collapse_tail,10303,collapse_tail-10303,low,low-w05,3,38,100,daily_to_365_response30_settlement30,250,observable_survival,30,-14.729020309835391,-15.490075524173916,0.7610552143385227,0.0076105521433852,point,
collapse_tail,10303,collapse_tail-10303,low,low-w05,3,38,100,daily_to_365_response30_settlement30,250,observable_survival,90,-11.371671197536182,-10.1676810438625,1.2039901536736828,0.0120399015367368,point,
collapse_tail,10303,collapse_tail-10303,low,low-w05,3,38,100,daily_to_365_response30_settlement30,250,observable_survival,180,-10.777938390782332,-6.752191707407621,4.02574668337471,0.0402574668337471,point,
collapse_tail,10303,collapse_tail-10303,low,low-w05,3,38,100,daily_to_365_response30_settlement30,250,observable_survival,425,-13.332319355917717,-8.523879679483763,4.808439676433952,0.0480843967643395,point,
collapse_tail,10303,collapse_tail-10303,middle,middle-w05,3,38,100,daily_to_365_response30_settlement30,250,fixed_aggregate,30,0.8046718391335923,-5.31653098756639,6.121202826699982,0.0612120282669998,point,
collapse_tail,10303,collapse_tail-10303,middle,middle-w05,3,38,100,daily_to_365_response30_settlement30,250,fixed_aggregate,90,16.379046430484564,11.117577308475536,5.261469122009029,0.0526146912200902,point,
collapse_tail,10303,collapse_tail-10303,middle,middle-w05,3,38,100,daily_to_365_response30_settlement30,250,fixed_aggregate,180,24.14781230981893,21.05013016232158,3.097682147497352,0.0309768214749735,point,
collapse_tail,10303,collapse_tail-10303,middle,middle-w05,3,38,100,daily_to_365_response30_settlement30,250,fixed_aggregate,425,24.83218510179285,21.97430774012268,2.857877361670173,0.0285787736167017,point,
collapse_tail,10303,collapse_tail-10303,middle,middle-w05,3,38,100,daily_to_365_response30_settlement30,250,observable_survival,30,-5.961117670732746,-5.31653098756639,0.6445866831663558,0.0064458668316635,point,
collapse_tail,10303,collapse_tail-10303,middle,middle-w05,3,38,100,daily_to_365_response30_settlement30,250,observable_survival,90,9.139311756737207,11.117577308475536,1.9782655517383263,0.0197826555173832,point,
collapse_tail,10303,collapse_tail-10303,middle,middle-w05,3,38,100,daily_to_365_response30_settlement30,250,observable_survival,180,15.97803709354895,21.05013016232158,5.072093068772629,0.0507209306877262,point,
collapse_tail,10303,collapse_tail-10303,middle,middle-w05,3,38,100,daily_to_365_response30_settlement30,250,observable_survival,425,15.792676564443283,21.97430774012268,6.181631175679392,0.0618163117567939,point,
collapse_tail,10303,collapse_tail-10303,high,high-w05,3,38,100,daily_to_365_response30_settlement30,250,fixed_aggregate,30,-1.3931050351847292,7.12878839256538,8.52189342775011,0.0852189342775011,point,
collapse_tail,10303,collapse_tail-10303,high,high-w05,3,38,100,daily_to_365_response30_settlement30,250,fixed_aggregate,90,14.186338504057703,30.103565246813808,15.917226742756103,0.159172267427561,point,
collapse_tail,10303,collapse_tail-10303,high,high-w05,3,38,100,daily_to_365_response30_settlement30,250,fixed_aggregate,180,21.970799630275877,40.03825930996311,18.06745967968724,0.1806745967968723,point,
collapse_tail,10303,collapse_tail-10303,high,high-w05,3,38,100,daily_to_365_response30_settlement30,250,fixed_aggregate,425,22.7085372302212,42.110873558145606,19.40233632792441,0.1940233632792441,point,
collapse_tail,10303,collapse_tail-10303,high,high-w05,3,38,100,daily_to_365_response30_settlement30,250,observable_survival,30,13.551412327407444,7.12878839256538,6.422623934842062,0.0642262393484206,point,
collapse_tail,10303,collapse_tail-10303,high,high-w05,3,38,100,daily_to_365_response30_settlement30,250,observable_survival,90,55.92353811893205,30.103565246813808,25.81997287211824,0.2581997287211824,point,
collapse_tail,10303,collapse_tail-10303,high,high-w05,3,38,100,daily_to_365_response30_settlement30,250,observable_survival,180,76.55766304740789,40.03825930996311,36.519403737444776,0.3651940373744478,point,
collapse_tail,10303,collapse_tail-10303,high,high-w05,3,38,100,daily_to_365_response30_settlement30,250,observable_survival,425,81.00427427539911,42.110873558145606,38.89340071725351,0.388934007172535,point,
collapse_tail,10303,collapse_tail-10303,low,low-w05,7,42,100,daily_to_365_response30_settlement30,250,fixed_aggregate,30,-4.761618808640415,-15.490075524173916,10.7284567155335,0.107284567155335,point,
collapse_tail,10303,collapse_tail-10303,low,low-w05,7,42,100,daily_to_365_response30_settlement30,250,fixed_aggregate,90,16.449548120775887,-10.1676810438625,26.61722916463839,0.2661722916463839,point,
collapse_tail,10303,collapse_tail-10303,low,low-w05,7,42,100,daily_to_365_response30_settlement30,250,fixed_aggregate,180,27.744714812790026,-6.752191707407621,34.49690652019765,0.3449690652019764,point,
collapse_tail,10303,collapse_tail-10303,low,low-w05,7,42,100,daily_to_365_response30_settlement30,250,fixed_aggregate,425,29.547226924108017,-8.523879679483763,38.07110660359178,0.3807110660359178,point,
collapse_tail,10303,collapse_tail-10303,low,low-w05,7,42,100,daily_to_365_response30_settlement30,250,observable_survival,30,-14.835706945603578,-15.490075524173916,0.6543685785703381,0.0065436857857033,point,
collapse_tail,10303,collapse_tail-10303,low,low-w05,7,42,100,daily_to_365_response30_settlement30,250,observable_survival,90,-12.23705502722878,-10.1676810438625,2.0693739833662814,0.0206937398336628,point,
collapse_tail,10303,collapse_tail-10303,low,low-w05,7,42,100,daily_to_365_response30_settlement30,250,observable_survival,180,-12.060711691531145,-6.752191707407621,5.308519984123524,0.0530851998412352,point,
collapse_tail,10303,collapse_tail-10303,low,low-w05,7,42,100,daily_to_365_response30_settlement30,250,observable_survival,425,-14.752547606015344,-8.523879679483763,6.22866792653158,0.0622866792653158,point,
collapse_tail,10303,collapse_tail-10303,middle,middle-w05,7,42,100,daily_to_365_response30_settlement30,250,fixed_aggregate,30,0.9986959577204148,-5.31653098756639,6.315226945286804,0.063152269452868,point,
collapse_tail,10303,collapse_tail-10303,middle,middle-w05,7,42,100,daily_to_365_response30_settlement30,250,fixed_aggregate,90,22.248904659664717,11.117577308475536,11.131327351189178,0.1113132735118917,point,
collapse_tail,10303,collapse_tail-10303,middle,middle-w05,7,42,100,daily_to_365_response30_settlement30,250,fixed_aggregate,180,33.636587713885085,21.05013016232158,12.586457551563504,0.125864575515635,point,
collapse_tail,10303,collapse_tail-10303,middle,middle-w05,7,42,100,daily_to_365_response30_settlement30,250,fixed_aggregate,425,35.69900995374096,21.97430774012268,13.724702213618286,0.1372470221361828,point,
collapse_tail,10303,collapse_tail-10303,middle,middle-w05,7,42,100,daily_to_365_response30_settlement30,250,observable_survival,30,-5.484875014497922,-5.31653098756639,0.1683440269315319,0.0016834402693153,point,
collapse_tail,10303,collapse_tail-10303,middle,middle-w05,7,42,100,daily_to_365_response30_settlement30,250,observable_survival,90,7.381509868477768,11.117577308475536,3.736067439997768,0.0373606743999776,point,
collapse_tail,10303,collapse_tail-10303,middle,middle-w05,7,42,100,daily_to_365_response30_settlement30,250,observable_survival,180,13.146505055988031,21.05013016232158,7.903625106333546,0.0790362510633354,point,
collapse_tail,10303,collapse_tail-10303,middle,middle-w05,7,42,100,daily_to_365_response30_settlement30,250,observable_survival,425,12.569591335724787,21.97430774012268,9.404716404397888,0.0940471640439788,point,
collapse_tail,10303,collapse_tail-10303,high,high-w05,7,42,100,daily_to_365_response30_settlement30,250,fixed_aggregate,30,0.7220112289274107,7.12878839256538,6.40677716363797,0.0640677716363797,point,
collapse_tail,10303,collapse_tail-10303,high,high-w05,7,42,100,daily_to_365_response30_settlement30,250,fixed_aggregate,90,21.95332384858005,30.103565246813808,8.150241398233756,0.0815024139823375,point,
collapse_tail,10303,collapse_tail-10303,high,high-w05,7,42,100,daily_to_365_response30_settlement30,250,fixed_aggregate,180,33.31946070349044,40.03825930996311,6.718798606472667,0.0671879860647266,point,
collapse_tail,10303,collapse_tail-10303,high,high-w05,7,42,100,daily_to_365_response30_settlement30,250,fixed_aggregate,425,35.34029474319546,42.110873558145606,6.770578814950149,0.0677057881495014,point,
collapse_tail,10303,collapse_tail-10303,high,high-w05,7,42,100,daily_to_365_response30_settlement30,250,observable_survival,30,14.6637911476424,7.12878839256538,7.535002755077021,0.0753500275507702,point,
collapse_tail,10303,collapse_tail-10303,high,high-w05,7,42,100,daily_to_365_response30_settlement30,250,observable_survival,90,57.51668748686552,30.103565246813808,27.413122240051717,0.2741312224005171,point,
collapse_tail,10303,collapse_tail-10303,high,high-w05,7,42,100,daily_to_365_response30_settlement30,250,observable_survival,180,78.81404817220023,40.03825930996311,38.77578886223712,0.3877578886223712,point,
collapse_tail,10303,collapse_tail-10303,high,high-w05,7,42,100,daily_to_365_response30_settlement30,250,observable_survival,425,83.49411938095268,42.110873558145606,41.38324582280708,0.4138324582280707,point,
collapse_tail,10303,collapse_tail-10303,low,low-w05,14,49,100,daily_to_365_response30_settlement30,250,fixed_aggregate,30,-9.062313975549898,-15.490075524173916,6.427761548624018,0.0642776154862401,point,
collapse_tail,10303,collapse_tail-10303,low,low-w05,14,49,100,daily_to_365_response30_settlement30,250,fixed_aggregate,90,10.384125908502623,-10.1676810438625,20.551806952365123,0.2055180695236512,point,
collapse_tail,10303,collapse_tail-10303,low,low-w05,14,49,100,daily_to_365_response30_settlement30,250,fixed_aggregate,180,20.2198558036042,-6.752191707407621,26.97204751101182,0.2697204751101182,point,
collapse_tail,10303,collapse_tail-10303,low,low-w05,14,49,100,daily_to_365_response30_settlement30,250,fixed_aggregate,425,21.53751134844241,-8.523879679483763,30.06139102792617,0.3006139102792617,point,
collapse_tail,10303,collapse_tail-10303,low,low-w05,14,49,100,daily_to_365_response30_settlement30,250,observable_survival,30,-14.8881353905415,-15.490075524173916,0.6019401336324144,0.0060194013363241,point,
collapse_tail,10303,collapse_tail-10303,low,low-w05,14,49,100,daily_to_365_response30_settlement30,250,observable_survival,90,-11.623700619427543,-10.1676810438625,1.456019575565044,0.0145601957556504,point,
collapse_tail,10303,collapse_tail-10303,low,low-w05,14,49,100,daily_to_365_response30_settlement30,250,observable_survival,180,-10.989776361600995,-6.752191707407621,4.237584654193374,0.0423758465419337,point,
collapse_tail,10303,collapse_tail-10303,low,low-w05,14,49,100,daily_to_365_response30_settlement30,250,observable_survival,425,-13.436403925450394,-8.523879679483763,4.912524245966631,0.0491252424596663,point,
collapse_tail,10303,collapse_tail-10303,middle,middle-w05,14,49,100,daily_to_365_response30_settlement30,250,fixed_aggregate,30,-2.8236748455843057,-5.31653098756639,2.492856141982084,0.0249285614198208,point,
collapse_tail,10303,collapse_tail-10303,middle,middle-w05,14,49,100,daily_to_365_response30_settlement30,250,fixed_aggregate,90,16.64083757308934,11.117577308475536,5.523260264613803,0.055232602646138,point,
collapse_tail,10303,collapse_tail-10303,middle,middle-w05,14,49,100,daily_to_365_response30_settlement30,250,fixed_aggregate,180,26.6058704620623,21.05013016232158,5.55574029974072,0.0555574029974072,point,
collapse_tail,10303,collapse_tail-10303,middle,middle-w05,14,49,100,daily_to_365_response30_settlement30,250,fixed_aggregate,425,28.34974752800968,21.97430774012268,6.375439787887004,0.06375439787887,point,
collapse_tail,10303,collapse_tail-10303,middle,middle-w05,14,49,100,daily_to_365_response30_settlement30,250,observable_survival,30,-6.306007469854925,-5.31653098756639,0.9894764822885352,0.0098947648228853,point,
collapse_tail,10303,collapse_tail-10303,middle,middle-w05,14,49,100,daily_to_365_response30_settlement30,250,observable_survival,90,4.638617322890603,11.117577308475536,6.4789599855849325,0.0647895998558493,point,
collapse_tail,10303,collapse_tail-10303,middle,middle-w05,14,49,100,daily_to_365_response30_settlement30,250,observable_survival,180,9.38916506885967,21.05013016232158,11.66096509346191,0.1166096509346191,point,
collapse_tail,10303,collapse_tail-10303,middle,middle-w05,14,49,100,daily_to_365_response30_settlement30,250,observable_survival,425,8.628676126074314,21.97430774012268,13.345631614048362,0.1334563161404836,point,
collapse_tail,10303,collapse_tail-10303,high,high-w05,14,49,100,daily_to_365_response30_settlement30,250,fixed_aggregate,30,4.287013857259364,7.12878839256538,2.8417745353060164,0.0284177453530601,point,
collapse_tail,10303,collapse_tail-10303,high,high-w05,14,49,100,daily_to_365_response30_settlement30,250,fixed_aggregate,90,23.666241917223086,30.103565246813808,6.437323329590722,0.0643732332959072,point,
collapse_tail,10303,collapse_tail-10303,high,high-w05,14,49,100,daily_to_365_response30_settlement30,250,fixed_aggregate,180,33.52161510180856,40.03825930996311,6.516644208154553,0.0651664420815455,point,
collapse_tail,10303,collapse_tail-10303,high,high-w05,14,49,100,daily_to_365_response30_settlement30,250,fixed_aggregate,425,34.94809940081482,42.110873558145606,7.162774157330787,0.0716277415733078,point,
collapse_tail,10303,collapse_tail-10303,high,high-w05,14,49,100,daily_to_365_response30_settlement30,250,observable_survival,30,13.941470347479038,7.12878839256538,6.812681954913658,0.0681268195491365,point,
collapse_tail,10303,collapse_tail-10303,high,high-w05,14,49,100,daily_to_365_response30_settlement30,250,observable_survival,90,57.04118190371914,30.103565246813808,26.93761665690533,0.2693761665690533,point,
collapse_tail,10303,collapse_tail-10303,high,high-w05,14,49,100,daily_to_365_response30_settlement30,250,observable_survival,180,78.92780389891753,40.03825930996311,38.88954458895442,0.3888954458895442,point,
collapse_tail,10303,collapse_tail-10303,high,high-w05,14,49,100,daily_to_365_response30_settlement30,250,observable_survival,425,83.78325565414512,42.110873558145606,41.67238209599952,0.4167238209599951,point,
collapse_tail,10303,collapse_tail-10303,low,low-w05,30,65,100,daily_to_365_response30_settlement30,250,fixed_aggregate,90,2.3722074444680934,-10.1676810438625,12.539888488330591,0.1253988848833059,point,
collapse_tail,10303,collapse_tail-10303,low,low-w05,30,65,100,daily_to_365_response30_settlement30,250,fixed_aggregate,180,10.926016999990972,-6.752191707407621,17.678208707398593,0.1767820870739859,point,
collapse_tail,10303,collapse_tail-10303,low,low-w05,30,65,100,daily_to_365_response30_settlement30,250,fixed_aggregate,425,11.823609837681758,-8.523879679483763,20.34748951716552,0.2034748951716552,point,
collapse_tail,10303,collapse_tail-10303,low,low-w05,30,65,100,daily_to_365_response30_settlement30,250,observable_survival,90,-12.751152711438372,-10.1676810438625,2.583471667575873,0.0258347166757587,point,
collapse_tail,10303,collapse_tail-10303,low,low-w05,30,65,100,daily_to_365_response30_settlement30,250,observable_survival,180,-13.192902164006869,-6.752191707407621,6.440710456599248,0.0644071045659924,point,
collapse_tail,10303,collapse_tail-10303,low,low-w05,30,65,100,daily_to_365_response30_settlement30,250,observable_survival,425,-15.9345341301513,-8.523879679483763,7.410654450667538,0.0741065445066753,point,
collapse_tail,10303,collapse_tail-10303,middle,middle-w05,30,65,100,daily_to_365_response30_settlement30,250,fixed_aggregate,90,13.004091006421696,11.117577308475536,1.8865136979461603,0.0188651369794616,point,
collapse_tail,10303,collapse_tail-10303,middle,middle-w05,30,65,100,daily_to_365_response30_settlement30,250,fixed_aggregate,180,21.621081731553865,21.05013016232158,0.5709515692322853,0.0057095156923228,point,
collapse_tail,10303,collapse_tail-10303,middle,middle-w05,30,65,100,daily_to_365_response30_settlement30,250,fixed_aggregate,425,22.72006342082232,21.97430774012268,0.7457556806996415,0.0074575568069964,point,
collapse_tail,10303,collapse_tail-10303,middle,middle-w05,30,65,100,daily_to_365_response30_settlement30,250,observable_survival,90,5.12896644147155,11.117577308475536,5.9886108670039855,0.0598861086700398,point,
collapse_tail,10303,collapse_tail-10303,middle,middle-w05,30,65,100,daily_to_365_response30_settlement30,250,observable_survival,180,9.640958795330835,21.05013016232158,11.409171366990742,0.1140917136699074,point,
collapse_tail,10303,collapse_tail-10303,middle,middle-w05,30,65,100,daily_to_365_response30_settlement30,250,observable_survival,425,8.713759349257073,21.97430774012268,13.260548390865605,0.132605483908656,point,
collapse_tail,10303,collapse_tail-10303,high,high-w05,30,65,100,daily_to_365_response30_settlement30,250,fixed_aggregate,90,25.58393059501936,30.103565246813808,4.519634651794451,0.0451963465179445,point,
collapse_tail,10303,collapse_tail-10303,high,high-w05,30,65,100,daily_to_365_response30_settlement30,250,fixed_aggregate,180,34.21914495253574,40.03825930996311,5.819114357427367,0.0581911435742736,point,
collapse_tail,10303,collapse_tail-10303,high,high-w05,30,65,100,daily_to_365_response30_settlement30,250,fixed_aggregate,425,35.34656902107906,42.110873558145606,6.764304537066543,0.0676430453706654,point,
collapse_tail,10303,collapse_tail-10303,high,high-w05,30,65,100,daily_to_365_response30_settlement30,250,observable_survival,90,51.89203706342117,30.103565246813808,21.788471816607355,0.2178847181660735,point,
collapse_tail,10303,collapse_tail-10303,high,high-w05,30,65,100,daily_to_365_response30_settlement30,250,observable_survival,180,78.7020666324805,40.03825930996311,38.663807322517386,0.3866380732251738,point,
collapse_tail,10303,collapse_tail-10303,high,high-w05,30,65,100,daily_to_365_response30_settlement30,250,observable_survival,425,85.20368474343326,42.110873558145606,43.09281118528765,0.4309281118528765,point,
collapse_tail,10303,collapse_tail-10303,low,low-w05,60,95,100,daily_to_365_response30_settlement30,250,fixed_aggregate,90,-4.6458649858992285,-10.1676810438625,5.521816057963271,0.0552181605796327,point,
collapse_tail,10303,collapse_tail-10303,low,low-w05,60,95,100,daily_to_365_response30_settlement30,250,fixed_aggregate,180,15.440408727609972,-6.752191707407621,22.192600435017592,0.2219260043501759,point,
collapse_tail,10303,collapse_tail-10303,low,low-w05,60,95,100,daily_to_365_response30_settlement30,250,fixed_aggregate,425,20.937084190082786,-8.523879679483763,29.460963869566548,0.2946096386956655,point,
collapse_tail,10303,collapse_tail-10303,low,low-w05,60,95,100,daily_to_365_response30_settlement30,250,observable_survival,90,-11.624465440507205,-10.1676810438625,1.4567843966447036,0.014567843966447,point,
collapse_tail,10303,collapse_tail-10303,low,low-w05,60,95,100,daily_to_365_response30_settlement30,250,observable_survival,180,-11.390105391135377,-6.752191707407621,4.637913683727754,0.0463791368372775,point,
collapse_tail,10303,collapse_tail-10303,low,low-w05,60,95,100,daily_to_365_response30_settlement30,250,observable_survival,425,-14.006046348712726,-8.523879679483763,5.482166669228963,0.0548216666922896,point,
collapse_tail,10303,collapse_tail-10303,middle,middle-w05,60,95,100,daily_to_365_response30_settlement30,250,fixed_aggregate,90,15.406425376083632,11.117577308475536,4.288848067608097,0.0428884806760809,point,
collapse_tail,10303,collapse_tail-10303,middle,middle-w05,60,95,100,daily_to_365_response30_settlement30,250,fixed_aggregate,180,35.64226699406368,21.05013016232158,14.592136831742105,0.145921368317421,point,
collapse_tail,10303,collapse_tail-10303,middle,middle-w05,60,95,100,daily_to_365_response30_settlement30,250,fixed_aggregate,425,41.54002376732994,21.97430774012268,19.565716027207262,0.1956571602720726,point,
collapse_tail,10303,collapse_tail-10303,middle,middle-w05,60,95,100,daily_to_365_response30_settlement30,250,observable_survival,90,10.707662471877544,11.117577308475536,0.4099148365979914,0.0040991483659799,point,
collapse_tail,10303,collapse_tail-10303,middle,middle-w05,60,95,100,daily_to_365_response30_settlement30,250,observable_survival,180,18.364170220065795,21.05013016232158,2.685959942255785,0.0268595994225578,point,
collapse_tail,10303,collapse_tail-10303,middle,middle-w05,60,95,100,daily_to_365_response30_settlement30,250,observable_survival,425,18.56640907574449,21.97430774012268,3.407898664378184,0.0340789866437818,point,
collapse_tail,10303,collapse_tail-10303,high,high-w05,60,95,100,daily_to_365_response30_settlement30,250,fixed_aggregate,90,25.881936928956808,30.103565246813808,4.221628317857,0.04221628317857,point,
collapse_tail,10303,collapse_tail-10303,high,high-w05,60,95,100,daily_to_365_response30_settlement30,250,fixed_aggregate,180,46.16265902826024,40.03825930996311,6.124399718297134,0.0612439971829713,point,
collapse_tail,10303,collapse_tail-10303,high,high-w05,60,95,100,daily_to_365_response30_settlement30,250,fixed_aggregate,425,52.14935794908489,42.110873558145606,10.03848439093928,0.1003848439093928,point,
collapse_tail,10303,collapse_tail-10303,high,high-w05,60,95,100,daily_to_365_response30_settlement30,250,observable_survival,90,32.76819595712535,30.103565246813808,2.664630710311542,0.0266463071031154,point,
collapse_tail,10303,collapse_tail-10303,high,high-w05,60,95,100,daily_to_365_response30_settlement30,250,observable_survival,180,50.594691266095445,40.03825930996311,10.556431956132336,0.1055643195613233,point,
collapse_tail,10303,collapse_tail-10303,high,high-w05,60,95,100,daily_to_365_response30_settlement30,250,observable_survival,425,54.16629850543808,42.110873558145606,12.055424947292472,0.1205542494729247,point,
late_reactivation,30101,late_reactivation-30101,low,low-w05,3,38,100,daily_to_365_response30_settlement30,250,fixed_aggregate,30,-6.0949408284326525,-16.5488991379203,10.45395830948765,0.1045395830948765,point,
late_reactivation,30101,late_reactivation-30101,low,low-w05,3,38,100,daily_to_365_response30_settlement30,250,fixed_aggregate,90,17.07547967822475,-13.222704726538652,30.298184404763404,0.302981844047634,point,
late_reactivation,30101,late_reactivation-30101,low,low-w05,3,38,100,daily_to_365_response30_settlement30,250,fixed_aggregate,180,29.529899357823936,-9.852052169467717,39.381951527291655,0.3938195152729165,point,
late_reactivation,30101,late_reactivation-30101,low,low-w05,3,38,100,daily_to_365_response30_settlement30,250,fixed_aggregate,425,31.448151213265227,-12.328282739729502,43.77643395299473,0.4377643395299473,point,
late_reactivation,30101,late_reactivation-30101,low,low-w05,3,38,100,daily_to_365_response30_settlement30,250,observable_survival,30,-15.80930586264588,-16.5488991379203,0.7395932752744212,0.0073959327527442,point,
late_reactivation,30101,late_reactivation-30101,low,low-w05,3,38,100,daily_to_365_response30_settlement30,250,observable_survival,90,-15.342915793873946,-13.222704726538652,2.1202110673352923,0.0212021106733529,point,
late_reactivation,30101,late_reactivation-30101,low,low-w05,3,38,100,daily_to_365_response30_settlement30,250,observable_survival,180,-16.434998394955922,-9.852052169467717,6.582946225488206,0.065829462254882,point,
late_reactivation,30101,late_reactivation-30101,low,low-w05,3,38,100,daily_to_365_response30_settlement30,250,observable_survival,425,-19.90989786351681,-12.328282739729502,7.581615123787312,0.0758161512378731,point,
late_reactivation,30101,late_reactivation-30101,middle,middle-w05,3,38,100,daily_to_365_response30_settlement30,250,fixed_aggregate,30,1.6683311241766263,3.242576365765056,1.5742452415884296,0.0157424524158842,point,
late_reactivation,30101,late_reactivation-30101,middle,middle-w05,3,38,100,daily_to_365_response30_settlement30,250,fixed_aggregate,90,24.922188678726283,20.550752945975777,4.371435732750506,0.043714357327505,point,
late_reactivation,30101,late_reactivation-30101,middle,middle-w05,3,38,100,daily_to_365_response30_settlement30,250,fixed_aggregate,180,37.63992866477268,49.80260544882464,12.16267678405196,0.1216267678405196,point,
late_reactivation,30101,late_reactivation-30101,middle,middle-w05,3,38,100,daily_to_365_response30_settlement30,250,fixed_aggregate,425,40.48753866586773,49.93274781918991,9.445209153322187,0.0944520915332218,point,
late_reactivation,30101,late_reactivation-30101,middle,middle-w05,3,38,100,daily_to_365_response30_settlement30,250,observable_survival,30,-5.184027394688881,3.242576365765056,8.426603760453936,0.0842660376045393,point,
late_reactivation,30101,late_reactivation-30101,middle,middle-w05,3,38,100,daily_to_365_response30_settlement30,250,observable_survival,90,3.288050850516048,20.550752945975777,17.26270209545973,0.1726270209545973,point,
late_reactivation,30101,late_reactivation-30101,middle,middle-w05,3,38,100,daily_to_365_response30_settlement30,250,observable_survival,180,6.508655463204124,49.80260544882464,43.29394998562052,0.4329394998562051,point,
late_reactivation,30101,late_reactivation-30101,middle,middle-w05,3,38,100,daily_to_365_response30_settlement30,250,observable_survival,425,5.24477986815931,49.93274781918991,44.6879679510306,0.446879679510306,point,
late_reactivation,30101,late_reactivation-30101,high,high-w05,3,38,100,daily_to_365_response30_settlement30,250,fixed_aggregate,30,2.854750750306913,9.7300968135008,6.875346063193888,0.0687534606319388,point,
late_reactivation,30101,late_reactivation-30101,high,high-w05,3,38,100,daily_to_365_response30_settlement30,250,fixed_aggregate,90,26.10362794503135,39.30136358659576,13.197735641564414,0.1319773564156441,point,
late_reactivation,30101,late_reactivation-30101,high,high-w05,3,38,100,daily_to_365_response30_settlement30,250,fixed_aggregate,180,38.7824461097653,90.76730085700336,51.984854747238046,0.5198485474723804,point,
late_reactivation,30101,late_reactivation-30101,high,high-w05,3,38,100,daily_to_365_response30_settlement30,250,fixed_aggregate,425,41.47005767567156,95.669416964225,54.19935928855345,0.5419935928855345,point,
late_reactivation,30101,late_reactivation-30101,high,high-w05,3,38,100,daily_to_365_response30_settlement30,250,observable_survival,30,11.673538925669728,9.7300968135008,1.943442112168928,0.0194344211216892,point,
late_reactivation,30101,late_reactivation-30101,high,high-w05,3,38,100,daily_to_365_response30_settlement30,250,observable_survival,90,52.010642937228056,39.30136358659576,12.709279350632292,0.1270927935063229,point,
late_reactivation,30101,late_reactivation-30101,high,high-w05,3,38,100,daily_to_365_response30_settlement30,250,observable_survival,180,72.2391067298003,90.76730085700336,18.52819412720305,0.1852819412720305,point,
late_reactivation,30101,late_reactivation-30101,high,high-w05,3,38,100,daily_to_365_response30_settlement30,250,observable_survival,425,76.57129107399868,95.669416964225,19.098125890226328,0.1909812589022632,point,
late_reactivation,30101,late_reactivation-30101,low,low-w05,7,42,100,daily_to_365_response30_settlement30,250,fixed_aggregate,30,-8.589741003818581,-16.5488991379203,7.95915813410172,0.0795915813410172,point,
late_reactivation,30101,late_reactivation-30101,low,low-w05,7,42,100,daily_to_365_response30_settlement30,250,fixed_aggregate,90,4.466199179558271,-13.222704726538652,17.688903906096925,0.1768890390609692,point,
late_reactivation,30101,late_reactivation-30101,low,low-w05,7,42,100,daily_to_365_response30_settlement30,250,fixed_aggregate,180,10.429153095263828,-9.852052169467717,20.281205264731547,0.2028120526473154,point,
late_reactivation,30101,late_reactivation-30101,low,low-w05,7,42,100,daily_to_365_response30_settlement30,250,fixed_aggregate,425,9.933892158605076,-12.328282739729502,22.262174898334575,0.2226217489833457,point,
late_reactivation,30101,late_reactivation-30101,low,low-w05,7,42,100,daily_to_365_response30_settlement30,250,observable_survival,30,-15.779344740536668,-16.5488991379203,0.7695543973836347,0.0076955439738363,point,
late_reactivation,30101,late_reactivation-30101,low,low-w05,7,42,100,daily_to_365_response30_settlement30,250,observable_survival,90,-13.983372013289127,-13.222704726538652,0.7606672867504756,0.0076066728675047,point,
late_reactivation,30101,late_reactivation-30101,low,low-w05,7,42,100,daily_to_365_response30_settlement30,250,observable_survival,180,-14.255710426064743,-9.852052169467717,4.403658256597026,0.0440365825659702,point,
late_reactivation,30101,late_reactivation-30101,low,low-w05,7,42,100,daily_to_365_response30_settlement30,250,observable_survival,425,-17.281814868078396,-12.328282739729502,4.953532128348893,0.0495353212834889,point,
late_reactivation,30101,late_reactivation-30101,middle,middle-w05,7,42,100,daily_to_365_response30_settlement30,250,fixed_aggregate,30,1.1217235163556172,3.242576365765056,2.120852849409439,0.0212085284940943,point,
late_reactivation,30101,late_reactivation-30101,middle,middle-w05,7,42,100,daily_to_365_response30_settlement30,250,fixed_aggregate,90,14.23213495687922,20.550752945975777,6.318617989096557,0.0631861798909655,point,
late_reactivation,30101,late_reactivation-30101,middle,middle-w05,7,42,100,daily_to_365_response30_settlement30,250,fixed_aggregate,180,20.377776360337897,49.80260544882464,29.42482908848674,0.2942482908848673,point,
late_reactivation,30101,late_reactivation-30101,middle,middle-w05,7,42,100,daily_to_365_response30_settlement30,250,fixed_aggregate,425,20.53581409592878,49.93274781918991,29.39693372326113,0.2939693372326113,point,
late_reactivation,30101,late_reactivation-30101,middle,middle-w05,7,42,100,daily_to_365_response30_settlement30,250,observable_survival,30,-4.034836441350558,3.242576365765056,7.277412807115614,0.0727741280711561,point,
late_reactivation,30101,late_reactivation-30101,middle,middle-w05,7,42,100,daily_to_365_response30_settlement30,250,observable_survival,90,5.714237471246127,20.550752945975777,14.83651547472965,0.1483651547472965,point,
late_reactivation,30101,late_reactivation-30101,middle,middle-w05,7,42,100,daily_to_365_response30_settlement30,250,observable_survival,180,9.68750073388238,49.80260544882464,40.115104714942255,0.4011510471494225,point,
late_reactivation,30101,late_reactivation-30101,middle,middle-w05,7,42,100,daily_to_365_response30_settlement30,250,observable_survival,425,8.60923455182422,49.93274781918991,41.32351326736569,0.4132351326736569,point,
late_reactivation,30101,late_reactivation-30101,high,high-w05,7,42,100,daily_to_365_response30_settlement30,250,fixed_aggregate,30,4.695516946500435,9.7300968135008,5.034579867000366,0.0503457986700036,point,
late_reactivation,30101,late_reactivation-30101,high,high-w05,7,42,100,daily_to_365_response30_settlement30,250,fixed_aggregate,90,17.79710965713169,39.30136358659576,21.504253929464078,0.2150425392946407,point,
late_reactivation,30101,late_reactivation-30101,high,high-w05,7,42,100,daily_to_365_response30_settlement30,250,fixed_aggregate,180,23.91087460103132,90.76730085700336,66.85642625597202,0.6685642625597202,point,
late_reactivation,30101,late_reactivation-30101,high,high-w05,7,42,100,daily_to_365_response30_settlement30,250,fixed_aggregate,425,23.959876654218508,95.669416964225,71.7095403100065,0.717095403100065,point,
late_reactivation,30101,late_reactivation-30101,high,high-w05,7,42,100,daily_to_365_response30_settlement30,250,observable_survival,30,11.644967424892156,9.7300968135008,1.914870611391356,0.0191487061139135,point,
late_reactivation,30101,late_reactivation-30101,high,high-w05,7,42,100,daily_to_365_response30_settlement30,250,observable_survival,90,43.00671625184489,39.30136358659576,3.70535266524913,0.0370535266524913,point,
late_reactivation,30101,late_reactivation-30101,high,high-w05,7,42,100,daily_to_365_response30_settlement30,250,observable_survival,180,58.35219042920248,90.76730085700336,32.41511042780087,0.3241511042780087,point,
late_reactivation,30101,late_reactivation-30101,high,high-w05,7,42,100,daily_to_365_response30_settlement30,250,observable_survival,425,61.02903461512852,95.669416964225,34.640382349096484,0.3464038234909648,point,
late_reactivation,30101,late_reactivation-30101,low,low-w05,14,49,100,daily_to_365_response30_settlement30,250,fixed_aggregate,30,-12.056228883164277,-16.5488991379203,4.492670254756025,0.0449267025475602,point,
late_reactivation,30101,late_reactivation-30101,low,low-w05,14,49,100,daily_to_365_response30_settlement30,250,fixed_aggregate,90,4.869356608755909,-13.222704726538652,18.092061335294563,0.1809206133529456,point,
late_reactivation,30101,late_reactivation-30101,low,low-w05,14,49,100,daily_to_365_response30_settlement30,250,fixed_aggregate,180,14.4834159835336,-9.852052169467717,24.335468153001315,0.2433546815300131,point,
late_reactivation,30101,late_reactivation-30101,low,low-w05,14,49,100,daily_to_365_response30_settlement30,250,fixed_aggregate,425,15.64668307607255,-12.328282739729502,27.97496581580205,0.2797496581580205,point,
late_reactivation,30101,late_reactivation-30101,low,low-w05,14,49,100,daily_to_365_response30_settlement30,250,observable_survival,30,-16.493423776374367,-16.5488991379203,0.055475361545934,0.0005547536154593,point,
late_reactivation,30101,late_reactivation-30101,low,low-w05,14,49,100,daily_to_365_response30_settlement30,250,observable_survival,90,-14.3735635079127,-13.222704726538652,1.1508587813740476,0.0115085878137404,point,
late_reactivation,30101,late_reactivation-30101,low,low-w05,14,49,100,daily_to_365_response30_settlement30,250,observable_survival,180,-14.412038300445507,-9.852052169467717,4.559986130977791,0.0455998613097779,point,
late_reactivation,30101,late_reactivation-30101,low,low-w05,14,49,100,daily_to_365_response30_settlement30,250,observable_survival,425,-17.158409360472824,-12.328282739729502,4.8301266207433216,0.0483012662074332,point,
late_reactivation,30101,late_reactivation-30101,middle,middle-w05,14,49,100,daily_to_365_response30_settlement30,250,fixed_aggregate,30,1.7907480465809629,3.242576365765056,1.4518283191840933,0.0145182831918409,point,
late_reactivation,30101,late_reactivation-30101,middle,middle-w05,14,49,100,daily_to_365_response30_settlement30,250,fixed_aggregate,90,18.699163638288105,20.550752945975777,1.851589307687675,0.0185158930768767,point,
late_reactivation,30101,late_reactivation-30101,middle,middle-w05,14,49,100,daily_to_365_response30_settlement30,250,fixed_aggregate,180,28.43210250884505,49.80260544882464,21.370502939979588,0.2137050293997958,point,
late_reactivation,30101,late_reactivation-30101,middle,middle-w05,14,49,100,daily_to_365_response30_settlement30,250,fixed_aggregate,425,29.98847131414027,49.93274781918991,19.944276505049643,0.1994427650504964,point,
late_reactivation,30101,late_reactivation-30101,middle,middle-w05,14,49,100,daily_to_365_response30_settlement30,250,observable_survival,30,-1.3597974346440176,3.242576365765056,4.602373800409074,0.0460237380040907,point,
late_reactivation,30101,late_reactivation-30101,middle,middle-w05,14,49,100,daily_to_365_response30_settlement30,250,observable_survival,90,7.21634453227842,20.550752945975777,13.334408413697355,0.1333440841369735,point,
late_reactivation,30101,late_reactivation-30101,middle,middle-w05,14,49,100,daily_to_365_response30_settlement30,250,observable_survival,180,10.692664985444663,49.80260544882464,39.10994046337997,0.3910994046337997,point,
late_reactivation,30101,late_reactivation-30101,middle,middle-w05,14,49,100,daily_to_365_response30_settlement30,250,observable_survival,425,9.434730836970916,49.93274781918991,40.498016982219,0.40498016982219,point,
late_reactivation,30101,late_reactivation-30101,high,high-w05,14,49,100,daily_to_365_response30_settlement30,250,fixed_aggregate,30,6.705937877839868,9.7300968135008,3.0241589356609326,0.0302415893566093,point,
late_reactivation,30101,late_reactivation-30101,high,high-w05,14,49,100,daily_to_365_response30_settlement30,250,fixed_aggregate,90,23.621927919661896,39.30136358659576,15.679435666933866,0.1567943566693386,point,
late_reactivation,30101,late_reactivation-30101,high,high-w05,14,49,100,daily_to_365_response30_settlement30,250,fixed_aggregate,180,33.31895569729215,90.76730085700336,57.4483451597112,0.574483451597112,point,
late_reactivation,30101,late_reactivation-30101,high,high-w05,14,49,100,daily_to_365_response30_settlement30,250,fixed_aggregate,425,34.74816340678321,95.669416964225,60.921253557441794,0.6092125355744179,point,
late_reactivation,30101,late_reactivation-30101,high,high-w05,14,49,100,daily_to_365_response30_settlement30,250,observable_survival,30,12.383227929112664,9.7300968135008,2.6531311156118638,0.0265313111561186,point,
late_reactivation,30101,late_reactivation-30101,high,high-w05,14,49,100,daily_to_365_response30_settlement30,250,observable_survival,90,41.21557467221625,39.30136358659576,1.9142110856204864,0.0191421108562048,point,
late_reactivation,30101,late_reactivation-30101,high,high-w05,14,49,100,daily_to_365_response30_settlement30,250,observable_survival,180,55.46336138834631,90.76730085700336,35.30393946865704,0.3530393946865704,point,
late_reactivation,30101,late_reactivation-30101,high,high-w05,14,49,100,daily_to_365_response30_settlement30,250,observable_survival,425,57.76165965386397,95.669416964225,37.90775731036104,0.3790775731036103,point,
late_reactivation,30101,late_reactivation-30101,low,low-w05,30,65,100,daily_to_365_response30_settlement30,250,fixed_aggregate,90,3.507450262141984,-13.222704726538652,16.73015498868064,0.1673015498868063,point,
late_reactivation,30101,late_reactivation-30101,low,low-w05,30,65,100,daily_to_365_response30_settlement30,250,fixed_aggregate,180,19.591933888470997,-9.852052169467717,29.44398605793871,0.2944398605793871,point,
late_reactivation,30101,late_reactivation-30101,low,low-w05,30,65,100,daily_to_365_response30_settlement30,250,fixed_aggregate,425,23.172651784784968,-12.328282739729502,35.50093452451447,0.3550093452451447,point,
late_reactivation,30101,late_reactivation-30101,low,low-w05,30,65,100,daily_to_365_response30_settlement30,250,observable_survival,90,-15.312788857209984,-13.222704726538652,2.0900841306713307,0.0209008413067133,point,
late_reactivation,30101,late_reactivation-30101,low,low-w05,30,65,100,daily_to_365_response30_settlement30,250,observable_survival,180,-16.305828250694866,-9.852052169467717,6.453776081227149,0.0645377608122714,point,
late_reactivation,30101,late_reactivation-30101,low,low-w05,30,65,100,daily_to_365_response30_settlement30,250,observable_survival,425,-19.526779218411875,-12.328282739729502,7.198496478682372,0.0719849647868237,point,
late_reactivation,30101,late_reactivation-30101,middle,middle-w05,30,65,100,daily_to_365_response30_settlement30,250,fixed_aggregate,90,23.75903024982022,20.550752945975777,3.208277303844444,0.0320827730384444,point,
late_reactivation,30101,late_reactivation-30101,middle,middle-w05,30,65,100,daily_to_365_response30_settlement30,250,fixed_aggregate,180,40.00675364277089,49.80260544882464,9.795851806053747,0.0979585180605374,point,
late_reactivation,30101,late_reactivation-30101,middle,middle-w05,30,65,100,daily_to_365_response30_settlement30,250,fixed_aggregate,425,44.10135473739404,49.93274781918991,5.8313930817958735,0.0583139308179587,point,
late_reactivation,30101,late_reactivation-30101,middle,middle-w05,30,65,100,daily_to_365_response30_settlement30,250,observable_survival,90,9.86001663653684,20.550752945975777,10.690736309438938,0.1069073630943893,point,
late_reactivation,30101,late_reactivation-30101,middle,middle-w05,30,65,100,daily_to_365_response30_settlement30,250,observable_survival,180,11.60664366607574,49.80260544882464,38.195961782748896,0.3819596178274889,point,
late_reactivation,30101,late_reactivation-30101,middle,middle-w05,30,65,100,daily_to_365_response30_settlement30,250,observable_survival,425,9.739065307780338,49.93274781918991,40.19368251140958,0.4019368251140958,point,
late_reactivation,30101,late_reactivation-30101,high,high-w05,30,65,100,daily_to_365_response30_settlement30,250,fixed_aggregate,90,30.5274044291368,39.30136358659576,8.773959157458961,0.0877395915745896,point,
late_reactivation,30101,late_reactivation-30101,high,high-w05,30,65,100,daily_to_365_response30_settlement30,250,fixed_aggregate,180,46.69389149820004,90.76730085700336,44.07340935880331,0.4407340935880331,point,
late_reactivation,30101,late_reactivation-30101,high,high-w05,30,65,100,daily_to_365_response30_settlement30,250,fixed_aggregate,425,50.55856551759725,95.669416964225,45.11085144662776,0.4511085144662775,point,
late_reactivation,30101,late_reactivation-30101,high,high-w05,30,65,100,daily_to_365_response30_settlement30,250,observable_survival,90,48.74813513614615,39.30136358659576,9.446771549550384,0.0944677154955038,point,
late_reactivation,30101,late_reactivation-30101,high,high-w05,30,65,100,daily_to_365_response30_settlement30,250,observable_survival,180,74.17463111426741,90.76730085700336,16.592669742735936,0.1659266974273593,point,
late_reactivation,30101,late_reactivation-30101,high,high-w05,30,65,100,daily_to_365_response30_settlement30,250,observable_survival,425,80.22354647346864,95.669416964225,15.445870490756365,0.1544587049075636,point,
late_reactivation,30101,late_reactivation-30101,low,low-w05,60,95,100,daily_to_365_response30_settlement30,250,fixed_aggregate,90,-6.443889254265656,-13.222704726538652,6.778815472272997,0.0677881547227299,point,
late_reactivation,30101,late_reactivation-30101,low,low-w05,60,95,100,daily_to_365_response30_settlement30,250,fixed_aggregate,180,22.41433025867414,-9.852052169467717,32.26638242814186,0.3226638242814186,point,
late_reactivation,30101,late_reactivation-30101,low,low-w05,60,95,100,daily_to_365_response30_settlement30,250,fixed_aggregate,425,31.30095400023371,-12.328282739729502,43.62923673996321,0.4362923673996321,point,
late_reactivation,30101,late_reactivation-30101,low,low-w05,60,95,100,daily_to_365_response30_settlement30,250,observable_survival,90,-13.006771375024188,-13.222704726538652,0.2159333515144652,0.0021593335151446,point,
late_reactivation,30101,late_reactivation-30101,low,low-w05,60,95,100,daily_to_365_response30_settlement30,250,observable_survival,180,-7.702775225276864,-9.852052169467717,2.149276944190853,0.0214927694419085,point,
late_reactivation,30101,late_reactivation-30101,low,low-w05,60,95,100,daily_to_365_response30_settlement30,250,observable_survival,425,-8.535058035667356,-12.328282739729502,3.793224704062146,0.0379322470406214,point,
late_reactivation,30101,late_reactivation-30101,middle,middle-w05,60,95,100,daily_to_365_response30_settlement30,250,fixed_aggregate,90,20.777293815024805,20.550752945975777,0.2265408690490282,0.0022654086904902,point,
late_reactivation,30101,late_reactivation-30101,middle,middle-w05,60,95,100,daily_to_365_response30_settlement30,250,fixed_aggregate,180,49.60764068308232,49.80260544882464,0.1949647657423128,0.0019496476574231,point,
late_reactivation,30101,late_reactivation-30101,middle,middle-w05,60,95,100,daily_to_365_response30_settlement30,250,fixed_aggregate,425,58.42311900645973,49.93274781918991,8.490371187269815,0.0849037118726981,point,
late_reactivation,30101,late_reactivation-30101,middle,middle-w05,60,95,100,daily_to_365_response30_settlement30,250,observable_survival,90,17.397301427217172,20.550752945975777,3.1534515187586045,0.031534515187586,point,
late_reactivation,30101,late_reactivation-30101,middle,middle-w05,60,95,100,daily_to_365_response30_settlement30,250,observable_survival,180,23.985848019461443,49.80260544882464,25.816757429363197,0.2581675742936319,point,
late_reactivation,30101,late_reactivation-30101,middle,middle-w05,60,95,100,daily_to_365_response30_settlement30,250,observable_survival,425,23.54039636996861,49.93274781918991,26.392351449221295,0.2639235144922129,point,
late_reactivation,30101,late_reactivation-30101,high,high-w05,60,95,100,daily_to_365_response30_settlement30,250,fixed_aggregate,90,31.751490006460106,39.30136358659576,7.54987358013566,0.0754987358013566,point,
late_reactivation,30101,late_reactivation-30101,high,high-w05,60,95,100,daily_to_365_response30_settlement30,250,fixed_aggregate,180,60.65464036443661,90.76730085700336,30.11266049256674,0.3011266049256674,point,
late_reactivation,30101,late_reactivation-30101,high,high-w05,60,95,100,daily_to_365_response30_settlement30,250,fixed_aggregate,425,69.69283768797546,95.669416964225,25.976579276249552,0.2597657927624955,point,
late_reactivation,30101,late_reactivation-30101,high,high-w05,60,95,100,daily_to_365_response30_settlement30,250,observable_survival,90,40.13042932060141,39.30136358659576,0.8290657340056455,0.0082906573400564,point,
late_reactivation,30101,late_reactivation-30101,high,high-w05,60,95,100,daily_to_365_response30_settlement30,250,observable_survival,180,94.20467641410376,90.76730085700336,3.437375557100424,0.0343737555710042,point,
late_reactivation,30101,late_reactivation-30101,high,high-w05,60,95,100,daily_to_365_response30_settlement30,250,observable_survival,425,109.9601048989664,95.669416964225,14.2906879347414,0.142906879347414,point,
late_reactivation,30202,late_reactivation-30202,low,low-w05,3,38,100,daily_to_365_response30_settlement30,250,fixed_aggregate,30,-4.05144445992396,-16.032444904412614,11.981000444488654,0.1198100044448865,point,
late_reactivation,30202,late_reactivation-30202,low,low-w05,3,38,100,daily_to_365_response30_settlement30,250,fixed_aggregate,90,20.576750674590983,-14.954869487684832,35.531620162275814,0.3553162016227581,point,
late_reactivation,30202,late_reactivation-30202,low,low-w05,3,38,100,daily_to_365_response30_settlement30,250,fixed_aggregate,180,34.23969668011074,-9.86922756950251,44.10892424961325,0.4410892424961325,point,
late_reactivation,30202,late_reactivation-30202,low,low-w05,3,38,100,daily_to_365_response30_settlement30,250,fixed_aggregate,425,37.08429506237616,-12.219137090653604,49.30343215302976,0.4930343215302976,point,
late_reactivation,30202,late_reactivation-30202,low,low-w05,3,38,100,daily_to_365_response30_settlement30,250,observable_survival,30,-15.843730045209448,-16.032444904412614,0.1887148592031664,0.0018871485920316,point,
late_reactivation,30202,late_reactivation-30202,low,low-w05,3,38,100,daily_to_365_response30_settlement30,250,observable_survival,90,-13.143086946752131,-14.954869487684832,1.8117825409327004,0.018117825409327,point,
late_reactivation,30202,late_reactivation-30202,low,low-w05,3,38,100,daily_to_365_response30_settlement30,250,observable_survival,180,-12.830585839239491,-9.86922756950251,2.961358269736982,0.0296135826973698,point,
late_reactivation,30202,late_reactivation-30202,low,low-w05,3,38,100,daily_to_365_response30_settlement30,250,observable_survival,425,-15.3837571081017,-12.219137090653604,3.164620017448096,0.0316462001744809,point,
late_reactivation,30202,late_reactivation-30202,middle,middle-w05,3,38,100,daily_to_365_response30_settlement30,250,fixed_aggregate,30,1.1735215931402947,-5.692238389547152,6.865759982687447,0.0686575998268744,point,
late_reactivation,30202,late_reactivation-30202,middle,middle-w05,3,38,100,daily_to_365_response30_settlement30,250,fixed_aggregate,90,25.818188456192253,9.65802369013622,16.160164766056035,0.1616016476605603,point,
late_reactivation,30202,late_reactivation-30202,middle,middle-w05,3,38,100,daily_to_365_response30_settlement30,250,fixed_aggregate,180,39.5568963217183,27.397610634739824,12.159285686978476,0.1215928568697847,point,
late_reactivation,30202,late_reactivation-30202,middle,middle-w05,3,38,100,daily_to_365_response30_settlement30,250,fixed_aggregate,425,42.69481726790199,28.84133185385201,13.853485414049976,0.1385348541404997,point,
late_reactivation,30202,late_reactivation-30202,middle,middle-w05,3,38,100,daily_to_365_response30_settlement30,250,observable_survival,30,-1.713443739982397,-5.692238389547152,3.978794649564756,0.0397879464956475,point,
late_reactivation,30202,late_reactivation-30202,middle,middle-w05,3,38,100,daily_to_365_response30_settlement30,250,observable_survival,90,4.192868696179479,9.65802369013622,5.465154993956741,0.0546515499395674,point,
late_reactivation,30202,late_reactivation-30202,middle,middle-w05,3,38,100,daily_to_365_response30_settlement30,250,observable_survival,180,5.815474060109571,27.397610634739824,21.58213657463025,0.2158213657463025,point,
late_reactivation,30202,late_reactivation-30202,middle,middle-w05,3,38,100,daily_to_365_response30_settlement30,250,observable_survival,425,3.934648426532255,28.84133185385201,24.90668342731976,0.2490668342731975,point,
late_reactivation,30202,late_reactivation-30202,high,high-w05,3,38,100,daily_to_365_response30_settlement30,250,fixed_aggregate,30,7.038567490591419,21.79702725112537,14.758459760533952,0.1475845976053395,point,
late_reactivation,30202,late_reactivation-30202,high,high-w05,3,38,100,daily_to_365_response30_settlement30,250,fixed_aggregate,90,31.709219432447597,61.47143234103528,29.76221290858769,0.2976221290858769,point,
late_reactivation,30202,late_reactivation-30202,high,high-w05,3,38,100,daily_to_365_response30_settlement30,250,fixed_aggregate,180,45.52675775449592,107.67228018652466,62.14552243202874,0.6214552243202874,point,
late_reactivation,30202,late_reactivation-30202,high,high-w05,3,38,100,daily_to_365_response30_settlement30,250,fixed_aggregate,425,48.92263993443514,113.5477006910806,64.62506075664545,0.6462506075664546,point,
late_reactivation,30202,late_reactivation-30202,high,high-w05,3,38,100,daily_to_365_response30_settlement30,250,observable_survival,30,14.568131462815778,21.79702725112537,7.228895788309593,0.0722889578830959,point,
late_reactivation,30202,late_reactivation-30202,high,high-w05,3,38,100,daily_to_365_response30_settlement30,250,observable_survival,90,49.96844692953643,61.47143234103528,11.502985411498855,0.1150298541149885,point,
late_reactivation,30202,late_reactivation-30202,high,high-w05,3,38,100,daily_to_365_response30_settlement30,250,observable_survival,180,67.14528920587425,107.67228018652466,40.52699098065041,0.4052699098065041,point,
late_reactivation,30202,late_reactivation-30202,high,high-w05,3,38,100,daily_to_365_response30_settlement30,250,observable_survival,425,70.43681022872312,113.5477006910806,43.110890462357474,0.4311089046235747,point,
late_reactivation,30202,late_reactivation-30202,low,low-w05,7,42,100,daily_to_365_response30_settlement30,250,fixed_aggregate,30,-7.867255271033652,-16.032444904412614,8.165189633378962,0.0816518963337896,point,
late_reactivation,30202,late_reactivation-30202,low,low-w05,7,42,100,daily_to_365_response30_settlement30,250,fixed_aggregate,90,10.395461901876995,-14.954869487684832,25.35033138956183,0.2535033138956183,point,
late_reactivation,30202,late_reactivation-30202,low,low-w05,7,42,100,daily_to_365_response30_settlement30,250,fixed_aggregate,180,20.439559792982845,-9.86922756950251,30.308787362485354,0.3030878736248535,point,
late_reactivation,30202,late_reactivation-30202,low,low-w05,7,42,100,daily_to_365_response30_settlement30,250,fixed_aggregate,425,21.99860579151196,-12.219137090653604,34.21774288216556,0.3421774288216556,point,
late_reactivation,30202,late_reactivation-30202,low,low-w05,7,42,100,daily_to_365_response30_settlement30,250,observable_survival,30,-15.833292717454135,-16.032444904412614,0.1991521869584769,0.0019915218695847,point,
late_reactivation,30202,late_reactivation-30202,low,low-w05,7,42,100,daily_to_365_response30_settlement30,250,observable_survival,90,-14.42552552370603,-14.954869487684832,0.5293439639788016,0.005293439639788,point,
late_reactivation,30202,late_reactivation-30202,low,low-w05,7,42,100,daily_to_365_response30_settlement30,250,observable_survival,180,-14.822076691641351,-9.86922756950251,4.952849122138842,0.0495284912213884,point,
late_reactivation,30202,late_reactivation-30202,low,low-w05,7,42,100,daily_to_365_response30_settlement30,250,observable_survival,425,-17.480128611116797,-12.219137090653604,5.260991520463191,0.0526099152046319,point,
late_reactivation,30202,late_reactivation-30202,middle,middle-w05,7,42,100,daily_to_365_response30_settlement30,250,fixed_aggregate,30,-2.0841437559780296,-5.692238389547152,3.608094633569123,0.0360809463356912,point,
late_reactivation,30202,late_reactivation-30202,middle,middle-w05,7,42,100,daily_to_365_response30_settlement30,250,fixed_aggregate,90,16.192679698241253,9.65802369013622,6.534656008105033,0.0653465600810503,point,
late_reactivation,30202,late_reactivation-30202,middle,middle-w05,7,42,100,daily_to_365_response30_settlement30,250,fixed_aggregate,180,26.309814231167937,27.397610634739824,1.087796403571886,0.0108779640357188,point,
late_reactivation,30202,late_reactivation-30202,middle,middle-w05,7,42,100,daily_to_365_response30_settlement30,250,fixed_aggregate,425,28.14829367455688,28.84133185385201,0.6930381792951295,0.0069303817929512,point,
late_reactivation,30202,late_reactivation-30202,middle,middle-w05,7,42,100,daily_to_365_response30_settlement30,250,observable_survival,30,-3.313919245051368,-5.692238389547152,2.3783191444957845,0.0237831914449578,point,
late_reactivation,30202,late_reactivation-30202,middle,middle-w05,7,42,100,daily_to_365_response30_settlement30,250,observable_survival,90,3.930839986755395,9.65802369013622,5.727183703380826,0.0572718370338082,point,
late_reactivation,30202,late_reactivation-30202,middle,middle-w05,7,42,100,daily_to_365_response30_settlement30,250,observable_survival,180,6.30671812066911,27.397610634739824,21.090892514070717,0.2109089251407071,point,
late_reactivation,30202,late_reactivation-30202,middle,middle-w05,7,42,100,daily_to_365_response30_settlement30,250,observable_survival,425,4.782892438479936,28.84133185385201,24.058439415372074,0.2405843941537207,point,
late_reactivation,30202,late_reactivation-30202,high,high-w05,7,42,100,daily_to_365_response30_settlement30,250,fixed_aggregate,30,11.080298121066368,21.79702725112537,10.716729130059004,0.10716729130059,point,
late_reactivation,30202,late_reactivation-30202,high,high-w05,7,42,100,daily_to_365_response30_settlement30,250,fixed_aggregate,90,29.370096775924875,61.47143234103528,32.1013355651104,0.321013355651104,point,
late_reactivation,30202,late_reactivation-30202,high,high-w05,7,42,100,daily_to_365_response30_settlement30,250,fixed_aggregate,180,39.53657726207302,107.67228018652466,68.13570292445164,0.6813570292445164,point,
late_reactivation,30202,late_reactivation-30202,high,high-w05,7,42,100,daily_to_365_response30_settlement30,250,fixed_aggregate,425,41.53531826539294,113.5477006910806,72.01238242568766,0.7201238242568766,point,
late_reactivation,30202,late_reactivation-30202,high,high-w05,7,42,100,daily_to_365_response30_settlement30,250,observable_survival,30,18.502556677552143,21.79702725112537,3.2944705735732285,0.0329447057357322,point,
late_reactivation,30202,late_reactivation-30202,high,high-w05,7,42,100,daily_to_365_response30_settlement30,250,observable_survival,90,52.97539091125627,61.47143234103528,8.496041429779012,0.0849604142977901,point,
late_reactivation,30202,late_reactivation-30202,high,high-w05,7,42,100,daily_to_365_response30_settlement30,250,observable_survival,180,69.52646449765409,107.67228018652466,38.14581568887057,0.3814581568887057,point,
late_reactivation,30202,late_reactivation-30202,high,high-w05,7,42,100,daily_to_365_response30_settlement30,250,observable_survival,425,72.5983332470647,113.5477006910806,40.94936744401589,0.4094936744401589,point,
late_reactivation,30202,late_reactivation-30202,low,low-w05,14,49,100,daily_to_365_response30_settlement30,250,fixed_aggregate,30,-9.861519197644247,-16.032444904412614,6.170925706768365,0.0617092570676836,point,
late_reactivation,30202,late_reactivation-30202,low,low-w05,14,49,100,daily_to_365_response30_settlement30,250,fixed_aggregate,90,8.395473093988594,-14.954869487684832,23.350342581673424,0.2335034258167342,point,
late_reactivation,30202,late_reactivation-30202,low,low-w05,14,49,100,daily_to_365_response30_settlement30,250,fixed_aggregate,180,18.9695900894115,-9.86922756950251,28.83881765891401,0.2883881765891401,point,
late_reactivation,30202,late_reactivation-30202,low,low-w05,14,49,100,daily_to_365_response30_settlement30,250,fixed_aggregate,425,20.83736885283536,-12.219137090653604,33.056505943488965,0.3305650594348897,point,
late_reactivation,30202,late_reactivation-30202,low,low-w05,14,49,100,daily_to_365_response30_settlement30,250,observable_survival,30,-15.24881750409452,-16.032444904412614,0.7836274003180943,0.0078362740031809,point,
late_reactivation,30202,late_reactivation-30202,low,low-w05,14,49,100,daily_to_365_response30_settlement30,250,observable_survival,90,-14.29896197294759,-14.954869487684832,0.6559075147372422,0.0065590751473724,point,
late_reactivation,30202,late_reactivation-30202,low,low-w05,14,49,100,daily_to_365_response30_settlement30,250,observable_survival,180,-14.8854119947438,-9.86922756950251,5.01618442524129,0.0501618442524129,point,
late_reactivation,30202,late_reactivation-30202,low,low-w05,14,49,100,daily_to_365_response30_settlement30,250,observable_survival,425,-17.510111952557093,-12.219137090653604,5.290974861903488,0.0529097486190348,point,
late_reactivation,30202,late_reactivation-30202,middle,middle-w05,14,49,100,daily_to_365_response30_settlement30,250,fixed_aggregate,30,-3.004787533322027,-5.692238389547152,2.6874508562251256,0.0268745085622512,point,
late_reactivation,30202,late_reactivation-30202,middle,middle-w05,14,49,100,daily_to_365_response30_settlement30,250,fixed_aggregate,90,15.214763612385244,9.65802369013622,5.556739922249024,0.0555673992224902,point,
late_reactivation,30202,late_reactivation-30202,middle,middle-w05,14,49,100,daily_to_365_response30_settlement30,250,fixed_aggregate,180,25.791809621919068,27.397610634739824,1.6058010128207556,0.0160580101282075,point,
late_reactivation,30202,late_reactivation-30202,middle,middle-w05,14,49,100,daily_to_365_response30_settlement30,250,fixed_aggregate,425,27.77175217089909,28.84133185385201,1.0695796829529165,0.0106957968295291,point,
late_reactivation,30202,late_reactivation-30202,middle,middle-w05,14,49,100,daily_to_365_response30_settlement30,250,observable_survival,30,-3.5797304576891187,-5.692238389547152,2.1125079318580338,0.0211250793185803,point,
late_reactivation,30202,late_reactivation-30202,middle,middle-w05,14,49,100,daily_to_365_response30_settlement30,250,observable_survival,90,7.027991365062353,9.65802369013622,2.6300323250738677,0.0263003232507386,point,
late_reactivation,30202,late_reactivation-30202,middle,middle-w05,14,49,100,daily_to_365_response30_settlement30,250,observable_survival,180,11.358413178122571,27.397610634739824,16.039197456617252,0.1603919745661725,point,
late_reactivation,30202,late_reactivation-30202,middle,middle-w05,14,49,100,daily_to_365_response30_settlement30,250,observable_survival,425,10.43653532710358,28.84133185385201,18.404796526748434,0.1840479652674843,point,
late_reactivation,30202,late_reactivation-30202,high,high-w05,14,49,100,daily_to_365_response30_settlement30,250,fixed_aggregate,30,15.487259670690056,21.79702725112537,6.309767580435315,0.0630976758043531,point,
late_reactivation,30202,late_reactivation-30202,high,high-w05,14,49,100,daily_to_365_response30_settlement30,250,fixed_aggregate,90,33.67241544655132,61.47143234103528,27.79901689448396,0.2779901689448396,point,
late_reactivation,30202,late_reactivation-30202,high,high-w05,14,49,100,daily_to_365_response30_settlement30,250,fixed_aggregate,180,44.24419180490615,107.67228018652466,63.42808838161851,0.6342808838161851,point,
late_reactivation,30202,late_reactivation-30202,high,high-w05,14,49,100,daily_to_365_response30_settlement30,250,fixed_aggregate,425,46.23871105966856,113.5477006910806,67.30898963141203,0.6730898963141203,point,
late_reactivation,30202,late_reactivation-30202,high,high-w05,14,49,100,daily_to_365_response30_settlement30,250,observable_survival,30,20.997627016224666,21.79702725112537,0.799400234900709,0.007994002349007,point,
late_reactivation,30202,late_reactivation-30202,high,high-w05,14,49,100,daily_to_365_response30_settlement30,250,observable_survival,90,57.72748876715056,61.47143234103528,3.743943573884721,0.0374394357388472,point,
late_reactivation,30202,late_reactivation-30202,high,high-w05,14,49,100,daily_to_365_response30_settlement30,250,observable_survival,180,76.17862908750723,107.67228018652466,31.493651099017427,0.3149365109901743,point,
late_reactivation,30202,late_reactivation-30202,high,high-w05,14,49,100,daily_to_365_response30_settlement30,250,observable_survival,425,79.83632835871548,113.5477006910806,33.71137233236512,0.3371137233236511,point,
late_reactivation,30202,late_reactivation-30202,low,low-w05,30,65,100,daily_to_365_response30_settlement30,250,fixed_aggregate,90,-2.3787223343282182,-14.954869487684832,12.576147153356612,0.1257614715335661,point,
late_reactivation,30202,late_reactivation-30202,low,low-w05,30,65,100,daily_to_365_response30_settlement30,250,fixed_aggregate,180,4.703565781681255,-9.86922756950251,14.572793351183766,0.1457279335118376,point,
late_reactivation,30202,late_reactivation-30202,low,low-w05,30,65,100,daily_to_365_response30_settlement30,250,fixed_aggregate,425,5.221772638057355,-12.219137090653604,17.44090972871096,0.1744090972871096,point,
late_reactivation,30202,late_reactivation-30202,low,low-w05,30,65,100,daily_to_365_response30_settlement30,250,observable_survival,90,-14.876767418230166,-14.954869487684832,0.0781020694546654,0.0007810206945466,point,
late_reactivation,30202,late_reactivation-30202,low,low-w05,30,65,100,daily_to_365_response30_settlement30,250,observable_survival,180,-15.365935356148308,-9.86922756950251,5.496707786645798,0.0549670778664579,point,
late_reactivation,30202,late_reactivation-30202,low,low-w05,30,65,100,daily_to_365_response30_settlement30,250,observable_survival,425,-17.922916514950472,-12.219137090653604,5.703779424296867,0.0570377942429686,point,
late_reactivation,30202,late_reactivation-30202,middle,middle-w05,30,65,100,daily_to_365_response30_settlement30,250,fixed_aggregate,90,8.432157629711076,9.65802369013622,1.225866060425144,0.0122586606042514,point,
late_reactivation,30202,late_reactivation-30202,middle,middle-w05,30,65,100,daily_to_365_response30_settlement30,250,fixed_aggregate,180,15.49140156860688,27.397610634739824,11.906209066132943,0.1190620906613294,point,
late_reactivation,30202,late_reactivation-30202,middle,middle-w05,30,65,100,daily_to_365_response30_settlement30,250,fixed_aggregate,425,16.04373805843821,28.84133185385201,12.797593795413803,0.127975937954138,point,
late_reactivation,30202,late_reactivation-30202,middle,middle-w05,30,65,100,daily_to_365_response30_settlement30,250,observable_survival,90,5.437408696970372,9.65802369013622,4.2206149931658485,0.0422061499316584,point,
late_reactivation,30202,late_reactivation-30202,middle,middle-w05,30,65,100,daily_to_365_response30_settlement30,250,observable_survival,180,11.533872255531888,27.397610634739824,15.863738379207936,0.1586373837920793,point,
late_reactivation,30202,late_reactivation-30202,middle,middle-w05,30,65,100,daily_to_365_response30_settlement30,250,observable_survival,425,11.170402332400917,28.84133185385201,17.670929521451097,0.1767092952145109,point,
late_reactivation,30202,late_reactivation-30202,high,high-w05,30,65,100,daily_to_365_response30_settlement30,250,fixed_aggregate,90,35.961760709876295,61.47143234103528,25.509671631158987,0.2550967163115898,point,
late_reactivation,30202,late_reactivation-30202,high,high-w05,30,65,100,daily_to_365_response30_settlement30,250,fixed_aggregate,180,42.94437626466914,107.67228018652466,64.72790392185553,0.6472790392185552,point,
late_reactivation,30202,late_reactivation-30202,high,high-w05,30,65,100,daily_to_365_response30_settlement30,250,fixed_aggregate,425,43.32880446677092,113.5477006910806,70.21889622430967,0.7021889622430968,point,
late_reactivation,30202,late_reactivation-30202,high,high-w05,30,65,100,daily_to_365_response30_settlement30,250,observable_survival,90,49.87588261255706,61.47143234103528,11.595549728478218,0.1159554972847821,point,
late_reactivation,30202,late_reactivation-30202,high,high-w05,30,65,100,daily_to_365_response30_settlement30,250,observable_survival,180,62.92100266438291,107.67228018652466,44.75127752214175,0.4475127752214174,point,
late_reactivation,30202,late_reactivation-30202,high,high-w05,30,65,100,daily_to_365_response30_settlement30,250,observable_survival,425,64.75181084614435,113.5477006910806,48.79588984493624,0.4879588984493624,point,
late_reactivation,30202,late_reactivation-30202,low,low-w05,60,95,100,daily_to_365_response30_settlement30,250,fixed_aggregate,90,-9.510341411858777,-14.954869487684832,5.444528075826055,0.0544452807582605,point,
late_reactivation,30202,late_reactivation-30202,low,low-w05,60,95,100,daily_to_365_response30_settlement30,250,fixed_aggregate,180,12.832632350779562,-9.86922756950251,22.70185992028207,0.2270185992028207,point,
late_reactivation,30202,late_reactivation-30202,low,low-w05,60,95,100,daily_to_365_response30_settlement30,250,fixed_aggregate,425,19.402001857772508,-12.219137090653604,31.621138948426115,0.3162113894842611,point,
late_reactivation,30202,late_reactivation-30202,low,low-w05,60,95,100,daily_to_365_response30_settlement30,250,observable_survival,90,-14.539524694833348,-14.954869487684832,0.4153447928514833,0.0041534479285148,point,
late_reactivation,30202,late_reactivation-30202,low,low-w05,60,95,100,daily_to_365_response30_settlement30,250,observable_survival,180,-12.537354391319104,-9.86922756950251,2.6681268218165943,0.0266812682181659,point,
late_reactivation,30202,late_reactivation-30202,low,low-w05,60,95,100,daily_to_365_response30_settlement30,250,observable_survival,425,-14.196139613939796,-12.219137090653604,1.97700252328619,0.0197700252328619,point,
late_reactivation,30202,late_reactivation-30202,middle,middle-w05,60,95,100,daily_to_365_response30_settlement30,250,fixed_aggregate,90,8.228298325622545,9.65802369013622,1.4297253645136756,0.0142972536451367,point,
late_reactivation,30202,late_reactivation-30202,middle,middle-w05,60,95,100,daily_to_365_response30_settlement30,250,fixed_aggregate,180,30.47556198320798,27.397610634739824,3.077951348468158,0.0307795134846815,point,
late_reactivation,30202,late_reactivation-30202,middle,middle-w05,60,95,100,daily_to_365_response30_settlement30,250,fixed_aggregate,425,36.83905464371643,28.84133185385201,7.997722789864419,0.0799772278986441,point,
late_reactivation,30202,late_reactivation-30202,middle,middle-w05,60,95,100,daily_to_365_response30_settlement30,250,observable_survival,90,6.4304442371989,9.65802369013622,3.22757945293732,0.0322757945293732,point,
late_reactivation,30202,late_reactivation-30202,middle,middle-w05,60,95,100,daily_to_365_response30_settlement30,250,observable_survival,180,17.857653270434046,27.397610634739824,9.539957364305778,0.0953995736430577,point,
late_reactivation,30202,late_reactivation-30202,middle,middle-w05,60,95,100,daily_to_365_response30_settlement30,250,observable_survival,425,19.19599737102427,28.84133185385201,9.645334482827742,0.0964533448282774,point,
late_reactivation,30202,late_reactivation-30202,high,high-w05,60,95,100,daily_to_365_response30_settlement30,250,fixed_aggregate,90,47.95087933488448,61.47143234103528,13.5205530061508,0.1352055300615079,point,
late_reactivation,30202,late_reactivation-30202,high,high-w05,60,95,100,daily_to_365_response30_settlement30,250,fixed_aggregate,180,70.18443339629128,107.67228018652466,37.48784679023338,0.3748784679023337,point,
late_reactivation,30202,late_reactivation-30202,high,high-w05,60,95,100,daily_to_365_response30_settlement30,250,fixed_aggregate,425,76.54409368738364,113.5477006910806,37.00360700369696,0.3700360700369696,point,
late_reactivation,30202,late_reactivation-30202,high,high-w05,60,95,100,daily_to_365_response30_settlement30,250,observable_survival,90,54.575440566726975,61.47143234103528,6.895991774308307,0.068959917743083,point,
late_reactivation,30202,late_reactivation-30202,high,high-w05,60,95,100,daily_to_365_response30_settlement30,250,observable_survival,180,107.3224552564882,107.67228018652466,0.349824930036462,0.0034982493003646,point,
late_reactivation,30202,late_reactivation-30202,high,high-w05,60,95,100,daily_to_365_response30_settlement30,250,observable_survival,425,122.577328954067,113.5477006910806,9.029628262986408,0.090296282629864,point,
late_reactivation,30303,late_reactivation-30303,low,low-w05,3,38,100,daily_to_365_response30_settlement30,250,fixed_aggregate,30,-4.588895208574154,-13.004768025747635,8.415872817173483,0.0841587281717348,point,
late_reactivation,30303,late_reactivation-30303,low,low-w05,3,38,100,daily_to_365_response30_settlement30,250,fixed_aggregate,90,4.5964512742322245,-7.453665815219823,12.050117089452048,0.1205011708945204,point,
late_reactivation,30303,late_reactivation-30303,low,low-w05,3,38,100,daily_to_365_response30_settlement30,250,fixed_aggregate,180,8.619616010779168,-2.0921927336926176,10.711808744471783,0.1071180874447178,point,
late_reactivation,30303,late_reactivation-30303,low,low-w05,3,38,100,daily_to_365_response30_settlement30,250,fixed_aggregate,425,7.368101108064668,-3.403268771083579,10.771369879148246,0.1077136987914824,point,
late_reactivation,30303,late_reactivation-30303,low,low-w05,3,38,100,daily_to_365_response30_settlement30,250,observable_survival,30,-13.094579171740213,-13.004768025747635,0.0898111459925736,0.0008981114599257,point,
late_reactivation,30303,late_reactivation-30303,low,low-w05,3,38,100,daily_to_365_response30_settlement30,250,observable_survival,90,-10.617726945972365,-7.453665815219823,3.164061130752541,0.0316406113075254,point,
late_reactivation,30303,late_reactivation-30303,low,low-w05,3,38,100,daily_to_365_response30_settlement30,250,observable_survival,180,-10.50176658041866,-2.0921927336926176,8.40957384672604,0.0840957384672604,point,
late_reactivation,30303,late_reactivation-30303,low,low-w05,3,38,100,daily_to_365_response30_settlement30,250,observable_survival,425,-13.373435158836196,-3.403268771083579,9.970166387752617,0.0997016638775261,point,
late_reactivation,30303,late_reactivation-30303,middle,middle-w05,3,38,100,daily_to_365_response30_settlement30,250,fixed_aggregate,30,-3.324223196512856,-7.323000505946146,3.99877730943329,0.0399877730943329,point,
late_reactivation,30303,late_reactivation-30303,middle,middle-w05,3,38,100,daily_to_365_response30_settlement30,250,fixed_aggregate,90,5.961619180945528,5.654194243263691,0.3074249376818363,0.0030742493768183,point,
late_reactivation,30303,late_reactivation-30303,middle,middle-w05,3,38,100,daily_to_365_response30_settlement30,250,fixed_aggregate,180,10.295411942893873,19.059841985680205,8.764430042786334,0.0876443004278633,point,
late_reactivation,30303,late_reactivation-30303,middle,middle-w05,3,38,100,daily_to_365_response30_settlement30,250,fixed_aggregate,425,10.098880005278456,17.541184568847815,7.442304563569358,0.0744230456356935,point,
late_reactivation,30303,late_reactivation-30303,middle,middle-w05,3,38,100,daily_to_365_response30_settlement30,250,observable_survival,30,-5.757335169618105,-7.323000505946146,1.565665336328041,0.0156566533632804,point,
late_reactivation,30303,late_reactivation-30303,middle,middle-w05,3,38,100,daily_to_365_response30_settlement30,250,observable_survival,90,7.220389258984497,5.654194243263691,1.5661950157208056,0.015661950157208,point,
late_reactivation,30303,late_reactivation-30303,middle,middle-w05,3,38,100,daily_to_365_response30_settlement30,250,observable_survival,180,12.844831771413672,19.059841985680205,6.215010214266533,0.0621501021426653,point,
late_reactivation,30303,late_reactivation-30303,middle,middle-w05,3,38,100,daily_to_365_response30_settlement30,250,observable_survival,425,12.549760329808068,17.541184568847815,4.9914242390397465,0.0499142423903974,point,
late_reactivation,30303,late_reactivation-30303,high,high-w05,3,38,100,daily_to_365_response30_settlement30,250,fixed_aggregate,30,-0.6113468896937474,12.000509266210615,12.611856155904364,0.1261185615590436,point,
late_reactivation,30303,late_reactivation-30303,high,high-w05,3,38,100,daily_to_365_response30_settlement30,250,fixed_aggregate,90,8.625247009400791,46.84928149632707,38.224034486926286,0.3822403448692628,point,
late_reactivation,30303,late_reactivation-30303,high,high-w05,3,38,100,daily_to_365_response30_settlement30,250,fixed_aggregate,180,12.834310695959244,87.82971749693955,74.9954068009803,0.749954068009803,point,
late_reactivation,30303,late_reactivation-30303,high,high-w05,3,38,100,daily_to_365_response30_settlement30,250,fixed_aggregate,425,12.267311266092252,90.13446274112052,77.86715147502827,0.7786715147502826,point,
late_reactivation,30303,late_reactivation-30303,high,high-w05,3,38,100,daily_to_365_response30_settlement30,250,observable_survival,30,9.381792621612458,12.000509266210615,2.618716644598159,0.0261871664459815,point,
late_reactivation,30303,late_reactivation-30303,high,high-w05,3,38,100,daily_to_365_response30_settlement30,250,observable_survival,90,23.8434068727414,46.84928149632707,23.005874623585672,0.2300587462358567,point,
late_reactivation,30303,late_reactivation-30303,high,high-w05,3,38,100,daily_to_365_response30_settlement30,250,observable_survival,180,29.852142632520614,87.82971749693955,57.97757486441893,0.5797757486441893,point,
late_reactivation,30303,late_reactivation-30303,high,high-w05,3,38,100,daily_to_365_response30_settlement30,250,observable_survival,425,29.46870403416814,90.13446274112052,60.66575870695237,0.6066575870695238,point,
late_reactivation,30303,late_reactivation-30303,low,low-w05,7,42,100,daily_to_365_response30_settlement30,250,fixed_aggregate,30,-6.5287126008492535,-13.004768025747635,6.476055424898384,0.0647605542489838,point,
late_reactivation,30303,late_reactivation-30303,low,low-w05,7,42,100,daily_to_365_response30_settlement30,250,fixed_aggregate,90,3.3187904213824884,-7.453665815219823,10.772456236602313,0.1077245623660231,point,
late_reactivation,30303,late_reactivation-30303,low,low-w05,7,42,100,daily_to_365_response30_settlement30,250,fixed_aggregate,180,8.280173103939363,-2.0921927336926176,10.372365837631982,0.1037236583763198,point,
late_reactivation,30303,late_reactivation-30303,low,low-w05,7,42,100,daily_to_365_response30_settlement30,250,fixed_aggregate,425,7.609054144950067,-3.403268771083579,11.012322916033646,0.1101232291603364,point,
late_reactivation,30303,late_reactivation-30303,low,low-w05,7,42,100,daily_to_365_response30_settlement30,250,observable_survival,30,-13.256476577326534,-13.004768025747635,0.251708551578897,0.0025170855157889,point,
late_reactivation,30303,late_reactivation-30303,low,low-w05,7,42,100,daily_to_365_response30_settlement30,250,observable_survival,90,-11.843490442062594,-7.453665815219823,4.3898246268427705,0.0438982462684277,point,
late_reactivation,30303,late_reactivation-30303,low,low-w05,7,42,100,daily_to_365_response30_settlement30,250,observable_survival,180,-12.29529993421218,-2.0921927336926176,10.203107200519565,0.1020310720051956,point,
late_reactivation,30303,late_reactivation-30303,low,low-w05,7,42,100,daily_to_365_response30_settlement30,250,observable_survival,425,-15.176328306531085,-3.403268771083579,11.773059535447503,0.117730595354475,point,
late_reactivation,30303,late_reactivation-30303,middle,middle-w05,7,42,100,daily_to_365_response30_settlement30,250,fixed_aggregate,30,-5.504842729491382,-7.323000505946146,1.818157776454764,0.0181815777645476,point,
late_reactivation,30303,late_reactivation-30303,middle,middle-w05,7,42,100,daily_to_365_response30_settlement30,250,fixed_aggregate,90,4.418453642522698,5.654194243263691,1.2357406007409937,0.0123574060074099,point,
late_reactivation,30303,late_reactivation-30303,middle,middle-w05,7,42,100,daily_to_365_response30_settlement30,250,fixed_aggregate,180,9.620534879855969,19.059841985680205,9.439307105824238,0.0943930710582423,point,
late_reactivation,30303,late_reactivation-30303,middle,middle-w05,7,42,100,daily_to_365_response30_settlement30,250,fixed_aggregate,425,9.762477179103458,17.541184568847815,7.778707389744357,0.0777870738974435,point,
late_reactivation,30303,late_reactivation-30303,middle,middle-w05,7,42,100,daily_to_365_response30_settlement30,250,observable_survival,30,-8.16179268170509,-7.323000505946146,0.8387921757589449,0.0083879217575894,point,
late_reactivation,30303,late_reactivation-30303,middle,middle-w05,7,42,100,daily_to_365_response30_settlement30,250,observable_survival,90,0.7255547129922342,5.654194243263691,4.928639530271457,0.0492863953027145,point,
late_reactivation,30303,late_reactivation-30303,middle,middle-w05,7,42,100,daily_to_365_response30_settlement30,250,observable_survival,180,4.193207442351349,19.059841985680205,14.866634543328855,0.1486663454332885,point,
late_reactivation,30303,late_reactivation-30303,middle,middle-w05,7,42,100,daily_to_365_response30_settlement30,250,observable_survival,425,3.214828303520502,17.541184568847815,14.326356265327313,0.1432635626532731,point,
late_reactivation,30303,late_reactivation-30303,high,high-w05,7,42,100,daily_to_365_response30_settlement30,250,fixed_aggregate,30,0.8988391461579789,12.000509266210615,11.101670120052638,0.1110167012005263,point,
late_reactivation,30303,late_reactivation-30303,high,high-w05,7,42,100,daily_to_365_response30_settlement30,250,fixed_aggregate,90,10.787206819934047,46.84928149632707,36.062074676393024,0.3606207467639302,point,
late_reactivation,30303,late_reactivation-30303,high,high-w05,7,42,100,daily_to_365_response30_settlement30,250,fixed_aggregate,180,15.882843529694613,87.82971749693955,71.94687396724494,0.7194687396724494,point,
late_reactivation,30303,late_reactivation-30303,high,high-w05,7,42,100,daily_to_365_response30_settlement30,250,fixed_aggregate,425,15.679843736758947,90.13446274112052,74.45461900436158,0.7445461900436158,point,
late_reactivation,30303,late_reactivation-30303,high,high-w05,7,42,100,daily_to_365_response30_settlement30,250,observable_survival,30,9.35630142511751,12.000509266210615,2.644207841093108,0.026442078410931,point,
late_reactivation,30303,late_reactivation-30303,high,high-w05,7,42,100,daily_to_365_response30_settlement30,250,observable_survival,90,23.477118222147457,46.84928149632707,23.372163274179616,0.2337216327417961,point,
late_reactivation,30303,late_reactivation-30303,high,high-w05,7,42,100,daily_to_365_response30_settlement30,250,observable_survival,180,29.23799665835136,87.82971749693955,58.59172083858819,0.5859172083858819,point,
late_reactivation,30303,late_reactivation-30303,high,high-w05,7,42,100,daily_to_365_response30_settlement30,250,observable_survival,425,28.78567016793118,90.13446274112052,61.348792573189336,0.6134879257318934,point,
late_reactivation,30303,late_reactivation-30303,low,low-w05,14,49,100,daily_to_365_response30_settlement30,250,fixed_aggregate,30,-10.072661055301314,-13.004768025747635,2.9321069704463234,0.0293210697044632,point,
late_reactivation,30303,late_reactivation-30303,low,low-w05,14,49,100,daily_to_365_response30_settlement30,250,fixed_aggregate,90,-2.9044618558737616,-7.453665815219823,4.549203959346062,0.0454920395934606,point,
late_reactivation,30303,late_reactivation-30303,low,low-w05,14,49,100,daily_to_365_response30_settlement30,250,fixed_aggregate,180,0.0455514193416144,-2.0921927336926176,2.137744153034232,0.0213774415303423,point,
late_reactivation,30303,late_reactivation-30303,low,low-w05,14,49,100,daily_to_365_response30_settlement30,250,fixed_aggregate,425,-1.394178506532075,-3.403268771083579,2.009090264551504,0.020090902645515,point,
late_reactivation,30303,late_reactivation-30303,low,low-w05,14,49,100,daily_to_365_response30_settlement30,250,observable_survival,30,-13.483962367603194,-13.004768025747635,0.4791943418555568,0.0047919434185555,point,
late_reactivation,30303,late_reactivation-30303,low,low-w05,14,49,100,daily_to_365_response30_settlement30,250,observable_survival,90,-12.001950491943656,-7.453665815219823,4.548284676723831,0.0454828467672383,point,
late_reactivation,30303,late_reactivation-30303,low,low-w05,14,49,100,daily_to_365_response30_settlement30,250,observable_survival,180,-12.34859205141975,-2.0921927336926176,10.256399317727134,0.1025639931772713,point,
late_reactivation,30303,late_reactivation-30303,low,low-w05,14,49,100,daily_to_365_response30_settlement30,250,observable_survival,425,-15.16756207858136,-3.403268771083579,11.76429330749778,0.1176429330749778,point,
late_reactivation,30303,late_reactivation-30303,middle,middle-w05,14,49,100,daily_to_365_response30_settlement30,250,fixed_aggregate,30,-8.326085195197853,-7.323000505946146,1.0030846892517076,0.010030846892517,point,
late_reactivation,30303,late_reactivation-30303,middle,middle-w05,14,49,100,daily_to_365_response30_settlement30,250,fixed_aggregate,90,-1.1093905718130406,5.654194243263691,6.763584815076732,0.0676358481507673,point,
late_reactivation,30303,late_reactivation-30303,middle,middle-w05,14,49,100,daily_to_365_response30_settlement30,250,fixed_aggregate,180,2.03346414440233,19.059841985680205,17.026377841277874,0.1702637784127787,point,
late_reactivation,30303,late_reactivation-30303,middle,middle-w05,14,49,100,daily_to_365_response30_settlement30,250,fixed_aggregate,425,1.2692984060926478,17.541184568847815,16.271886162755166,0.1627188616275516,point,
late_reactivation,30303,late_reactivation-30303,middle,middle-w05,14,49,100,daily_to_365_response30_settlement30,250,observable_survival,30,-9.1186336085807,-7.323000505946146,1.7956331026345538,0.0179563310263455,point,
late_reactivation,30303,late_reactivation-30303,middle,middle-w05,14,49,100,daily_to_365_response30_settlement30,250,observable_survival,90,-2.859080068308424,5.654194243263691,8.513274311572115,0.0851327431157211,point,
late_reactivation,30303,late_reactivation-30303,middle,middle-w05,14,49,100,daily_to_365_response30_settlement30,250,observable_survival,180,-0.8049104170431622,19.059841985680205,19.86475240272337,0.1986475240272336,point,
late_reactivation,30303,late_reactivation-30303,middle,middle-w05,14,49,100,daily_to_365_response30_settlement30,250,observable_survival,425,-2.300571658617593,17.541184568847815,19.841756227465407,0.198417562274654,point,
late_reactivation,30303,late_reactivation-30303,high,high-w05,14,49,100,daily_to_365_response30_settlement30,250,fixed_aggregate,30,4.241942118497725,12.000509266210615,7.758567147712892,0.0775856714771289,point,
late_reactivation,30303,late_reactivation-30303,high,high-w05,14,49,100,daily_to_365_response30_settlement30,250,fixed_aggregate,90,11.39627446024172,46.84928149632707,35.45300703608535,0.3545300703608535,point,
late_reactivation,30303,late_reactivation-30303,high,high-w05,14,49,100,daily_to_365_response30_settlement30,250,fixed_aggregate,180,14.4158020271814,87.82971749693955,73.41391546975815,0.7341391546975815,point,
late_reactivation,30303,late_reactivation-30303,high,high-w05,14,49,100,daily_to_365_response30_settlement30,250,fixed_aggregate,425,13.26417386600255,90.13446274112052,76.87028887511796,0.7687028887511796,point,
late_reactivation,30303,late_reactivation-30303,high,high-w05,14,49,100,daily_to_365_response30_settlement30,250,observable_survival,30,9.16103318269325,12.000509266210615,2.8394760835173667,0.0283947608351736,point,
late_reactivation,30303,late_reactivation-30303,high,high-w05,14,49,100,daily_to_365_response30_settlement30,250,observable_survival,90,27.083491813132657,46.84928149632707,19.765789683194416,0.1976578968319441,point,
late_reactivation,30303,late_reactivation-30303,high,high-w05,14,49,100,daily_to_365_response30_settlement30,250,observable_survival,180,35.274829662888415,87.82971749693955,52.55488783405114,0.5255488783405113,point,
late_reactivation,30303,late_reactivation-30303,high,high-w05,14,49,100,daily_to_365_response30_settlement30,250,observable_survival,425,35.54285196352043,90.13446274112052,54.59161077760009,0.5459161077760009,point,
late_reactivation,30303,late_reactivation-30303,low,low-w05,30,65,100,daily_to_365_response30_settlement30,250,fixed_aggregate,90,1.8124986234144635,-7.453665815219823,9.266164438634286,0.0926616443863428,point,
late_reactivation,30303,late_reactivation-30303,low,low-w05,30,65,100,daily_to_365_response30_settlement30,250,fixed_aggregate,180,12.605014731930527,-2.0921927336926176,14.697207465623144,0.1469720746562314,point,
late_reactivation,30303,late_reactivation-30303,low,low-w05,30,65,100,daily_to_365_response30_settlement30,250,fixed_aggregate,425,14.467041068728276,-3.403268771083579,17.870309839811853,0.1787030983981185,point,
late_reactivation,30303,late_reactivation-30303,low,low-w05,30,65,100,daily_to_365_response30_settlement30,250,observable_survival,90,-12.257143628681025,-7.453665815219823,4.8034778134612,0.0480347781346119,point,
late_reactivation,30303,late_reactivation-30303,low,low-w05,30,65,100,daily_to_365_response30_settlement30,250,observable_survival,180,-13.331664074647875,-2.0921927336926176,11.23947134095526,0.1123947134095526,point,
late_reactivation,30303,late_reactivation-30303,low,low-w05,30,65,100,daily_to_365_response30_settlement30,250,observable_survival,425,-16.203215426056108,-3.403268771083579,12.79994665497253,0.1279994665497253,point,
late_reactivation,30303,late_reactivation-30303,middle,middle-w05,30,65,100,daily_to_365_response30_settlement30,250,fixed_aggregate,90,8.098918490162479,5.654194243263691,2.4447242468987875,0.0244472424689878,point,
late_reactivation,30303,late_reactivation-30303,middle,middle-w05,30,65,100,daily_to_365_response30_settlement30,250,fixed_aggregate,180,19.029553210120664,19.059841985680205,0.0302887755595406,0.0003028877555954,point,
late_reactivation,30303,late_reactivation-30303,middle,middle-w05,30,65,100,daily_to_365_response30_settlement30,250,fixed_aggregate,425,21.4452093128972,17.541184568847815,3.904024744049384,0.0390402474404938,point,
late_reactivation,30303,late_reactivation-30303,middle,middle-w05,30,65,100,daily_to_365_response30_settlement30,250,observable_survival,90,3.014957345595966,5.654194243263691,2.6392368976677254,0.0263923689766772,point,
late_reactivation,30303,late_reactivation-30303,middle,middle-w05,30,65,100,daily_to_365_response30_settlement30,250,observable_survival,180,7.55510538143536,19.059841985680205,11.504736604244844,0.1150473660424484,point,
late_reactivation,30303,late_reactivation-30303,middle,middle-w05,30,65,100,daily_to_365_response30_settlement30,250,observable_survival,425,6.924279100185766,17.541184568847815,10.616905468662049,0.1061690546866204,point,
late_reactivation,30303,late_reactivation-30303,high,high-w05,30,65,100,daily_to_365_response30_settlement30,250,fixed_aggregate,90,27.56240524053575,46.84928149632707,19.286876255791324,0.1928687625579132,point,
late_reactivation,30303,late_reactivation-30303,high,high-w05,30,65,100,daily_to_365_response30_settlement30,250,fixed_aggregate,180,38.27797674092372,87.82971749693955,49.55174075601583,0.4955174075601583,point,
late_reactivation,30303,late_reactivation-30303,high,high-w05,30,65,100,daily_to_365_response30_settlement30,250,fixed_aggregate,425,40.13712541942967,90.13446274112052,49.99733732169085,0.4999733732169085,point,
late_reactivation,30303,late_reactivation-30303,high,high-w05,30,65,100,daily_to_365_response30_settlement30,250,observable_survival,90,38.915115004636455,46.84928149632707,7.934166491690618,0.0793416649169061,point,
late_reactivation,30303,late_reactivation-30303,high,high-w05,30,65,100,daily_to_365_response30_settlement30,250,observable_survival,180,55.19454109188542,87.82971749693955,32.63517640505413,0.3263517640505413,point,
late_reactivation,30303,late_reactivation-30303,high,high-w05,30,65,100,daily_to_365_response30_settlement30,250,observable_survival,425,58.09629531677073,90.13446274112052,32.03816742434979,0.3203816742434979,point,
late_reactivation,30303,late_reactivation-30303,low,low-w05,60,95,100,daily_to_365_response30_settlement30,250,fixed_aggregate,90,-3.3928304483872083,-7.453665815219823,4.060835366832615,0.0406083536683261,point,
late_reactivation,30303,late_reactivation-30303,low,low-w05,60,95,100,daily_to_365_response30_settlement30,250,fixed_aggregate,180,10.736315444780296,-2.0921927336926176,12.828508178472912,0.1282850817847291,point,
late_reactivation,30303,late_reactivation-30303,low,low-w05,60,95,100,daily_to_365_response30_settlement30,250,fixed_aggregate,425,13.88937026842008,-3.403268771083579,17.29263903950366,0.1729263903950365,point,
late_reactivation,30303,late_reactivation-30303,low,low-w05,60,95,100,daily_to_365_response30_settlement30,250,observable_survival,90,-9.215344227290254,-7.453665815219823,1.761678412070431,0.0176167841207043,point,
late_reactivation,30303,late_reactivation-30303,low,low-w05,60,95,100,daily_to_365_response30_settlement30,250,observable_survival,180,-7.207239643708318,-2.0921927336926176,5.1150469100157006,0.051150469100157,point,
late_reactivation,30303,late_reactivation-30303,low,low-w05,60,95,100,daily_to_365_response30_settlement30,250,observable_survival,425,-9.004901273483517,-3.403268771083579,5.601632502399938,0.0560163250239993,point,
late_reactivation,30303,late_reactivation-30303,middle,middle-w05,60,95,100,daily_to_365_response30_settlement30,250,fixed_aggregate,90,6.047836949446449,5.654194243263691,0.3936427061827574,0.0039364270618275,point,
late_reactivation,30303,late_reactivation-30303,middle,middle-w05,60,95,100,daily_to_365_response30_settlement30,250,fixed_aggregate,180,20.207361045583472,19.059841985680205,1.1475190599032672,0.0114751905990326,point,
late_reactivation,30303,late_reactivation-30303,middle,middle-w05,60,95,100,daily_to_365_response30_settlement30,250,fixed_aggregate,425,23.62081366035336,17.541184568847815,6.079629091505545,0.0607962909150554,point,
late_reactivation,30303,late_reactivation-30303,middle,middle-w05,60,95,100,daily_to_365_response30_settlement30,250,observable_survival,90,4.707303800009775,5.654194243263691,0.946890443253916,0.0094689044325391,point,
late_reactivation,30303,late_reactivation-30303,middle,middle-w05,60,95,100,daily_to_365_response30_settlement30,250,observable_survival,180,10.97835517730198,19.059841985680205,8.081486808378225,0.0808148680837822,point,
late_reactivation,30303,late_reactivation-30303,middle,middle-w05,60,95,100,daily_to_365_response30_settlement30,250,observable_survival,425,10.720704501290683,17.541184568847815,6.820480067557131,0.0682048006755713,point,
late_reactivation,30303,late_reactivation-30303,high,high-w05,60,95,100,daily_to_365_response30_settlement30,250,fixed_aggregate,90,36.62324200424911,46.84928149632707,10.226039492077966,0.1022603949207796,point,
late_reactivation,30303,late_reactivation-30303,high,high-w05,60,95,100,daily_to_365_response30_settlement30,250,fixed_aggregate,180,50.63499952242476,87.82971749693955,37.19471797451479,0.3719471797451479,point,
late_reactivation,30303,late_reactivation-30303,high,high-w05,60,95,100,daily_to_365_response30_settlement30,250,fixed_aggregate,425,53.60147984075342,90.13446274112052,36.532982900367095,0.3653298290036709,point,
late_reactivation,30303,late_reactivation-30303,high,high-w05,60,95,100,daily_to_365_response30_settlement30,250,observable_survival,90,43.44014048554445,46.84928149632707,3.4091410107826263,0.0340914101078262,point,
late_reactivation,30303,late_reactivation-30303,high,high-w05,60,95,100,daily_to_365_response30_settlement30,250,observable_survival,180,62.92318435370807,87.82971749693955,24.906533143231485,0.2490653314323148,point,
late_reactivation,30303,late_reactivation-30303,high,high-w05,60,95,100,daily_to_365_response30_settlement30,250,observable_survival,425,66.91980306900155,90.13446274112052,23.21465967211897,0.2321465967211897,point,
stationary,101,stationary-101,low,low-w05,3,38,100,daily_to_365_response30_settlement30,250,fixed_aggregate,30,-15.620130864553897,-18.941465313443395,3.3213344488894982,0.0332133444888949,point,
stationary,101,stationary-101,low,low-w05,3,38,100,daily_to_365_response30_settlement30,250,fixed_aggregate,90,-7.296642982197156,-19.208280326711787,11.91163734451463,0.1191163734451463,point,
stationary,101,stationary-101,low,low-w05,3,38,100,daily_to_365_response30_settlement30,250,fixed_aggregate,180,-3.717724676395879,-18.949385091300776,15.231660414904898,0.152316604149049,point,
stationary,101,stationary-101,low,low-w05,3,38,100,daily_to_365_response30_settlement30,250,fixed_aggregate,425,-4.43618081151085,-20.01354418211703,15.57736337060618,0.1557736337060618,point,
stationary,101,stationary-101,low,low-w05,3,38,100,daily_to_365_response30_settlement30,250,observable_survival,30,-19.18094853262728,-18.941465313443395,0.2394832191838851,0.0023948321918388,point,
stationary,101,stationary-101,low,low-w05,3,38,100,daily_to_365_response30_settlement30,250,observable_survival,90,-18.3668859034188,-19.208280326711787,0.8413944232929857,0.0084139442329298,point,
stationary,101,stationary-101,low,low-w05,3,38,100,daily_to_365_response30_settlement30,250,observable_survival,180,-18.95229132129864,-18.949385091300776,0.0029062299978654,2.9062299978654947e-05,point,
stationary,101,stationary-101,low,low-w05,3,38,100,daily_to_365_response30_settlement30,250,observable_survival,425,-21.400616544629205,-20.01354418211703,1.3870723625121748,0.0138707236251217,point,
stationary,101,stationary-101,middle,middle-w05,3,38,100,daily_to_365_response30_settlement30,250,fixed_aggregate,30,-16.25769182722665,-17.98241001954984,1.7247181923231878,0.0172471819232318,point,
stationary,101,stationary-101,middle,middle-w05,3,38,100,daily_to_365_response30_settlement30,250,fixed_aggregate,90,-7.947112157190132,-15.16886862686038,7.221756469670248,0.0722175646967024,point,
stationary,101,stationary-101,middle,middle-w05,3,38,100,daily_to_365_response30_settlement30,250,fixed_aggregate,180,-4.407347846728627,-11.719686596316688,7.3123387495880605,0.0731233874958806,point,
stationary,101,stationary-101,middle,middle-w05,3,38,100,daily_to_365_response30_settlement30,250,fixed_aggregate,425,-5.253882385809301,-8.224659177400941,2.97077679159164,0.0297077679159164,point,
stationary,101,stationary-101,middle,middle-w05,3,38,100,daily_to_365_response30_settlement30,250,observable_survival,30,-16.30540723331499,-17.98241001954984,1.6770027862348478,0.0167700278623484,point,
stationary,101,stationary-101,middle,middle-w05,3,38,100,daily_to_365_response30_settlement30,250,observable_survival,90,-9.370463222024284,-15.16886862686038,5.798405404836096,0.0579840540483609,point,
stationary,101,stationary-101,middle,middle-w05,3,38,100,daily_to_365_response30_settlement30,250,observable_survival,180,-7.220647134435442,-11.719686596316688,4.499039461881246,0.0449903946188124,point,
stationary,101,stationary-101,middle,middle-w05,3,38,100,daily_to_365_response30_settlement30,250,observable_survival,425,-8.889155923254023,-8.224659177400941,0.6644967458530822,0.0066449674585308,point,
stationary,101,stationary-101,high,high-w05,3,38,100,daily_to_365_response30_settlement30,250,fixed_aggregate,30,-14.643762303933263,-7.893522344291731,6.750239959641534,0.0675023995964153,point,
stationary,101,stationary-101,high,high-w05,3,38,100,daily_to_365_response30_settlement30,250,fixed_aggregate,90,-6.326710659291116,5.888973556437308,12.215684215728423,0.1221568421572842,point,
stationary,101,stationary-101,high,high-w05,3,38,100,daily_to_365_response30_settlement30,250,fixed_aggregate,180,-2.790825115157229,18.769069296443654,21.559894411600883,0.2155989441160088,point,
stationary,101,stationary-101,high,high-w05,3,38,100,daily_to_365_response30_settlement30,250,fixed_aggregate,425,-3.680820210119354,36.46258546012433,40.14340567024369,0.4014340567024368,point,
stationary,101,stationary-101,high,high-w05,3,38,100,daily_to_365_response30_settlement30,250,observable_survival,30,-8.423472301566813,-7.893522344291731,0.5299499572750817,0.0052994995727508,point,
stationary,101,stationary-101,high,high-w05,3,38,100,daily_to_365_response30_settlement30,250,observable_survival,90,10.17480575827279,5.888973556437308,4.285832201835482,0.0428583220183548,point,
stationary,101,stationary-101,high,high-w05,3,38,100,daily_to_365_response30_settlement30,250,observable_survival,180,18.85865958050611,18.769069296443654,0.0895902840624565,0.0008959028406245,point,
stationary,101,stationary-101,high,high-w05,3,38,100,daily_to_365_response30_settlement30,250,observable_survival,425,19.343852455490893,36.46258546012433,17.118733004633437,0.1711873300463343,point,
stationary,101,stationary-101,low,low-w05,7,42,100,daily_to_365_response30_settlement30,250,fixed_aggregate,30,-16.54017449127236,-18.941465313443395,2.4012908221710347,0.0240129082217103,point,
stationary,101,stationary-101,low,low-w05,7,42,100,daily_to_365_response30_settlement30,250,fixed_aggregate,90,-11.88459824769429,-19.208280326711787,7.323682079017496,0.0732368207901749,point,
stationary,101,stationary-101,low,low-w05,7,42,100,daily_to_365_response30_settlement30,250,fixed_aggregate,180,-10.534308518465084,-18.949385091300776,8.41507657283569,0.0841507657283569,point,
stationary,101,stationary-101,low,low-w05,7,42,100,daily_to_365_response30_settlement30,250,fixed_aggregate,425,-12.2733132835294,-20.01354418211703,7.740230898587631,0.0774023089858763,point,
stationary,101,stationary-101,low,low-w05,7,42,100,daily_to_365_response30_settlement30,250,observable_survival,30,-19.016909986654976,-18.941465313443395,0.0754446732115816,0.0007544467321158,point,
stationary,101,stationary-101,low,low-w05,7,42,100,daily_to_365_response30_settlement30,250,observable_survival,90,-18.303652369620103,-19.208280326711787,0.9046279570916838,0.0090462795709168,point,
stationary,101,stationary-101,low,low-w05,7,42,100,daily_to_365_response30_settlement30,250,observable_survival,180,-19.01204732530856,-18.949385091300776,0.0626622340077815,0.0006266223400778,point,
stationary,101,stationary-101,low,low-w05,7,42,100,daily_to_365_response30_settlement30,250,observable_survival,425,-21.6361103705852,-20.01354418211703,1.6225661884681664,0.0162256618846816,point,
stationary,101,stationary-101,middle,middle-w05,7,42,100,daily_to_365_response30_settlement30,250,fixed_aggregate,30,-16.973929054542342,-17.98241001954984,1.0084809650074966,0.0100848096500749,point,
stationary,101,stationary-101,middle,middle-w05,7,42,100,daily_to_365_response30_settlement30,250,fixed_aggregate,90,-12.33590164716727,-15.16886862686038,2.8329669796931096,0.028329669796931,point,
stationary,101,stationary-101,middle,middle-w05,7,42,100,daily_to_365_response30_settlement30,250,fixed_aggregate,180,-11.021217672165792,-11.719686596316688,0.6984689241508963,0.0069846892415089,point,
stationary,101,stationary-101,middle,middle-w05,7,42,100,daily_to_365_response30_settlement30,250,fixed_aggregate,425,-12.84932991271919,-8.224659177400941,4.624670735318249,0.0462467073531824,point,
stationary,101,stationary-101,middle,middle-w05,7,42,100,daily_to_365_response30_settlement30,250,observable_survival,30,-17.40091271194334,-17.98241001954984,0.5814973076064973,0.0058149730760649,point,
stationary,101,stationary-101,middle,middle-w05,7,42,100,daily_to_365_response30_settlement30,250,observable_survival,90,-11.492376293484584,-15.16886862686038,3.676492333375796,0.0367649233337579,point,
stationary,101,stationary-101,middle,middle-w05,7,42,100,daily_to_365_response30_settlement30,250,observable_survival,180,-9.684131807333824,-11.719686596316688,2.0355547889828625,0.0203555478898286,point,
stationary,101,stationary-101,middle,middle-w05,7,42,100,daily_to_365_response30_settlement30,250,observable_survival,425,-11.549136899962864,-8.224659177400941,3.324477722561923,0.0332447772256192,point,
stationary,101,stationary-101,high,high-w05,7,42,100,daily_to_365_response30_settlement30,250,fixed_aggregate,30,-15.387905260603702,-7.893522344291731,7.494382916311971,0.0749438291631197,point,
stationary,101,stationary-101,high,high-w05,7,42,100,daily_to_365_response30_settlement30,250,fixed_aggregate,90,-10.722274913482655,5.888973556437308,16.611248469919964,0.1661124846991996,point,
stationary,101,stationary-101,high,high-w05,7,42,100,daily_to_365_response30_settlement30,250,fixed_aggregate,180,-9.35778767177668,18.769069296443654,28.12685696822033,0.2812685696822033,point,
stationary,101,stationary-101,high,high-w05,7,42,100,daily_to_365_response30_settlement30,250,fixed_aggregate,425,-11.080486797125369,36.46258546012433,47.5430722572497,0.4754307225724969,point,
stationary,101,stationary-101,high,high-w05,7,42,100,daily_to_365_response30_settlement30,250,observable_survival,30,-11.911612663960948,-7.893522344291731,4.018090319669217,0.0401809031966921,point,
stationary,101,stationary-101,high,high-w05,7,42,100,daily_to_365_response30_settlement30,250,observable_survival,90,0.6296231129677459,5.888973556437308,5.259350443469562,0.0525935044346956,point,
stationary,101,stationary-101,high,high-w05,7,42,100,daily_to_365_response30_settlement30,250,observable_survival,180,6.141325470506246,18.769069296443654,12.627743825937408,0.126277438259374,point,
stationary,101,stationary-101,high,high-w05,7,42,100,daily_to_365_response30_settlement30,250,observable_survival,425,5.591723151592589,36.46258546012433,30.87086230853174,0.3087086230853174,point,
stationary,101,stationary-101,low,low-w05,14,49,100,daily_to_365_response30_settlement30,250,fixed_aggregate,30,-16.742024331731102,-18.941465313443395,2.199440981712293,0.0219944098171229,point,
stationary,101,stationary-101,low,low-w05,14,49,100,daily_to_365_response30_settlement30,250,fixed_aggregate,90,-11.771933564398052,-19.208280326711787,7.436346762313734,0.0743634676231373,point,
stationary,101,stationary-101,low,low-w05,14,49,100,daily_to_365_response30_settlement30,250,fixed_aggregate,180,-10.334345867067707,-18.949385091300776,8.615039224233069,0.0861503922423306,point,
stationary,101,stationary-101,low,low-w05,14,49,100,daily_to_365_response30_settlement30,250,fixed_aggregate,425,-12.059928016440226,-20.01354418211703,7.953616165676804,0.079536161656768,point,
stationary,101,stationary-101,low,low-w05,14,49,100,daily_to_365_response30_settlement30,250,observable_survival,30,-19.470350637343543,-18.941465313443395,0.5288853239001483,0.0052888532390014,point,
stationary,101,stationary-101,low,low-w05,14,49,100,daily_to_365_response30_settlement30,250,observable_survival,90,-19.255710448151618,-19.208280326711787,0.0474301214398309,0.0004743012143983,point,
stationary,101,stationary-101,low,low-w05,14,49,100,daily_to_365_response30_settlement30,250,observable_survival,180,-20.21106975810488,-18.949385091300776,1.2616846668041042,0.012616846668041,point,
stationary,101,stationary-101,low,low-w05,14,49,100,daily_to_365_response30_settlement30,250,observable_survival,425,-22.936739813346268,-20.01354418211703,2.923195631229237,0.0292319563122923,point,
stationary,101,stationary-101,middle,middle-w05,14,49,100,daily_to_365_response30_settlement30,250,fixed_aggregate,30,-15.741878497726642,-17.98241001954984,2.240531521823197,0.0224053152182319,point,
stationary,101,stationary-101,middle,middle-w05,14,49,100,daily_to_365_response30_settlement30,250,fixed_aggregate,90,-10.810956254355691,-15.16886862686038,4.357912372504689,0.0435791237250468,point,
stationary,101,stationary-101,middle,middle-w05,14,49,100,daily_to_365_response30_settlement30,250,fixed_aggregate,180,-9.440846196722507,-11.719686596316688,2.278840399594179,0.0227884039959417,point,
stationary,101,stationary-101,middle,middle-w05,14,49,100,daily_to_365_response30_settlement30,250,fixed_aggregate,425,-11.37099356217167,-8.224659177400941,3.146334384770729,0.0314633438477072,point,
stationary,101,stationary-101,middle,middle-w05,14,49,100,daily_to_365_response30_settlement30,250,observable_survival,30,-16.499386395868626,-17.98241001954984,1.4830236236812129,0.0148302362368121,point,
stationary,101,stationary-101,middle,middle-w05,14,49,100,daily_to_365_response30_settlement30,250,observable_survival,90,-11.523620201878462,-15.16886862686038,3.645248424981919,0.0364524842498191,point,
stationary,101,stationary-101,middle,middle-w05,14,49,100,daily_to_365_response30_settlement30,250,observable_survival,180,-10.06699785431804,-11.719686596316688,1.652688741998647,0.0165268874199864,point,
stationary,101,stationary-101,middle,middle-w05,14,49,100,daily_to_365_response30_settlement30,250,observable_survival,425,-12.153160688456552,-8.224659177400941,3.928501511055611,0.0392850151105561,point,
stationary,101,stationary-101,high,high-w05,14,49,100,daily_to_365_response30_settlement30,250,fixed_aggregate,30,-10.516246335822387,-7.893522344291731,2.6227239915306564,0.0262272399153065,point,
stationary,101,stationary-101,high,high-w05,14,49,100,daily_to_365_response30_settlement30,250,fixed_aggregate,90,-5.581697084407019,5.888973556437308,11.470670640844329,0.1147067064084432,point,
stationary,101,stationary-101,high,high-w05,14,49,100,daily_to_365_response30_settlement30,250,fixed_aggregate,180,-4.109885429311031,18.769069296443654,22.878954725754685,0.2287895472575468,point,
stationary,101,stationary-101,high,high-w05,14,49,100,daily_to_365_response30_settlement30,250,fixed_aggregate,425,-5.784136315365672,36.46258546012433,42.24672177549,0.4224672177549,point,
stationary,101,stationary-101,high,high-w05,14,49,100,daily_to_365_response30_settlement30,250,observable_survival,30,-9.436676386349538,-7.893522344291731,1.5431540420578065,0.015431540420578,point,
stationary,101,stationary-101,high,high-w05,14,49,100,daily_to_365_response30_settlement30,250,observable_survival,90,0.6378780130455306,5.888973556437308,5.251095543391777,0.0525109554339177,point,
stationary,101,stationary-101,high,high-w05,14,49,100,daily_to_365_response30_settlement30,250,observable_survival,180,4.952101561801207,18.769069296443654,13.816967734642446,0.1381696773464244,point,
stationary,101,stationary-101,high,high-w05,14,49,100,daily_to_365_response30_settlement30,250,observable_survival,425,4.016650175452158,36.46258546012433,32.445935284672174,0.3244593528467217,point,
stationary,101,stationary-101,low,low-w05,30,65,100,daily_to_365_response30_settlement30,250,fixed_aggregate,90,-13.958944039755629,-19.208280326711787,5.24933628695616,0.0524933628695616,point,
stationary,101,stationary-101,low,low-w05,30,65,100,daily_to_365_response30_settlement30,250,fixed_aggregate,180,-12.504158278400077,-18.949385091300776,6.4452268129007,0.0644522681290069,point,
stationary,101,stationary-101,low,low-w05,30,65,100,daily_to_365_response30_settlement30,250,fixed_aggregate,425,-14.146152715984831,-20.01354418211703,5.867391466132197,0.0586739146613219,point,
stationary,101,stationary-101,low,low-w05,30,65,100,daily_to_365_response30_settlement30,250,observable_survival,90,-18.21861636660697,-19.208280326711787,0.9896639601048208,0.0098966396010482,point,
stationary,101,stationary-101,low,low-w05,30,65,100,daily_to_365_response30_settlement30,250,observable_survival,180,-18.83717245417533,-18.949385091300776,0.1122126371254417,0.0011221263712544,point,
stationary,101,stationary-101,low,low-w05,30,65,100,daily_to_365_response30_settlement30,250,observable_survival,425,-21.37316819209032,-20.01354418211703,1.359624009973288,0.0135962400997328,point,
stationary,101,stationary-101,middle,middle-w05,30,65,100,daily_to_365_response30_settlement30,250,fixed_aggregate,90,-12.913127499932695,-15.16886862686038,2.255741126927683,0.0225574112692768,point,
stationary,101,stationary-101,middle,middle-w05,30,65,100,daily_to_365_response30_settlement30,250,fixed_aggregate,180,-11.484180267874828,-11.719686596316688,0.2355063284418594,0.0023550632844185,point,
stationary,101,stationary-101,middle,middle-w05,30,65,100,daily_to_365_response30_settlement30,250,fixed_aggregate,425,-13.183401667590829,-8.224659177400941,4.958742490189888,0.0495874249018988,point,
stationary,101,stationary-101,middle,middle-w05,30,65,100,daily_to_365_response30_settlement30,250,observable_survival,90,-12.637197955960358,-15.16886862686038,2.531670670900022,0.0253167067090002,point,
stationary,101,stationary-101,middle,middle-w05,30,65,100,daily_to_365_response30_settlement30,250,observable_survival,180,-10.722166355916215,-11.719686596316688,0.9975202404004726,0.0099752024040047,point,
stationary,101,stationary-101,middle,middle-w05,30,65,100,daily_to_365_response30_settlement30,250,observable_survival,425,-12.46393124322498,-8.224659177400941,4.239272065824039,0.0423927206582403,point,
stationary,101,stationary-101,high,high-w05,30,65,100,daily_to_365_response30_settlement30,250,fixed_aggregate,90,-2.4729885426972724,5.888973556437308,8.36196209913458,0.0836196209913458,point,
stationary,101,stationary-101,high,high-w05,30,65,100,daily_to_365_response30_settlement30,250,fixed_aggregate,180,-1.0073180277686122,18.769069296443654,19.776387324212266,0.1977638732421226,point,
stationary,101,stationary-101,high,high-w05,30,65,100,daily_to_365_response30_settlement30,250,fixed_aggregate,425,-2.648611891420652,36.46258546012433,39.11119735154498,0.3911119735154498,point,
stationary,101,stationary-101,high,high-w05,30,65,100,daily_to_365_response30_settlement30,250,observable_survival,90,0.4860739767478519,5.888973556437308,5.402899579689456,0.0540289957968945,point,
stationary,101,stationary-101,high,high-w05,30,65,100,daily_to_365_response30_settlement30,250,observable_survival,180,2.3956257498163303,18.769069296443654,16.373443546627325,0.1637344354662732,point,
stationary,101,stationary-101,high,high-w05,30,65,100,daily_to_365_response30_settlement30,250,observable_survival,425,0.6982256055451509,36.46258546012433,35.764359854579176,0.3576435985457917,point,
stationary,101,stationary-101,low,low-w05,60,95,100,daily_to_365_response30_settlement30,250,fixed_aggregate,90,-17.090149494171122,-19.208280326711787,2.1181308325406647,0.0211813083254066,point,
stationary,101,stationary-101,low,low-w05,60,95,100,daily_to_365_response30_settlement30,250,fixed_aggregate,180,-12.558108558490304,-18.949385091300776,6.391276532810473,0.0639127653281047,point,
stationary,101,stationary-101,low,low-w05,60,95,100,daily_to_365_response30_settlement30,250,fixed_aggregate,425,-13.015436666261344,-20.01354418211703,6.998107515855686,0.0699810751585568,point,
stationary,101,stationary-101,low,low-w05,60,95,100,daily_to_365_response30_settlement30,250,observable_survival,90,-19.240463259308395,-19.208280326711787,0.0321829325966085,0.000321829325966,point,
stationary,101,stationary-101,low,low-w05,60,95,100,daily_to_365_response30_settlement30,250,observable_survival,180,-20.73738574230213,-18.949385091300776,1.7880006510013544,0.0178800065100135,point,
stationary,101,stationary-101,low,low-w05,60,95,100,daily_to_365_response30_settlement30,250,observable_survival,425,-23.6746766658684,-20.01354418211703,3.66113248375137,0.0366113248375137,point,
stationary,101,stationary-101,middle,middle-w05,60,95,100,daily_to_365_response30_settlement30,250,fixed_aggregate,90,-14.179070667989084,-15.16886862686038,0.9897979588712964,0.0098979795887129,point,
stationary,101,stationary-101,middle,middle-w05,60,95,100,daily_to_365_response30_settlement30,250,fixed_aggregate,180,-9.620791190932245,-11.719686596316688,2.098895405384443,0.0209889540538444,point,
stationary,101,stationary-101,middle,middle-w05,60,95,100,daily_to_365_response30_settlement30,250,fixed_aggregate,425,-10.01566790243095,-8.224659177400941,1.791008725030009,0.0179100872503,point,
stationary,101,stationary-101,middle,middle-w05,60,95,100,daily_to_365_response30_settlement30,250,observable_survival,90,-14.093139260464438,-15.16886862686038,1.075729366395942,0.0107572936639594,point,
stationary,101,stationary-101,middle,middle-w05,60,95,100,daily_to_365_response30_settlement30,250,observable_survival,180,-8.97991085998909,-11.719686596316688,2.739775736327598,0.0273977573632759,point,
stationary,101,stationary-101,middle,middle-w05,60,95,100,daily_to_365_response30_settlement30,250,observable_survival,425,-9.6366951296831,-8.224659177400941,1.4120359522821602,0.0141203595228216,point,
stationary,101,stationary-101,high,high-w05,60,95,100,daily_to_365_response30_settlement30,250,fixed_aggregate,90,1.2413195819261238,5.888973556437308,4.647653974511184,0.0464765397451118,point,
stationary,101,stationary-101,high,high-w05,60,95,100,daily_to_365_response30_settlement30,250,fixed_aggregate,180,5.89990786104349,18.769069296443654,12.869161435400164,0.1286916143540016,point,
stationary,101,stationary-101,high,high-w05,60,95,100,daily_to_365_response30_settlement30,250,fixed_aggregate,425,5.731732981344328,36.46258546012433,30.73085247878,0.3073085247878,point,
stationary,101,stationary-101,high,high-w05,60,95,100,daily_to_365_response30_settlement30,250,observable_survival,90,2.768534080314026,5.888973556437308,3.120439476123282,0.0312043947612328,point,
stationary,101,stationary-101,high,high-w05,60,95,100,daily_to_365_response30_settlement30,250,observable_survival,180,6.071554430690994,18.769069296443654,12.69751486575266,0.1269751486575266,point,
stationary,101,stationary-101,high,high-w05,60,95,100,daily_to_365_response30_settlement30,250,observable_survival,425,4.957042798735404,36.46258546012433,31.50554266138893,0.3150554266138892,point,
stationary,202,stationary-202,low,low-w05,3,38,100,daily_to_365_response30_settlement30,250,fixed_aggregate,30,-15.671065042933888,-19.22864049620049,3.557575453266603,0.035575754532666,point,
stationary,202,stationary-202,low,low-w05,3,38,100,daily_to_365_response30_settlement30,250,fixed_aggregate,90,-13.797882356255371,-18.685760284367213,4.887877928111839,0.0488787792811184,point,
stationary,202,stationary-202,low,low-w05,3,38,100,daily_to_365_response30_settlement30,250,fixed_aggregate,180,-14.124240305247868,-19.232748361705,5.108508056457128,0.0510850805645712,point,
stationary,202,stationary-202,low,low-w05,3,38,100,daily_to_365_response30_settlement30,250,fixed_aggregate,425,-17.059858097957445,-20.827441487922464,3.767583389965018,0.0376758338996501,point,
stationary,202,stationary-202,low,low-w05,3,38,100,daily_to_365_response30_settlement30,250,observable_survival,30,-18.97174577464417,-19.22864049620049,0.2568947215563248,0.0025689472155632,point,
stationary,202,stationary-202,low,low-w05,3,38,100,daily_to_365_response30_settlement30,250,observable_survival,90,-20.025917810310627,-18.685760284367213,1.3401575259434146,0.0134015752594341,point,
stationary,202,stationary-202,low,low-w05,3,38,100,daily_to_365_response30_settlement30,250,observable_survival,180,-21.869384121608032,-19.232748361705,2.636635759903037,0.0263663575990303,point,
stationary,202,stationary-202,low,low-w05,3,38,100,daily_to_365_response30_settlement30,250,observable_survival,425,-25.41201489147077,-20.827441487922464,4.584573403548308,0.045845734035483,point,
stationary,202,stationary-202,middle,middle-w05,3,38,100,daily_to_365_response30_settlement30,250,fixed_aggregate,30,-15.506532515581943,-14.398757729991138,1.1077747855908058,0.011077747855908,point,
stationary,202,stationary-202,middle,middle-w05,3,38,100,daily_to_365_response30_settlement30,250,fixed_aggregate,90,-13.60476011853864,-6.629375774459769,6.975384344078872,0.0697538434407887,point,
stationary,202,stationary-202,middle,middle-w05,3,38,100,daily_to_365_response30_settlement30,250,fixed_aggregate,180,-13.865225777582896,-3.3950391125974035,10.47018666498549,0.1047018666498549,point,
stationary,202,stationary-202,middle,middle-w05,3,38,100,daily_to_365_response30_settlement30,250,fixed_aggregate,425,-16.59830889351746,-2.0471249968080305,14.551183896709428,0.1455118389670943,point,
stationary,202,stationary-202,middle,middle-w05,3,38,100,daily_to_365_response30_settlement30,250,observable_survival,30,-15.657827323500614,-14.398757729991138,1.2590695935094764,0.0125906959350947,point,
stationary,202,stationary-202,middle,middle-w05,3,38,100,daily_to_365_response30_settlement30,250,observable_survival,90,-13.238493879139824,-6.629375774459769,6.609118104680055,0.0660911810468005,point,
stationary,202,stationary-202,middle,middle-w05,3,38,100,daily_to_365_response30_settlement30,250,observable_survival,180,-13.270312092327206,-3.3950391125974035,9.875272979729802,0.098752729797298,point,
stationary,202,stationary-202,middle,middle-w05,3,38,100,daily_to_365_response30_settlement30,250,observable_survival,425,-16.000724536820364,-2.0471249968080305,13.953599540012334,0.1395359954001233,point,
stationary,202,stationary-202,high,high-w05,3,38,100,daily_to_365_response30_settlement30,250,fixed_aggregate,30,-18.84777327067584,-14.349733620253758,4.498039650422083,0.0449803965042208,point,
stationary,202,stationary-202,high,high-w05,3,38,100,daily_to_365_response30_settlement30,250,fixed_aggregate,90,-16.866102947246194,-1.932963361942656,14.933139585303538,0.1493313958530353,point,
stationary,202,stationary-202,high,high-w05,3,38,100,daily_to_365_response30_settlement30,250,fixed_aggregate,180,-16.881959178173823,8.918954589860482,25.800913768034302,0.258009137680343,point,
stationary,202,stationary-202,high,high-w05,3,38,100,daily_to_365_response30_settlement30,250,fixed_aggregate,425,-18.799725388200663,22.443955382484127,41.24368077068479,0.4124368077068479,point,
stationary,202,stationary-202,high,high-w05,3,38,100,daily_to_365_response30_settlement30,250,observable_survival,30,-15.727708291821433,-14.349733620253758,1.3779746715676744,0.0137797467156767,point,
stationary,202,stationary-202,high,high-w05,3,38,100,daily_to_365_response30_settlement30,250,observable_survival,90,-2.8219938451449376,-1.932963361942656,0.889030483202282,0.0088903048320228,point,
stationary,202,stationary-202,high,high-w05,3,38,100,daily_to_365_response30_settlement30,250,observable_survival,180,2.716550471594088,8.918954589860482,6.202404118266394,0.0620240411826639,point,
stationary,202,stationary-202,high,high-w05,3,38,100,daily_to_365_response30_settlement30,250,observable_survival,425,2.394512175078124,22.443955382484127,20.049443207406004,0.20049443207406,point,
stationary,202,stationary-202,low,low-w05,7,42,100,daily_to_365_response30_settlement30,250,fixed_aggregate,30,-16.29881362446945,-19.22864049620049,2.9298268717310414,0.0292982687173104,point,
stationary,202,stationary-202,low,low-w05,7,42,100,daily_to_365_response30_settlement30,250,fixed_aggregate,90,-12.096060728591866,-18.685760284367213,6.589699555775347,0.0658969955577534,point,
stationary,202,stationary-202,low,low-w05,7,42,100,daily_to_365_response30_settlement30,250,fixed_aggregate,180,-10.695076628737011,-19.232748361705,8.537671732967983,0.0853767173296798,point,
stationary,202,stationary-202,low,low-w05,7,42,100,daily_to_365_response30_settlement30,250,fixed_aggregate,425,-12.96923277320341,-20.827441487922464,7.858208714719053,0.0785820871471905,point,
stationary,202,stationary-202,low,low-w05,7,42,100,daily_to_365_response30_settlement30,250,observable_survival,30,-18.11153675604259,-19.22864049620049,1.1171037401579014,0.011171037401579,point,
stationary,202,stationary-202,low,low-w05,7,42,100,daily_to_365_response30_settlement30,250,observable_survival,90,-19.02709887318424,-18.685760284367213,0.3413385888170275,0.0034133858881702,point,
stationary,202,stationary-202,low,low-w05,7,42,100,daily_to_365_response30_settlement30,250,observable_survival,180,-20.83211369251164,-19.232748361705,1.5993653308066411,0.0159936533080664,point,
stationary,202,stationary-202,low,low-w05,7,42,100,daily_to_365_response30_settlement30,250,observable_survival,425,-24.38348240194456,-20.827441487922464,3.5560409140220983,0.0355604091402209,point,
stationary,202,stationary-202,middle,middle-w05,7,42,100,daily_to_365_response30_settlement30,250,fixed_aggregate,30,-15.87408948740214,-14.398757729991138,1.475331757411004,0.01475331757411,point,
stationary,202,stationary-202,middle,middle-w05,7,42,100,daily_to_365_response30_settlement30,250,fixed_aggregate,90,-11.63154203157345,-6.629375774459769,5.0021662571136805,0.0500216625711368,point,
stationary,202,stationary-202,middle,middle-w05,7,42,100,daily_to_365_response30_settlement30,250,fixed_aggregate,180,-10.153004165739937,-3.3950391125974035,6.757965053142531,0.0675796505314253,point,
stationary,202,stationary-202,middle,middle-w05,7,42,100,daily_to_365_response30_settlement30,250,fixed_aggregate,425,-12.215991911108482,-2.0471249968080305,10.168866914300452,0.1016886691430045,point,
stationary,202,stationary-202,middle,middle-w05,7,42,100,daily_to_365_response30_settlement30,250,observable_survival,30,-17.036866237857062,-14.398757729991138,2.6381085078659243,0.0263810850786592,point,
stationary,202,stationary-202,middle,middle-w05,7,42,100,daily_to_365_response30_settlement30,250,observable_survival,90,-13.930590396591011,-6.629375774459769,7.301214622131244,0.0730121462213124,point,
stationary,202,stationary-202,middle,middle-w05,7,42,100,daily_to_365_response30_settlement30,250,observable_survival,180,-13.445407609332744,-3.3950391125974035,10.05036849673534,0.1005036849673534,point,
stationary,202,stationary-202,middle,middle-w05,7,42,100,daily_to_365_response30_settlement30,250,observable_survival,425,-16.008304926157447,-2.0471249968080305,13.961179929349417,0.1396117992934941,point,
stationary,202,stationary-202,high,high-w05,7,42,100,daily_to_365_response30_settlement30,250,fixed_aggregate,30,-17.76470502156971,-14.349733620253758,3.4149714013159524,0.0341497140131595,point,
stationary,202,stationary-202,high,high-w05,7,42,100,daily_to_365_response30_settlement30,250,fixed_aggregate,90,-13.472363558320238,-1.932963361942656,11.53940019637758,0.1153940019637758,point,
stationary,202,stationary-202,high,high-w05,7,42,100,daily_to_365_response30_settlement30,250,fixed_aggregate,180,-11.8074842041609,8.918954589860482,20.726438794021384,0.2072643879402138,point,
stationary,202,stationary-202,high,high-w05,7,42,100,daily_to_365_response30_settlement30,250,fixed_aggregate,425,-13.196762559588755,22.443955382484127,35.64071794207288,0.3564071794207288,point,
stationary,202,stationary-202,high,high-w05,7,42,100,daily_to_365_response30_settlement30,250,observable_survival,30,-14.600897316950324,-14.349733620253758,0.2511636966965671,0.0025116369669656,point,
stationary,202,stationary-202,high,high-w05,7,42,100,daily_to_365_response30_settlement30,250,observable_survival,90,-2.1822052507681327,-1.932963361942656,0.249241888825477,0.0024924188882547,point,
stationary,202,stationary-202,high,high-w05,7,42,100,daily_to_365_response30_settlement30,250,observable_survival,180,3.1496763810410946,8.918954589860482,5.769278208819387,0.0576927820881938,point,
stationary,202,stationary-202,high,high-w05,7,42,100,daily_to_365_response30_settlement30,250,observable_survival,425,2.6670077283299967,22.443955382484127,19.77694765415413,0.1977694765415413,point,
stationary,202,stationary-202,low,low-w05,14,49,100,daily_to_365_response30_settlement30,250,fixed_aggregate,30,-17.415265853073166,-19.22864049620049,1.8133746431273248,0.0181337464312732,point,
stationary,202,stationary-202,low,low-w05,14,49,100,daily_to_365_response30_settlement30,250,fixed_aggregate,90,-13.762889143700058,-18.685760284367213,4.922871140667155,0.0492287114066715,point,
stationary,202,stationary-202,low,low-w05,14,49,100,daily_to_365_response30_settlement30,250,fixed_aggregate,180,-12.914695258340933,-19.232748361705,6.318053103364063,0.0631805310336406,point,
stationary,202,stationary-202,low,low-w05,14,49,100,daily_to_365_response30_settlement30,250,fixed_aggregate,425,-15.330717629893142,-20.827441487922464,5.496723858029322,0.0549672385802932,point,
stationary,202,stationary-202,low,low-w05,14,49,100,daily_to_365_response30_settlement30,250,observable_survival,30,-18.44559349672401,-19.22864049620049,0.7830469994764826,0.0078304699947648,point,
stationary,202,stationary-202,low,low-w05,14,49,100,daily_to_365_response30_settlement30,250,observable_survival,90,-17.48862727813946,-18.685760284367213,1.1971330062277517,0.0119713300622775,point,
stationary,202,stationary-202,low,low-w05,14,49,100,daily_to_365_response30_settlement30,250,observable_survival,180,-18.17110809510595,-19.232748361705,1.0616402665990456,0.0106164026659904,point,
stationary,202,stationary-202,low,low-w05,14,49,100,daily_to_365_response30_settlement30,250,observable_survival,425,-21.2499915880784,-20.827441487922464,0.4225501001559344,0.0042255010015593,point,
stationary,202,stationary-202,middle,middle-w05,14,49,100,daily_to_365_response30_settlement30,250,fixed_aggregate,30,-13.647422639342285,-14.398757729991138,0.751335090648853,0.0075133509064885,point,
stationary,202,stationary-202,middle,middle-w05,14,49,100,daily_to_365_response30_settlement30,250,fixed_aggregate,90,-9.987697482370612,-6.629375774459769,3.3583217079108447,0.0335832170791084,point,
stationary,202,stationary-202,middle,middle-w05,14,49,100,daily_to_365_response30_settlement30,250,fixed_aggregate,180,-9.059322555654044,-3.3950391125974035,5.664283443056641,0.0566428344305664,point,
stationary,202,stationary-202,middle,middle-w05,14,49,100,daily_to_365_response30_settlement30,250,fixed_aggregate,425,-11.253303608994084,-2.0471249968080305,9.206178612186054,0.0920617861218605,point,
stationary,202,stationary-202,middle,middle-w05,14,49,100,daily_to_365_response30_settlement30,250,observable_survival,30,-14.157816381474683,-14.398757729991138,0.2409413485164524,0.0024094134851645,point,
stationary,202,stationary-202,middle,middle-w05,14,49,100,daily_to_365_response30_settlement30,250,observable_survival,90,-10.975998425226411,-6.629375774459769,4.346622650766644,0.0434662265076664,point,
stationary,202,stationary-202,middle,middle-w05,14,49,100,daily_to_365_response30_settlement30,250,observable_survival,180,-10.389889503639756,-3.3950391125974035,6.994850391042352,0.0699485039104235,point,
stationary,202,stationary-202,middle,middle-w05,14,49,100,daily_to_365_response30_settlement30,250,observable_survival,425,-12.84343466765714,-2.0471249968080305,10.79630967084911,0.1079630967084911,point,
stationary,202,stationary-202,high,high-w05,14,49,100,daily_to_365_response30_settlement30,250,fixed_aggregate,30,-16.818435571377147,-14.349733620253758,2.468701951123389,0.0246870195112338,point,
stationary,202,stationary-202,high,high-w05,14,49,100,daily_to_365_response30_settlement30,250,fixed_aggregate,90,-13.086754513389378,-1.932963361942656,11.153791151446722,0.1115379115144672,point,
stationary,202,stationary-202,high,high-w05,14,49,100,daily_to_365_response30_settlement30,250,fixed_aggregate,180,-11.949172123101656,8.918954589860482,20.868126712962138,0.2086812671296213,point,
stationary,202,stationary-202,high,high-w05,14,49,100,daily_to_365_response30_settlement30,250,fixed_aggregate,425,-13.420355565009238,22.443955382484127,35.864310947493365,0.3586431094749336,point,
stationary,202,stationary-202,high,high-w05,14,49,100,daily_to_365_response30_settlement30,250,observable_survival,30,-15.16880774335073,-14.349733620253758,0.8190741230969714,0.0081907412309697,point,
stationary,202,stationary-202,high,high-w05,14,49,100,daily_to_365_response30_settlement30,250,observable_survival,90,-4.085523118334921,-1.932963361942656,2.1525597563922654,0.0215255975639226,point,
stationary,202,stationary-202,high,high-w05,14,49,100,daily_to_365_response30_settlement30,250,observable_survival,180,0.6625303222729764,8.918954589860482,8.256424267587505,0.082564242675875,point,
stationary,202,stationary-202,high,high-w05,14,49,100,daily_to_365_response30_settlement30,250,observable_survival,425,0.0738671372183167,22.443955382484127,22.37008824526581,0.2237008824526581,point,
stationary,202,stationary-202,low,low-w05,30,65,100,daily_to_365_response30_settlement30,250,fixed_aggregate,90,-11.648562961527205,-18.685760284367213,7.03719732284001,0.0703719732284001,point,
stationary,202,stationary-202,low,low-w05,30,65,100,daily_to_365_response30_settlement30,250,fixed_aggregate,180,-5.263757919489921,-19.232748361705,13.968990442215077,0.1396899044221507,point,
stationary,202,stationary-202,low,low-w05,30,65,100,daily_to_365_response30_settlement30,250,fixed_aggregate,425,-5.6329978177896445,-20.827441487922464,15.19444367013282,0.1519444367013282,point,
stationary,202,stationary-202,low,low-w05,30,65,100,daily_to_365_response30_settlement30,250,observable_survival,90,-18.62730267619652,-18.685760284367213,0.0584576081706949,0.0005845760817069,point,
stationary,202,stationary-202,low,low-w05,30,65,100,daily_to_365_response30_settlement30,250,observable_survival,180,-19.478132070044914,-19.232748361705,0.2453837083399186,0.0024538370833991,point,
stationary,202,stationary-202,low,low-w05,30,65,100,daily_to_365_response30_settlement30,250,observable_survival,425,-22.75518556677134,-20.827441487922464,1.9277440788488749,0.0192774407884887,point,
stationary,202,stationary-202,middle,middle-w05,30,65,100,daily_to_365_response30_settlement30,250,fixed_aggregate,90,-6.534448304745006,-6.629375774459769,0.0949274697147624,0.0009492746971476,point,
stationary,202,stationary-202,middle,middle-w05,30,65,100,daily_to_365_response30_settlement30,250,fixed_aggregate,180,0.038818123162936,-3.3950391125974035,3.4338572357603394,0.0343385723576033,point,
stationary,202,stationary-202,middle,middle-w05,30,65,100,daily_to_365_response30_settlement30,250,fixed_aggregate,425,0.2027883785288959,-2.0471249968080305,2.2499133753369263,0.0224991337533692,point,
stationary,202,stationary-202,middle,middle-w05,30,65,100,daily_to_365_response30_settlement30,250,observable_survival,90,-12.293752774472557,-6.629375774459769,5.664377000012786,0.0566437700001278,point,
stationary,202,stationary-202,middle,middle-w05,30,65,100,daily_to_365_response30_settlement30,250,observable_survival,180,-13.341577994524703,-3.3950391125974035,9.9465388819273,0.099465388819273,point,
stationary,202,stationary-202,middle,middle-w05,30,65,100,daily_to_365_response30_settlement30,250,observable_survival,425,-16.236218573623493,-2.0471249968080305,14.189093576815464,0.1418909357681546,point,
stationary,202,stationary-202,high,high-w05,30,65,100,daily_to_365_response30_settlement30,250,fixed_aggregate,90,-6.626773415510331,-1.932963361942656,4.693810053567676,0.0469381005356767,point,
stationary,202,stationary-202,high,high-w05,30,65,100,daily_to_365_response30_settlement30,250,fixed_aggregate,180,0.0088286275905916,8.918954589860482,8.91012596226989,0.0891012596226989,point,
stationary,202,stationary-202,high,high-w05,30,65,100,daily_to_365_response30_settlement30,250,fixed_aggregate,425,0.4881969565271268,22.443955382484127,21.955758425957,0.21955758425957,point,
stationary,202,stationary-202,high,high-w05,30,65,100,daily_to_365_response30_settlement30,250,observable_survival,90,5.060776796434572,-1.932963361942656,6.993740158377228,0.0699374015837722,point,
stationary,202,stationary-202,high,high-w05,30,65,100,daily_to_365_response30_settlement30,250,observable_survival,180,19.82541002342261,8.918954589860482,10.906455433562124,0.1090645543356212,point,
stationary,202,stationary-202,high,high-w05,30,65,100,daily_to_365_response30_settlement30,250,observable_survival,425,22.28792086126657,22.443955382484127,0.1560345212175526,0.0015603452121755,point,
stationary,202,stationary-202,low,low-w05,60,95,100,daily_to_365_response30_settlement30,250,fixed_aggregate,90,-15.97176490606362,-18.685760284367213,2.713995378303592,0.0271399537830359,point,
stationary,202,stationary-202,low,low-w05,60,95,100,daily_to_365_response30_settlement30,250,fixed_aggregate,180,-13.200140195450835,-19.232748361705,6.03260816625416,0.0603260816625416,point,
stationary,202,stationary-202,low,low-w05,60,95,100,daily_to_365_response30_settlement30,250,fixed_aggregate,425,-14.930918312063731,-20.827441487922464,5.896523175858732,0.0589652317585873,point,
stationary,202,stationary-202,low,low-w05,60,95,100,daily_to_365_response30_settlement30,250,observable_survival,90,-18.770836878264017,-18.685760284367213,0.0850765938968045,0.000850765938968,point,
stationary,202,stationary-202,low,low-w05,60,95,100,daily_to_365_response30_settlement30,250,observable_survival,180,-20.033022795741708,-19.232748361705,0.8002744340367123,0.0080027443403671,point,
stationary,202,stationary-202,low,low-w05,60,95,100,daily_to_365_response30_settlement30,250,observable_survival,425,-23.409666325765915,-20.827441487922464,2.582224837843452,0.0258222483784345,point,
stationary,202,stationary-202,middle,middle-w05,60,95,100,daily_to_365_response30_settlement30,250,fixed_aggregate,90,-7.206378412483455,-6.629375774459769,0.5770026380236866,0.0057700263802368,point,
stationary,202,stationary-202,middle,middle-w05,60,95,100,daily_to_365_response30_settlement30,250,fixed_aggregate,180,-4.250830939965649,-3.3950391125974035,0.8557918273682454,0.0085579182736824,point,
stationary,202,stationary-202,middle,middle-w05,60,95,100,daily_to_365_response30_settlement30,250,fixed_aggregate,425,-5.4688103329042095,-2.0471249968080305,3.421685336096179,0.0342168533609617,point,
stationary,202,stationary-202,middle,middle-w05,60,95,100,daily_to_365_response30_settlement30,250,observable_survival,90,-8.599456583837462,-6.629375774459769,1.9700808093776927,0.0197008080937769,point,
stationary,202,stationary-202,middle,middle-w05,60,95,100,daily_to_365_response30_settlement30,250,observable_survival,180,-9.474852620698272,-3.3950391125974035,6.079813508100868,0.0607981350810086,point,
stationary,202,stationary-202,middle,middle-w05,60,95,100,daily_to_365_response30_settlement30,250,observable_survival,425,-12.289838587343397,-2.0471249968080305,10.242713590535365,0.1024271359053536,point,
stationary,202,stationary-202,high,high-w05,60,95,100,daily_to_365_response30_settlement30,250,fixed_aggregate,90,-4.703652458869997,-1.932963361942656,2.7706890969273417,0.0277068909692734,point,
stationary,202,stationary-202,high,high-w05,60,95,100,daily_to_365_response30_settlement30,250,fixed_aggregate,180,-1.7990021058685604,8.918954589860482,10.717956695729042,0.1071795669572904,point,
stationary,202,stationary-202,high,high-w05,60,95,100,daily_to_365_response30_settlement30,250,fixed_aggregate,425,-3.0131198563239296,22.443955382484127,25.457075238808056,0.2545707523880806,point,
stationary,202,stationary-202,high,high-w05,60,95,100,daily_to_365_response30_settlement30,250,observable_survival,90,-0.6766663501988595,-1.932963361942656,1.2562970117437962,0.0125629701174379,point,
stationary,202,stationary-202,high,high-w05,60,95,100,daily_to_365_response30_settlement30,250,observable_survival,180,5.126548470222311,8.918954589860482,3.79240611963817,0.0379240611963817,point,
stationary,202,stationary-202,high,high-w05,60,95,100,daily_to_365_response30_settlement30,250,observable_survival,425,4.54423241972752,22.443955382484127,17.899722962756606,0.178997229627566,point,
stationary,303,stationary-303,low,low-w05,3,38,100,daily_to_365_response30_settlement30,250,fixed_aggregate,30,-14.75354424438513,-19.09089136165812,4.337347117272989,0.0433734711727298,point,
stationary,303,stationary-303,low,low-w05,3,38,100,daily_to_365_response30_settlement30,250,fixed_aggregate,90,-9.371237635064462,-19.197142868436565,9.825905233372104,0.098259052333721,point,
stationary,303,stationary-303,low,low-w05,3,38,100,daily_to_365_response30_settlement30,250,fixed_aggregate,180,-7.170689005023764,-19.63543185680241,12.464742851778643,0.1246474285177864,point,
stationary,303,stationary-303,low,low-w05,3,38,100,daily_to_365_response30_settlement30,250,fixed_aggregate,425,-8.347129480127487,-21.50321869944812,13.156089219320632,0.1315608921932063,point,
stationary,303,stationary-303,low,low-w05,3,38,100,daily_to_365_response30_settlement30,250,observable_survival,30,-18.2028468758822,-19.09089136165812,0.8880444857759215,0.0088804448577592,point,
stationary,303,stationary-303,low,low-w05,3,38,100,daily_to_365_response30_settlement30,250,observable_survival,90,-19.20023431459465,-19.197142868436565,0.0030914461580842,3.09144615808421e-05,point,
stationary,303,stationary-303,low,low-w05,3,38,100,daily_to_365_response30_settlement30,250,observable_survival,180,-20.76377093364245,-19.63543185680241,1.128339076840046,0.0112833907684004,point,
stationary,303,stationary-303,low,low-w05,3,38,100,daily_to_365_response30_settlement30,250,observable_survival,425,-23.43863266729734,-21.50321869944812,1.9354139678492217,0.0193541396784922,point,
stationary,303,stationary-303,middle,middle-w05,3,38,100,daily_to_365_response30_settlement30,250,fixed_aggregate,30,-16.32229692012934,-14.021497666499322,2.300799253630018,0.0230079925363001,point,
stationary,303,stationary-303,middle,middle-w05,3,38,100,daily_to_365_response30_settlement30,250,fixed_aggregate,90,-10.964658522918588,-5.901008258801799,5.06365026411679,0.0506365026411678,point,
stationary,303,stationary-303,middle,middle-w05,3,38,100,daily_to_365_response30_settlement30,250,fixed_aggregate,180,-8.83899073776866,3.0792738990404707,11.91826463680913,0.1191826463680913,point,
stationary,303,stationary-303,middle,middle-w05,3,38,100,daily_to_365_response30_settlement30,250,fixed_aggregate,425,-10.260744362963978,8.741982299221144,19.00272666218512,0.1900272666218512,point,
stationary,303,stationary-303,middle,middle-w05,3,38,100,daily_to_365_response30_settlement30,250,observable_survival,30,-18.041146491496523,-14.021497666499322,4.019648824997201,0.040196488249972,point,
stationary,303,stationary-303,middle,middle-w05,3,38,100,daily_to_365_response30_settlement30,250,observable_survival,90,-13.987650186223869,-5.901008258801799,8.08664192742207,0.0808664192742207,point,
stationary,303,stationary-303,middle,middle-w05,3,38,100,daily_to_365_response30_settlement30,250,observable_survival,180,-12.990608460722664,3.0792738990404707,16.069882359763135,0.1606988235976313,point,
stationary,303,stationary-303,middle,middle-w05,3,38,100,daily_to_365_response30_settlement30,250,observable_survival,425,-15.034648333399222,8.741982299221144,23.776630632620368,0.2377663063262036,point,
stationary,303,stationary-303,high,high-w05,3,38,100,daily_to_365_response30_settlement30,250,fixed_aggregate,30,-17.81652836861662,-13.018950107078814,4.797578261537806,0.047975782615378,point,
stationary,303,stationary-303,high,high-w05,3,38,100,daily_to_365_response30_settlement30,250,fixed_aggregate,90,-12.562960188525544,1.109513020251654,13.672473208777198,0.1367247320877719,point,
stationary,303,stationary-303,high,high-w05,3,38,100,daily_to_365_response30_settlement30,250,fixed_aggregate,180,-10.71798562651282,16.799434914421276,27.517420540934097,0.2751742054093409,point,
stationary,303,stationary-303,high,high-w05,3,38,100,daily_to_365_response30_settlement30,250,fixed_aggregate,425,-13.076806956593767,34.303322456486406,47.38012941308018,0.4738012941308017,point,
stationary,303,stationary-303,high,high-w05,3,38,100,daily_to_365_response30_settlement30,250,observable_survival,30,-15.353718084493204,-13.018950107078814,2.3347679774143906,0.0233476797741439,point,
stationary,303,stationary-303,high,high-w05,3,38,100,daily_to_365_response30_settlement30,250,observable_survival,90,-8.755922649260338,1.109513020251654,9.865435669511992,0.0986543566951199,point,
stationary,303,stationary-303,high,high-w05,3,38,100,daily_to_365_response30_settlement30,250,observable_survival,180,-6.420948254431035,16.799434914421276,23.22038316885231,0.2322038316885231,point,
stationary,303,stationary-303,high,high-w05,3,38,100,daily_to_365_response30_settlement30,250,observable_survival,425,-8.704356078746383,34.303322456486406,43.00767853523279,0.4300767853523278,point,
stationary,303,stationary-303,low,low-w05,7,42,100,daily_to_365_response30_settlement30,250,fixed_aggregate,30,-15.108988695818748,-19.09089136165812,3.981902665839371,0.0398190266583937,point,
stationary,303,stationary-303,low,low-w05,7,42,100,daily_to_365_response30_settlement30,250,fixed_aggregate,90,-9.59938965290585,-19.197142868436565,9.597753215530714,0.0959775321553071,point,
stationary,303,stationary-303,low,low-w05,7,42,100,daily_to_365_response30_settlement30,250,fixed_aggregate,180,-7.211262470830066,-19.63543185680241,12.424169385972345,0.1242416938597234,point,
stationary,303,stationary-303,low,low-w05,7,42,100,daily_to_365_response30_settlement30,250,fixed_aggregate,425,-8.428935455502755,-21.50321869944812,13.074283243945365,0.1307428324394536,point,
stationary,303,stationary-303,low,low-w05,7,42,100,daily_to_365_response30_settlement30,250,observable_survival,30,-18.38325402194963,-19.09089136165812,0.7076373397084907,0.0070763733970849,point,
stationary,303,stationary-303,low,low-w05,7,42,100,daily_to_365_response30_settlement30,250,observable_survival,90,-19.22509455000637,-19.197142868436565,0.0279516815698066,0.000279516815698,point,
stationary,303,stationary-303,low,low-w05,7,42,100,daily_to_365_response30_settlement30,250,observable_survival,180,-20.745854561361945,-19.63543185680241,1.1104227045595358,0.0111042270455953,point,
stationary,303,stationary-303,low,low-w05,7,42,100,daily_to_365_response30_settlement30,250,observable_survival,425,-23.5276249703075,-21.50321869944812,2.02440627085938,0.0202440627085938,point,
stationary,303,stationary-303,middle,middle-w05,7,42,100,daily_to_365_response30_settlement30,250,fixed_aggregate,30,-16.678712798983184,-14.021497666499322,2.657215132483863,0.0265721513248386,point,
stationary,303,stationary-303,middle,middle-w05,7,42,100,daily_to_365_response30_settlement30,250,fixed_aggregate,90,-11.17025451800936,-5.901008258801799,5.269246259207561,0.0526924625920756,point,
stationary,303,stationary-303,middle,middle-w05,7,42,100,daily_to_365_response30_settlement30,250,fixed_aggregate,180,-8.811359419372543,3.0792738990404707,11.890633318413014,0.1189063331841301,point,
stationary,303,stationary-303,middle,middle-w05,7,42,100,daily_to_365_response30_settlement30,250,fixed_aggregate,425,-10.159239506959535,8.741982299221144,18.90122180618068,0.1890122180618068,point,
stationary,303,stationary-303,middle,middle-w05,7,42,100,daily_to_365_response30_settlement30,250,observable_survival,30,-18.39170224694231,-14.021497666499322,4.370204580442987,0.0437020458044298,point,
stationary,303,stationary-303,middle,middle-w05,7,42,100,daily_to_365_response30_settlement30,250,observable_survival,90,-14.261552975123957,-5.901008258801799,8.360544716322156,0.0836054471632215,point,
stationary,303,stationary-303,middle,middle-w05,7,42,100,daily_to_365_response30_settlement30,250,observable_survival,180,-13.158487470849416,3.0792738990404707,16.237761369889885,0.1623776136988988,point,
stationary,303,stationary-303,middle,middle-w05,7,42,100,daily_to_365_response30_settlement30,250,observable_survival,425,-15.182811242922662,8.741982299221144,23.924793542143806,0.239247935421438,point,
stationary,303,stationary-303,high,high-w05,7,42,100,daily_to_365_response30_settlement30,250,fixed_aggregate,30,-16.371044110331642,-13.018950107078814,3.3520940032528284,0.0335209400325282,point,
stationary,303,stationary-303,high,high-w05,7,42,100,daily_to_365_response30_settlement30,250,fixed_aggregate,90,-10.964699300075322,1.109513020251654,12.074212320326977,0.1207421232032697,point,
stationary,303,stationary-303,high,high-w05,7,42,100,daily_to_365_response30_settlement30,250,fixed_aggregate,180,-8.862181083190885,16.799434914421276,25.66161599761216,0.2566161599761216,point,
stationary,303,stationary-303,high,high-w05,7,42,100,daily_to_365_response30_settlement30,250,fixed_aggregate,425,-11.031889792379296,34.303322456486406,45.3352122488657,0.453352122488657,point,
stationary,303,stationary-303,high,high-w05,7,42,100,daily_to_365_response30_settlement30,250,observable_survival,30,-14.797896795810027,-13.018950107078814,1.7789466887312138,0.0177894668873121,point,
stationary,303,stationary-303,high,high-w05,7,42,100,daily_to_365_response30_settlement30,250,observable_survival,90,-9.738266363237203,1.109513020251654,10.84777938348886,0.1084777938348885,point,
stationary,303,stationary-303,high,high-w05,7,42,100,daily_to_365_response30_settlement30,250,observable_survival,180,-8.288541269077516,16.799434914421276,25.087976183498792,0.2508797618349879,point,
stationary,303,stationary-303,high,high-w05,7,42,100,daily_to_365_response30_settlement30,250,observable_survival,425,-10.825230981009872,34.303322456486406,45.12855343749628,0.4512855343749627,point,
stationary,303,stationary-303,low,low-w05,14,49,100,daily_to_365_response30_settlement30,250,fixed_aggregate,30,-16.073456244201658,-19.09089136165812,3.0174351174564613,0.0301743511745646,point,
stationary,303,stationary-303,low,low-w05,14,49,100,daily_to_365_response30_settlement30,250,fixed_aggregate,90,-10.874773698606989,-19.197142868436565,8.322369169829578,0.0832236916982957,point,
stationary,303,stationary-303,low,low-w05,14,49,100,daily_to_365_response30_settlement30,250,fixed_aggregate,180,-8.893070930206656,-19.63543185680241,10.742360926595753,0.1074236092659575,point,
stationary,303,stationary-303,low,low-w05,14,49,100,daily_to_365_response30_settlement30,250,fixed_aggregate,425,-10.080521802750988,-21.50321869944812,11.422696896697133,0.1142269689669713,point,
stationary,303,stationary-303,low,low-w05,14,49,100,daily_to_365_response30_settlement30,250,observable_survival,30,-18.437133039098377,-19.09089136165812,0.6537583225597423,0.0065375832255974,point,
stationary,303,stationary-303,low,low-w05,14,49,100,daily_to_365_response30_settlement30,250,observable_survival,90,-19.160998718336938,-19.197142868436565,0.0361441500996271,0.0003614415009962,point,
stationary,303,stationary-303,low,low-w05,14,49,100,daily_to_365_response30_settlement30,250,observable_survival,180,-20.550205099088625,-19.63543185680241,0.9147732422862164,0.0091477324228621,point,
stationary,303,stationary-303,low,low-w05,14,49,100,daily_to_365_response30_settlement30,250,observable_survival,425,-23.09196866371739,-21.50321869944812,1.5887499642692724,0.0158874996426927,point,
stationary,303,stationary-303,middle,middle-w05,14,49,100,daily_to_365_response30_settlement30,250,fixed_aggregate,30,-14.936245434706526,-14.021497666499322,0.9147477682072048,0.009147477682072,point,
stationary,303,stationary-303,middle,middle-w05,14,49,100,daily_to_365_response30_settlement30,250,fixed_aggregate,90,-9.88537944429153,-5.901008258801799,3.984371185489732,0.0398437118548973,point,
stationary,303,stationary-303,middle,middle-w05,14,49,100,daily_to_365_response30_settlement30,250,fixed_aggregate,180,-8.107863554804913,3.0792738990404707,11.187137453845384,0.1118713745384538,point,
stationary,303,stationary-303,middle,middle-w05,14,49,100,daily_to_365_response30_settlement30,250,fixed_aggregate,425,-9.90655909683273,8.741982299221144,18.648541396053872,0.1864854139605387,point,
stationary,303,stationary-303,middle,middle-w05,14,49,100,daily_to_365_response30_settlement30,250,observable_survival,30,-16.299658186077124,-14.021497666499322,2.2781605195778027,0.022781605195778,point,
stationary,303,stationary-303,middle,middle-w05,14,49,100,daily_to_365_response30_settlement30,250,observable_survival,90,-12.939752523845554,-5.901008258801799,7.038744265043755,0.0703874426504375,point,
stationary,303,stationary-303,middle,middle-w05,14,49,100,daily_to_365_response30_settlement30,250,observable_survival,180,-12.24106418617612,3.0792738990404707,15.32033808521659,0.1532033808521659,point,
stationary,303,stationary-303,middle,middle-w05,14,49,100,daily_to_365_response30_settlement30,250,observable_survival,425,-14.5992593137821,8.741982299221144,23.34124161300324,0.2334124161300324,point,
stationary,303,stationary-303,high,high-w05,14,49,100,daily_to_365_response30_settlement30,250,fixed_aggregate,30,-13.748190938401718,-13.018950107078814,0.7292408313229046,0.007292408313229,point,
stationary,303,stationary-303,high,high-w05,14,49,100,daily_to_365_response30_settlement30,250,fixed_aggregate,90,-8.744461355881418,1.109513020251654,9.853974376133072,0.0985397437613307,point,
stationary,303,stationary-303,high,high-w05,14,49,100,daily_to_365_response30_settlement30,250,fixed_aggregate,180,-7.093577789767821,16.799434914421276,23.893012704189097,0.2389301270418909,point,
stationary,303,stationary-303,high,high-w05,14,49,100,daily_to_365_response30_settlement30,250,fixed_aggregate,425,-9.290281450172406,34.303322456486406,43.593603906658814,0.4359360390665881,point,
stationary,303,stationary-303,high,high-w05,14,49,100,daily_to_365_response30_settlement30,250,observable_survival,30,-12.512446306026606,-13.018950107078814,0.506503801052208,0.005065038010522,point,
stationary,303,stationary-303,high,high-w05,14,49,100,daily_to_365_response30_settlement30,250,observable_survival,90,-4.67702606975373,1.109513020251654,5.786539090005384,0.0578653909000538,point,
stationary,303,stationary-303,high,high-w05,14,49,100,daily_to_365_response30_settlement30,250,observable_survival,180,-1.532531252192372,16.799434914421276,18.331966166613647,0.1833196616661364,point,
stationary,303,stationary-303,high,high-w05,14,49,100,daily_to_365_response30_settlement30,250,observable_survival,425,-3.3308597184837394,34.303322456486406,37.63418217497014,0.3763418217497014,point,
stationary,303,stationary-303,low,low-w05,30,65,100,daily_to_365_response30_settlement30,250,fixed_aggregate,90,-15.701296018723728,-19.197142868436565,3.495846849712837,0.0349584684971283,point,
stationary,303,stationary-303,low,low-w05,30,65,100,daily_to_365_response30_settlement30,250,fixed_aggregate,180,-15.713917915219447,-19.63543185680241,3.92151394158296,0.0392151394158296,point,
stationary,303,stationary-303,low,low-w05,30,65,100,daily_to_365_response30_settlement30,250,fixed_aggregate,425,-17.890409146972363,-21.50321869944812,3.612809552475756,0.0361280955247575,point,
stationary,303,stationary-303,low,low-w05,30,65,100,daily_to_365_response30_settlement30,250,observable_survival,90,-18.748759169538243,-19.197142868436565,0.4483836988983221,0.0044838369889832,point,
stationary,303,stationary-303,low,low-w05,30,65,100,daily_to_365_response30_settlement30,250,observable_survival,180,-19.05046289785725,-19.63543185680241,0.5849689589451543,0.0058496895894515,point,
stationary,303,stationary-303,low,low-w05,30,65,100,daily_to_365_response30_settlement30,250,observable_survival,425,-21.438921184578227,-21.50321869944812,0.0642975148698923,0.0006429751486989,point,
stationary,303,stationary-303,middle,middle-w05,30,65,100,daily_to_365_response30_settlement30,250,fixed_aggregate,90,-10.81140311825087,-5.901008258801799,4.910394859449072,0.0491039485944907,point,
stationary,303,stationary-303,middle,middle-w05,30,65,100,daily_to_365_response30_settlement30,250,fixed_aggregate,180,-10.905158657976356,3.0792738990404707,13.984432557016827,0.1398443255701682,point,
stationary,303,stationary-303,middle,middle-w05,30,65,100,daily_to_365_response30_settlement30,250,fixed_aggregate,425,-13.307959511672603,8.741982299221144,22.04994181089375,0.2204994181089375,point,
stationary,303,stationary-303,middle,middle-w05,30,65,100,daily_to_365_response30_settlement30,250,observable_survival,90,-12.158174616394705,-5.901008258801799,6.257166357592906,0.062571663575929,point,
stationary,303,stationary-303,middle,middle-w05,30,65,100,daily_to_365_response30_settlement30,250,observable_survival,180,-12.356582939544843,3.0792738990404707,15.435856838585316,0.1543585683858531,point,
stationary,303,stationary-303,middle,middle-w05,30,65,100,daily_to_365_response30_settlement30,250,observable_survival,425,-14.897486451182615,8.741982299221144,23.63946875040376,0.2363946875040375,point,
stationary,303,stationary-303,high,high-w05,30,65,100,daily_to_365_response30_settlement30,250,fixed_aggregate,90,-9.572468446949864,1.109513020251654,10.681981467201515,0.1068198146720151,point,
stationary,303,stationary-303,high,high-w05,30,65,100,daily_to_365_response30_settlement30,250,fixed_aggregate,180,-9.817939333199856,16.799434914421276,26.61737424762113,0.2661737424762113,point,
stationary,303,stationary-303,high,high-w05,30,65,100,daily_to_365_response30_settlement30,250,fixed_aggregate,425,-12.64540969551781,34.303322456486406,46.94873215200421,0.4694873215200421,point,
stationary,303,stationary-303,high,high-w05,30,65,100,daily_to_365_response30_settlement30,250,observable_survival,90,-2.936220908179305,1.109513020251654,4.045733928430959,0.0404573392843095,point,
stationary,303,stationary-303,high,high-w05,30,65,100,daily_to_365_response30_settlement30,250,observable_survival,180,1.0778523666274142,16.799434914421276,15.721582547793862,0.1572158254779386,point,
stationary,303,stationary-303,high,high-w05,30,65,100,daily_to_365_response30_settlement30,250,observable_survival,425,-0.3371316842891688,34.303322456486406,34.640454140775574,0.3464045414077557,point,
stationary,303,stationary-303,low,low-w05,60,95,100,daily_to_365_response30_settlement30,250,fixed_aggregate,90,-16.764226327506027,-19.197142868436565,2.432916540930538,0.0243291654093053,point,
stationary,303,stationary-303,low,low-w05,60,95,100,daily_to_365_response30_settlement30,250,fixed_aggregate,180,-11.97190100066681,-19.63543185680241,7.663530856135599,0.0766353085613559,point,
stationary,303,stationary-303,low,low-w05,60,95,100,daily_to_365_response30_settlement30,250,fixed_aggregate,425,-12.221028074939682,-21.50321869944812,9.282190624508438,0.0928219062450843,point,
stationary,303,stationary-303,low,low-w05,60,95,100,daily_to_365_response30_settlement30,250,observable_survival,90,-19.34096315381304,-19.197142868436565,0.1438202853764707,0.0014382028537647,point,
stationary,303,stationary-303,low,low-w05,60,95,100,daily_to_365_response30_settlement30,250,observable_survival,180,-20.7700950581247,-19.63543185680241,1.13466320132229,0.0113466320132229,point,
stationary,303,stationary-303,low,low-w05,60,95,100,daily_to_365_response30_settlement30,250,observable_survival,425,-23.539386420472862,-21.50321869944812,2.0361677210247464,0.0203616772102474,point,
stationary,303,stationary-303,middle,middle-w05,60,95,100,daily_to_365_response30_settlement30,250,fixed_aggregate,90,-8.140270139165175,-5.901008258801799,2.239261880363376,0.0223926188036337,point,
stationary,303,stationary-303,middle,middle-w05,60,95,100,daily_to_365_response30_settlement30,250,fixed_aggregate,180,-3.3697823904305872,3.0792738990404707,6.4490562894710575,0.0644905628947105,point,
stationary,303,stationary-303,middle,middle-w05,60,95,100,daily_to_365_response30_settlement30,250,fixed_aggregate,425,-3.779721650369464,8.741982299221144,12.521703949590608,0.125217039495906,point,
stationary,303,stationary-303,middle,middle-w05,60,95,100,daily_to_365_response30_settlement30,250,observable_survival,90,-9.005750094552948,-5.901008258801799,3.104741835751149,0.0310474183575114,point,
stationary,303,stationary-303,middle,middle-w05,60,95,100,daily_to_365_response30_settlement30,250,observable_survival,180,-6.443691052667593,3.0792738990404707,9.522964951708063,0.0952296495170806,point,
stationary,303,stationary-303,middle,middle-w05,60,95,100,daily_to_365_response30_settlement30,250,observable_survival,425,-8.008729655948795,8.741982299221144,16.75071195516994,0.1675071195516994,point,
stationary,303,stationary-303,high,high-w05,60,95,100,daily_to_365_response30_settlement30,250,fixed_aggregate,90,-4.39722383573099,1.109513020251654,5.506736855982643,0.0550673685598264,point,
stationary,303,stationary-303,high,high-w05,60,95,100,daily_to_365_response30_settlement30,250,fixed_aggregate,180,0.307321075640582,16.799434914421276,16.492113838780693,0.1649211383878069,point,
stationary,303,stationary-303,high,high-w05,60,95,100,daily_to_365_response30_settlement30,250,fixed_aggregate,425,-0.1693324809847573,34.303322456486406,34.47265493747116,0.3447265493747116,point,
stationary,303,stationary-303,high,high-w05,60,95,100,daily_to_365_response30_settlement30,250,observable_survival,90,0.11767333328296,1.109513020251654,0.9918396869686938,0.0099183968696869,point,
stationary,303,stationary-303,high,high-w05,60,95,100,daily_to_365_response30_settlement30,250,observable_survival,180,12.236018654646182,16.799434914421276,4.563416259775094,0.0456341625977509,point,
stationary,303,stationary-303,high,high-w05,60,95,100,daily_to_365_response30_settlement30,250,observable_survival,425,13.813907923500476,34.303322456486406,20.489414532985933,0.2048941453298593,point,
