scenario,seed,world_id,source_id,cohort_id,origin_age,cutoff,n_leads,policy_id,draw_count,model,model_version,forecast_type,horizon,mean,mean_mcse,q025,q10,q25,median,q75,q90,q975,probability_profitable,probability_payback_by_horizon,probability_remains_positive,probability_never,probability_later_than_180,true_margin,true_payback_age,true_never,absolute_error,absolute_error_per_lead,crps,crps_per_lead,brier,payback_brier,coverage80,coverage95,width80,width95,evaluation_role
calendar_attribution_shock,20101,calendar_attribution_shock-20101,low,low-w05,3,38,100,daily_to_365_response30_settlement30,250,bayesian_hierarchical,finite-grid-gamma-poisson/1.0.0,posterior_predictive,30,-13.872060623187563,0.0810208631479034,-16.05827182138491,-15.412621227988138,-14.725965086157167,-14.068004318333692,-12.950023198727685,-12.028206120585484,-11.32492610712418,0.0,0.0,0.0,0.724,0.084,-15.86292401815348,,True,1.9908633949659151,0.0199086339496591,1.292934992893553,0.0129293499289355,0.0,0.0,0.0,1.0,3.3844151074026545,4.733345714260729,prospective
calendar_attribution_shock,20101,calendar_attribution_shock-20101,low,low-w05,3,38,100,daily_to_365_response30_settlement30,250,bayesian_hierarchical,finite-grid-gamma-poisson/1.0.0,posterior_predictive,90,-9.403409004523184,0.2244378039124037,-14.838184537023595,-13.32844610698917,-12.067947036729525,-9.80626328509347,-7.298131616577294,-4.554523111806178,-1.4927554626955055,0.016,0.016,0.016,0.724,0.084,-14.733336691593554,,True,5.32992768707037,0.0532992768707037,3.386332219636083,0.0338633221963608,0.000256,0.000256,0.0,1.0,8.773922995182993,13.34542907432809,prospective
calendar_attribution_shock,20101,calendar_attribution_shock-20101,low,low-w05,3,38,100,daily_to_365_response30_settlement30,250,bayesian_hierarchical,finite-grid-gamma-poisson/1.0.0,posterior_predictive,180,-6.764304650447174,0.4508001753228798,-15.437719406151594,-14.23451983676387,-12.405509242012846,-8.658328486537238,-1.820751799953619,2.9168985284482507,9.718276467022829,0.184,0.192,0.16,0.724,0.084,-15.483149456233836,,True,8.718844805786663,0.0871884480578666,4.864202099616864,0.0486420209961686,0.033856,0.036864,0.0,0.0,17.15141836521212,25.15599587317442,prospective
calendar_attribution_shock,20101,calendar_attribution_shock-20101,low,low-w05,3,38,100,daily_to_365_response30_settlement30,250,bayesian_hierarchical,finite-grid-gamma-poisson/1.0.0,posterior_predictive,425,-6.420426059508467,0.7312318221353242,-18.69616247731143,-17.318620689226243,-15.374157564806364,-11.457889047474268,1.6200828394694855,8.545734685566748,20.36444776111979,0.276,0.276,0.22,0.724,0.084,-18.316914290001403,,True,11.896488230492936,0.1189648823049293,5.783772466462236,0.0578377246646223,0.076176,0.076176,0.0,1.0,25.864355374792996,39.06061023843122,prospective
calendar_attribution_shock,20101,calendar_attribution_shock-20101,middle,middle-w05,3,38,100,daily_to_365_response30_settlement30,250,bayesian_hierarchical,finite-grid-gamma-poisson/1.0.0,posterior_predictive,30,-3.169348394319503,0.1712094393740021,-8.004942511447442,-6.477052827982112,-4.945708441495412,-3.1958198373612143,-1.6359240637994534,0.1725929628792646,3.1608450289083208,0.108,0.108,0.104,0.008,0.0,-1.1632379067871832,34.0,False,2.00611048753232,0.0200611048753232,1.2908338588255197,0.0129083385882551,0.0116639999999999,0.0116639999999999,1.0,1.0,6.649645790861377,11.165787540355764,prospective
calendar_attribution_shock,20101,calendar_attribution_shock-20101,middle,middle-w05,3,38,100,daily_to_365_response30_settlement30,250,bayesian_hierarchical,finite-grid-gamma-poisson/1.0.0,posterior_predictive,90,8.556366225768892,0.3159036851513043,0.1393470296016898,2.8901680035478283,5.089383170843144,8.151452840969887,11.381789838637111,14.635678162896422,20.56888659794256,0.976,0.976,0.916,0.008,0.0,11.568439394218547,34.0,False,3.012073168449655,0.0301207316844965,1.9994808326626168,0.0199948083266261,0.000576,0.000576,1.0,1.0,11.745510159348594,20.42953956834087,prospective
calendar_attribution_shock,20101,calendar_attribution_shock-20101,middle,middle-w05,3,38,100,daily_to_365_response30_settlement30,250,bayesian_hierarchical,finite-grid-gamma-poisson/1.0.0,posterior_predictive,180,12.008591448123086,0.3765246173789751,2.099885971994404,4.811117671183328,7.535190341096953,11.545160553481145,15.508075192794484,18.98128545151489,25.90047590428963,0.992,0.992,0.924,0.008,0.0,21.247251985348825,34.0,False,9.23866053722574,0.0923866053722573,6.510495937656035,0.0651049593765603,6.400000000000012e-05,6.400000000000012e-05,0.0,1.0,14.17016778033156,23.800589932295228,prospective
calendar_attribution_shock,20101,calendar_attribution_shock-20101,middle,middle-w05,3,38,100,daily_to_365_response30_settlement30,250,bayesian_hierarchical,finite-grid-gamma-poisson/1.0.0,posterior_predictive,425,10.209759549377312,0.3896613716128151,-0.0900617079063019,2.6132533360062635,5.768768916606895,9.718245261916234,13.977765777261467,17.529719997078452,25.1773720970748,0.972,0.992,0.912,0.008,0.0,21.88870533927204,34.0,False,11.678945789894728,0.1167894578989472,8.613765746375075,0.0861376574637507,0.000784,6.400000000000012e-05,0.0,1.0,14.916466661072189,25.267433804981103,prospective
calendar_attribution_shock,20101,calendar_attribution_shock-20101,high,high-w05,3,38,100,daily_to_365_response30_settlement30,250,bayesian_hierarchical,finite-grid-gamma-poisson/1.0.0,posterior_predictive,30,17.83880387094127,0.4004053970357148,6.812241732882702,10.574467301693284,13.720548958132436,17.449491100595804,21.21470650895625,26.396380367757924,32.76943212338001,1.0,1.0,0.996,0.0,0.0,22.872723716450995,11.0,False,5.033919845509725,0.0503391984550972,3.372275604374555,0.0337227560437455,0.0,0.0,1.0,1.0,15.82191306606464,25.957190390497303,prospective
calendar_attribution_shock,20101,calendar_attribution_shock-20101,high,high-w05,3,38,100,daily_to_365_response30_settlement30,250,bayesian_hierarchical,finite-grid-gamma-poisson/1.0.0,posterior_predictive,90,49.95666896292589,0.8142325306498914,29.63842744017371,35.73954636657232,41.38955291117269,47.704456803881385,56.96396703132465,65.86514985405537,80.24646539012238,1.0,1.0,0.996,0.0,0.0,60.3387507537613,11.0,False,10.382081790835414,0.1038208179083541,7.1439854240105305,0.0714398542401053,0.0,0.0,1.0,1.0,30.12560348748305,50.60803794994867,prospective
calendar_attribution_shock,20101,calendar_attribution_shock-20101,high,high-w05,3,38,100,daily_to_365_response30_settlement30,250,bayesian_hierarchical,finite-grid-gamma-poisson/1.0.0,posterior_predictive,180,61.70014640251068,1.012385781145564,37.12283495658019,43.533299548354144,50.80912078723276,59.51365241334732,69.56215592275319,81.43627856095063,100.35534947073197,1.0,1.0,0.996,0.0,0.0,78.02325194452077,11.0,False,16.32310554201009,0.1632310554201009,11.17708089159222,0.1117708089159221,0.0,0.0,1.0,1.0,37.90297901259648,63.232514514151774,prospective
calendar_attribution_shock,20101,calendar_attribution_shock-20101,high,high-w05,3,38,100,daily_to_365_response30_settlement30,250,bayesian_hierarchical,finite-grid-gamma-poisson/1.0.0,posterior_predictive,425,61.91883945291261,1.0914038887796476,36.49754246365735,43.55733845374008,50.43599249512384,59.46899607643425,69.47286127698837,82.5348886079618,101.57202717657992,1.0,1.0,0.996,0.0,0.0,79.90775628356994,11.0,False,17.988916830657324,0.1798891683065732,12.49654265452,0.1249654265452,0.0,0.0,1.0,1.0,38.97755015422173,65.07448471292257,prospective
calendar_attribution_shock,20101,calendar_attribution_shock-20101,low,low-w05,7,42,100,daily_to_365_response30_settlement30,250,bayesian_hierarchical,finite-grid-gamma-poisson/1.0.0,posterior_predictive,30,-14.538968539296397,0.0633865025889353,-16.18150548540863,-15.695218579384036,-15.255548676811344,-14.619661153792922,-13.936391671994752,-13.159494441248148,-12.437807495166425,0.0,0.0,0.0,0.696,0.176,-15.86292401815348,,True,1.3239554788570835,0.0132395547885708,0.8129054859518408,0.0081290548595184,0.0,0.0,0.0,1.0,2.535724138135887,3.7436979902422056,prospective
calendar_attribution_shock,20101,calendar_attribution_shock-20101,low,low-w05,7,42,100,daily_to_365_response30_settlement30,250,bayesian_hierarchical,finite-grid-gamma-poisson/1.0.0,posterior_predictive,90,-9.777618685504416,0.1763975277513597,-14.53302202240455,-13.484480015172943,-11.77562491095938,-9.931562046864151,-8.057764119490923,-6.1458045207679,-4.480217591352562,0.0,0.0,0.0,0.696,0.176,-14.733336691593554,,True,4.955718006089137,0.0495571800608913,3.421374117367952,0.0342137411736795,0.0,0.0,0.0,0.0,7.338675494405045,10.052804431051989,prospective
calendar_attribution_shock,20101,calendar_attribution_shock-20101,low,low-w05,7,42,100,daily_to_365_response30_settlement30,250,bayesian_hierarchical,finite-grid-gamma-poisson/1.0.0,posterior_predictive,180,-6.491005890538348,0.3566484665742593,-15.228315092858043,-13.94191349362496,-11.632213505579244,-6.570431255533726,-2.440633376652748,0.7432054560296127,5.341674839268672,0.128,0.128,0.112,0.696,0.176,-15.483149456233836,,True,8.99214356569549,0.0899214356569548,5.822537455591592,0.0582253745559159,0.016384,0.016384,0.0,0.0,14.685118949654573,20.56998993212672,prospective
calendar_attribution_shock,20101,calendar_attribution_shock-20101,low,low-w05,7,42,100,daily_to_365_response30_settlement30,250,bayesian_hierarchical,finite-grid-gamma-poisson/1.0.0,posterior_predictive,425,-5.286012617481105,0.5958503675835384,-18.746717979612622,-17.058193201202453,-14.200477582395353,-5.125284717830096,0.849175929009067,6.673800918139899,15.736640619929933,0.288,0.304,0.216,0.696,0.176,-18.316914290001403,,True,13.030901672520296,0.1303090167252029,7.779225620368941,0.0777922562036894,0.0829439999999999,0.092416,0.0,1.0,23.731994119342357,34.483358599542555,prospective
calendar_attribution_shock,20101,calendar_attribution_shock-20101,middle,middle-w05,7,42,100,daily_to_365_response30_settlement30,250,bayesian_hierarchical,finite-grid-gamma-poisson/1.0.0,posterior_predictive,30,-1.831894326792868,0.1408518106447059,-5.794293607320378,-4.625202834127586,-3.350166120781334,-1.9129936509602024,-0.3946443827521234,1.2314124009311458,2.6430578126638404,0.208,0.208,0.208,0.0,0.0,-1.1632379067871832,34.0,False,0.6686564200056846,0.0066865642000568,0.6384020663081535,0.0063840206630815,0.043264,0.043264,1.0,1.0,5.856615235058732,8.437351419984218,prospective
calendar_attribution_shock,20101,calendar_attribution_shock-20101,middle,middle-w05,7,42,100,daily_to_365_response30_settlement30,250,bayesian_hierarchical,finite-grid-gamma-poisson/1.0.0,posterior_predictive,90,9.818310529385275,0.2680799922513194,2.8965973476618165,4.405451370846962,6.799808962338967,9.528922845472676,12.158704073224472,15.810519734713951,19.48153285887128,0.996,0.996,0.988,0.0,0.0,11.568439394218547,34.0,False,1.75012886483327,0.0175012886483327,1.395337896112271,0.0139533789611227,1.600000000000003e-05,1.600000000000003e-05,1.0,1.0,11.405068363866992,16.58493551120946,prospective
calendar_attribution_shock,20101,calendar_attribution_shock-20101,middle,middle-w05,7,42,100,daily_to_365_response30_settlement30,250,bayesian_hierarchical,finite-grid-gamma-poisson/1.0.0,posterior_predictive,180,13.228618629083511,0.3253882154760233,4.6313251268315545,7.416505374417063,9.634187056273603,12.509478582303526,16.24223995484425,19.92051728143821,24.515831423664327,1.0,1.0,0.988,0.0,0.0,21.247251985348825,34.0,False,8.018633356265314,0.0801863335626531,5.576676618135648,0.0557667661813564,0.0,0.0,0.0,1.0,12.504011907021148,19.88450629683277,prospective
calendar_attribution_shock,20101,calendar_attribution_shock-20101,middle,middle-w05,7,42,100,daily_to_365_response30_settlement30,250,bayesian_hierarchical,finite-grid-gamma-poisson/1.0.0,posterior_predictive,425,11.569687297117746,0.3359724334862538,2.8607368306405903,5.218581440774937,7.858982069778144,11.003207709829807,14.622537160094687,18.37233804589216,23.815987515461277,0.996,1.0,0.988,0.0,0.0,21.88870533927204,34.0,False,10.319018042154294,0.1031901804215429,7.559138360142733,0.0755913836014273,1.600000000000003e-05,0.0,0.0,1.0,13.15375660511722,20.955250684820683,prospective
calendar_attribution_shock,20101,calendar_attribution_shock-20101,high,high-w05,7,42,100,daily_to_365_response30_settlement30,250,bayesian_hierarchical,finite-grid-gamma-poisson/1.0.0,posterior_predictive,30,14.807115058957612,0.2520589991965241,8.143874731809339,10.010716038910024,11.946390287382108,14.566397499509346,17.438600788435593,19.821013255146877,23.4659481918169,1.0,1.0,1.0,0.0,0.0,22.872723716450995,11.0,False,8.065608657493383,0.0806560865749338,5.970154097672246,0.0597015409767224,0.0,0.0,0.0,1.0,9.81029721623685,15.32207346000756,prospective
calendar_attribution_shock,20101,calendar_attribution_shock-20101,high,high-w05,7,42,100,daily_to_365_response30_settlement30,250,bayesian_hierarchical,finite-grid-gamma-poisson/1.0.0,posterior_predictive,90,41.74084608457864,0.4746459570530709,28.6652356454244,33.0010231647458,36.584656412071865,41.25728580542148,46.59347376189351,51.64248339439314,58.08371454436235,1.0,1.0,1.0,0.0,0.0,60.3387507537613,11.0,False,18.597904669182668,0.1859790466918267,14.392428073709551,0.1439242807370955,0.0,0.0,0.0,0.0,18.641460229647343,29.41847889893796,prospective
calendar_attribution_shock,20101,calendar_attribution_shock-20101,high,high-w05,7,42,100,daily_to_365_response30_settlement30,250,bayesian_hierarchical,finite-grid-gamma-poisson/1.0.0,posterior_predictive,180,51.10983790267928,0.5572060211928019,35.694602395075144,40.33742742299452,44.94142779482959,50.65613194389051,56.75610281062974,62.6376635809027,70.03376819201307,1.0,1.0,1.0,0.0,0.0,78.02325194452077,11.0,False,26.913414041841484,0.2691341404184148,21.954161704674952,0.2195416170467495,0.0,0.0,0.0,0.0,22.300236157908174,34.33916579693793,prospective
calendar_attribution_shock,20101,calendar_attribution_shock-20101,high,high-w05,7,42,100,daily_to_365_response30_settlement30,250,bayesian_hierarchical,finite-grid-gamma-poisson/1.0.0,posterior_predictive,425,50.79758333944044,0.5689212784279445,34.95853206861459,39.98058840445844,44.71813437179141,50.0586506876017,56.59353781549792,62.95698118809519,70.33403305254379,1.0,1.0,1.0,0.0,0.0,79.90775628356994,11.0,False,29.110172944129506,0.291101729441295,24.039282760107035,0.2403928276010703,0.0,0.0,0.0,0.0,22.976392783636754,35.3755009839292,prospective
calendar_attribution_shock,20101,calendar_attribution_shock-20101,low,low-w05,14,49,100,daily_to_365_response30_settlement30,250,bayesian_hierarchical,finite-grid-gamma-poisson/1.0.0,posterior_predictive,30,-15.297943972180072,0.0376709048294743,-16.493091236574056,-15.97564286617829,-15.727395754914111,-15.289583152545688,-14.971248425386854,-14.585295086205852,-13.970837261414092,0.0,0.0,0.0,0.996,0.004,-15.86292401815348,,True,0.5649800459734067,0.005649800459734,0.3229421435510968,0.0032294214355109,0.0,0.0,1.0,1.0,1.3903477799724389,2.522253975159962,prospective
calendar_attribution_shock,20101,calendar_attribution_shock-20101,low,low-w05,14,49,100,daily_to_365_response30_settlement30,250,bayesian_hierarchical,finite-grid-gamma-poisson/1.0.0,posterior_predictive,90,-13.092267821319556,0.0886964027766876,-15.313487710300778,-14.779737039852348,-14.133439701360658,-13.347066177285914,-12.335077817190596,-11.251809435442548,-9.813096008249031,0.0,0.0,0.0,0.996,0.004,-14.733336691593554,,True,1.6410688702739975,0.0164106887027399,0.9451823147586526,0.0094518231475865,0.0,0.0,1.0,1.0,3.5279276044098005,5.500391702051747,prospective
calendar_attribution_shock,20101,calendar_attribution_shock-20101,low,low-w05,14,49,100,daily_to_365_response30_settlement30,250,bayesian_hierarchical,finite-grid-gamma-poisson/1.0.0,posterior_predictive,180,-13.36647809102194,0.1429769464594429,-16.41811400633723,-15.501977909313236,-14.906500059838493,-13.630599958507572,-12.575444223306754,-11.326922370579204,-5.945470664080411,0.0,0.0,0.0,0.996,0.004,-15.483149456233836,,True,2.1166713652118965,0.0211667136521189,1.1025531546945904,0.0110255315469459,0.0,0.0,1.0,1.0,4.175055538734034,10.47264334225682,prospective
calendar_attribution_shock,20101,calendar_attribution_shock-20101,low,low-w05,14,49,100,daily_to_365_response30_settlement30,250,bayesian_hierarchical,finite-grid-gamma-poisson/1.0.0,posterior_predictive,425,-16.100030938074156,0.2168726114561258,-19.430814061535056,-18.7103708688796,-17.867414126247745,-16.76265824788111,-15.49579847834588,-14.187194199231955,-4.129768119038681,0.004,0.004,0.0,0.996,0.004,-18.316914290001403,,True,2.2168833519272475,0.0221688335192724,0.9644814197706952,0.0096448141977069,1.6e-05,1.6e-05,1.0,1.0,4.523176669647645,15.301045942496376,prospective
calendar_attribution_shock,20101,calendar_attribution_shock-20101,middle,middle-w05,14,49,100,daily_to_365_response30_settlement30,250,bayesian_hierarchical,finite-grid-gamma-poisson/1.0.0,posterior_predictive,30,-2.4307889492260046,0.0871462931759035,-4.910938902743114,-4.264920131529028,-3.3899352069789463,-2.4594562485061973,-1.5701027623592951,-0.6026393951966126,0.1243726082934124,0.04,0.044,0.04,0.0,0.0,-1.1632379067871832,34.0,False,1.2675510424388214,0.0126755104243882,0.7765293690401838,0.0077652936904018,0.0016,0.0019359999999999,1.0,1.0,3.662280736332415,5.035311511036526,prospective
calendar_attribution_shock,20101,calendar_attribution_shock-20101,middle,middle-w05,14,49,100,daily_to_365_response30_settlement30,250,bayesian_hierarchical,finite-grid-gamma-poisson/1.0.0,posterior_predictive,90,7.487808613300705,0.19055401640845,2.049965748876644,3.62572250758,5.248691313323247,7.470373088929812,9.445178641099982,11.557257495517815,13.449254593782884,1.0,1.0,0.96,0.0,0.0,11.568439394218547,34.0,False,4.080630780917843,0.0408063078091784,2.6289685228265114,0.0262896852282651,0.0,0.0,0.0,1.0,7.931534987937818,11.39928884490624,prospective
calendar_attribution_shock,20101,calendar_attribution_shock-20101,middle,middle-w05,14,49,100,daily_to_365_response30_settlement30,250,bayesian_hierarchical,finite-grid-gamma-poisson/1.0.0,posterior_predictive,180,10.182236759358936,0.2276031326485791,3.5485747807737744,5.55857088678662,7.434933386872161,10.329442950860026,12.601328912561566,14.81433679137052,17.110369877438306,1.0,1.0,0.96,0.0,0.0,21.247251985348825,34.0,False,11.065015225989889,0.1106501522598988,9.025738796493451,0.0902573879649345,0.0,0.0,0.0,0.0,9.2557659045839,13.56179509666453,prospective
calendar_attribution_shock,20101,calendar_attribution_shock-20101,middle,middle-w05,14,49,100,daily_to_365_response30_settlement30,250,bayesian_hierarchical,finite-grid-gamma-poisson/1.0.0,posterior_predictive,425,8.342839565755579,0.2318093203886691,1.5507548153144657,3.5343270528489823,5.521171272520229,8.501218468707542,10.965655562218496,13.102907098262454,15.143536944262232,1.0,1.0,0.96,0.0,0.0,21.88870533927204,34.0,False,13.54586577351646,0.1354586577351646,11.464994233276736,0.1146499423327673,0.0,0.0,0.0,0.0,9.568580045413473,13.592782128947766,prospective
calendar_attribution_shock,20101,calendar_attribution_shock-20101,high,high-w05,14,49,100,daily_to_365_response30_settlement30,250,bayesian_hierarchical,finite-grid-gamma-poisson/1.0.0,posterior_predictive,30,20.284416173855405,0.1839455876948634,15.0177216878145,16.417033145893992,18.25320075820215,20.273171660691347,22.26384637224718,23.938478216294367,25.712879498572224,1.0,1.0,1.0,0.0,0.0,22.872723716450995,11.0,False,2.58830754259559,0.0258830754259559,1.5451633616909632,0.0154516336169096,0.0,0.0,1.0,1.0,7.521445070400375,10.695157810757726,prospective
calendar_attribution_shock,20101,calendar_attribution_shock-20101,high,high-w05,14,49,100,daily_to_365_response30_settlement30,250,bayesian_hierarchical,finite-grid-gamma-poisson/1.0.0,posterior_predictive,90,48.93899253590005,0.3803896243843481,37.18037981748918,41.43785070536877,45.163957835497,48.806838437835424,52.37957085236596,56.72531660720013,61.40010455193524,1.0,1.0,1.0,0.0,0.0,60.3387507537613,11.0,False,11.399758217861256,0.1139975821786125,8.187705257816848,0.0818770525781684,0.0,0.0,0.0,1.0,15.287465901831354,24.21972473444606,prospective
calendar_attribution_shock,20101,calendar_attribution_shock-20101,high,high-w05,14,49,100,daily_to_365_response30_settlement30,250,bayesian_hierarchical,finite-grid-gamma-poisson/1.0.0,posterior_predictive,180,59.40166128781875,0.4778882556201181,45.32299023779721,49.93192219108716,54.07167991101164,59.07438634211466,63.52487989350115,70.33862032888324,74.71607372499771,1.0,1.0,1.0,0.0,0.0,78.02325194452077,11.0,False,18.62159065670202,0.1862159065670202,14.38452786947682,0.1438452786947682,0.0,0.0,0.0,0.0,20.40669813779608,29.393083487200503,prospective
calendar_attribution_shock,20101,calendar_attribution_shock-20101,high,high-w05,14,49,100,daily_to_365_response30_settlement30,250,bayesian_hierarchical,finite-grid-gamma-poisson/1.0.0,posterior_predictive,425,59.31885963075448,0.4973843819803712,44.066581216892686,50.14518585448528,53.6205392113922,59.24997918732866,64.5812799482257,69.55046955027233,75.14615932800426,1.0,1.0,1.0,0.0,0.0,79.90775628356994,11.0,False,20.588896652815457,0.2058889665281545,16.166942259455237,0.1616694225945523,0.0,0.0,0.0,0.0,19.40528369578704,31.079578111111573,prospective
calendar_attribution_shock,20101,calendar_attribution_shock-20101,low,low-w05,30,65,100,daily_to_365_response30_settlement30,250,bayesian_hierarchical,finite-grid-gamma-poisson/1.0.0,posterior_predictive,90,-13.999805008330322,0.0531104400514539,-15.424497520026224,-15.03641663242411,-14.6229180679755,-13.98081528775974,-13.450248479322877,-12.928821146598091,-12.211350311127418,0.0,0.0,0.0,1.0,0.0,-14.733336691593554,,True,0.7335316832632319,0.0073353168326323,0.4191236179164371,0.0041912361791643,0.0,0.0,1.0,1.0,2.1075954858260197,3.213147208898807,prospective
calendar_attribution_shock,20101,calendar_attribution_shock-20101,low,low-w05,30,65,100,daily_to_365_response30_settlement30,250,bayesian_hierarchical,finite-grid-gamma-poisson/1.0.0,posterior_predictive,180,-14.421535153907538,0.0805834444472888,-16.494639057817352,-15.718402117938494,-15.302770927123516,-14.504152372449862,-13.880022696960555,-13.206976457443938,-10.527736450391556,0.0,0.0,0.0,1.0,0.0,-15.483149456233836,,True,1.0616143023262996,0.0106161430232629,0.5647005492666703,0.0056470054926667,0.0,0.0,1.0,1.0,2.511425660494556,5.966902607425796,prospective
calendar_attribution_shock,20101,calendar_attribution_shock-20101,low,low-w05,30,65,100,daily_to_365_response30_settlement30,250,bayesian_hierarchical,finite-grid-gamma-poisson/1.0.0,posterior_predictive,425,-17.334665397473334,0.1165207751907311,-19.650015085282952,-18.93427202334716,-18.395530971661277,-17.5525921434464,-16.804589850178655,-16.00218960164368,-10.688592417905,0.0,0.0,0.0,1.0,0.0,-18.316914290001403,,True,0.9822488925280696,0.0098224889252806,0.447365849157624,0.0044736584915762,0.0,0.0,1.0,1.0,2.932082421703484,8.961422667377951,prospective
calendar_attribution_shock,20101,calendar_attribution_shock-20101,middle,middle-w05,30,65,100,daily_to_365_response30_settlement30,250,bayesian_hierarchical,finite-grid-gamma-poisson/1.0.0,posterior_predictive,90,12.144475577790116,0.1352193863391159,8.147727338357045,9.45255644604704,10.726689257089172,12.076717288133064,13.523841030578954,14.79228893013838,16.3403636955735,1.0,1.0,0.984,0.0,0.0,11.568439394218547,34.0,False,0.5760361835715688,0.0057603618357156,0.5490048377565091,0.005490048377565,0.0,0.0,1.0,1.0,5.339732484091339,8.192636357216456,prospective
calendar_attribution_shock,20101,calendar_attribution_shock-20101,middle,middle-w05,30,65,100,daily_to_365_response30_settlement30,250,bayesian_hierarchical,finite-grid-gamma-poisson/1.0.0,posterior_predictive,180,16.08650151559073,0.176970576996455,10.857260474106972,12.322832927117265,14.338137676917013,16.058381888478316,17.756775034999386,19.66907211133983,21.51753210030237,1.0,1.0,0.984,0.0,0.0,21.247251985348825,34.0,False,5.160750469758096,0.0516075046975809,3.718598306312608,0.037185983063126,0.0,0.0,0.0,1.0,7.346239184222565,10.6602716261954,prospective
calendar_attribution_shock,20101,calendar_attribution_shock-20101,middle,middle-w05,30,65,100,daily_to_365_response30_settlement30,250,bayesian_hierarchical,finite-grid-gamma-poisson/1.0.0,posterior_predictive,425,14.363305027684126,0.1875504757514721,9.090813547977085,10.682263504020296,12.520915300515988,14.246070461564068,16.290977580690043,18.18589424150936,20.451890217712727,1.0,1.0,0.984,0.0,0.0,21.88870533927204,34.0,False,7.525400311587914,0.0752540031158791,5.905335812683148,0.0590533581268314,0.0,0.0,0.0,0.0,7.503630737489059,11.361076669735644,prospective
calendar_attribution_shock,20101,calendar_attribution_shock-20101,high,high-w05,30,65,100,daily_to_365_response30_settlement30,250,bayesian_hierarchical,finite-grid-gamma-poisson/1.0.0,posterior_predictive,90,58.070955074036114,0.3059681000916195,49.04851318432733,51.71034373733109,54.64221497847503,57.78863002255453,61.020077113901365,64.41985964548725,68.1771449510546,1.0,1.0,1.0,0.0,0.0,60.3387507537613,11.0,False,2.267795679725189,0.0226779567972518,1.6095904353213708,0.0160959043532137,0.0,0.0,1.0,1.0,12.709515908156156,19.128631766727278,prospective
calendar_attribution_shock,20101,calendar_attribution_shock-20101,high,high-w05,30,65,100,daily_to_365_response30_settlement30,250,bayesian_hierarchical,finite-grid-gamma-poisson/1.0.0,posterior_predictive,180,70.6738574359094,0.3822693192103142,60.21947034818077,63.481007493703736,66.47861116374969,70.34802186742124,74.52384276170437,78.80203322906563,84.08276545904117,1.0,1.0,1.0,0.0,0.0,78.02325194452077,11.0,False,7.349394508611368,0.0734939450861136,4.830668377569494,0.0483066837756949,0.0,0.0,1.0,1.0,15.321025735361893,23.86329511086041,prospective
calendar_attribution_shock,20101,calendar_attribution_shock-20101,high,high-w05,30,65,100,daily_to_365_response30_settlement30,250,bayesian_hierarchical,finite-grid-gamma-poisson/1.0.0,posterior_predictive,425,70.92066002981183,0.3968703208499656,60.22331542650593,63.86409630657545,66.71108038994083,70.51020525899915,74.94631869543933,79.27687253224676,85.10506253980002,1.0,1.0,1.0,0.0,0.0,79.90775628356994,11.0,False,8.98709625375811,0.0898709625375811,6.049075072270844,0.0604907507227084,0.0,0.0,0.0,1.0,15.412776225671308,24.88174711329409,prospective
calendar_attribution_shock,20101,calendar_attribution_shock-20101,low,low-w05,60,95,100,daily_to_365_response30_settlement30,250,bayesian_hierarchical,finite-grid-gamma-poisson/1.0.0,posterior_predictive,90,-13.763323259330765,0.0278932044672584,-14.531996002152328,-14.262392252951145,-14.062831637593211,-13.794790023343383,-13.534314576953465,-13.24169672224039,-12.749151678928126,0.0,0.0,0.0,1.0,0.0,-14.733336691593554,,True,0.9700134322627908,0.0097001343226279,0.7307484822768474,0.0073074848227684,0.0,0.0,0.0,0.0,1.0206955307107552,1.782844323224202,prospective
calendar_attribution_shock,20101,calendar_attribution_shock-20101,low,low-w05,60,95,100,daily_to_365_response30_settlement30,250,bayesian_hierarchical,finite-grid-gamma-poisson/1.0.0,posterior_predictive,180,-14.10555124585972,0.0438698728474858,-15.286253569185757,-14.892678179752094,-14.564907463013633,-14.165965679252311,-13.79298107506421,-13.17870145336322,-12.579282358704152,0.0,0.0,0.0,1.0,0.0,-15.483149456233836,,True,1.377598210374119,0.0137759821037411,1.0024878058762954,0.0100248780587629,0.0,0.0,0.0,0.0,1.7139767263888732,2.706971210481603,prospective
calendar_attribution_shock,20101,calendar_attribution_shock-20101,low,low-w05,60,95,100,daily_to_365_response30_settlement30,250,bayesian_hierarchical,finite-grid-gamma-poisson/1.0.0,posterior_predictive,425,-16.97282724863282,0.0473243964466038,-18.32964140157418,-17.825603033223484,-17.553637864770486,-17.0608606951118,-16.534715265389025,-15.957305361099856,-15.397802403626123,0.0,0.0,0.0,1.0,0.0,-18.316914290001403,,True,1.3440870413685817,0.0134408704136858,0.937405151527241,0.0093740515152724,0.0,0.0,0.0,1.0,1.868297672123628,2.931838997948056,prospective
calendar_attribution_shock,20101,calendar_attribution_shock-20101,middle,middle-w05,60,95,100,daily_to_365_response30_settlement30,250,bayesian_hierarchical,finite-grid-gamma-poisson/1.0.0,posterior_predictive,90,16.44688756645094,0.086636904894248,14.168275008558467,14.94694309346934,15.549877783493589,16.259645080348182,17.225447842549645,18.089861771957004,19.60392823538419,1.0,1.0,1.0,0.0,0.0,11.568439394218547,34.0,False,4.8784481722323925,0.0487844817223239,4.128518926803405,0.041285189268034,0.0,0.0,0.0,0.0,3.142918678487664,5.435653226825719,prospective
calendar_attribution_shock,20101,calendar_attribution_shock-20101,middle,middle-w05,60,95,100,daily_to_365_response30_settlement30,250,bayesian_hierarchical,finite-grid-gamma-poisson/1.0.0,posterior_predictive,180,21.363217718887714,0.1288886910865987,17.505017845357628,18.83996741658793,20.03757743783825,21.270618626227154,22.57027131890892,24.25958095262033,25.53393167842245,1.0,1.0,1.0,0.0,0.0,21.247251985348825,34.0,False,0.1159657335388892,0.0011596573353888,0.4579415712895367,0.0045794157128953,0.0,0.0,1.0,1.0,5.419613536032401,8.028913833064827,prospective
calendar_attribution_shock,20101,calendar_attribution_shock-20101,middle,middle-w05,60,95,100,daily_to_365_response30_settlement30,250,bayesian_hierarchical,finite-grid-gamma-poisson/1.0.0,posterior_predictive,425,19.688796086082164,0.1406815564082872,15.56791759202576,16.661733722788384,18.22351477081898,19.706905038175385,21.01244552326936,22.53870909079036,23.950783916307607,1.0,1.0,1.0,0.0,0.0,21.88870533927204,34.0,False,2.199909253189876,0.0219990925318987,1.3779981630867952,0.0137799816308679,0.0,0.0,1.0,1.0,5.876975368001975,8.382866324281848,prospective
calendar_attribution_shock,20101,calendar_attribution_shock-20101,high,high-w05,60,95,100,daily_to_365_response30_settlement30,250,bayesian_hierarchical,finite-grid-gamma-poisson/1.0.0,posterior_predictive,90,69.73958631792978,0.1625912839763259,65.05951205473916,66.38186019256646,67.89219785306067,69.49608501518532,71.4653244361802,73.30342314246838,74.71546271345704,1.0,1.0,1.0,0.0,0.0,60.3387507537613,11.0,False,9.400835564168474,0.0940083556416847,7.944907114052255,0.0794490711405225,0.0,0.0,0.0,0.0,6.921562949901912,9.655950658717884,prospective
calendar_attribution_shock,20101,calendar_attribution_shock-20101,high,high-w05,60,95,100,daily_to_365_response30_settlement30,250,bayesian_hierarchical,finite-grid-gamma-poisson/1.0.0,posterior_predictive,180,84.69982451894556,0.2446697625619234,77.546628913768,79.98095335508452,82.0925871090325,84.36851234029979,87.1042883450523,89.93469073671025,92.58343168415352,1.0,1.0,1.0,0.0,0.0,78.02325194452077,11.0,False,6.676572574424796,0.0667657257442479,4.564619796800253,0.0456461979680025,0.0,0.0,0.0,1.0,9.953737381625729,15.036802770385506,prospective
calendar_attribution_shock,20101,calendar_attribution_shock-20101,high,high-w05,60,95,100,daily_to_365_response30_settlement30,250,bayesian_hierarchical,finite-grid-gamma-poisson/1.0.0,posterior_predictive,425,85.55398086943431,0.2629034416511602,78.23016072260349,80.2522123261202,82.63364250226185,85.26283211019017,88.21335389720292,91.00947677513354,94.0802892429666,1.0,1.0,1.0,0.0,0.0,79.90775628356994,11.0,False,5.646224585864374,0.0564622458586437,3.5491991885242,0.035491991885242,0.0,0.0,0.0,1.0,10.757264449013334,15.850128520363114,prospective
calendar_attribution_shock,20202,calendar_attribution_shock-20202,low,low-w05,3,38,100,daily_to_365_response30_settlement30,250,bayesian_hierarchical,finite-grid-gamma-poisson/1.0.0,posterior_predictive,30,-16.035544680673176,0.0726818116013063,-17.827441747486926,-17.292634891316442,-16.818602044914048,-16.188498335584278,-15.399261622239631,-14.68308107313919,-13.36623496167664,0.0,0.0,0.0,0.996,0.0,-16.670810998210932,,True,0.6352663175377558,0.0063526631753775,0.3326190605745897,0.0033261906057458,0.0,0.0,1.0,1.0,2.609553818177252,4.461206785810285,prospective
calendar_attribution_shock,20202,calendar_attribution_shock-20202,low,low-w05,3,38,100,daily_to_365_response30_settlement30,250,bayesian_hierarchical,finite-grid-gamma-poisson/1.0.0,posterior_predictive,90,-14.400534804221666,0.1608639550502835,-18.308349189618927,-17.533988351155354,-16.156385242156748,-14.644915883051986,-12.973500475859009,-11.14481914094725,-8.248877682916348,0.0,0.0,0.0,0.996,0.0,-16.58338168335994,,True,2.182846879138273,0.0218284687913827,1.202163346890364,0.0120216334689036,0.0,0.0,1.0,1.0,6.389169210208104,10.05947150670258,prospective
calendar_attribution_shock,20202,calendar_attribution_shock-20202,low,low-w05,3,38,100,daily_to_365_response30_settlement30,250,bayesian_hierarchical,finite-grid-gamma-poisson/1.0.0,posterior_predictive,180,-14.977871720825384,0.2145832714667411,-20.13619584514148,-19.34668215323857,-17.013412598438784,-15.27025573298172,-13.013275437337292,-11.040022503183687,-6.078943049409964,0.004,0.004,0.004,0.996,0.0,-16.185789703809622,,True,1.207917982984238,0.0120791798298423,0.8617726844725906,0.0086177268447259,1.6e-05,1.6e-05,1.0,1.0,8.306659650054888,14.057252795731513,prospective
calendar_attribution_shock,20202,calendar_attribution_shock-20202,low,low-w05,3,38,100,daily_to_365_response30_settlement30,250,bayesian_hierarchical,finite-grid-gamma-poisson/1.0.0,posterior_predictive,425,-17.690236038264636,0.2389305379602732,-23.311073902125816,-22.47582635363719,-20.033701561998623,-18.02485951535471,-15.767015971763149,-13.733505058009529,-7.89225532726317,0.004,0.004,0.004,0.996,0.0,-18.50777234713398,,True,0.817536308869343,0.0081753630886934,0.7860426674045309,0.0078604266740453,1.6e-05,1.6e-05,1.0,1.0,8.742321295627661,15.418818574862646,prospective
calendar_attribution_shock,20202,calendar_attribution_shock-20202,middle,middle-w05,3,38,100,daily_to_365_response30_settlement30,250,bayesian_hierarchical,finite-grid-gamma-poisson/1.0.0,posterior_predictive,30,-13.7585441508481,0.119115078340284,-16.767909798150033,-15.870352693085776,-15.090223455242672,-13.954143391834062,-12.754191428121173,-11.230296475174852,-9.318374387632248,0.0,0.0,0.0,0.94,0.004,-15.364553728444784,,True,1.6060095775966836,0.0160600957759668,0.853713086006811,0.0085371308600681,0.0,0.0,1.0,1.0,4.640056217910923,7.449535410517784,prospective
calendar_attribution_shock,20202,calendar_attribution_shock-20202,middle,middle-w05,3,38,100,daily_to_365_response30_settlement30,250,bayesian_hierarchical,finite-grid-gamma-poisson/1.0.0,posterior_predictive,90,-8.813590607543508,0.2357932377855347,-14.788505039962034,-12.927143994887755,-11.344259868145569,-9.236154716775664,-6.912768349434431,-4.340276207757199,-0.3777778715460171,0.028,0.028,0.028,0.94,0.004,-12.044953399596888,,True,3.2313627920533783,0.0323136279205337,1.712261718741355,0.0171226171874135,0.000784,0.000784,1.0,1.0,8.586867787130558,14.410727168416017,prospective
calendar_attribution_shock,20202,calendar_attribution_shock-20202,middle,middle-w05,3,38,100,daily_to_365_response30_settlement30,250,bayesian_hierarchical,finite-grid-gamma-poisson/1.0.0,posterior_predictive,180,-7.761779000582273,0.344778722416734,-14.682478177172138,-13.145696342172569,-11.088637005957716,-8.579521214877715,-5.8243348012199725,-2.5221260129544056,6.379484138779779,0.056,0.056,0.052,0.94,0.004,-6.64111834992679,,True,1.1206606506554824,0.0112066065065548,1.3494870656827649,0.0134948706568276,0.003136,0.003136,1.0,1.0,10.62357032921816,21.06196231595192,prospective
calendar_attribution_shock,20202,calendar_attribution_shock-20202,middle,middle-w05,3,38,100,daily_to_365_response30_settlement30,250,bayesian_hierarchical,finite-grid-gamma-poisson/1.0.0,posterior_predictive,425,-9.75348218058748,0.4777663473729092,-17.596127680902963,-15.650270149556896,-13.585155514386567,-11.06379641876492,-8.158376641989346,-4.5032890181167495,13.219529820680547,0.056,0.06,0.044,0.94,0.004,-7.65527851192318,,True,2.0982036686643006,0.020982036686643,2.0746931034484923,0.0207469310344849,0.003136,0.0036,1.0,1.0,11.146981131440146,30.815657501583512,prospective
calendar_attribution_shock,20202,calendar_attribution_shock-20202,high,high-w05,3,38,100,daily_to_365_response30_settlement30,250,bayesian_hierarchical,finite-grid-gamma-poisson/1.0.0,posterior_predictive,30,20.299533848088,0.3368254459086321,10.533316829869472,14.50340988159049,16.704287356024814,20.04085323576248,23.16348241684117,27.19325571024928,30.75522281606764,1.0,1.0,1.0,0.0,0.0,14.846180446503356,14.0,False,5.453353401584639,0.0545335340158463,3.182265749070082,0.0318226574907008,0.0,0.0,1.0,1.0,12.689845828658788,20.221905986198166,prospective
calendar_attribution_shock,20202,calendar_attribution_shock-20202,high,high-w05,3,38,100,daily_to_365_response30_settlement30,250,bayesian_hierarchical,finite-grid-gamma-poisson/1.0.0,posterior_predictive,90,54.25833729041005,0.7145338514359868,34.18297584572702,40.72859772099831,46.75198242382985,53.87254097864924,60.85868699385318,67.2052947998761,79.2117342105769,1.0,1.0,1.0,0.0,0.0,29.922946440411195,14.0,False,24.33539084999886,0.2433539084999885,18.201891410690983,0.1820189141069098,0.0,0.0,0.0,0.0,26.47669707887779,45.028758364849885,prospective
calendar_attribution_shock,20202,calendar_attribution_shock-20202,high,high-w05,3,38,100,daily_to_365_response30_settlement30,250,bayesian_hierarchical,finite-grid-gamma-poisson/1.0.0,posterior_predictive,180,67.92919592046238,1.0021313481588936,44.74224496075401,51.63238221024712,58.47334574711676,66.43946482005447,74.87471340595052,84.02469887666503,94.57268340183768,1.0,1.0,1.0,0.0,0.0,50.08942100975415,14.0,False,17.83977491070823,0.1783977491070822,10.847996782286708,0.108479967822867,0.0,0.0,0.0,1.0,32.39231666641791,49.83043844108367,prospective
calendar_attribution_shock,20202,calendar_attribution_shock-20202,high,high-w05,3,38,100,daily_to_365_response30_settlement30,250,bayesian_hierarchical,finite-grid-gamma-poisson/1.0.0,posterior_predictive,425,69.17790567709092,1.4283779253481446,43.287201848481374,50.54552676090304,58.41834038983646,66.56473893541546,75.87180842973619,85.30664367229001,96.61358804587444,1.0,1.0,1.0,0.0,0.0,52.41195459963197,14.0,False,16.76595107745895,0.1676595107745895,9.10376018378935,0.0910376018378935,0.0,0.0,1.0,1.0,34.76111691138697,53.32638619739306,prospective
calendar_attribution_shock,20202,calendar_attribution_shock-20202,low,low-w05,7,42,100,daily_to_365_response30_settlement30,250,bayesian_hierarchical,finite-grid-gamma-poisson/1.0.0,posterior_predictive,30,-15.832845452663085,0.0614873298977375,-17.46976073636478,-16.98059079520679,-16.499963913867624,-15.916520748269493,-15.291923315647098,-14.652974245728194,-13.774834704751798,0.0,0.0,0.0,1.0,0.0,-16.670810998210932,,True,0.8379655455478474,0.0083796554554784,0.466395212640053,0.0046639521264005,0.0,0.0,1.0,1.0,2.3276165494785968,3.694926031612981,prospective
calendar_attribution_shock,20202,calendar_attribution_shock-20202,low,low-w05,7,42,100,daily_to_365_response30_settlement30,250,bayesian_hierarchical,finite-grid-gamma-poisson/1.0.0,posterior_predictive,90,-13.796788608593982,0.1290802160835689,-17.650683684153194,-16.73216689076334,-15.0469814830082,-13.891579815205638,-12.431542332678378,-11.245267077567815,-9.71120078254894,0.0,0.0,0.0,1.0,0.0,-16.58338168335994,,True,2.786593074765957,0.0278659307476595,1.7999875008477393,0.0179998750084773,0.0,0.0,1.0,1.0,5.486899813195526,7.9394829016042525,prospective
calendar_attribution_shock,20202,calendar_attribution_shock-20202,low,low-w05,7,42,100,daily_to_365_response30_settlement30,250,bayesian_hierarchical,finite-grid-gamma-poisson/1.0.0,posterior_predictive,180,-14.32694490394351,0.1581958850204649,-19.53014994034462,-17.768489482392063,-15.75256997444372,-14.276335148563616,-12.758139641168894,-11.368491129241663,-9.408064224498442,0.0,0.0,0.0,1.0,0.0,-16.185789703809622,,True,1.8588447998661124,0.0185884479986611,1.1430878271500526,0.0114308782715005,0.0,0.0,1.0,1.0,6.3999983531504,10.12208571584618,prospective
calendar_attribution_shock,20202,calendar_attribution_shock-20202,low,low-w05,7,42,100,daily_to_365_response30_settlement30,250,bayesian_hierarchical,finite-grid-gamma-poisson/1.0.0,posterior_predictive,425,-17.05714887575239,0.1670348627834723,-22.72374755667456,-20.700680195798817,-18.60220189502062,-17.090264700032343,-15.350078439618578,-13.809773057526458,-11.736931243919411,0.0,0.0,0.0,1.0,0.0,-18.50777234713398,,True,1.45062347138159,0.0145062347138159,0.9062263004699588,0.0090622630046995,0.0,0.0,1.0,1.0,6.890907138272359,10.986816312755147,prospective
calendar_attribution_shock,20202,calendar_attribution_shock-20202,middle,middle-w05,7,42,100,daily_to_365_response30_settlement30,250,bayesian_hierarchical,finite-grid-gamma-poisson/1.0.0,posterior_predictive,30,-14.876502321808177,0.0734482042829652,-17.178263203232095,-16.34925935140017,-15.612591563752916,-14.947077896781796,-14.055782991737008,-13.398276689157276,-12.360100050328532,0.0,0.0,0.0,0.968,0.004,-15.364553728444784,,True,0.4880514066366075,0.004880514066366,0.3380910873884187,0.0033809108738841,0.0,0.0,1.0,1.0,2.950982662242895,4.818163152903564,prospective
calendar_attribution_shock,20202,calendar_attribution_shock-20202,middle,middle-w05,7,42,100,daily_to_365_response30_settlement30,250,bayesian_hierarchical,finite-grid-gamma-poisson/1.0.0,posterior_predictive,90,-10.830858073178913,0.1547502655355398,-15.089228446107125,-13.81546992634862,-12.557889599714663,-10.891676967506449,-9.360418327459008,-7.478634358263359,-5.2015071680475184,0.0,0.0,0.0,0.968,0.004,-12.044953399596888,,True,1.214095326417974,0.0121409532641797,0.7480748729510549,0.0074807487295105,0.0,0.0,1.0,1.0,6.336835568085262,9.887721278059606,prospective
calendar_attribution_shock,20202,calendar_attribution_shock-20202,middle,middle-w05,7,42,100,daily_to_365_response30_settlement30,250,bayesian_hierarchical,finite-grid-gamma-poisson/1.0.0,posterior_predictive,180,-10.183308143587038,0.2240519401494848,-15.211302796702508,-14.05463710634374,-12.517442566547055,-10.742236146184336,-8.68374616593939,-6.176137219533024,-0.094338782766522,0.028,0.028,0.024,0.968,0.004,-6.64111834992679,,True,3.5421897936602478,0.0354218979366024,2.5272621253157053,0.025272621253157,0.000784,0.000784,1.0,1.0,7.878499886810715,15.116964013935984,prospective
calendar_attribution_shock,20202,calendar_attribution_shock-20202,middle,middle-w05,7,42,100,daily_to_365_response30_settlement30,250,bayesian_hierarchical,finite-grid-gamma-poisson/1.0.0,posterior_predictive,425,-12.454414224423694,0.2981360915214582,-18.1038184819078,-16.872256977251425,-15.141162677333591,-13.400660964594042,-11.06316950411992,-8.650156576921239,3.0553402233068394,0.028,0.032,0.028,0.968,0.004,-7.65527851192318,,True,4.799135712500513,0.0479913571250051,3.779596185375034,0.0377959618537503,0.000784,0.001024,0.0,1.0,8.222100400330186,21.15915870521464,prospective
calendar_attribution_shock,20202,calendar_attribution_shock-20202,high,high-w05,7,42,100,daily_to_365_response30_settlement30,250,bayesian_hierarchical,finite-grid-gamma-poisson/1.0.0,posterior_predictive,30,18.96862766256952,0.2730972847359011,11.461745707315004,13.744150390931011,16.187477793879356,18.85920465225808,21.672286758424228,24.30147684687668,27.31442230100607,1.0,1.0,0.996,0.0,0.0,14.846180446503356,14.0,False,4.122447216066163,0.0412244721606616,2.411814458207627,0.0241181445820762,0.0,0.0,1.0,1.0,10.557326455945669,15.852676593691063,prospective
calendar_attribution_shock,20202,calendar_attribution_shock-20202,high,high-w05,7,42,100,daily_to_365_response30_settlement30,250,bayesian_hierarchical,finite-grid-gamma-poisson/1.0.0,posterior_predictive,90,50.40531591741953,0.5303506931518526,35.97663569384487,39.76164367271732,44.76576399250752,49.99024713341576,55.85003023361621,61.1520557936062,67.81169149002697,1.0,1.0,0.996,0.0,0.0,29.922946440411195,14.0,False,20.482369477008334,0.2048236947700833,15.778370463777826,0.1577837046377782,0.0,0.0,0.0,0.0,21.39041212088888,31.835055796182104,prospective
calendar_attribution_shock,20202,calendar_attribution_shock-20202,high,high-w05,7,42,100,daily_to_365_response30_settlement30,250,bayesian_hierarchical,finite-grid-gamma-poisson/1.0.0,posterior_predictive,180,62.18467167854562,0.6475192831755502,43.58960406939581,49.23101815301048,55.28982787407569,61.82190633333404,68.34461627841854,75.27915159218446,84.57428765865633,1.0,1.0,0.996,0.0,0.0,50.08942100975415,14.0,False,12.095250668791472,0.1209525066879147,7.309337417025932,0.0730933741702593,0.0,0.0,1.0,1.0,26.048133439173988,40.98468358926053,prospective
calendar_attribution_shock,20202,calendar_attribution_shock-20202,high,high-w05,7,42,100,daily_to_365_response30_settlement30,250,bayesian_hierarchical,finite-grid-gamma-poisson/1.0.0,posterior_predictive,425,62.05053785627055,0.6829470502480954,43.526378849835325,48.21888998500649,54.291004504272,61.8897689434917,68.1772136923247,76.55176715393061,85.14179707098528,1.0,1.0,0.996,0.0,0.0,52.41195459963197,14.0,False,9.638583256638576,0.0963858325663857,5.466442923339407,0.054664429233394,0.0,0.0,1.0,1.0,28.33287716892412,41.61541822114995,prospective
calendar_attribution_shock,20202,calendar_attribution_shock-20202,low,low-w05,14,49,100,daily_to_365_response30_settlement30,250,bayesian_hierarchical,finite-grid-gamma-poisson/1.0.0,posterior_predictive,30,-16.49201409345943,0.0391791040547176,-17.613277913381772,-17.28425362957129,-16.975999048858945,-16.504806046340125,-16.080800465397463,-15.695589753857128,-15.19595342185338,0.0,0.0,0.0,1.0,0.0,-16.670810998210932,,True,0.1787969047515005,0.001787969047515,0.1640834799086308,0.0016408347990863,0.0,0.0,1.0,1.0,1.5886638757141611,2.417324491528392,prospective
calendar_attribution_shock,20202,calendar_attribution_shock-20202,low,low-w05,14,49,100,daily_to_365_response30_settlement30,250,bayesian_hierarchical,finite-grid-gamma-poisson/1.0.0,posterior_predictive,90,-15.6559313037043,0.0916692636259856,-18.284224519241853,-17.62629948518528,-16.593306535597517,-15.67904764683482,-14.715319594761732,-13.88113288683226,-12.655307312151097,0.0,0.0,0.0,1.0,0.0,-16.58338168335994,,True,0.9274503796556388,0.0092745037965563,0.5616010425454169,0.0056160104254541,0.0,0.0,1.0,1.0,3.7451665983530216,5.6289172070907565,prospective
calendar_attribution_shock,20202,calendar_attribution_shock-20202,low,low-w05,14,49,100,daily_to_365_response30_settlement30,250,bayesian_hierarchical,finite-grid-gamma-poisson/1.0.0,posterior_predictive,180,-16.61822151239802,0.1168310562760756,-20.13609487491671,-19.337014834161792,-17.704078984968163,-16.585266678369386,-15.487788785832766,-14.366675909735722,-12.639718523536994,0.0,0.0,0.0,1.0,0.0,-16.185789703809622,,True,0.4324318085883973,0.0043243180858839,0.4343997146567833,0.0043439971465678,0.0,0.0,1.0,1.0,4.97033892442607,7.496376351379718,prospective
calendar_attribution_shock,20202,calendar_attribution_shock-20202,low,low-w05,14,49,100,daily_to_365_response30_settlement30,250,bayesian_hierarchical,finite-grid-gamma-poisson/1.0.0,posterior_predictive,425,-19.421345621379427,0.1238708948853701,-23.166596357230528,-22.29537907603174,-20.527893975464792,-19.42744948183951,-18.263196893474277,-16.864643497262804,-15.573147051493216,0.0,0.0,0.0,1.0,0.0,-18.50777234713398,,True,0.9135732742454472,0.0091357327424544,0.5939832837530712,0.0059398328375307,0.0,0.0,1.0,1.0,5.430735578768935,7.593449305737311,prospective
calendar_attribution_shock,20202,calendar_attribution_shock-20202,middle,middle-w05,14,49,100,daily_to_365_response30_settlement30,250,bayesian_hierarchical,finite-grid-gamma-poisson/1.0.0,posterior_predictive,30,-15.348552501225674,0.0539924685699558,-16.79156237399245,-16.387546262699516,-15.97558319038876,-15.368426951360307,-14.956581357268467,-14.209520427116349,-13.46066894268234,0.0,0.0,0.0,1.0,0.0,-15.364553728444784,,True,0.0160012272191085,0.000160012272191,0.1757731644346124,0.0017577316443461,0.0,0.0,1.0,1.0,2.1780258355831688,3.3308934313101077,prospective
calendar_attribution_shock,20202,calendar_attribution_shock-20202,middle,middle-w05,14,49,100,daily_to_365_response30_settlement30,250,bayesian_hierarchical,finite-grid-gamma-poisson/1.0.0,posterior_predictive,90,-11.93276738338746,0.1190585199192872,-14.96716962638129,-14.090475662388814,-13.465443505839676,-12.055455734611536,-10.806784286449329,-9.485865928944108,-8.444030379057166,0.0,0.0,0.0,1.0,0.0,-12.044953399596888,,True,0.1121860162094279,0.0011218601620942,0.4385660317952389,0.0043856603179523,0.0,0.0,1.0,1.0,4.604609733444706,6.523139247324124,prospective
calendar_attribution_shock,20202,calendar_attribution_shock-20202,middle,middle-w05,14,49,100,daily_to_365_response30_settlement30,250,bayesian_hierarchical,finite-grid-gamma-poisson/1.0.0,posterior_predictive,180,-11.848160759868712,0.1382693214487737,-15.372398087527328,-14.534459746571873,-13.45843353891436,-12.042903677944016,-10.515318907439594,-9.366802361271752,-7.317176722729371,0.0,0.0,0.0,1.0,0.0,-6.64111834992679,,True,5.207042409941922,0.0520704240994192,4.069161104765477,0.0406916110476547,0.0,0.0,0.0,0.0,5.167657385300121,8.055221364797957,prospective
calendar_attribution_shock,20202,calendar_attribution_shock-20202,middle,middle-w05,14,49,100,daily_to_365_response30_settlement30,250,bayesian_hierarchical,finite-grid-gamma-poisson/1.0.0,posterior_predictive,425,-14.429317638245662,0.1441591027134166,-18.0356670122194,-17.181992011223947,-16.066781089302435,-14.602182278215428,-13.08951006175038,-11.729513679344372,-9.766125768454057,0.0,0.0,0.0,1.0,0.0,-7.65527851192318,,True,6.7740391263224815,0.0677403912632248,5.555227579303859,0.0555522757930385,0.0,0.0,0.0,0.0,5.452478331879576,8.269541243765348,prospective
calendar_attribution_shock,20202,calendar_attribution_shock-20202,high,high-w05,14,49,100,daily_to_365_response30_settlement30,250,bayesian_hierarchical,finite-grid-gamma-poisson/1.0.0,posterior_predictive,30,15.565526429369944,0.176582926534367,10.747733957471006,11.932307210291922,13.58839465884088,15.549079104452018,17.621589899823466,19.13790418780452,21.0944637818496,1.0,1.0,1.0,0.0,0.0,14.846180446503356,14.0,False,0.7193459828665869,0.0071934598286658,0.7562817714573347,0.0075628177145733,0.0,0.0,1.0,1.0,7.205596977512593,10.346729824378595,prospective
calendar_attribution_shock,20202,calendar_attribution_shock-20202,high,high-w05,14,49,100,daily_to_365_response30_settlement30,250,bayesian_hierarchical,finite-grid-gamma-poisson/1.0.0,posterior_predictive,90,42.67980805415502,0.3921890296019352,32.072954592239725,36.05528012748472,38.76061715394266,41.6942556446314,46.74754634948168,50.855388616894274,56.12094201160439,1.0,1.0,1.0,0.0,0.0,29.922946440411195,14.0,False,12.756861613743824,0.1275686161374382,9.339636828458024,0.0933963682845802,0.0,0.0,0.0,0.0,14.80010848940956,24.047987419364667,prospective
calendar_attribution_shock,20202,calendar_attribution_shock-20202,high,high-w05,14,49,100,daily_to_365_response30_settlement30,250,bayesian_hierarchical,finite-grid-gamma-poisson/1.0.0,posterior_predictive,180,52.710692626990216,0.4726193678001761,39.3792103784975,44.34982143546462,47.355484752735,51.43155338031539,57.42356063885845,63.288655188890495,67.55690410987253,1.0,1.0,1.0,0.0,0.0,50.08942100975415,14.0,False,2.6212716172360686,0.0262127161723606,1.820015236259548,0.0182001523625954,0.0,0.0,1.0,1.0,18.938833753425875,28.17769373137504,prospective
calendar_attribution_shock,20202,calendar_attribution_shock-20202,high,high-w05,14,49,100,daily_to_365_response30_settlement30,250,bayesian_hierarchical,finite-grid-gamma-poisson/1.0.0,posterior_predictive,425,52.31251873871241,0.4836657064648523,38.53026984693504,43.74292894055882,47.197879292593534,50.6016700043695,57.03297792168827,63.31110524025175,67.53046679751849,1.0,1.0,1.0,0.0,0.0,52.41195459963197,14.0,False,0.0994358609195558,0.0009943586091955,1.8518876925101295,0.0185188769251012,0.0,0.0,1.0,1.0,19.56817629969293,29.000196950583444,prospective
calendar_attribution_shock,20202,calendar_attribution_shock-20202,low,low-w05,30,65,100,daily_to_365_response30_settlement30,250,bayesian_hierarchical,finite-grid-gamma-poisson/1.0.0,posterior_predictive,90,-15.498597058870486,0.0426416704059257,-16.570661294532226,-16.317218445624608,-15.915694287246213,-15.559102630474364,-15.125180046201452,-14.614406525785434,-13.965965573684231,0.0,0.0,0.0,1.0,0.0,-16.58338168335994,,True,1.084784624489453,0.0108478462448945,0.7246487426634256,0.0072464874266342,0.0,0.0,0.0,0.0,1.7028119198391742,2.604695720847994,prospective
calendar_attribution_shock,20202,calendar_attribution_shock-20202,low,low-w05,30,65,100,daily_to_365_response30_settlement30,250,bayesian_hierarchical,finite-grid-gamma-poisson/1.0.0,posterior_predictive,180,-16.32736459424239,0.0592861660141204,-17.904289381034403,-17.46668281180343,-16.968681851344748,-16.428226174357796,-15.783507077586924,-15.073329247562858,-14.42351091494352,0.0,0.0,0.0,1.0,0.0,-16.185789703809622,,True,0.1415748904327678,0.0014157489043276,0.2364174161817308,0.0023641741618173,0.0,0.0,1.0,1.0,2.393353564240572,3.480778466090884,prospective
calendar_attribution_shock,20202,calendar_attribution_shock-20202,low,low-w05,30,65,100,daily_to_365_response30_settlement30,250,bayesian_hierarchical,finite-grid-gamma-poisson/1.0.0,posterior_predictive,425,-19.034943317014665,0.0715891869153437,-20.79175080456559,-20.23436141706525,-19.769977589620144,-19.122557762679246,-18.438382920339908,-17.699219428730895,-16.753717612854036,0.0,0.0,0.0,1.0,0.0,-18.50777234713398,,True,0.5271709698806823,0.0052717096988068,0.3833800257338086,0.003833800257338,0.0,0.0,1.0,1.0,2.535141988334356,4.038033191711556,prospective
calendar_attribution_shock,20202,calendar_attribution_shock-20202,middle,middle-w05,30,65,100,daily_to_365_response30_settlement30,250,bayesian_hierarchical,finite-grid-gamma-poisson/1.0.0,posterior_predictive,90,-11.670766381510772,0.0774477756862348,-13.817139821204943,-13.03879361218148,-12.483036974509574,-11.762860380633228,-11.065654270350286,-10.059030332965897,-8.783472684745433,0.0,0.0,0.0,1.0,0.0,-12.044953399596888,,True,0.3741870180861149,0.0037418701808611,0.2914629367281682,0.0029146293672816,0.0,0.0,1.0,1.0,2.979763279215586,5.033667136459512,prospective
calendar_attribution_shock,20202,calendar_attribution_shock-20202,middle,middle-w05,30,65,100,daily_to_365_response30_settlement30,250,bayesian_hierarchical,finite-grid-gamma-poisson/1.0.0,posterior_predictive,180,-11.54255029403502,0.0976464160719687,-14.243542618236146,-13.435793642114422,-12.596882302579647,-11.595819424236923,-10.620514610062326,-9.6148555556007,-8.13910448139384,0.0,0.0,0.0,1.0,0.0,-6.64111834992679,,True,4.90143194410823,0.0490143194410823,4.04825172170525,0.0404825172170525,0.0,0.0,0.0,0.0,3.8209380865137215,6.104438136842306,prospective
calendar_attribution_shock,20202,calendar_attribution_shock-20202,middle,middle-w05,30,65,100,daily_to_365_response30_settlement30,250,bayesian_hierarchical,finite-grid-gamma-poisson/1.0.0,posterior_predictive,425,-14.01686707567879,0.1035929553578694,-16.956187260574595,-16.11117109021577,-15.183269453259292,-14.05671621840499,-12.989950952450396,-11.95154466383473,-10.475532423271371,0.0,0.0,0.0,1.0,0.0,-7.65527851192318,,True,6.36158856375561,0.0636158856375561,5.448905753183419,0.0544890575318341,0.0,0.0,0.0,0.0,4.15962642638104,6.480654837303222,prospective
calendar_attribution_shock,20202,calendar_attribution_shock-20202,high,high-w05,30,65,100,daily_to_365_response30_settlement30,250,bayesian_hierarchical,finite-grid-gamma-poisson/1.0.0,posterior_predictive,90,44.435447164852505,0.2558292200374061,36.661811231939545,39.24913931004557,41.69062170444806,44.40368231229184,47.11476909979716,49.28560756031795,52.90681668165764,1.0,1.0,1.0,0.0,0.0,29.922946440411195,14.0,False,14.51250072444131,0.1451250072444131,12.240642312940412,0.1224064231294041,0.0,0.0,0.0,0.0,10.036468250272378,16.245005449718093,prospective
calendar_attribution_shock,20202,calendar_attribution_shock-20202,high,high-w05,30,65,100,daily_to_365_response30_settlement30,250,bayesian_hierarchical,finite-grid-gamma-poisson/1.0.0,posterior_predictive,180,55.09013611428287,0.3349752027408761,45.199235416211,48.34007133843916,51.62207783108227,55.30214002212003,58.38288072265244,61.79495292026059,65.95704457784682,1.0,1.0,1.0,0.0,0.0,50.08942100975415,14.0,False,5.000715104528723,0.0500071510452872,2.9840008498921056,0.029840008498921,0.0,0.0,1.0,1.0,13.454881581821432,20.75780916163581,prospective
calendar_attribution_shock,20202,calendar_attribution_shock-20202,high,high-w05,30,65,100,daily_to_365_response30_settlement30,250,bayesian_hierarchical,finite-grid-gamma-poisson/1.0.0,posterior_predictive,425,54.98239965242688,0.3451593961465829,44.40373334722042,48.05569010039277,51.42003730131897,55.38511441099052,58.27732339943068,61.71608214522774,66.03675192835216,1.0,1.0,1.0,0.0,0.0,52.41195459963197,14.0,False,2.570445052794909,0.025704450527949,1.788322557240424,0.0178832255724042,0.0,0.0,1.0,1.0,13.660392044834964,21.633018581131736,prospective
calendar_attribution_shock,20202,calendar_attribution_shock-20202,low,low-w05,60,95,100,daily_to_365_response30_settlement30,250,bayesian_hierarchical,finite-grid-gamma-poisson/1.0.0,posterior_predictive,90,-15.971072868724324,0.0206731022548963,-16.4631429231802,-16.37168864303066,-16.227714277629467,-15.987171939400657,-15.781389646078226,-15.576432994793546,-15.162316217475697,0.0,0.0,0.0,1.0,0.0,-16.58338168335994,,True,0.6123088146356146,0.0061230881463561,0.4318472186297249,0.0043184721862972,0.0,0.0,0.0,0.0,0.7952556482371129,1.3008267057045035,prospective
calendar_attribution_shock,20202,calendar_attribution_shock-20202,low,low-w05,60,95,100,daily_to_365_response30_settlement30,250,bayesian_hierarchical,finite-grid-gamma-poisson/1.0.0,posterior_predictive,180,-16.995380659505894,0.0291817238754318,-17.838296236355234,-17.497792487166734,-17.343095272801413,-17.04752793034079,-16.674053250780133,-16.41657242949996,-16.050868817125206,0.0,0.0,0.0,1.0,0.0,-16.185789703809622,,True,0.8095909556962724,0.0080959095569627,0.5713240820271703,0.0057132408202717,0.0,0.0,0.0,1.0,1.0812200576667728,1.7874274192300277,prospective
calendar_attribution_shock,20202,calendar_attribution_shock-20202,low,low-w05,60,95,100,daily_to_365_response30_settlement30,250,bayesian_hierarchical,finite-grid-gamma-poisson/1.0.0,posterior_predictive,425,-19.791724045545717,0.035431219583352,-20.819229353050464,-20.452627747067,-20.198360968559975,-19.80152844704141,-19.43892194899198,-19.047601944119812,-18.658888991742668,0.0,0.0,0.0,1.0,0.0,-18.50777234713398,,True,1.2839516984117338,0.0128395169841173,0.9811569900173917,0.0098115699001739,0.0,0.0,0.0,0.0,1.4050258029471865,2.160340361307796,prospective
calendar_attribution_shock,20202,calendar_attribution_shock-20202,middle,middle-w05,60,95,100,daily_to_365_response30_settlement30,250,bayesian_hierarchical,finite-grid-gamma-poisson/1.0.0,posterior_predictive,90,-10.619772862620655,0.0457902544561772,-11.813111290786429,-11.492236440561436,-11.10011487678434,-10.709845714266274,-10.19508043772463,-9.635277790593248,-8.948518024581823,0.0,0.0,0.0,1.0,0.0,-12.044953399596888,,True,1.4251805369762298,0.0142518053697622,1.0258926129628765,0.0102589261296287,0.0,0.0,0.0,0.0,1.8569586499681865,2.8645932662046043,prospective
calendar_attribution_shock,20202,calendar_attribution_shock-20202,middle,middle-w05,60,95,100,daily_to_365_response30_settlement30,250,bayesian_hierarchical,finite-grid-gamma-poisson/1.0.0,posterior_predictive,180,-10.23362587502889,0.069339805839338,-12.154237806596198,-11.587493000230412,-10.993122599052834,-10.329197255116645,-9.55815690581712,-8.709797364238028,-7.903762381741745,0.0,0.0,0.0,1.0,0.0,-6.64111834992679,,True,3.5925075251021,0.0359250752510209,2.979357486360644,0.0297935748636064,0.0,0.0,0.0,0.0,2.8776956359923838,4.250475424854453,prospective
calendar_attribution_shock,20202,calendar_attribution_shock-20202,middle,middle-w05,60,95,100,daily_to_365_response30_settlement30,250,bayesian_hierarchical,finite-grid-gamma-poisson/1.0.0,posterior_predictive,425,-12.746287028337411,0.0746151379038171,-14.823825643955487,-14.23798639749854,-13.488400964653998,-12.85584568825422,-12.03598836793773,-11.116291679924204,-10.339887346778262,0.0,0.0,0.0,1.0,0.0,-7.65527851192318,,True,5.091008516414231,0.0509100851641423,4.430942008366078,0.0443094200836607,0.0,0.0,0.0,0.0,3.121694717574336,4.483938297177225,prospective
calendar_attribution_shock,20202,calendar_attribution_shock-20202,high,high-w05,60,95,100,daily_to_365_response30_settlement30,250,bayesian_hierarchical,finite-grid-gamma-poisson/1.0.0,posterior_predictive,90,39.15658414814549,0.1497133384718305,35.35685987666487,36.34615381579635,37.420582866149154,38.85822483191062,40.63531070641135,42.42683118733024,44.32001144287632,1.0,1.0,1.0,0.0,0.0,29.922946440411195,14.0,False,9.233637707734289,0.0923363770773429,7.904323698495655,0.0790432369849565,0.0,0.0,0.0,0.0,6.080677371533888,8.963151566211444,prospective
calendar_attribution_shock,20202,calendar_attribution_shock-20202,high,high-w05,60,95,100,daily_to_365_response30_settlement30,250,bayesian_hierarchical,finite-grid-gamma-poisson/1.0.0,posterior_predictive,180,50.20152726892366,0.2234989348440194,43.385303624062935,45.7322241029278,48.0461080979288,50.15540271780655,52.48884353386301,54.64422180114457,56.79082762217296,1.0,1.0,1.0,0.0,0.0,50.08942100975415,14.0,False,0.112106259169515,0.0011210625916951,0.7902894192461678,0.0079028941924616,0.0,0.0,1.0,1.0,8.911997698216773,13.40552399811002,prospective
calendar_attribution_shock,20202,calendar_attribution_shock-20202,high,high-w05,60,95,100,daily_to_365_response30_settlement30,250,bayesian_hierarchical,finite-grid-gamma-poisson/1.0.0,posterior_predictive,425,50.08826691753137,0.2375662241150606,42.83375001372655,45.24881105843102,47.43524522345654,50.16969567134302,52.50684921951408,54.97850253076096,57.15879576614677,1.0,1.0,1.0,0.0,0.0,52.41195459963197,14.0,False,2.323687682100598,0.0232368768210059,1.430480260635158,0.0143048026063515,0.0,0.0,1.0,1.0,9.72969147232994,14.325045752420216,prospective
calendar_attribution_shock,20303,calendar_attribution_shock-20303,low,low-w05,3,38,100,daily_to_365_response30_settlement30,250,bayesian_hierarchical,finite-grid-gamma-poisson/1.0.0,posterior_predictive,30,-15.847841543125314,0.0609130939045144,-17.55196256350641,-16.984283944851036,-16.546229258209905,-15.938802843017946,-15.307322997682787,-14.58203933743198,-13.694807781275529,0.0,0.0,0.0,0.984,0.008,-17.416380708835778,,True,1.5685391657104637,0.0156853916571046,1.0543908016487875,0.0105439080164878,0.0,0.0,0.0,1.0,2.402244607419055,3.857154782230882,prospective
calendar_attribution_shock,20303,calendar_attribution_shock-20303,low,low-w05,3,38,100,daily_to_365_response30_settlement30,250,bayesian_hierarchical,finite-grid-gamma-poisson/1.0.0,posterior_predictive,90,-13.872991550383066,0.1290014022356106,-16.814331723574625,-16.097825541458516,-15.209069012539569,-14.07669871589552,-12.987714003542106,-11.708332601059858,-8.934929158504545,0.0,0.0,0.0,0.984,0.008,-17.029160641706444,,True,3.156169091323377,0.0315616909132337,2.113230224826127,0.0211323022482612,0.0,0.0,0.0,0.0,4.389492940398657,7.87940256507008,prospective
calendar_attribution_shock,20303,calendar_attribution_shock-20303,low,low-w05,3,38,100,daily_to_365_response30_settlement30,250,bayesian_hierarchical,finite-grid-gamma-poisson/1.0.0,posterior_predictive,180,-14.19723819784306,0.1948796118420564,-17.876281385982075,-16.850237295268816,-16.047416179479125,-14.654500533896435,-13.20739901911634,-11.635033454353255,-7.199593438284735,0.008,0.008,0.008,0.984,0.008,-17.892347710544186,,True,3.6951095127011264,0.0369510951270112,2.28586821055524,0.0228586821055524,6.4e-05,6.4e-05,0.0,0.0,5.215203840915558,10.67668794769734,prospective
calendar_attribution_shock,20303,calendar_attribution_shock-20303,low,low-w05,3,38,100,daily_to_365_response30_settlement30,250,bayesian_hierarchical,finite-grid-gamma-poisson/1.0.0,posterior_predictive,425,-16.813682085674305,0.2740631747604722,-21.06658275608176,-19.958137243831302,-19.01839180737629,-17.49162780736124,-16.00558511403163,-14.359882282716054,-5.535744946539726,0.016,0.016,0.016,0.984,0.008,-19.197478306593773,,True,2.383796220919468,0.0238379622091946,1.0031510151517389,0.0100315101515173,0.000256,0.000256,1.0,1.0,5.598254961115249,15.530837809542035,prospective
calendar_attribution_shock,20303,calendar_attribution_shock-20303,middle,middle-w05,3,38,100,daily_to_365_response30_settlement30,250,bayesian_hierarchical,finite-grid-gamma-poisson/1.0.0,posterior_predictive,30,-7.578014934426834,0.1325908596397377,-11.010325835152583,-10.137385069011204,-8.931130169952404,-7.7670070816967,-6.410015675989591,-4.59417225289618,-2.768271386579133,0.0,0.0,0.0,0.192,0.008,-7.756395026828757,130.0,False,0.1783800924019232,0.0017838009240192,0.4565401525758943,0.0045654015257589,0.0,0.0,1.0,1.0,5.543212816115024,8.242054448573452,prospective
calendar_attribution_shock,20303,calendar_attribution_shock-20303,middle,middle-w05,3,38,100,daily_to_365_response30_settlement30,250,bayesian_hierarchical,finite-grid-gamma-poisson/1.0.0,posterior_predictive,90,1.02135594408198,0.2571738494545637,-6.122048041610129,-3.699165683323739,-1.7399898885328176,0.5955570415512556,3.386918415285723,6.707504979710292,9.23072191735009,0.54,0.544,0.508,0.192,0.008,-1.3498546623450371,130.0,False,2.371210606427017,0.0237121060642701,1.3223237179877247,0.0132232371798772,0.2916,0.295936,1.0,1.0,10.406670663034031,15.35276995896022,prospective
calendar_attribution_shock,20303,calendar_attribution_shock-20303,middle,middle-w05,3,38,100,daily_to_365_response30_settlement30,250,bayesian_hierarchical,finite-grid-gamma-poisson/1.0.0,posterior_predictive,180,3.1722953028318943,0.3038990197433781,-5.9220609204556345,-2.092279052245067,0.2029697964621917,2.5107463455352583,6.161757235396816,9.634594360477688,12.928124228098726,0.776,0.8,0.656,0.192,0.008,6.561267709861094,130.0,False,3.3889724070292,0.033889724070292,2.2099886438437544,0.0220998864384375,0.0501759999999999,0.0399999999999999,1.0,1.0,11.726873412722751,18.85018514855436,prospective
calendar_attribution_shock,20303,calendar_attribution_shock-20303,middle,middle-w05,3,38,100,daily_to_365_response30_settlement30,250,bayesian_hierarchical,finite-grid-gamma-poisson/1.0.0,posterior_predictive,425,0.8111227025095794,0.321247854289023,-8.583695808159577,-4.727243277464686,-2.260107777877198,-0.0029341308415345,4.105069708886297,7.725887711548478,10.930942611990933,0.5,0.808,0.464,0.192,0.008,6.32617110742618,130.0,False,5.515048404916601,0.055150484049166,3.54155137883256,0.0354155137883255,0.25,0.0368639999999999,1.0,1.0,12.453130989013165,19.51463842015051,prospective
calendar_attribution_shock,20303,calendar_attribution_shock-20303,high,high-w05,3,38,100,daily_to_365_response30_settlement30,250,bayesian_hierarchical,finite-grid-gamma-poisson/1.0.0,posterior_predictive,30,21.26997956744225,0.4548836890686878,8.293693698593279,12.524462532183918,16.53532624451865,21.03174009481233,25.657406971426163,30.676319732387164,33.85293084940929,1.0,1.0,1.0,0.0,0.0,25.012546835444795,11.0,False,3.7425672680025457,0.0374256726800254,2.580769269783642,0.0258076926978364,0.0,0.0,1.0,1.0,18.15185720020325,25.55923715081601,prospective
calendar_attribution_shock,20303,calendar_attribution_shock-20303,high,high-w05,3,38,100,daily_to_365_response30_settlement30,250,bayesian_hierarchical,finite-grid-gamma-poisson/1.0.0,posterior_predictive,90,81.0999533072327,1.2160817238358768,47.75060676313691,58.34608429362774,68.01702522945511,79.6895492079193,91.85267621634772,107.22571094431947,122.6557902206881,1.0,1.0,1.0,0.0,0.0,43.14393546054488,11.0,False,37.95601784668781,0.3795601784668781,27.358390517443567,0.2735839051744356,0.0,0.0,0.0,0.0,48.87962665069173,74.9051834575512,prospective
calendar_attribution_shock,20303,calendar_attribution_shock-20303,high,high-w05,3,38,100,daily_to_365_response30_settlement30,250,bayesian_hierarchical,finite-grid-gamma-poisson/1.0.0,posterior_predictive,180,141.78352875293817,2.281908908318059,73.58680565155689,99.58427449878836,118.32335050296234,138.3998936111174,161.7773216240378,190.8845987946396,221.4929634193401,1.0,1.0,1.0,0.0,0.0,64.90540648264583,11.0,False,76.87812227029234,0.7687812227029234,56.97196228994153,0.5697196228994152,0.0,0.0,0.0,0.0,91.3003242958512,147.9061577677832,prospective
calendar_attribution_shock,20303,calendar_attribution_shock-20303,high,high-w05,3,38,100,daily_to_365_response30_settlement30,250,bayesian_hierarchical,finite-grid-gamma-poisson/1.0.0,posterior_predictive,425,208.4315749743894,4.104353054309773,102.70122587484587,135.77427254986856,166.54154264092435,203.50317456171237,244.7953434841868,299.23003780426893,344.1750143478803,1.0,1.0,1.0,0.0,0.0,67.70647762615472,11.0,False,140.72509734823467,1.4072509734823466,104.75224389052802,1.0475224389052802,0.0,0.0,0.0,0.0,163.45576525440038,241.4737884730344,prospective
calendar_attribution_shock,20303,calendar_attribution_shock-20303,low,low-w05,7,42,100,daily_to_365_response30_settlement30,250,bayesian_hierarchical,finite-grid-gamma-poisson/1.0.0,posterior_predictive,30,-15.935196949785158,0.0460738172084863,-17.31797463513467,-16.814390293229298,-16.39844302263543,-15.951554828583632,-15.474608787299664,-15.083714337471136,-14.345323542669975,0.0,0.0,0.0,1.0,0.0,-17.416380708835778,,True,1.4811837590506194,0.0148118375905061,1.0886042480027711,0.0108860424800277,0.0,0.0,0.0,0.0,1.730675955758162,2.9726510924646963,prospective
calendar_attribution_shock,20303,calendar_attribution_shock-20303,low,low-w05,7,42,100,daily_to_365_response30_settlement30,250,bayesian_hierarchical,finite-grid-gamma-poisson/1.0.0,posterior_predictive,90,-14.418657120290648,0.0799119900175385,-16.746026857670298,-15.987307521760904,-15.26113712104847,-14.418908510917872,-13.72114125991626,-12.896782993372511,-11.644088408901515,0.0,0.0,0.0,1.0,0.0,-17.029160641706444,,True,2.6105035214157954,0.0261050352141579,1.9201695227322748,0.0192016952273227,0.0,0.0,0.0,0.0,3.090524528388391,5.101938448768781,prospective
calendar_attribution_shock,20303,calendar_attribution_shock-20303,low,low-w05,7,42,100,daily_to_365_response30_settlement30,250,bayesian_hierarchical,finite-grid-gamma-poisson/1.0.0,posterior_predictive,180,-15.115688740423826,0.0968426105816919,-17.846884732783547,-17.012380632493365,-16.173811383128943,-15.193604900014924,-14.310186809143328,-13.152020654395557,-11.685231163814056,0.0,0.0,0.0,1.0,0.0,-17.892347710544186,,True,2.7766589701203603,0.0277665897012036,1.9574953439042015,0.019574953439042,0.0,0.0,0.0,0.0,3.860359978097808,6.161653568969491,prospective
calendar_attribution_shock,20303,calendar_attribution_shock-20303,low,low-w05,7,42,100,daily_to_365_response30_settlement30,250,bayesian_hierarchical,finite-grid-gamma-poisson/1.0.0,posterior_predictive,425,-17.993249161545116,0.1085847541103261,-20.8962553739292,-20.004280286537178,-19.029478949523742,-18.056721352723727,-17.09414059132351,-16.022830179278223,-14.18798151375479,0.0,0.0,0.0,1.0,0.0,-19.197478306593773,,True,1.2042291450486573,0.0120422914504865,0.6823743549344803,0.0068237435493448,0.0,0.0,1.0,1.0,3.9814501072589534,6.70827386017441,prospective
calendar_attribution_shock,20303,calendar_attribution_shock-20303,middle,middle-w05,7,42,100,daily_to_365_response30_settlement30,250,bayesian_hierarchical,finite-grid-gamma-poisson/1.0.0,posterior_predictive,30,-7.675823681947272,0.1050444037641331,-10.674883276191371,-9.73216848141026,-8.811293461459062,-7.780679356024175,-6.681484984905722,-5.36890746440804,-4.225760116502391,0.0,0.0,0.0,0.236,0.0,-7.756395026828757,130.0,False,0.0805713448814851,0.0008057134488148,0.3732093585582792,0.0037320935855827,0.0,0.0,1.0,1.0,4.363261017002221,6.449123159688982,prospective
calendar_attribution_shock,20303,calendar_attribution_shock-20303,middle,middle-w05,7,42,100,daily_to_365_response30_settlement30,250,bayesian_hierarchical,finite-grid-gamma-poisson/1.0.0,posterior_predictive,90,0.4051813607054463,0.1984311183270948,-5.495132043817146,-3.402242990083619,-1.7286029273204309,0.2317560463935445,2.3768065064798867,4.572903789550225,6.484850183682912,0.528,0.536,0.48,0.236,0.0,-1.3498546623450371,130.0,False,1.7550360230504836,0.0175503602305048,1.062632481043554,0.0106263248104355,0.278784,0.287296,1.0,1.0,7.975146779633844,11.97998222750006,prospective
calendar_attribution_shock,20303,calendar_attribution_shock-20303,middle,middle-w05,7,42,100,daily_to_365_response30_settlement30,250,bayesian_hierarchical,finite-grid-gamma-poisson/1.0.0,posterior_predictive,180,2.4553355396186736,0.238602257293545,-4.285801331485488,-2.070901282513418,-0.11296884236288,2.0237141799958147,5.09695046746295,7.183049530460244,10.40916049893346,0.736,0.764,0.608,0.236,0.0,6.561267709861094,130.0,False,4.10593217024242,0.0410593217024242,2.6048730837143066,0.026048730837143,0.069696,0.0556959999999999,1.0,1.0,9.253950812973663,14.694961830418949,prospective
calendar_attribution_shock,20303,calendar_attribution_shock-20303,middle,middle-w05,7,42,100,daily_to_365_response30_settlement30,250,bayesian_hierarchical,finite-grid-gamma-poisson/1.0.0,posterior_predictive,425,0.1704115106977194,0.2485025566182526,-6.64939335970998,-4.682931089360389,-2.607673375162798,-0.1915213345459583,2.9196826577571517,5.314250155851881,8.509351173126944,0.484,0.764,0.44,0.236,0.0,6.32617110742618,130.0,False,6.155759596728461,0.0615575959672846,4.176069220266546,0.0417606922026654,0.266256,0.0556959999999999,0.0,1.0,9.997181245212271,15.158744532836923,prospective
calendar_attribution_shock,20303,calendar_attribution_shock-20303,high,high-w05,7,42,100,daily_to_365_response30_settlement30,250,bayesian_hierarchical,finite-grid-gamma-poisson/1.0.0,posterior_predictive,30,21.827735832955952,0.3207396040123255,13.182200000928413,15.401421764589884,18.10990027072842,21.49093457150544,24.892309957120823,28.706493449244217,31.621408076452315,1.0,1.0,1.0,0.0,0.0,25.012546835444795,11.0,False,3.1848110024888427,0.0318481100248884,2.0441133931276307,0.0204411339312763,0.0,0.0,1.0,1.0,13.305071684654331,18.4392080755239,prospective
calendar_attribution_shock,20303,calendar_attribution_shock-20303,high,high-w05,7,42,100,daily_to_365_response30_settlement30,250,bayesian_hierarchical,finite-grid-gamma-poisson/1.0.0,posterior_predictive,90,84.31284372729226,0.8826799305444936,59.06857728612974,68.13651489881767,74.54299923968769,83.0519324964045,93.04026278133254,102.62381512827088,114.602652191638,1.0,1.0,1.0,0.0,0.0,43.14393546054488,11.0,False,41.16890826674738,0.4116890826674738,33.37105158893394,0.3337105158893393,0.0,0.0,0.0,0.0,34.487300229453226,55.53407490550828,prospective
calendar_attribution_shock,20303,calendar_attribution_shock-20303,high,high-w05,7,42,100,daily_to_365_response30_settlement30,250,bayesian_hierarchical,finite-grid-gamma-poisson/1.0.0,posterior_predictive,180,148.7349710344145,1.709680989355414,99.01138267158832,118.38946684415914,131.12093228293404,148.04857321956365,163.79590574541422,184.97339321141007,203.7715158893601,1.0,1.0,1.0,0.0,0.0,64.90540648264583,11.0,False,83.82956455176868,0.8382956455176869,68.82403636816665,0.6882403636816664,0.0,0.0,0.0,0.0,66.58392636725092,104.7601332177718,prospective
calendar_attribution_shock,20303,calendar_attribution_shock-20303,high,high-w05,7,42,100,daily_to_365_response30_settlement30,250,bayesian_hierarchical,finite-grid-gamma-poisson/1.0.0,posterior_predictive,425,220.46246714615827,3.3415256450159645,132.30256898326755,158.2366868589234,181.7223088774901,218.24837321918196,257.31081240196056,291.9015451963809,319.1733395265072,1.0,1.0,1.0,0.0,0.0,67.70647762615472,11.0,False,152.75598952000354,1.527559895200035,123.12851945141564,1.2312851945141563,0.0,0.0,0.0,0.0,133.66485833745747,186.87077054323967,prospective
calendar_attribution_shock,20303,calendar_attribution_shock-20303,low,low-w05,14,49,100,daily_to_365_response30_settlement30,250,bayesian_hierarchical,finite-grid-gamma-poisson/1.0.0,posterior_predictive,30,-16.819453668582902,0.0332570308724177,-17.847026226677134,-17.436285951095126,-17.207512945296312,-16.807622418484918,-16.468437191911768,-16.124022537833834,-15.784521623646745,0.0,0.0,0.0,1.0,0.0,-17.416380708835778,,True,0.5969270402528757,0.0059692704025287,0.3619085607008804,0.0036190856070088,0.0,0.0,1.0,1.0,1.3122634132612916,2.06250460303039,prospective
calendar_attribution_shock,20303,calendar_attribution_shock-20303,low,low-w05,14,49,100,daily_to_365_response30_settlement30,250,bayesian_hierarchical,finite-grid-gamma-poisson/1.0.0,posterior_predictive,90,-15.898897742849394,0.0601764364195748,-17.53282903041865,-17.027815555534566,-16.611069029044796,-15.954319040871422,-15.321476608873212,-14.570514980017188,-13.891300276681086,0.0,0.0,0.0,1.0,0.0,-17.029160641706444,,True,1.1302628988570491,0.0113026289885704,0.6716145288797797,0.0067161452887977,0.0,0.0,0.0,1.0,2.457300575517378,3.641528753737564,prospective
calendar_attribution_shock,20303,calendar_attribution_shock-20303,low,low-w05,14,49,100,daily_to_365_response30_settlement30,250,bayesian_hierarchical,finite-grid-gamma-poisson/1.0.0,posterior_predictive,180,-16.833946462616463,0.0695204262768621,-18.82290015788552,-18.172413706390657,-17.56695321409806,-16.87714783552279,-16.12010211418353,-15.337069513448888,-14.372562887981362,0.0,0.0,0.0,1.0,0.0,-17.892347710544186,,True,1.0584012479277227,0.0105840124792772,0.5936605791821647,0.0059366057918216,0.0,0.0,1.0,1.0,2.83534419294177,4.450337269904155,prospective
calendar_attribution_shock,20303,calendar_attribution_shock-20303,low,low-w05,14,49,100,daily_to_365_response30_settlement30,250,bayesian_hierarchical,finite-grid-gamma-poisson/1.0.0,posterior_predictive,425,-19.792203519083863,0.0757056597354636,-21.78428209421023,-21.22348367244728,-20.711055512417595,-19.824528821652294,-19.112095999185325,-18.22271034077623,-17.263399284575794,0.0,0.0,0.0,1.0,0.0,-19.197478306593773,,True,0.5947252124900935,0.0059472521249009,0.4209523196662788,0.0042095231966627,0.0,0.0,1.0,1.0,3.0007733316710485,4.520882809634436,prospective
calendar_attribution_shock,20303,calendar_attribution_shock-20303,middle,middle-w05,14,49,100,daily_to_365_response30_settlement30,250,bayesian_hierarchical,finite-grid-gamma-poisson/1.0.0,posterior_predictive,30,-7.610710253326816,0.077423887015045,-9.766285851175043,-9.108973771032298,-8.335420480757973,-7.647772112511518,-6.960178363605406,-6.072716954894795,-4.734701849357882,0.0,0.0,0.0,0.248,0.016,-7.756395026828757,130.0,False,0.1456847735019417,0.0014568477350194,0.2508632447071059,0.002508632447071,0.0,0.0,1.0,1.0,3.036256816137503,5.031584001817163,prospective
calendar_attribution_shock,20303,calendar_attribution_shock-20303,middle,middle-w05,14,49,100,daily_to_365_response30_settlement30,250,bayesian_hierarchical,finite-grid-gamma-poisson/1.0.0,posterior_predictive,90,-0.3186502247161223,0.1571635726474657,-4.648028234501681,-3.325639323440652,-1.9645467765040852,-0.3372893012881396,0.9978731425699208,2.754455239967122,5.348259073587058,0.412,0.416,0.36,0.248,0.016,-1.3498546623450371,130.0,False,1.031204437628915,0.0103120443762891,0.6682006696159994,0.0066820066961599,0.1697439999999999,0.173056,1.0,1.0,6.080094563407774,9.99628730808874,prospective
calendar_attribution_shock,20303,calendar_attribution_shock-20303,middle,middle-w05,14,49,100,daily_to_365_response30_settlement30,250,bayesian_hierarchical,finite-grid-gamma-poisson/1.0.0,posterior_predictive,180,1.4471086503484618,0.1902346301047459,-3.757416137794429,-2.0293131478253104,-0.3988373933655948,1.0912506045186183,3.031246071045617,5.366926488919458,7.931629616284858,0.656,0.736,0.492,0.248,0.016,6.561267709861094,130.0,False,5.114159059512632,0.0511415905951263,3.645356672460336,0.0364535667246033,0.1183359999999999,0.069696,0.0,1.0,7.396239636744768,11.689045754079288,prospective
calendar_attribution_shock,20303,calendar_attribution_shock-20303,middle,middle-w05,14,49,100,daily_to_365_response30_settlement30,250,bayesian_hierarchical,finite-grid-gamma-poisson/1.0.0,posterior_predictive,425,-0.8478047538986141,0.1946004399321077,-6.155132822237717,-4.504868575078817,-2.8077756777894702,-1.3864021230729342,0.8804923502023679,3.406569850323958,5.450553834216181,0.352,0.752,0.316,0.248,0.016,6.32617110742618,130.0,False,7.173975861324794,0.0717397586132479,5.54556033252418,0.0554556033252418,0.419904,0.0615039999999999,0.0,0.0,7.911438425402775,11.605686656453898,prospective
calendar_attribution_shock,20303,calendar_attribution_shock-20303,high,high-w05,14,49,100,daily_to_365_response30_settlement30,250,bayesian_hierarchical,finite-grid-gamma-poisson/1.0.0,posterior_predictive,30,27.73187430725235,0.2347896486069192,20.756982961074733,23.35369076034171,25.18528874722161,27.421286595062085,30.043336968250564,32.661071987552866,35.62367746771631,1.0,1.0,1.0,0.0,0.0,25.012546835444795,11.0,False,2.7193274718075564,0.0271932747180755,1.5014891421048042,0.015014891421048,0.0,0.0,1.0,1.0,9.307381227211156,14.86669450664158,prospective
calendar_attribution_shock,20303,calendar_attribution_shock-20303,high,high-w05,14,49,100,daily_to_365_response30_settlement30,250,bayesian_hierarchical,finite-grid-gamma-poisson/1.0.0,posterior_predictive,90,87.94512646023507,0.7970659748181127,54.56009512844574,73.72163809166176,81.27441086159602,88.58294290917536,96.7968622514478,102.22082282209276,108.65140119292292,1.0,1.0,1.0,0.0,0.0,43.14393546054488,11.0,False,44.80119099969019,0.4480119099969019,37.93000679248989,0.3793000679248989,0.0,0.0,0.0,0.0,28.49918473043101,54.0913060644772,prospective
calendar_attribution_shock,20303,calendar_attribution_shock-20303,high,high-w05,14,49,100,daily_to_365_response30_settlement30,250,bayesian_hierarchical,finite-grid-gamma-poisson/1.0.0,posterior_predictive,180,144.0327132727853,1.7212136821111514,68.02769265448109,117.6558142449021,132.1356228573185,147.102528375446,160.89959103183006,174.1324146270296,188.64433544732896,1.0,1.0,1.0,0.0,0.0,64.90540648264583,11.0,False,79.12730679013946,0.7912730679013946,64.76993168265652,0.6476993168265652,0.0,0.0,0.0,0.0,56.47660038212749,120.6166427928479,prospective
calendar_attribution_shock,20303,calendar_attribution_shock-20303,high,high-w05,14,49,100,daily_to_365_response30_settlement30,250,bayesian_hierarchical,finite-grid-gamma-poisson/1.0.0,posterior_predictive,425,195.88193431256292,3.2052442329489206,68.80143174107471,154.16046013159897,172.86994842751776,192.30553058847124,221.42375342295745,267.18448098698155,290.5476962735738,1.0,1.0,1.0,0.0,0.0,67.70647762615472,11.0,False,128.1754566864082,1.2817545668640822,101.23227630380389,1.0123227630380387,0.0,0.0,0.0,0.0,113.0240208553826,221.7462645324991,prospective
calendar_attribution_shock,20303,calendar_attribution_shock-20303,low,low-w05,30,65,100,daily_to_365_response30_settlement30,250,bayesian_hierarchical,finite-grid-gamma-poisson/1.0.0,posterior_predictive,90,-16.285163079064354,0.0424710070365937,-17.374439760219428,-17.08791377976453,-16.785442663318246,-16.298588510155252,-15.870293413338766,-15.41400285450658,-14.922459645213571,0.0,0.0,0.0,1.0,0.0,-17.029160641706444,,True,0.7439975626420896,0.0074399756264208,0.426951411585132,0.0042695141158513,0.0,0.0,1.0,1.0,1.6739109252579496,2.4519801150058544,prospective
calendar_attribution_shock,20303,calendar_attribution_shock-20303,low,low-w05,30,65,100,daily_to_365_response30_settlement30,250,bayesian_hierarchical,finite-grid-gamma-poisson/1.0.0,posterior_predictive,180,-17.161551744873936,0.0519203897662892,-18.639147077518317,-18.210308093203203,-17.80744907778266,-17.189687714432154,-16.57401200533134,-16.13923009577264,-15.470875898819356,0.0,0.0,0.0,1.0,0.0,-17.892347710544186,,True,0.7307959656702501,0.0073079596567025,0.4192355008696082,0.004192355008696,0.0,0.0,1.0,1.0,2.071077997430564,3.168271178698957,prospective
calendar_attribution_shock,20303,calendar_attribution_shock-20303,low,low-w05,30,65,100,daily_to_365_response30_settlement30,250,bayesian_hierarchical,finite-grid-gamma-poisson/1.0.0,posterior_predictive,425,-20.169276959718104,0.0575963905269862,-21.853601496639467,-21.218852789279214,-20.777306040642337,-20.17003868761708,-19.56687771444464,-18.979292053636552,-18.282800407141583,0.0,0.0,0.0,1.0,0.0,-19.197478306593773,,True,0.9717986531243312,0.0097179865312433,0.6037693046130991,0.0060376930461309,0.0,0.0,1.0,1.0,2.239560735642666,3.570801089497881,prospective
calendar_attribution_shock,20303,calendar_attribution_shock-20303,middle,middle-w05,30,65,100,daily_to_365_response30_settlement30,250,bayesian_hierarchical,finite-grid-gamma-poisson/1.0.0,posterior_predictive,90,-0.3680367988186352,0.1059809359251823,-3.36649400604247,-2.3930703928279504,-1.6005757204844029,-0.3837875063346719,0.672449459821751,1.878963862106284,3.080748912845252,0.424,0.432,0.388,0.208,0.0,-1.3498546623450371,130.0,False,0.981817863526402,0.009818178635264,0.59278585031718,0.0059278585031718,0.179776,0.1866239999999999,1.0,1.0,4.272034254934234,6.447242918887722,prospective
calendar_attribution_shock,20303,calendar_attribution_shock-20303,middle,middle-w05,30,65,100,daily_to_365_response30_settlement30,250,bayesian_hierarchical,finite-grid-gamma-poisson/1.0.0,posterior_predictive,180,1.3702836834099676,0.1254754135434217,-1.985151059562416,-0.9869264656468262,-0.096672642642923,1.2293031853960628,2.838872688411268,4.051901748494459,5.59910056239024,0.736,0.792,0.592,0.208,0.0,6.561267709861094,130.0,False,5.190984026451127,0.0519098402645112,4.068599870483922,0.0406859987048392,0.069696,0.0432639999999999,0.0,0.0,5.038828214141286,7.584251621952657,prospective
calendar_attribution_shock,20303,calendar_attribution_shock-20303,middle,middle-w05,30,65,100,daily_to_365_response30_settlement30,250,bayesian_hierarchical,finite-grid-gamma-poisson/1.0.0,posterior_predictive,425,-0.9345081180073572,0.132631754307789,-4.639282242811548,-3.356484590284154,-2.4688380839590125,-1.010093427482602,0.4998011559677638,1.6942081711603842,3.396054409999112,0.332,0.792,0.304,0.208,0.0,6.32617110742618,130.0,False,7.260679225433538,0.0726067922543353,6.079420379445271,0.0607942037944527,0.4462239999999999,0.0432639999999999,0.0,0.0,5.050692761444538,8.03533665281066,prospective
calendar_attribution_shock,20303,calendar_attribution_shock-20303,high,high-w05,30,65,100,daily_to_365_response30_settlement30,250,bayesian_hierarchical,finite-grid-gamma-poisson/1.0.0,posterior_predictive,90,62.9668137222431,0.5817936303990426,49.92608275302581,53.46663688422739,56.27483591786106,60.505771621034256,69.75450853007933,77.04253595737032,82.36769571136266,1.0,1.0,1.0,0.0,0.0,43.14393546054488,11.0,False,19.82287826169822,0.1982287826169822,14.72570736040592,0.1472570736040592,0.0,0.0,0.0,0.0,23.575899073142928,32.44161295833685,prospective
calendar_attribution_shock,20303,calendar_attribution_shock-20303,high,high-w05,30,65,100,daily_to_365_response30_settlement30,250,bayesian_hierarchical,finite-grid-gamma-poisson/1.0.0,posterior_predictive,180,84.83547029660872,1.4831096262785026,61.4223107823022,63.95337191402728,67.98899517429177,73.21859049733436,108.67332391106758,123.11955180545456,132.79214265053614,1.0,1.0,1.0,0.0,0.0,64.90540648264583,11.0,False,19.93006381396289,0.1993006381396289,8.257358510913388,0.0825735851091338,0.0,0.0,1.0,1.0,59.16617989142727,71.36983186823394,prospective
calendar_attribution_shock,20303,calendar_attribution_shock-20303,high,high-w05,30,65,100,daily_to_365_response30_settlement30,250,bayesian_hierarchical,finite-grid-gamma-poisson/1.0.0,posterior_predictive,425,95.03018797650844,2.447569802768081,60.94908820794843,63.73733681444021,67.83298783751613,73.15996223594271,140.8292719074433,156.54096571794122,170.0379472723766,1.0,1.0,1.0,0.0,0.0,67.70647762615472,11.0,False,27.323710350353707,0.2732371035035371,9.534864630897466,0.0953486463089746,0.0,0.0,1.0,1.0,92.803628903501,109.0888590644282,prospective
calendar_attribution_shock,20303,calendar_attribution_shock-20303,low,low-w05,60,95,100,daily_to_365_response30_settlement30,250,bayesian_hierarchical,finite-grid-gamma-poisson/1.0.0,posterior_predictive,90,-16.289077439709793,0.0226417690838928,-16.933934858397954,-16.695169892477494,-16.524077823663106,-16.32477247222294,-16.086478535151375,-15.849673005618143,-15.580636544176157,0.0,0.0,0.0,1.0,0.0,-17.029160641706444,,True,0.7400832019966508,0.0074008320199665,0.543864901916273,0.0054386490191627,0.0,0.0,0.0,0.0,0.8454968868593493,1.3532983142217994,prospective
calendar_attribution_shock,20303,calendar_attribution_shock-20303,low,low-w05,60,95,100,daily_to_365_response30_settlement30,250,bayesian_hierarchical,finite-grid-gamma-poisson/1.0.0,posterior_predictive,180,-17.127409355739722,0.0335255242710974,-18.041055816016332,-17.811094390144977,-17.47518796830045,-17.179565033896562,-16.777497697588647,-16.44153956209539,-16.00767532267716,0.0,0.0,0.0,1.0,0.0,-17.892347710544186,,True,0.7649383548044639,0.0076493835480446,0.4863191831754021,0.004863191831754,0.0,0.0,0.0,1.0,1.369554828049587,2.033380493339177,prospective
calendar_attribution_shock,20303,calendar_attribution_shock-20303,low,low-w05,60,95,100,daily_to_365_response30_settlement30,250,bayesian_hierarchical,finite-grid-gamma-poisson/1.0.0,posterior_predictive,425,-19.890267570755324,0.0370869680338537,-20.98848252605552,-20.630680234653017,-20.272288043169898,-19.930186022245344,-19.531763600034875,-19.121268508979696,-18.716676620457616,0.0,0.0,0.0,1.0,0.0,-19.197478306593773,,True,0.6927892641615507,0.0069278926416155,0.4461063296009764,0.0044610632960097,0.0,0.0,1.0,1.0,1.5094117256733206,2.2718059055979047,prospective
calendar_attribution_shock,20303,calendar_attribution_shock-20303,middle,middle-w05,60,95,100,daily_to_365_response30_settlement30,250,bayesian_hierarchical,finite-grid-gamma-poisson/1.0.0,posterior_predictive,90,1.4990547177455364,0.0620078017455548,-0.0578719042462088,0.328233520478428,0.8449753331266872,1.3961123212286997,2.0943236317260427,2.892001446845935,3.5653566061759405,0.956,0.964,0.864,0.0,0.0,-1.3498546623450371,130.0,False,2.8489093800905736,0.0284890938009057,2.300974641473844,0.0230097464147384,0.913936,0.929296,0.0,0.0,2.563767926367507,3.6232285104221496,prospective
calendar_attribution_shock,20303,calendar_attribution_shock-20303,middle,middle-w05,60,95,100,daily_to_365_response30_settlement30,250,bayesian_hierarchical,finite-grid-gamma-poisson/1.0.0,posterior_predictive,180,3.6939595792710582,0.0889908975243031,1.1891314979723422,2.0129615641553658,2.736544912836376,3.54627188443353,4.5768704075298565,5.720462373268083,6.763109886042849,1.0,1.0,0.888,0.0,0.0,6.561267709861094,130.0,False,2.867308130590036,0.0286730813059003,2.115522469353344,0.0211552246935334,0.0,0.0,0.0,1.0,3.707500809112717,5.573978388070507,prospective
calendar_attribution_shock,20303,calendar_attribution_shock-20303,middle,middle-w05,60,95,100,daily_to_365_response30_settlement30,250,bayesian_hierarchical,finite-grid-gamma-poisson/1.0.0,posterior_predictive,425,1.6123325343057802,0.0932226698688199,-0.8863556828264275,-0.0858290397192502,0.496945777391349,1.5009285976038935,2.566135495934323,3.5142337377695485,4.642156682806677,0.88,1.0,0.796,0.0,0.0,6.32617110742618,130.0,False,4.7138385731204,0.047138385731204,3.887173353455818,0.0388717335345581,0.0144,0.0,0.0,0.0,3.6000627774887985,5.528512365633104,prospective
calendar_attribution_shock,20303,calendar_attribution_shock-20303,high,high-w05,60,95,100,daily_to_365_response30_settlement30,250,bayesian_hierarchical,finite-grid-gamma-poisson/1.0.0,posterior_predictive,90,52.85609832300251,0.1409607292706317,48.98697977861111,50.217660499653874,51.269051760224606,52.51605074217966,54.392569134251325,56.05156727835248,57.308149963024654,1.0,1.0,1.0,0.0,0.0,43.14393546054488,11.0,False,9.712162862457632,0.0971216286245763,8.45420800285351,0.0845420800285351,0.0,0.0,0.0,0.0,5.833906778698605,8.321170184413546,prospective
calendar_attribution_shock,20303,calendar_attribution_shock-20303,high,high-w05,60,95,100,daily_to_365_response30_settlement30,250,bayesian_hierarchical,finite-grid-gamma-poisson/1.0.0,posterior_predictive,180,65.0598029287515,0.2286066387781288,58.358323051523065,60.68818540335059,62.46284271519146,65.01740337432658,67.26990110692819,69.77243634703566,72.23328090095961,1.0,1.0,1.0,0.0,0.0,64.90540648264583,11.0,False,0.1543964461056646,0.0015439644610566,0.8678164026256363,0.0086781640262563,0.0,0.0,1.0,1.0,9.084250943685078,13.874957849436548,prospective
calendar_attribution_shock,20303,calendar_attribution_shock-20303,high,high-w05,60,95,100,daily_to_365_response30_settlement30,250,bayesian_hierarchical,finite-grid-gamma-poisson/1.0.0,posterior_predictive,425,65.41510547165612,0.2345030029886093,58.57674179656929,60.65885724757078,62.83361787678233,65.3643179724539,67.87729536009996,70.2638448463616,72.66941265737397,1.0,1.0,1.0,0.0,0.0,67.70647762615472,11.0,False,2.291372154498603,0.022913721544986,1.4088010438926817,0.0140880104389268,0.0,0.0,1.0,1.0,9.604987598790814,14.09267086080468,prospective
collapse_tail,10101,collapse_tail-10101,low,low-w05,3,38,100,daily_to_365_response30_settlement30,250,bayesian_hierarchical,finite-grid-gamma-poisson/1.0.0,posterior_predictive,30,-17.623468212479224,0.047143151857833,-18.884339364573844,-18.59099644705473,-18.12452457596506,-17.637314517211223,-17.163731583326328,-16.660125083371312,-16.118443309744105,0.0,0.0,0.0,1.0,0.0,-16.931933893426635,,True,0.6915343190525896,0.0069153431905258,0.4303835773378897,0.0043038357733788,0.0,0.0,1.0,1.0,1.9308713636834192,2.7658960548297387,prospective
collapse_tail,10101,collapse_tail-10101,low,low-w05,3,38,100,daily_to_365_response30_settlement30,250,bayesian_hierarchical,finite-grid-gamma-poisson/1.0.0,posterior_predictive,90,-16.838898439771086,0.0880355072024061,-19.14724911688176,-18.65844341834496,-17.85924343963271,-16.876604842305426,-15.86991780817785,-14.973348228660477,-14.182701598821868,0.0,0.0,0.0,1.0,0.0,-14.965270028985373,,True,1.873628410785713,0.0187362841078571,1.2202496975154935,0.0122024969751549,0.0,0.0,0.0,1.0,3.6850951896844855,4.96454751805989,prospective
collapse_tail,10101,collapse_tail-10101,low,low-w05,3,38,100,daily_to_365_response30_settlement30,250,bayesian_hierarchical,finite-grid-gamma-poisson/1.0.0,posterior_predictive,180,-17.532108457492974,0.1315558226964549,-20.444066504346857,-19.88872814684271,-18.949600573449118,-17.754154144683262,-16.50118415537766,-15.347654896596572,-12.299837331357663,0.0,0.0,0.0,1.0,0.0,-14.943611411207057,,True,2.58849704628592,0.0258849704628591,1.860982120531711,0.0186098212053171,0.0,0.0,0.0,1.0,4.5410732502461375,8.144229172989192,prospective
collapse_tail,10101,collapse_tail-10101,low,low-w05,3,38,100,daily_to_365_response30_settlement30,250,bayesian_hierarchical,finite-grid-gamma-poisson/1.0.0,posterior_predictive,425,-20.11045197475274,0.188450121948333,-23.740499056605792,-22.798790786159326,-21.836397847430725,-20.54111152695313,-19.19523703371506,-17.286501417689955,-12.60482496086992,0.0,0.0,0.0,1.0,0.0,-17.3973215318997,,True,2.713130442853039,0.0271313044285303,2.1162568090009204,0.0211625680900092,0.0,0.0,1.0,1.0,5.512289368469372,11.135674095735872,prospective
collapse_tail,10101,collapse_tail-10101,middle,middle-w05,3,38,100,daily_to_365_response30_settlement30,250,bayesian_hierarchical,finite-grid-gamma-poisson/1.0.0,posterior_predictive,30,-5.0164849490397465,0.1684095477970174,-9.69946014356224,-8.404833815488805,-6.662015070887657,-5.28868182727782,-3.363050862893095,-1.2549072125218683,1.0255643986489498,0.044,0.044,0.044,0.044,0.0,-8.131789399571996,65.0,False,3.11530445053225,0.0311530445053224,1.8902135678431515,0.0189021356784315,0.0019359999999999,0.0019359999999999,1.0,1.0,7.149926602966937,10.72502454221119,prospective
collapse_tail,10101,collapse_tail-10101,middle,middle-w05,3,38,100,daily_to_365_response30_settlement30,250,bayesian_hierarchical,finite-grid-gamma-poisson/1.0.0,posterior_predictive,90,6.52560563664854,0.3345215155277325,-3.061734260148893,0.2632719118653723,3.2428375749813045,6.0477730291331,9.7091587082044,13.652246326315945,17.98369204377679,0.908,0.908,0.884,0.044,0.0,2.5848910977001114,65.0,False,3.940714538948429,0.0394071453894842,2.124587154958617,0.0212458715495861,0.0084639999999999,0.0084639999999999,1.0,1.0,13.388974414450573,21.045426303925684,prospective
collapse_tail,10101,collapse_tail-10101,middle,middle-w05,3,38,100,daily_to_365_response30_settlement30,250,bayesian_hierarchical,finite-grid-gamma-poisson/1.0.0,posterior_predictive,180,9.760805216230962,0.4006066172691007,-1.7245092564869118,2.367739008119372,5.856101603382763,8.864011878679369,13.403072713941,18.207935534079176,23.013143037183955,0.948,0.956,0.912,0.044,0.0,7.423129147876718,65.0,False,2.3376760683542432,0.0233767606835424,1.5431980954554183,0.0154319809545541,0.002704,0.001936,1.0,1.0,15.840196525959804,24.737652293670862,prospective
collapse_tail,10101,collapse_tail-10101,middle,middle-w05,3,38,100,daily_to_365_response30_settlement30,250,bayesian_hierarchical,finite-grid-gamma-poisson/1.0.0,posterior_predictive,425,7.833465867214995,0.4154492859001106,-3.993111491353989,0.0651758929988435,3.909075843410323,6.999857198699964,11.592073660466951,16.809259573966212,21.080104103279663,0.9,0.956,0.872,0.044,0.0,6.77648071903871,65.0,False,1.0569851481762855,0.0105698514817628,1.428975482047612,0.0142897548204761,0.0099999999999999,0.001936,1.0,1.0,16.744083680967368,25.073215594633652,prospective
collapse_tail,10101,collapse_tail-10101,high,high-w05,3,38,100,daily_to_365_response30_settlement30,250,bayesian_hierarchical,finite-grid-gamma-poisson/1.0.0,posterior_predictive,30,16.639329240970657,0.346094071222099,7.608986984888983,10.39701654555302,12.721513630291993,16.546539172054924,20.26188773331941,24.38845574868059,27.715694280380223,1.0,1.0,1.0,0.0,0.0,12.359455120106366,16.0,False,4.2798741208642905,0.0427987412086429,2.32367021623756,0.0232367021623755,0.0,0.0,1.0,1.0,13.991439203127571,20.10670729549124,prospective
collapse_tail,10101,collapse_tail-10101,high,high-w05,3,38,100,daily_to_365_response30_settlement30,250,bayesian_hierarchical,finite-grid-gamma-poisson/1.0.0,posterior_predictive,90,46.34965740796037,0.632427744966622,29.95675798389131,34.163170257288066,39.06473462136013,46.14472633896759,52.484473338990895,59.22977970096351,67.32728538903969,1.0,1.0,1.0,0.0,0.0,42.55737282496694,16.0,False,3.792284582993432,0.0379228458299343,2.8513625997744176,0.0285136259977441,0.0,0.0,1.0,1.0,25.066609443675446,37.37052740514838,prospective
collapse_tail,10101,collapse_tail-10101,high,high-w05,3,38,100,daily_to_365_response30_settlement30,250,bayesian_hierarchical,finite-grid-gamma-poisson/1.0.0,posterior_predictive,180,56.98635171433338,0.7356691386535917,36.34972593084728,43.26310981570572,48.60551733716922,56.88676882571798,64.88434057938798,72.77639647327246,81.79574500444731,1.0,1.0,1.0,0.0,0.0,58.10318393624965,16.0,False,1.116832221916269,0.0111683222191626,2.7944141039216603,0.0279441410392166,0.0,0.0,1.0,1.0,29.513286657566734,45.446019073600034,prospective
collapse_tail,10101,collapse_tail-10101,high,high-w05,3,38,100,daily_to_365_response30_settlement30,250,bayesian_hierarchical,finite-grid-gamma-poisson/1.0.0,posterior_predictive,425,56.93443945062561,0.7566635495245988,36.577030863527504,42.688113100553785,48.05143533326895,56.899150410918296,64.51942477862563,72.83213205502653,82.78001812910277,1.0,1.0,1.0,0.0,0.0,59.656824509851546,16.0,False,2.7223850592259358,0.0272238505922593,3.0757252186061246,0.0307572521860612,0.0,0.0,1.0,1.0,30.14401895447275,46.20298726557527,prospective
collapse_tail,10101,collapse_tail-10101,low,low-w05,7,42,100,daily_to_365_response30_settlement30,250,bayesian_hierarchical,finite-grid-gamma-poisson/1.0.0,posterior_predictive,30,-16.5021549805612,0.0495121821431191,-17.780410644862854,-17.428980163177343,-17.07507734714936,-16.54783660276795,-15.98336768595877,-15.455050002493504,-14.926462931152487,0.0,0.0,0.0,0.96,0.036,-16.931933893426635,,True,0.4297789128654337,0.0042977891286543,0.2609320746647297,0.0026093207466472,0.0,0.0,1.0,1.0,1.9739301606838389,2.853947713710367,prospective
collapse_tail,10101,collapse_tail-10101,low,low-w05,7,42,100,daily_to_365_response30_settlement30,250,bayesian_hierarchical,finite-grid-gamma-poisson/1.0.0,posterior_predictive,90,-13.968569134541838,0.127963198879306,-17.22721160426052,-16.54226750457716,-15.38471784015706,-14.089417994436095,-12.539613821778662,-11.404787456729524,-10.244284798864808,0.0,0.0,0.0,0.96,0.036,-14.965270028985373,,True,0.9967008944435348,0.0099670089444353,0.6276735677824519,0.0062767356778245,0.0,0.0,1.0,1.0,5.137480047847637,6.982926805395714,prospective
collapse_tail,10101,collapse_tail-10101,low,low-w05,7,42,100,daily_to_365_response30_settlement30,250,bayesian_hierarchical,finite-grid-gamma-poisson/1.0.0,posterior_predictive,180,-12.557686447007416,0.2549129646185284,-18.3899747076622,-17.409926726137368,-16.041754137403522,-12.818493494276058,-9.615241458222158,-7.256456814240851,-4.441765406265128,0.004,0.004,0.004,0.96,0.036,-14.943611411207057,,True,2.3859249641996385,0.0238592496419963,1.3806151180603408,0.0138061511806034,1.6e-05,1.6e-05,1.0,1.0,10.153469911896517,13.94820930139707,prospective
collapse_tail,10101,collapse_tail-10101,low,low-w05,7,42,100,daily_to_365_response30_settlement30,250,bayesian_hierarchical,finite-grid-gamma-poisson/1.0.0,posterior_predictive,425,-12.853477250668568,0.4203615013626834,-21.236799812472505,-20.43494462769693,-18.77536097068108,-13.54855243265504,-7.971323644622421,-4.274941833327844,2.535144093650404,0.04,0.04,0.032,0.96,0.036,-17.3973215318997,,True,4.543844281231131,0.0454384428123113,2.3511330446808363,0.0235113304468083,0.0016,0.0016,1.0,1.0,16.160002794369085,23.77194390612291,prospective
collapse_tail,10101,collapse_tail-10101,middle,middle-w05,7,42,100,daily_to_365_response30_settlement30,250,bayesian_hierarchical,finite-grid-gamma-poisson/1.0.0,posterior_predictive,30,-7.0840884632525,0.1320177814709291,-10.57753474407988,-9.37626582480034,-8.544902241932618,-7.40439893368616,-5.829703172735574,-4.429865463879929,-2.1368419965642813,0.004,0.004,0.004,0.092,0.004,-8.131789399571996,65.0,False,1.0477009363194965,0.0104770093631949,0.6108201466765157,0.0061082014667651,1.6e-05,1.6e-05,1.0,1.0,4.946400360920412,8.440692747515598,prospective
collapse_tail,10101,collapse_tail-10101,middle,middle-w05,7,42,100,daily_to_365_response30_settlement30,250,bayesian_hierarchical,finite-grid-gamma-poisson/1.0.0,posterior_predictive,90,2.536572671335412,0.2542436845809699,-4.23384183171388,-1.9128697212449883,-0.539483187744731,2.149274884039632,4.855045124881851,7.954245676109867,11.16001312010004,0.72,0.724,0.692,0.092,0.004,2.5848910977001114,65.0,False,0.0483184263646996,0.0004831842636469,0.9500664256169138,0.0095006642561691,0.0784,0.076176,1.0,1.0,9.867115397354857,15.39385495181392,prospective
collapse_tail,10101,collapse_tail-10101,middle,middle-w05,7,42,100,daily_to_365_response30_settlement30,250,bayesian_hierarchical,finite-grid-gamma-poisson/1.0.0,posterior_predictive,180,5.146396134905408,0.29543441295963,-3.1889409453593385,-0.0588996545634873,1.7963007318044355,4.9556357183286055,8.179769651423788,11.036423884722522,14.520681302549288,0.896,0.904,0.816,0.092,0.004,7.423129147876718,65.0,False,2.2767330129713104,0.0227673301297131,1.6337465633321018,0.016337465633321,0.0108159999999999,0.0092159999999999,1.0,1.0,11.09532353928601,17.709622247908626,prospective
collapse_tail,10101,collapse_tail-10101,middle,middle-w05,7,42,100,daily_to_365_response30_settlement30,250,bayesian_hierarchical,finite-grid-gamma-poisson/1.0.0,posterior_predictive,425,3.132184972595128,0.3055126407056932,-5.380786908691404,-2.285013376513182,-0.3956953534590981,2.782506474943109,6.3225790785387765,9.108476018303868,13.073932023958807,0.716,0.908,0.688,0.092,0.004,6.77648071903871,65.0,False,3.6442957464435817,0.0364429574644358,2.30548252590645,0.0230548252590645,0.080656,0.0084639999999999,1.0,1.0,11.39348939481705,18.45471893265021,prospective
collapse_tail,10101,collapse_tail-10101,high,high-w05,7,42,100,daily_to_365_response30_settlement30,250,bayesian_hierarchical,finite-grid-gamma-poisson/1.0.0,posterior_predictive,30,13.399021548892502,0.2355714090701342,7.240666039618487,9.092286040252231,11.073815127781938,13.109889343454965,15.46413281694154,18.57058336132412,21.43891780100606,1.0,1.0,0.996,0.0,0.0,12.359455120106366,16.0,False,1.039566428786136,0.0103956642878613,0.8860105232604387,0.0088601052326043,0.0,0.0,1.0,1.0,9.478297321071889,14.198251761387573,prospective
collapse_tail,10101,collapse_tail-10101,high,high-w05,7,42,100,daily_to_365_response30_settlement30,250,bayesian_hierarchical,finite-grid-gamma-poisson/1.0.0,posterior_predictive,90,41.17594369914474,0.4495121984867185,27.461622391326603,32.86189064805463,36.111829848244575,40.89024200220746,45.4797291016956,49.589197159112665,58.14037995250821,1.0,1.0,0.996,0.0,0.0,42.55737282496694,16.0,False,1.3814291258222011,0.013814291258222,1.706984536350196,0.0170698453635019,0.0,0.0,1.0,1.0,16.727306511058032,30.67875756118161,prospective
collapse_tail,10101,collapse_tail-10101,high,high-w05,7,42,100,daily_to_365_response30_settlement30,250,bayesian_hierarchical,finite-grid-gamma-poisson/1.0.0,posterior_predictive,180,51.0693537276003,0.5110625213107907,35.10678361940533,41.276216058255706,45.85484035646303,50.59075957925635,56.03303762981756,61.9554157343533,69.46905796726325,1.0,1.0,0.996,0.0,0.0,58.10318393624965,16.0,False,7.0338302086493485,0.0703383020864934,4.443943603650792,0.0444394360365079,0.0,0.0,1.0,1.0,20.6791996760976,34.36227434785793,prospective
collapse_tail,10101,collapse_tail-10101,high,high-w05,7,42,100,daily_to_365_response30_settlement30,250,bayesian_hierarchical,finite-grid-gamma-poisson/1.0.0,posterior_predictive,425,50.88839674003089,0.5330414243876418,33.688168289957005,40.52336166267705,45.45990204453116,50.2495367015775,56.00813835854451,61.94499823210296,70.38983478885567,1.0,1.0,0.996,0.0,0.0,59.656824509851546,16.0,False,8.768427769820654,0.0876842776982065,5.5643167227250645,0.0556431672272506,0.0,0.0,1.0,1.0,21.421636569425907,36.70166649889866,prospective
collapse_tail,10101,collapse_tail-10101,low,low-w05,14,49,100,daily_to_365_response30_settlement30,250,bayesian_hierarchical,finite-grid-gamma-poisson/1.0.0,posterior_predictive,30,-16.658081096390724,0.0366847952796183,-17.630265548464614,-17.365213412713974,-17.067989842081204,-16.682074549143657,-16.31328750157776,-15.868785170612927,-15.433049378787528,0.0,0.0,0.0,0.976,0.02,-16.931933893426635,,True,0.2738527970359108,0.0027385279703591,0.1774112688971545,0.0017741126889715,0.0,0.0,1.0,1.0,1.4964282421010466,2.1972161696770858,prospective
collapse_tail,10101,collapse_tail-10101,low,low-w05,14,49,100,daily_to_365_response30_settlement30,250,bayesian_hierarchical,finite-grid-gamma-poisson/1.0.0,posterior_predictive,90,-13.41205634515494,0.0879147239722263,-15.78428789339898,-15.06546221700654,-14.379962784593586,-13.486112679163313,-12.612090622229973,-11.706696076232518,-10.57238236255527,0.0,0.0,0.0,0.976,0.02,-14.965270028985373,,True,1.5532136838304318,0.0155321368383043,0.9060606901698358,0.0090606069016983,0.0,0.0,1.0,1.0,3.358766140774021,5.211905530843708,prospective
collapse_tail,10101,collapse_tail-10101,low,low-w05,14,49,100,daily_to_365_response30_settlement30,250,bayesian_hierarchical,finite-grid-gamma-poisson/1.0.0,posterior_predictive,180,-10.6221361004751,0.1595662701224261,-15.132227731936965,-13.526170954511118,-12.362845848006044,-10.74834453022451,-8.861814593010612,-7.520233527757933,-5.989953103156647,0.004,0.004,0.004,0.976,0.02,-14.943611411207057,,True,4.3214753107319535,0.0432147531073195,2.998635273893142,0.0299863527389314,1.6e-05,1.6e-05,0.0,1.0,6.005937426753185,9.142274628780315,prospective
collapse_tail,10101,collapse_tail-10101,low,low-w05,14,49,100,daily_to_365_response30_settlement30,250,bayesian_hierarchical,finite-grid-gamma-poisson/1.0.0,posterior_predictive,425,-9.137843065034636,0.2844751557861383,-17.66024708436174,-14.038477795834275,-12.163301556933884,-9.595181499571542,-6.691724898125598,-3.155127397319727,-0.4197403672899193,0.024,0.024,0.02,0.976,0.02,-17.3973215318997,,True,8.259478466865062,0.0825947846686506,5.873750293643573,0.0587375029364357,0.000576,0.000576,0.0,1.0,10.883350398514548,17.24050671707182,prospective
collapse_tail,10101,collapse_tail-10101,middle,middle-w05,14,49,100,daily_to_365_response30_settlement30,250,bayesian_hierarchical,finite-grid-gamma-poisson/1.0.0,posterior_predictive,30,-9.077032737642297,0.0725208134427978,-11.000608641639024,-10.518121130921768,-9.906359895976454,-9.104937364319069,-8.335534461073667,-7.626452212096736,-6.911273736533885,0.0,0.0,0.0,0.364,0.008,-8.131789399571996,65.0,False,0.9452433380702984,0.0094524333807029,0.5777739694759215,0.0057777396947592,0.0,0.0,1.0,1.0,2.891668918825032,4.0893349051051375,prospective
collapse_tail,10101,collapse_tail-10101,middle,middle-w05,14,49,100,daily_to_365_response30_settlement30,250,bayesian_hierarchical,finite-grid-gamma-poisson/1.0.0,posterior_predictive,90,-1.1970608067895296,0.1694630207304157,-5.586384776834415,-4.626411748099766,-3.3187459403074877,-1.3520771853941205,0.4103462925666418,2.408784443877423,4.229224404413235,0.3,0.3,0.28,0.364,0.008,2.5848910977001114,65.0,False,3.781951904489641,0.0378195190448964,2.53194498515874,0.0253194498515873,0.4899999999999999,0.4899999999999999,0.0,1.0,7.035196191977189,9.81560918124765,prospective
collapse_tail,10101,collapse_tail-10101,middle,middle-w05,14,49,100,daily_to_365_response30_settlement30,250,bayesian_hierarchical,finite-grid-gamma-poisson/1.0.0,posterior_predictive,180,0.6775686511865815,0.1967554910512656,-4.536839670997712,-3.3078760277857,-1.506037091701946,0.465275876982963,2.685887079859302,5.083529199604467,7.301349115373539,0.58,0.628,0.476,0.364,0.008,7.423129147876718,65.0,False,6.745560496690137,0.0674556049669013,5.022848098706206,0.050228480987062,0.1764,0.138384,0.0,0.0,8.391405227390166,11.838188786371251,prospective
collapse_tail,10101,collapse_tail-10101,middle,middle-w05,14,49,100,daily_to_365_response30_settlement30,250,bayesian_hierarchical,finite-grid-gamma-poisson/1.0.0,posterior_predictive,425,-1.4825276155450249,0.2037063369800265,-6.772478982467789,-5.78540546455838,-3.708022277254471,-1.701283123433467,0.7121079069984516,2.926043732874658,5.2270008779799655,0.3,0.636,0.276,0.364,0.008,6.77648071903871,65.0,False,8.259008334583735,0.0825900833458373,6.447934851951858,0.0644793485195185,0.4899999999999999,0.132496,0.0,0.0,8.711449197433037,11.999479860447757,prospective
collapse_tail,10101,collapse_tail-10101,high,high-w05,14,49,100,daily_to_365_response30_settlement30,250,bayesian_hierarchical,finite-grid-gamma-poisson/1.0.0,posterior_predictive,30,10.912073375998787,0.1718107194974329,6.234445735352868,7.500063868428563,8.96809367086533,10.910249465222195,12.708943589347069,14.08290030368188,16.543272858256515,1.0,1.0,0.984,0.0,0.0,12.359455120106366,16.0,False,1.4473817441075774,0.0144738174410757,0.9415883583931256,0.0094158835839312,0.0,0.0,1.0,1.0,6.582836435253317,10.308827122903647,prospective
collapse_tail,10101,collapse_tail-10101,high,high-w05,14,49,100,daily_to_365_response30_settlement30,250,bayesian_hierarchical,finite-grid-gamma-poisson/1.0.0,posterior_predictive,90,37.80727115070445,0.4004722986387167,27.46085383224614,29.572919005249517,33.506609341450854,37.48350436589177,41.70113605211877,45.24197116947964,51.02114154297109,1.0,1.0,0.984,0.0,0.0,42.55737282496694,16.0,False,4.750101674262488,0.0475010167426248,2.920596249238678,0.0292059624923867,0.0,0.0,1.0,1.0,15.669052164230129,23.560287710724957,prospective
collapse_tail,10101,collapse_tail-10101,high,high-w05,14,49,100,daily_to_365_response30_settlement30,250,bayesian_hierarchical,finite-grid-gamma-poisson/1.0.0,posterior_predictive,180,47.610327761020834,0.4644801568912228,34.57264161788405,38.797579472294906,42.537703739510434,47.36766501802597,52.27285960701664,56.83570046729047,60.60540453588464,1.0,1.0,0.984,0.0,0.0,58.10318393624965,16.0,False,10.492856175228816,0.1049285617522881,7.091042084712075,0.0709104208471207,0.0,0.0,0.0,1.0,18.03812099499556,26.032762918000586,prospective
collapse_tail,10101,collapse_tail-10101,high,high-w05,14,49,100,daily_to_365_response30_settlement30,250,bayesian_hierarchical,finite-grid-gamma-poisson/1.0.0,posterior_predictive,425,47.07138073646306,0.4803291818392637,33.37198211101767,37.71573906794666,42.05670423194693,46.82092207408428,51.39516491426339,56.21735470310387,60.34808370720339,1.0,1.0,0.984,0.0,0.0,59.656824509851546,16.0,False,12.585443773388484,0.1258544377338848,8.901424210984983,0.0890142421098498,0.0,0.0,0.0,1.0,18.50161563515721,26.97610159618572,prospective
collapse_tail,10101,collapse_tail-10101,low,low-w05,30,65,100,daily_to_365_response30_settlement30,250,bayesian_hierarchical,finite-grid-gamma-poisson/1.0.0,posterior_predictive,90,-15.32491297860412,0.0502246206687056,-16.649350076888133,-16.32378398843593,-15.891196597067417,-15.418497576276064,-14.800570824717871,-14.254059352096869,-13.652326058428253,0.0,0.0,0.0,1.0,0.0,-14.965270028985373,,True,0.3596429496187472,0.0035964294961874,0.2746270460225931,0.0027462704602259,0.0,0.0,1.0,1.0,2.069724636339064,2.9970240184598804,prospective
collapse_tail,10101,collapse_tail-10101,low,low-w05,30,65,100,daily_to_365_response30_settlement30,250,bayesian_hierarchical,finite-grid-gamma-poisson/1.0.0,posterior_predictive,180,-15.869952157131536,0.0844930093492475,-17.684808098905567,-17.192591330667412,-16.70702996780782,-16.118579562771473,-15.41991494980563,-14.45310378822274,-11.757080804222966,0.0,0.0,0.0,1.0,0.0,-14.943611411207057,,True,0.926340745924481,0.0092634074592448,0.6981973923502967,0.0069819739235029,0.0,0.0,1.0,1.0,2.7394875424446727,5.927727294682601,prospective
collapse_tail,10101,collapse_tail-10101,low,low-w05,30,65,100,daily_to_365_response30_settlement30,250,bayesian_hierarchical,finite-grid-gamma-poisson/1.0.0,posterior_predictive,425,-18.383266308837303,0.127982568420164,-20.52705616803982,-20.028221594554616,-19.54086025072667,-18.77616238756412,-17.909420412543344,-17.117234412146793,-11.686381647951237,0.0,0.0,0.0,1.0,0.0,-17.3973215318997,,True,0.985944776937604,0.009859447769376,0.8427469882214897,0.0084274698822148,0.0,0.0,1.0,1.0,2.9109871824078226,8.840674520088584,prospective
collapse_tail,10101,collapse_tail-10101,middle,middle-w05,30,65,100,daily_to_365_response30_settlement30,250,bayesian_hierarchical,finite-grid-gamma-poisson/1.0.0,posterior_predictive,90,2.804428848530637,0.1271686408468451,-0.6827403203690864,0.304272575945704,1.5267479337266192,2.639956927739018,3.955886873670265,5.430482774439769,7.427060685414626,0.92,0.924,0.86,0.0,0.0,2.5848910977001114,65.0,False,0.219537750830526,0.0021953775083052,0.4296437969250273,0.0042964379692502,0.0063999999999999,0.0057759999999999,1.0,1.0,5.126210198494065,8.109801005783712,prospective
collapse_tail,10101,collapse_tail-10101,middle,middle-w05,30,65,100,daily_to_365_response30_settlement30,250,bayesian_hierarchical,finite-grid-gamma-poisson/1.0.0,posterior_predictive,180,5.8713322545065925,0.1622183634760412,1.101354081214197,2.551613049446998,4.293305083424028,5.747659958622836,7.559864134162659,9.375195008090946,11.102028055174442,1.0,1.0,0.916,0.0,0.0,7.423129147876718,65.0,False,1.5517968933701258,0.0155179689337012,1.0071062921776477,0.0100710629217764,0.0,0.0,1.0,1.0,6.823581958643948,10.000673973960245,prospective
collapse_tail,10101,collapse_tail-10101,middle,middle-w05,30,65,100,daily_to_365_response30_settlement30,250,bayesian_hierarchical,finite-grid-gamma-poisson/1.0.0,posterior_predictive,425,3.883361125593897,0.1697799972638761,-0.8429524383853868,0.3835643106446513,2.1009268469539064,3.743009146518454,5.471109946057213,7.344810200189589,10.094156650246331,0.92,1.0,0.852,0.0,0.0,6.77648071903871,65.0,False,2.8931195934448133,0.0289311959344481,1.8367802073588215,0.0183678020735882,0.0063999999999999,0.0,1.0,1.0,6.961245889544938,10.93710908863172,prospective
collapse_tail,10101,collapse_tail-10101,high,high-w05,30,65,100,daily_to_365_response30_settlement30,250,bayesian_hierarchical,finite-grid-gamma-poisson/1.0.0,posterior_predictive,90,39.08715930318648,0.2490468718336363,31.75274220845763,34.136024920908945,36.294172642625725,39.17878051278896,41.80372877989844,43.949553141371446,47.61653194206994,1.0,1.0,1.0,0.0,0.0,42.55737282496694,16.0,False,3.4702135217804653,0.0347021352178046,2.1020622889044875,0.0210206228890448,0.0,0.0,1.0,1.0,9.8135282204625,15.863789733612313,prospective
collapse_tail,10101,collapse_tail-10101,high,high-w05,30,65,100,daily_to_365_response30_settlement30,250,bayesian_hierarchical,finite-grid-gamma-poisson/1.0.0,posterior_predictive,180,48.23057727831487,0.3134716819733136,38.919372382664,42.40447707824258,44.71179408081814,48.152078193182696,51.43610214806577,55.25994535427805,58.20965835390222,1.0,1.0,1.0,0.0,0.0,58.10318393624965,16.0,False,9.872606657934782,0.0987260665793478,7.2485052681189135,0.0724850526811891,0.0,0.0,0.0,1.0,12.855468276035474,19.290285971238227,prospective
collapse_tail,10101,collapse_tail-10101,high,high-w05,30,65,100,daily_to_365_response30_settlement30,250,bayesian_hierarchical,finite-grid-gamma-poisson/1.0.0,posterior_predictive,425,48.03898226346895,0.3255432274290984,39.19455833078148,41.97985931128761,44.39243652764125,47.74127064466745,51.05803387087937,55.11800896292092,58.755880345740096,1.0,1.0,1.0,0.0,0.0,59.656824509851546,16.0,False,11.6178422463826,0.116178422463826,8.8300967114941,0.088300967114941,0.0,0.0,0.0,0.0,13.138149651633306,19.56132201495862,prospective
collapse_tail,10101,collapse_tail-10101,low,low-w05,60,95,100,daily_to_365_response30_settlement30,250,bayesian_hierarchical,finite-grid-gamma-poisson/1.0.0,posterior_predictive,90,-13.90786234445509,0.0349053257744743,-14.9290236226489,-14.600384593956129,-14.302504025200806,-13.937155901539036,-13.530417764886447,-13.169751545902756,-12.837674984097854,0.0,0.0,0.0,1.0,0.0,-14.965270028985373,,True,1.0574076845302829,0.0105740768453028,0.7499544118405121,0.0074995441184051,0.0,0.0,0.0,0.0,1.430633048053371,2.0913486385510467,prospective
collapse_tail,10101,collapse_tail-10101,low,low-w05,60,95,100,daily_to_365_response30_settlement30,250,bayesian_hierarchical,finite-grid-gamma-poisson/1.0.0,posterior_predictive,180,-11.650718349387695,0.0711463623205811,-13.704855342540164,-12.910201859388422,-12.323165946054228,-11.665831905509148,-10.953499857689156,-10.317869922680035,-9.41500473352249,0.0,0.0,0.0,1.0,0.0,-14.943611411207057,,True,3.29289306181936,0.0329289306181935,2.6931251064331367,0.0269312510643313,0.0,0.0,0.0,0.0,2.592331936708387,4.289850609017673,prospective
collapse_tail,10101,collapse_tail-10101,low,low-w05,60,95,100,daily_to_365_response30_settlement30,250,bayesian_hierarchical,finite-grid-gamma-poisson/1.0.0,posterior_predictive,425,-11.420854377525966,0.105716042649699,-14.5868349573376,-13.210748858920711,-12.389936052002348,-11.361087228766989,-10.327688081469775,-9.594108884780823,-8.276072961076304,0.0,0.0,0.0,1.0,0.0,-17.3973215318997,,True,5.976467154373733,0.0597646715437373,5.109804395245753,0.0510980439524575,0.0,0.0,0.0,0.0,3.6166399741398862,6.310761996261295,prospective
collapse_tail,10101,collapse_tail-10101,middle,middle-w05,60,95,100,daily_to_365_response30_settlement30,250,bayesian_hierarchical,finite-grid-gamma-poisson/1.0.0,posterior_predictive,90,3.4029861201555027,0.0726876963436444,1.316385592859588,2.0519605608919678,2.545842242857349,3.285864459638191,4.205369804240172,4.9058339393157,5.644708403834366,1.0,1.0,0.94,0.0,0.0,2.5848910977001114,65.0,False,0.8180950224553913,0.0081809502245539,0.4405179232498156,0.0044051792324981,0.0,0.0,1.0,1.0,2.853873378423733,4.328322810974777,prospective
collapse_tail,10101,collapse_tail-10101,middle,middle-w05,60,95,100,daily_to_365_response30_settlement30,250,bayesian_hierarchical,finite-grid-gamma-poisson/1.0.0,posterior_predictive,180,6.78264695128535,0.1096358555685258,3.826924794736269,4.549478722747135,5.611283222717779,6.749085917770998,7.93429197122453,9.113228322092114,10.277843668437836,1.0,1.0,0.94,0.0,0.0,7.423129147876718,65.0,False,0.6404821965913685,0.0064048219659136,0.5417296225665678,0.0054172962256656,0.0,0.0,1.0,1.0,4.56374959934498,6.450918873701568,prospective
collapse_tail,10101,collapse_tail-10101,middle,middle-w05,60,95,100,daily_to_365_response30_settlement30,250,bayesian_hierarchical,finite-grid-gamma-poisson/1.0.0,posterior_predictive,425,4.7464248440411705,0.1203772721000905,1.5540786838938838,2.2719947231325275,3.360053135143269,4.645130560499309,5.946450533332725,7.375703404818726,8.513071184049123,1.0,1.0,0.94,0.0,0.0,6.77648071903871,65.0,False,2.0300558749975397,0.0203005587499753,1.2867133712688177,0.0128671337126881,0.0,0.0,1.0,1.0,5.103708681686198,6.958992500155238,prospective
collapse_tail,10101,collapse_tail-10101,high,high-w05,60,95,100,daily_to_365_response30_settlement30,250,bayesian_hierarchical,finite-grid-gamma-poisson/1.0.0,posterior_predictive,90,45.08359952144201,0.1279204614952215,41.16054170121316,42.7375686697301,43.71527990156504,45.02710812513128,46.31095137329808,47.88744454866823,48.86025708799865,1.0,1.0,1.0,0.0,0.0,42.55737282496694,16.0,False,2.526226696475071,0.0252622669647507,1.5781339678272204,0.0157813396782722,0.0,0.0,0.0,1.0,5.149875878938126,7.699715386785492,prospective
collapse_tail,10101,collapse_tail-10101,high,high-w05,60,95,100,daily_to_365_response30_settlement30,250,bayesian_hierarchical,finite-grid-gamma-poisson/1.0.0,posterior_predictive,180,55.8718967946172,0.2123913532648094,49.5149218785986,51.424211492318605,53.54185527912615,55.807906766635135,58.2251789513403,60.00022543926972,62.46722575860427,1.0,1.0,1.0,0.0,0.0,58.10318393624965,16.0,False,2.23128714163245,0.0223128714163244,1.338398150670335,0.0133839815067033,0.0,0.0,1.0,1.0,8.576013946951115,12.952303880005672,prospective
collapse_tail,10101,collapse_tail-10101,high,high-w05,60,95,100,daily_to_365_response30_settlement30,250,bayesian_hierarchical,finite-grid-gamma-poisson/1.0.0,posterior_predictive,425,55.86058425010305,0.2229350856275088,49.15083386061713,51.302354086868064,53.51881680552208,55.8491523905938,58.25755787606009,59.97630787309038,63.07940409980223,1.0,1.0,1.0,0.0,0.0,59.656824509851546,16.0,False,3.796240259748494,0.0379624025974849,2.3089984099259637,0.0230899840992596,0.0,0.0,1.0,1.0,8.673953786222313,13.928570239185106,prospective
collapse_tail,10202,collapse_tail-10202,low,low-w05,3,38,100,daily_to_365_response30_settlement30,250,bayesian_hierarchical,finite-grid-gamma-poisson/1.0.0,posterior_predictive,30,-15.694431982904376,0.0671471229310806,-17.59110270168601,-16.991071602240762,-16.41214211806689,-15.76784951434174,-15.008130719805507,-14.303582998411702,-13.432941694144793,0.0,0.0,0.0,0.9,0.084,-15.871595862467617,,True,0.1771638795632419,0.0017716387956324,0.2533697528634679,0.0025336975286346,0.0,0.0,1.0,1.0,2.68748860382906,4.158161007541221,prospective
collapse_tail,10202,collapse_tail-10202,low,low-w05,3,38,100,daily_to_365_response30_settlement30,250,bayesian_hierarchical,finite-grid-gamma-poisson/1.0.0,posterior_predictive,90,-12.840804697774804,0.1723875032594513,-16.729536530744436,-15.870550203020324,-14.76410460811241,-13.261933279863602,-11.179825313271976,-8.945740544916264,-6.629490471446796,0.004,0.004,0.004,0.9,0.084,-13.593092099527244,,True,0.7522874017524384,0.0075228740175243,0.6080408275582396,0.0060804082755823,1.6e-05,1.6e-05,1.0,1.0,6.92480965810406,10.10004605929764,prospective
collapse_tail,10202,collapse_tail-10202,low,low-w05,3,38,100,daily_to_365_response30_settlement30,250,bayesian_hierarchical,finite-grid-gamma-poisson/1.0.0,posterior_predictive,180,-11.630696943002544,0.3099959734565188,-17.60362932065862,-16.589337813684228,-15.538453415782302,-13.015876714886849,-8.383779782828952,-4.473282030521228,-1.1161972714949666,0.012,0.016,0.012,0.9,0.084,-12.981267908584105,,True,1.3505709655815608,0.0135057096558156,1.1836460490748424,0.0118364604907484,0.000144,0.000256,1.0,1.0,12.116055783163,16.48743204916365,prospective
collapse_tail,10202,collapse_tail-10202,low,low-w05,3,38,100,daily_to_365_response30_settlement30,250,bayesian_hierarchical,finite-grid-gamma-poisson/1.0.0,posterior_predictive,425,-12.26799567525711,0.5017239863405049,-20.63398600662714,-19.5244678662019,-18.318151603723702,-15.664496581963895,-7.250840645746066,-0.2154119865849476,6.200239366342236,0.1,0.1,0.084,0.9,0.084,-15.770754147087358,,True,3.502758471830248,0.0350275847183024,1.8806185884885025,0.018806185884885,0.01,0.01,1.0,1.0,19.309055879616952,26.834225372969374,prospective
collapse_tail,10202,collapse_tail-10202,middle,middle-w05,3,38,100,daily_to_365_response30_settlement30,250,bayesian_hierarchical,finite-grid-gamma-poisson/1.0.0,posterior_predictive,30,-4.260810940269327,0.1738046550873345,-8.9528051798511,-7.687749562016667,-6.390310081842376,-4.373820279498457,-2.5148015512487407,-0.530378923530032,1.7583297194735,0.064,0.064,0.064,0.016,0.0,-5.656244480277321,41.0,False,1.3954335400079945,0.0139543354000799,0.9088251915501352,0.0090882519155013,0.004096,0.004096,1.0,1.0,7.157370638486635,10.711134899324602,prospective
collapse_tail,10202,collapse_tail-10202,middle,middle-w05,3,38,100,daily_to_365_response30_settlement30,250,bayesian_hierarchical,finite-grid-gamma-poisson/1.0.0,posterior_predictive,90,11.189827174383716,0.4972958907124272,-0.9290152478754556,1.3685289678356327,4.96048144000584,10.242394718072594,17.121599719767012,21.604675094709037,27.399554038927004,0.96,0.96,0.948,0.016,0.0,11.679356300598965,41.0,False,0.4895291262152472,0.0048952912621524,2.157764024366804,0.021577640243668,0.0016,0.0016,1.0,1.0,20.2361461268734,28.32856928680246,prospective
collapse_tail,10202,collapse_tail-10202,middle,middle-w05,3,38,100,daily_to_365_response30_settlement30,250,bayesian_hierarchical,finite-grid-gamma-poisson/1.0.0,posterior_predictive,180,21.394785034084155,1.0052919450988556,0.824349571743621,3.87452752091796,7.90238474247718,16.27910262068967,34.49027223051964,43.22533400351949,53.12447924542982,0.98,0.984,0.956,0.016,0.0,17.57883039393067,41.0,False,3.815954640153485,0.0381595464015348,4.636108244847156,0.0463610824484715,0.0004,0.000256,1.0,1.0,39.350806482601534,52.3001296736862,prospective
collapse_tail,10202,collapse_tail-10202,middle,middle-w05,3,38,100,daily_to_365_response30_settlement30,250,bayesian_hierarchical,finite-grid-gamma-poisson/1.0.0,posterior_predictive,425,27.627226899185494,1.6353143705298974,-0.9553018709871868,1.863165949949575,6.541977570382219,14.737594034186415,48.97954063406006,63.63650449270775,84.3757798479901,0.964,0.984,0.948,0.016,0.0,19.4642692265432,41.0,False,8.1629576726423,0.081629576726423,7.757295431473539,0.0775729543147353,0.001296,0.000256,1.0,1.0,61.773338542758175,85.33108171897729,prospective
collapse_tail,10202,collapse_tail-10202,high,high-w05,3,38,100,daily_to_365_response30_settlement30,250,bayesian_hierarchical,finite-grid-gamma-poisson/1.0.0,posterior_predictive,30,25.9175413139842,0.468529765582231,13.148420484179018,17.27058417888973,20.68086591630833,25.727192643173616,30.80738843026432,35.07055127232979,42.19235877031241,1.0,1.0,0.996,0.0,0.0,10.469098607247828,18.0,False,15.44844270673637,0.1544844270673637,11.375807515048256,0.1137580751504825,0.0,0.0,0.0,0.0,17.799967093440056,29.04393828613339,prospective
collapse_tail,10202,collapse_tail-10202,high,high-w05,3,38,100,daily_to_365_response30_settlement30,250,bayesian_hierarchical,finite-grid-gamma-poisson/1.0.0,posterior_predictive,90,90.25866569146676,1.2205159325406325,59.26218518818386,66.32835299816188,76.95818323243086,87.52603528574286,103.16925175175892,115.99525090507828,132.13179110150782,1.0,1.0,0.996,0.0,0.0,35.72856230660648,18.0,False,54.5301033848603,0.545301033848603,43.703911249900194,0.4370391124990019,0.0,0.0,0.0,0.0,49.6668979069164,72.86960591332397,prospective
collapse_tail,10202,collapse_tail-10202,high,high-w05,3,38,100,daily_to_365_response30_settlement30,250,bayesian_hierarchical,finite-grid-gamma-poisson/1.0.0,posterior_predictive,180,148.11394909378132,2.2785810171330847,91.669892059614,105.58442822566684,122.394060306402,143.1296619223175,169.66292147604344,197.860778043682,224.71223315698492,1.0,1.0,0.996,0.0,0.0,47.494384141667936,18.0,False,100.61956495211338,1.0061956495211335,80.43800478179159,0.8043800478179159,0.0,0.0,0.0,0.0,92.27634981801512,133.04234109737095,prospective
collapse_tail,10202,collapse_tail-10202,high,high-w05,3,38,100,daily_to_365_response30_settlement30,250,bayesian_hierarchical,finite-grid-gamma-poisson/1.0.0,posterior_predictive,425,199.25943729871813,3.830477295785053,116.0290275142382,129.3523099074823,152.34017777086015,181.2706346440148,244.2715665693839,285.64385778210794,324.8934693877615,1.0,1.0,0.996,0.0,0.0,50.21141800433218,18.0,False,149.04801929438594,1.4904801929438594,115.22694807007976,1.1522694807007978,0.0,0.0,0.0,0.0,156.29154787462565,208.86444187352333,prospective
collapse_tail,10202,collapse_tail-10202,low,low-w05,7,42,100,daily_to_365_response30_settlement30,250,bayesian_hierarchical,finite-grid-gamma-poisson/1.0.0,posterior_predictive,30,-16.443675133380477,0.0481391122409767,-17.726805033443718,-17.43812067308343,-16.960841832196195,-16.52749298458391,-15.96932689020229,-15.37868541040297,-14.882049807505767,0.0,0.0,0.0,0.972,0.028,-15.871595862467617,,True,0.5720792709128606,0.0057207927091286,0.368608371194908,0.003686083711949,0.0,0.0,1.0,1.0,2.0594352626804597,2.8447552259379503,prospective
collapse_tail,10202,collapse_tail-10202,low,low-w05,7,42,100,daily_to_365_response30_settlement30,250,bayesian_hierarchical,finite-grid-gamma-poisson/1.0.0,posterior_predictive,90,-13.922639052116455,0.1300422513090024,-17.297215885159545,-16.200128230534112,-15.41658708979364,-14.188240235670133,-12.721601754963215,-11.380782898064496,-8.924756857608001,0.0,0.0,0.0,0.972,0.028,-13.593092099527244,,True,0.3295469525892116,0.0032954695258921,0.5424706798466463,0.0054247067984664,0.0,0.0,1.0,1.0,4.8193453324696165,8.372459027551544,prospective
collapse_tail,10202,collapse_tail-10202,low,low-w05,7,42,100,daily_to_365_response30_settlement30,250,bayesian_hierarchical,finite-grid-gamma-poisson/1.0.0,posterior_predictive,180,-12.52845798210527,0.2496460479436408,-18.52090401301531,-17.092448292784304,-15.811208887891077,-12.860091214327577,-9.865984889933385,-7.022945122795404,-4.536174771973122,0.0,0.0,0.0,0.972,0.028,-12.981267908584105,,True,0.4528099264788352,0.0045280992647883,1.0250906498403674,0.0102509064984036,0.0,0.0,1.0,1.0,10.0695031699889,13.984729241042189,prospective
collapse_tail,10202,collapse_tail-10202,low,low-w05,7,42,100,daily_to_365_response30_settlement30,250,bayesian_hierarchical,finite-grid-gamma-poisson/1.0.0,posterior_predictive,425,-12.662931256123755,0.4086101680539794,-21.52059185984251,-19.895939169044773,-18.64878100373792,-13.005711908307234,-8.099654410545725,-2.8519049454013303,0.6547841364454892,0.028,0.028,0.012,0.972,0.028,-15.770754147087358,,True,3.1078228909636003,0.031078228909636,2.0761145756732406,0.0207611457567324,0.000784,0.000784,1.0,1.0,17.044034223643443,22.175375996288,prospective
collapse_tail,10202,collapse_tail-10202,middle,middle-w05,7,42,100,daily_to_365_response30_settlement30,250,bayesian_hierarchical,finite-grid-gamma-poisson/1.0.0,posterior_predictive,30,-5.929447583827857,0.1160921546469688,-9.240503037655284,-8.240524792255679,-7.141287942743556,-5.972235106707844,-4.771620853267642,-3.69954329622736,-2.5326945774297425,0.004,0.004,0.004,0.04,0.0,-5.656244480277321,41.0,False,0.2732031035505358,0.0027320310355053,0.443185943063243,0.0044318594306324,1.6e-05,1.6e-05,1.0,1.0,4.540981496028319,6.707808460225543,prospective
collapse_tail,10202,collapse_tail-10202,middle,middle-w05,7,42,100,daily_to_365_response30_settlement30,250,bayesian_hierarchical,finite-grid-gamma-poisson/1.0.0,posterior_predictive,90,4.748463343473601,0.257682638055357,-2.673730870050112,-0.171096050094814,2.000449848471645,4.288133829657888,7.289271312631875,9.898993926367313,13.244819625912932,0.896,0.896,0.844,0.04,0.0,11.679356300598965,41.0,False,6.930892957125364,0.0693089295712536,4.990444329284607,0.049904443292846,0.0108159999999999,0.0108159999999999,0.0,1.0,10.070089976462128,15.918550495963045,prospective
collapse_tail,10202,collapse_tail-10202,middle,middle-w05,7,42,100,daily_to_365_response30_settlement30,250,bayesian_hierarchical,finite-grid-gamma-poisson/1.0.0,posterior_predictive,180,8.497913989705769,0.4443741629852045,-0.8026607187575069,1.8154122363103653,4.294213414907045,7.174765163968706,10.421908819174124,15.107303703485034,27.12980584866404,0.96,0.96,0.88,0.04,0.0,17.57883039393067,41.0,False,9.0809164042249,0.090809164042249,7.157807530918364,0.0715780753091836,0.0016,0.0016,0.0,1.0,13.291891467174668,27.932466567421542,prospective
collapse_tail,10202,collapse_tail-10202,middle,middle-w05,7,42,100,daily_to_365_response30_settlement30,250,bayesian_hierarchical,finite-grid-gamma-poisson/1.0.0,posterior_predictive,425,7.675219668363634,0.6532269453516658,-2.907545386785652,-0.27784767832794,2.3416642340019598,5.005991599895026,8.815671957180733,13.72327102505911,40.53711425754402,0.896,0.96,0.844,0.04,0.0,19.4642692265432,41.0,False,11.789049558179563,0.1178904955817956,10.318342849291149,0.1031834284929114,0.0108159999999999,0.0016,0.0,1.0,14.00111870338705,43.44465964432967,prospective
collapse_tail,10202,collapse_tail-10202,high,high-w05,7,42,100,daily_to_365_response30_settlement30,250,bayesian_hierarchical,finite-grid-gamma-poisson/1.0.0,posterior_predictive,30,21.624938783821364,0.3318166418628948,12.053555099024369,15.584815693905488,17.85713261642619,21.412298542043143,24.80824950429708,28.234168484745663,32.22735646164053,1.0,1.0,1.0,0.0,0.0,10.469098607247828,18.0,False,11.155840176573536,0.1115584017657353,8.24492203786367,0.0824492203786367,0.0,0.0,0.0,0.0,12.649352790840178,20.173801362616167,prospective
collapse_tail,10202,collapse_tail-10202,high,high-w05,7,42,100,daily_to_365_response30_settlement30,250,bayesian_hierarchical,finite-grid-gamma-poisson/1.0.0,posterior_predictive,90,81.6382986883622,0.894485036432857,54.69790292614425,64.71103877430092,72.00598064250553,81.2802086020684,89.89292511151834,99.34371174003098,111.0218923514416,1.0,1.0,1.0,0.0,0.0,35.72856230660648,18.0,False,45.90973638175572,0.4590973638175572,38.06593529353852,0.3806593529353852,0.0,0.0,0.0,0.0,34.632672965730066,56.32398942529734,prospective
collapse_tail,10202,collapse_tail-10202,high,high-w05,7,42,100,daily_to_365_response30_settlement30,250,bayesian_hierarchical,finite-grid-gamma-poisson/1.0.0,posterior_predictive,180,134.17434963367216,1.634876812989949,95.03191982820714,105.15547685268336,116.6809704117628,132.7577310448346,149.34658934929718,170.51263003317794,187.4718860693341,1.0,1.0,1.0,0.0,0.0,47.494384141667936,18.0,False,86.67996549200423,0.8667996549200423,72.46347887884495,0.7246347887884496,0.0,0.0,0.0,0.0,65.35715318049458,92.43996624112695,prospective
collapse_tail,10202,collapse_tail-10202,high,high-w05,7,42,100,daily_to_365_response30_settlement30,250,bayesian_hierarchical,finite-grid-gamma-poisson/1.0.0,posterior_predictive,425,177.91435653504746,2.736261715059488,121.47219429105482,133.97242019322684,148.19859046695666,168.7294402617495,199.74739581979367,241.28394439022944,280.0191097522475,1.0,1.0,1.0,0.0,0.0,50.21141800433218,18.0,False,127.70293853071529,1.2770293853071528,104.3855435195197,1.043855435195197,0.0,0.0,0.0,0.0,107.31152419700264,158.5469154611927,prospective
collapse_tail,10202,collapse_tail-10202,low,low-w05,14,49,100,daily_to_365_response30_settlement30,250,bayesian_hierarchical,finite-grid-gamma-poisson/1.0.0,posterior_predictive,30,-16.429196023134114,0.0338410960790395,-17.392808023499136,-17.079609114703068,-16.82140526378605,-16.459174839811702,-16.076600262840998,-15.718629085262338,-15.27922447970895,0.0,0.0,0.0,1.0,0.0,-15.871595862467617,,True,0.5576001606664978,0.0055760016066649,0.3510719944340072,0.00351071994434,0.0,0.0,1.0,1.0,1.3609800294407304,2.1135835437901864,prospective
collapse_tail,10202,collapse_tail-10202,low,low-w05,14,49,100,daily_to_365_response30_settlement30,250,bayesian_hierarchical,finite-grid-gamma-poisson/1.0.0,posterior_predictive,90,-15.331428770745225,0.0745910955788883,-17.059584228413417,-16.688848062040886,-16.18824240633678,-15.502701776747584,-14.699233879744646,-13.789315393928756,-12.497298866030365,0.0,0.0,0.0,1.0,0.0,-13.593092099527244,,True,1.738336671217981,0.0173833667121798,1.2531911006868528,0.0125319110068685,0.0,0.0,0.0,1.0,2.89953266811213,4.562285362383054,prospective
collapse_tail,10202,collapse_tail-10202,low,low-w05,14,49,100,daily_to_365_response30_settlement30,250,bayesian_hierarchical,finite-grid-gamma-poisson/1.0.0,posterior_predictive,180,-15.978227552204835,0.1244928684210514,-18.35910425367334,-17.791113990019575,-17.214694178832673,-16.517748815657555,-15.3626832378685,-13.368818356260087,-10.37890452890922,0.0,0.0,0.0,1.0,0.0,-12.981267908584105,,True,2.9969596436207304,0.0299695964362073,2.3417916362752225,0.0234179163627522,0.0,0.0,0.0,1.0,4.422295633759486,7.980199724764121,prospective
collapse_tail,10202,collapse_tail-10202,low,low-w05,14,49,100,daily_to_365_response30_settlement30,250,bayesian_hierarchical,finite-grid-gamma-poisson/1.0.0,posterior_predictive,425,-18.608605985267385,0.1908140481593205,-21.83394070602247,-20.93524470642602,-20.284203338224177,-19.421553101833133,-18.252653251120226,-14.412745375664226,-9.667700900135166,0.0,0.0,0.0,1.0,0.0,-15.770754147087358,,True,2.8378518381800277,0.0283785183818002,2.426769468540689,0.0242676946854068,0.0,0.0,1.0,1.0,6.522499330761793,12.166239805887304,prospective
collapse_tail,10202,collapse_tail-10202,middle,middle-w05,14,49,100,daily_to_365_response30_settlement30,250,bayesian_hierarchical,finite-grid-gamma-poisson/1.0.0,posterior_predictive,30,-5.972478997027077,0.0822858376939268,-8.180467966052655,-7.681792670798008,-6.88922018883473,-6.1248512579932,-5.009420722166595,-4.157813371965059,-3.5815946094601627,0.0,0.0,0.0,0.016,0.0,-5.656244480277321,41.0,False,0.3162345167497555,0.0031623451674975,0.3831077411656971,0.0038310774116569,0.0,0.0,1.0,1.0,3.523979298832949,4.598873356592492,prospective
collapse_tail,10202,collapse_tail-10202,middle,middle-w05,14,49,100,daily_to_365_response30_settlement30,250,bayesian_hierarchical,finite-grid-gamma-poisson/1.0.0,posterior_predictive,90,3.230546494330596,0.1636836231300647,-1.2623400710588593,-0.128628146547985,1.4575654588807363,3.0791912533795025,4.782921552157125,6.753482395422132,9.002363125228698,0.884,0.888,0.848,0.016,0.0,11.679356300598965,41.0,False,8.448809806268368,0.0844880980626836,6.992301735043114,0.0699230173504311,0.0134559999999999,0.0125439999999999,0.0,0.0,6.882110541970118,10.264703196287556,prospective
collapse_tail,10202,collapse_tail-10202,middle,middle-w05,14,49,100,daily_to_365_response30_settlement30,250,bayesian_hierarchical,finite-grid-gamma-poisson/1.0.0,posterior_predictive,180,5.701996696296352,0.1990372229637692,0.2338134140876119,2.005412087245253,3.4932696490617,5.592753939559863,7.512845913079815,10.232820521828549,12.454156469205406,0.98,0.984,0.916,0.016,0.0,17.57883039393067,41.0,False,11.876833697634318,0.1187683369763431,10.114155819944084,0.1011415581994408,0.0004,0.000256,0.0,0.0,8.227408434583296,12.220343055117796,prospective
collapse_tail,10202,collapse_tail-10202,middle,middle-w05,14,49,100,daily_to_365_response30_settlement30,250,bayesian_hierarchical,finite-grid-gamma-poisson/1.0.0,posterior_predictive,425,3.703501863590929,0.2073438821324305,-2.076830355555452,-0.3049988072224903,1.3789311206500714,3.582582365837598,5.606103713950796,8.213467220690251,10.97611843495127,0.868,0.984,0.832,0.016,0.0,19.4642692265432,41.0,False,15.760767362952269,0.1576076736295227,13.918389141017611,0.1391838914101761,0.017424,0.000256,0.0,0.0,8.518466027912742,13.052948790506722,prospective
collapse_tail,10202,collapse_tail-10202,high,high-w05,14,49,100,daily_to_365_response30_settlement30,250,bayesian_hierarchical,finite-grid-gamma-poisson/1.0.0,posterior_predictive,30,13.140129480289874,0.1980258918825033,8.058940622387238,9.282676328289275,10.91281807765824,12.972406477887176,15.027803338851932,16.89604532669742,20.41320940277757,1.0,1.0,1.0,0.0,0.0,10.469098607247828,18.0,False,2.671030873042046,0.0267103087304204,1.474472085676014,0.0147447208567601,0.0,0.0,1.0,1.0,7.613368998408141,12.354268780390331,prospective
collapse_tail,10202,collapse_tail-10202,high,high-w05,14,49,100,daily_to_365_response30_settlement30,250,bayesian_hierarchical,finite-grid-gamma-poisson/1.0.0,posterior_predictive,90,64.8619525038261,0.5685223600503009,48.755545776964766,52.792679569243525,58.8082527557098,64.0974579623136,70.90488441205459,75.80888043107363,84.17836488853062,1.0,1.0,1.0,0.0,0.0,35.72856230660648,18.0,False,29.133390197219622,0.2913339019721963,24.11246006866564,0.2411246006866564,0.0,0.0,0.0,0.0,23.016200861830107,35.42281911156586,prospective
collapse_tail,10202,collapse_tail-10202,high,high-w05,14,49,100,daily_to_365_response30_settlement30,250,bayesian_hierarchical,finite-grid-gamma-poisson/1.0.0,posterior_predictive,180,110.74452593813837,1.079511402885314,84.87284499038886,89.56565099433857,99.40504613888014,109.27171694103774,120.41431945955624,133.30754609814664,148.30356565905498,1.0,1.0,1.0,0.0,0.0,47.494384141667936,18.0,False,63.250141796470416,0.6325014179647042,53.85255991096544,0.5385255991096544,0.0,0.0,0.0,0.0,43.74189510380808,63.430720668666126,prospective
collapse_tail,10202,collapse_tail-10202,high,high-w05,14,49,100,daily_to_365_response30_settlement30,250,bayesian_hierarchical,finite-grid-gamma-poisson/1.0.0,posterior_predictive,425,148.39007416259943,1.9548610378884324,108.91088450485177,116.48774691489352,127.99469900164648,142.07634184960196,158.32206567446113,197.66049460520935,229.5938436722492,1.0,1.0,1.0,0.0,0.0,50.21141800433218,18.0,False,98.17865615826724,0.9817865615826724,81.87187360601709,0.8187187360601709,0.0,0.0,0.0,0.0,81.17274769031586,120.68295916739744,prospective
collapse_tail,10202,collapse_tail-10202,low,low-w05,30,65,100,daily_to_365_response30_settlement30,250,bayesian_hierarchical,finite-grid-gamma-poisson/1.0.0,posterior_predictive,90,-13.85901990471135,0.0684433407875507,-15.440497622925456,-15.05288559471076,-14.694109861706186,-14.023800249217114,-13.254641816326226,-12.385621984470168,-11.360711288791208,0.0,0.0,0.0,1.0,0.0,-13.593092099527244,,True,0.2659278051841056,0.002659278051841,0.3151380558160385,0.0031513805581603,0.0,0.0,1.0,1.0,2.6672636102405924,4.079786334134248,prospective
collapse_tail,10202,collapse_tail-10202,low,low-w05,30,65,100,daily_to_365_response30_settlement30,250,bayesian_hierarchical,finite-grid-gamma-poisson/1.0.0,posterior_predictive,180,-13.750063785041306,0.145636407556612,-16.618860184866325,-15.955693174870568,-15.463287019188394,-14.669620670621144,-11.857157010778884,-10.10674904789412,-8.799444491247279,0.0,0.0,0.0,1.0,0.0,-12.981267908584105,,True,0.7687958764572009,0.007687958764572,0.9565951421718044,0.009565951421718,0.0,0.0,1.0,1.0,5.848944126976447,7.819415693619046,prospective
collapse_tail,10202,collapse_tail-10202,low,low-w05,30,65,100,daily_to_365_response30_settlement30,250,bayesian_hierarchical,finite-grid-gamma-poisson/1.0.0,posterior_predictive,425,-15.753079924709471,0.2449891576511405,-19.697794168651136,-19.171330082513663,-18.53457264327404,-17.643029344356997,-12.228172411964213,-10.01422533125182,-7.338618231005656,0.0,0.0,0.0,1.0,0.0,-15.770754147087358,,True,0.0176742223778862,0.0001767422237788,1.2983614522287206,0.0129836145222872,0.0,0.0,1.0,1.0,9.157104751261842,12.35917593764548,prospective
collapse_tail,10202,collapse_tail-10202,middle,middle-w05,30,65,100,daily_to_365_response30_settlement30,250,bayesian_hierarchical,finite-grid-gamma-poisson/1.0.0,posterior_predictive,90,6.158110126776666,0.1290469358497231,2.6217134767400405,3.4280783889904427,4.672283427903283,6.118897440031052,7.640447308287546,8.583945352565458,10.185302484584934,1.0,1.0,0.968,0.0,0.0,11.679356300598965,41.0,False,5.521246173822298,0.0552124617382229,4.373361811699112,0.0437336181169911,0.0,0.0,0.0,0.0,5.155866963575015,7.563589007844893,prospective
collapse_tail,10202,collapse_tail-10202,middle,middle-w05,30,65,100,daily_to_365_response30_settlement30,250,bayesian_hierarchical,finite-grid-gamma-poisson/1.0.0,posterior_predictive,180,9.529818220612947,0.1615954662092168,5.284823753327959,6.51164101846427,7.774176182182636,9.489895102492396,11.132452541065202,13.042576506723048,14.972778920627508,1.0,1.0,0.968,0.0,0.0,17.57883039393067,41.0,False,8.04901217331772,0.0804901217331772,6.612955980209157,0.0661295598020915,0.0,0.0,0.0,0.0,6.530935488258778,9.687955167299547,prospective
collapse_tail,10202,collapse_tail-10202,middle,middle-w05,30,65,100,daily_to_365_response30_settlement30,250,bayesian_hierarchical,finite-grid-gamma-poisson/1.0.0,posterior_predictive,425,7.561867266540885,0.173346561399846,2.854918519956929,4.165278152465053,5.69660847338594,7.333273858565394,9.228593935234889,11.16057323332953,13.14748842522169,1.0,1.0,0.968,0.0,0.0,19.4642692265432,41.0,False,11.902401960002312,0.1190240196000231,10.36372153476891,0.1036372153476891,0.0,0.0,0.0,0.0,6.9952950808644765,10.29256990526476,prospective
collapse_tail,10202,collapse_tail-10202,high,high-w05,30,65,100,daily_to_365_response30_settlement30,250,bayesian_hierarchical,finite-grid-gamma-poisson/1.0.0,posterior_predictive,90,38.5019469622825,0.307241701103084,30.76459619957163,32.455477416374045,35.11457669203236,38.36140258912943,41.40808022973413,43.839837987837775,48.02997749867557,1.0,1.0,1.0,0.0,0.0,35.72856230660648,18.0,False,2.773384655676025,0.0277338465567602,1.647574235555696,0.0164757423555569,0.0,0.0,1.0,1.0,11.38436057146373,17.26538129910394,prospective
collapse_tail,10202,collapse_tail-10202,high,high-w05,30,65,100,daily_to_365_response30_settlement30,250,bayesian_hierarchical,finite-grid-gamma-poisson/1.0.0,posterior_predictive,180,49.04954581166535,0.5321140956746561,38.87190817421978,40.952966273106775,44.91129712861106,47.92968422743432,52.20055040589176,55.35278892602124,61.14733091924037,1.0,1.0,1.0,0.0,0.0,47.494384141667936,18.0,False,1.5551616699974105,0.0155516166999741,1.2711605054636412,0.0127116050546364,0.0,0.0,1.0,1.0,14.399822652914466,22.275422745020585,prospective
collapse_tail,10202,collapse_tail-10202,high,high-w05,30,65,100,daily_to_365_response30_settlement30,250,bayesian_hierarchical,finite-grid-gamma-poisson/1.0.0,posterior_predictive,425,49.35015780394213,0.7503402619666516,38.17390252077881,40.74804598999595,44.78688203302631,47.78413399515604,51.96651582113413,55.870701630849645,60.53484810184943,1.0,1.0,1.0,0.0,0.0,50.21141800433218,18.0,False,0.8612602003900491,0.0086126020039004,1.7424255990896311,0.0174242559908963,0.0,0.0,1.0,1.0,15.122655640853694,22.360945581070617,prospective
collapse_tail,10202,collapse_tail-10202,low,low-w05,60,95,100,daily_to_365_response30_settlement30,250,bayesian_hierarchical,finite-grid-gamma-poisson/1.0.0,posterior_predictive,90,-14.131064767492964,0.0399798595796506,-15.241523213974704,-14.979023406693466,-14.60212027861394,-14.135635280259756,-13.682234607173688,-13.245114870607091,-12.992803807545402,0.0,0.0,0.0,1.0,0.0,-13.593092099527244,,True,0.5379726679657217,0.0053797266796572,0.3318638775684298,0.0033186387756842,0.0,0.0,1.0,1.0,1.733908536086373,2.248719406429304,prospective
collapse_tail,10202,collapse_tail-10202,low,low-w05,60,95,100,daily_to_365_response30_settlement30,250,bayesian_hierarchical,finite-grid-gamma-poisson/1.0.0,posterior_predictive,180,-12.80446163990453,0.1038249704457927,-16.06500978521984,-15.639426195707143,-13.538983603646466,-12.51910799993259,-11.720192183869608,-10.972481511955973,-10.320957240924615,0.0,0.0,0.0,1.0,0.0,-12.981267908584105,,True,0.1768062686795755,0.0017680626867957,0.4283747752168485,0.0042837477521684,0.0,0.0,1.0,1.0,4.666944683751172,5.744052544295224,prospective
collapse_tail,10202,collapse_tail-10202,low,low-w05,60,95,100,daily_to_365_response30_settlement30,250,bayesian_hierarchical,finite-grid-gamma-poisson/1.0.0,posterior_predictive,425,-13.382502540657498,0.1784618232001149,-19.04120555240909,-18.610723686545068,-14.093786603212417,-12.584741499293196,-11.527349970582442,-10.63254773872516,-9.276037598952431,0.0,0.0,0.0,1.0,0.0,-15.770754147087358,,True,2.38825160642986,0.0238825160642985,1.9389277726294505,0.0193892777262945,0.0,0.0,1.0,1.0,7.978175947819908,9.765167953456658,prospective
collapse_tail,10202,collapse_tail-10202,middle,middle-w05,60,95,100,daily_to_365_response30_settlement30,250,bayesian_hierarchical,finite-grid-gamma-poisson/1.0.0,posterior_predictive,90,8.923346916437,0.0697007400980585,6.758984922409741,7.623352520094712,8.147311928492906,8.999710191097218,9.728502172743108,10.24509269474082,11.056829088860637,1.0,1.0,1.0,0.0,0.0,11.679356300598965,41.0,False,2.756009384161965,0.0275600938416196,2.144812105660492,0.0214481210566049,0.0,0.0,0.0,0.0,2.6217401746461078,4.297844166450895,prospective
collapse_tail,10202,collapse_tail-10202,middle,middle-w05,60,95,100,daily_to_365_response30_settlement30,250,bayesian_hierarchical,finite-grid-gamma-poisson/1.0.0,posterior_predictive,180,12.906540298252494,0.1133850840713433,9.17695132484666,10.502267008895751,11.60249842166197,12.879290229852227,14.219044887060289,15.155207915391472,16.105548192774943,1.0,1.0,1.0,0.0,0.0,17.57883039393067,41.0,False,4.672290095678175,0.0467229009567817,3.657817233099586,0.0365781723309958,0.0,0.0,0.0,0.0,4.65294090649572,6.9285968679282846,prospective
collapse_tail,10202,collapse_tail-10202,middle,middle-w05,60,95,100,daily_to_365_response30_settlement30,250,bayesian_hierarchical,finite-grid-gamma-poisson/1.0.0,posterior_predictive,425,10.995034926165877,0.1178404706396891,6.981132344051669,8.63731448248931,9.840487447480196,10.932446175227652,12.385146904073062,13.266792173054426,14.292428275140209,1.0,1.0,1.0,0.0,0.0,19.4642692265432,41.0,False,8.469234300377323,0.0846923430037732,7.416643406534137,0.0741664340653413,0.0,0.0,0.0,0.0,4.629477690565116,7.311295931088538,prospective
collapse_tail,10202,collapse_tail-10202,high,high-w05,60,95,100,daily_to_365_response30_settlement30,250,bayesian_hierarchical,finite-grid-gamma-poisson/1.0.0,posterior_predictive,90,36.86133517057802,0.1470342281105729,32.9901470343424,34.02648043246488,35.143743649055615,36.44214778756877,38.46172570960922,40.12278987439076,41.728406931793344,1.0,1.0,1.0,0.0,0.0,35.72856230660648,18.0,False,1.132772863971546,0.0113277286397154,0.6781101273155974,0.0067811012731559,0.0,0.0,1.0,1.0,6.096309441925882,8.738259897450945,prospective
collapse_tail,10202,collapse_tail-10202,high,high-w05,60,95,100,daily_to_365_response30_settlement30,250,bayesian_hierarchical,finite-grid-gamma-poisson/1.0.0,posterior_predictive,180,46.69052257260976,0.2190655618776953,40.68711460625909,42.36653993918752,44.2442553819801,46.2100249221687,49.21029660259728,51.30596751919701,52.9848641211046,1.0,1.0,1.0,0.0,0.0,47.494384141667936,18.0,False,0.8038615690581778,0.0080386156905817,0.9860225086009496,0.0098602250860094,0.0,0.0,1.0,1.0,8.939427580009493,12.297749514845512,prospective
collapse_tail,10202,collapse_tail-10202,high,high-w05,60,95,100,daily_to_365_response30_settlement30,250,bayesian_hierarchical,finite-grid-gamma-poisson/1.0.0,posterior_predictive,425,46.51647134569553,0.231122560684574,39.7861817038663,42.15319882467244,43.79175925985706,46.37002743843564,49.1010999617709,50.98197767350221,53.61592478367214,1.0,1.0,1.0,0.0,0.0,50.21141800433218,18.0,False,3.6949466586366526,0.0369494665863665,2.2742184297665204,0.0227421842976652,0.0,0.0,1.0,1.0,8.82877884882977,13.829743079805844,prospective
collapse_tail,10303,collapse_tail-10303,low,low-w05,3,38,100,daily_to_365_response30_settlement30,250,bayesian_hierarchical,finite-grid-gamma-poisson/1.0.0,posterior_predictive,30,-14.361131583236968,0.0578330907268811,-15.874188146292113,-15.483243145546586,-15.029411907269324,-14.434500807473675,-13.754642342944605,-13.175664051835764,-12.501813052973157,0.0,0.0,0.0,0.796,0.124,-15.490075524173916,,True,1.1289439409369493,0.0112894394093694,0.6821562934111933,0.0068215629341119,0.0,0.0,0.0,1.0,2.3075790937108227,3.372375093318956,prospective
collapse_tail,10303,collapse_tail-10303,low,low-w05,3,38,100,daily_to_365_response30_settlement30,250,bayesian_hierarchical,finite-grid-gamma-poisson/1.0.0,posterior_predictive,90,-10.73056557509148,0.1647578856865414,-14.811016515864646,-13.7041107071831,-12.803242396156822,-11.043823098095956,-8.856062529355833,-7.0388530732096335,-5.371275290164411,0.0,0.0,0.0,0.796,0.124,-10.1676810438625,,True,0.5628845312289812,0.0056288453122898,0.7915906812850346,0.0079159068128503,0.0,0.0,1.0,1.0,6.665257633973468,9.439741225700237,prospective
collapse_tail,10303,collapse_tail-10303,low,low-w05,3,38,100,daily_to_365_response30_settlement30,250,bayesian_hierarchical,finite-grid-gamma-poisson/1.0.0,posterior_predictive,180,-8.523393194274737,0.3350997207301455,-15.683110320085229,-14.339180027644744,-13.387411406706796,-9.31054865129912,-4.335483907263136,-0.8314561979272693,2.203295488075543,0.076,0.08,0.072,0.796,0.124,-6.752191707407621,,True,1.771201486867116,0.0177120148686711,1.870526148781531,0.0187052614878153,0.005776,0.0064,1.0,1.0,13.507723829717476,17.88640580816077,prospective
collapse_tail,10303,collapse_tail-10303,low,low-w05,3,38,100,daily_to_365_response30_settlement30,250,bayesian_hierarchical,finite-grid-gamma-poisson/1.0.0,posterior_predictive,425,-8.13971514207956,0.5722999584060351,-18.87271175847238,-17.528194557130796,-16.360277990159698,-9.41939028537351,-1.699859952074155,5.344411274454092,10.82224692078242,0.204,0.204,0.152,0.796,0.124,-8.523879679483763,,True,0.3841645374042031,0.003841645374042,2.7253444947891143,0.0272534449478911,0.0416159999999999,0.0416159999999999,1.0,1.0,22.872605831584888,29.694958679254803,prospective
collapse_tail,10303,collapse_tail-10303,middle,middle-w05,3,38,100,daily_to_365_response30_settlement30,250,bayesian_hierarchical,finite-grid-gamma-poisson/1.0.0,posterior_predictive,30,3.6409744266793393,0.2464628867378029,-2.4837469300053483,-0.8617250067600446,1.071962291793564,3.087272534134366,5.953090353301249,8.883644066010664,12.5619754766146,0.824,0.824,0.82,0.0,0.0,-5.31653098756639,45.0,False,8.957505414245729,0.0895750541424572,6.832661307120249,0.0683266130712025,0.6789759999999999,0.6789759999999999,0.0,0.0,9.745369072770709,15.045722406619948,prospective
collapse_tail,10303,collapse_tail-10303,middle,middle-w05,3,38,100,daily_to_365_response30_settlement30,250,bayesian_hierarchical,finite-grid-gamma-poisson/1.0.0,posterior_predictive,90,33.242093291421305,0.7071061185962488,15.024362656404705,19.777614346568303,25.764687579008488,32.349425631003456,38.97152150426624,47.552224542863,58.476140799319694,1.0,1.0,0.996,0.0,0.0,11.117577308475536,45.0,False,22.12451598294577,0.2212451598294577,16.100558408864032,0.1610055840886403,0.0,0.0,0.0,0.0,27.7746101962947,43.45177814291499,prospective
collapse_tail,10303,collapse_tail-10303,middle,middle-w05,3,38,100,daily_to_365_response30_settlement30,250,bayesian_hierarchical,finite-grid-gamma-poisson/1.0.0,posterior_predictive,180,61.56527820054577,1.3516633258923356,20.635990899091876,36.4632111649661,47.78977597748343,61.95742207230573,73.65750768584262,87.82488392142841,104.8048361968693,1.0,1.0,0.996,0.0,0.0,21.05013016232158,45.0,False,40.51514803822419,0.4051514803822419,28.971538965438896,0.289715389654389,0.0,0.0,0.0,1.0,51.36167275646231,84.16884529777744,prospective
collapse_tail,10303,collapse_tail-10303,middle,middle-w05,3,38,100,daily_to_365_response30_settlement30,250,bayesian_hierarchical,finite-grid-gamma-poisson/1.0.0,posterior_predictive,425,90.04076983056389,2.301418228059595,19.908350780019408,49.07048434057856,65.64482217046925,86.44952130539872,112.85820741030015,135.398575555775,163.2642776795849,1.0,1.0,0.996,0.0,0.0,21.97430774012268,45.0,False,68.0664620904412,0.680664620904412,48.2106760823196,0.4821067608231959,0.0,0.0,0.0,1.0,86.32809121519645,143.35592689956547,prospective
collapse_tail,10303,collapse_tail-10303,high,high-w05,3,38,100,daily_to_365_response30_settlement30,250,bayesian_hierarchical,finite-grid-gamma-poisson/1.0.0,posterior_predictive,30,7.393569458333288,0.3184734485588876,-0.276543582672625,1.6774083888145306,3.711963550761684,6.8296589634313705,10.410850032664868,14.10218991264932,17.790710469070174,0.968,0.968,0.968,0.0,0.0,7.12878839256538,23.0,False,0.2647810657679077,0.002647810657679,1.1884857958515038,0.011884857958515,0.001024,0.001024,1.0,1.0,12.42478152383479,18.0672540517428,prospective
collapse_tail,10303,collapse_tail-10303,high,high-w05,3,38,100,daily_to_365_response30_settlement30,250,bayesian_hierarchical,finite-grid-gamma-poisson/1.0.0,posterior_predictive,90,46.37673906146482,0.7692333428391955,27.56499209537762,31.94320669023144,37.20437022999432,45.70590717766618,54.31472346019221,62.51625767425529,71.49843120613987,1.0,1.0,1.0,0.0,0.0,30.103565246813808,23.0,False,16.27317381465101,0.1627317381465101,9.85578525190608,0.0985578525190608,0.0,0.0,0.0,1.0,30.57305098402385,43.93343911076225,prospective
collapse_tail,10303,collapse_tail-10303,high,high-w05,3,38,100,daily_to_365_response30_settlement30,250,bayesian_hierarchical,finite-grid-gamma-poisson/1.0.0,posterior_predictive,180,84.16148699902719,1.4123346264957035,47.83229628840952,58.908536552748096,66.75676527941899,82.98313090081021,98.18828746965798,112.40746061843014,135.3577593031724,1.0,1.0,1.0,0.0,0.0,40.03825930996311,23.0,False,44.12322768906408,0.4412322768906408,31.667904591989164,0.3166790459198916,0.0,0.0,0.0,0.0,53.49892406568204,87.52546301476288,prospective
collapse_tail,10303,collapse_tail-10303,high,high-w05,3,38,100,daily_to_365_response30_settlement30,250,bayesian_hierarchical,finite-grid-gamma-poisson/1.0.0,posterior_predictive,425,121.3884236592155,2.4861194715398613,65.4117629287043,77.81370654556474,89.15399717793059,114.94406121281877,145.14205784066266,176.63329038559135,212.70668568059253,1.0,1.0,1.0,0.0,0.0,42.110873558145606,23.0,False,79.27755010106989,0.7927755010106989,57.29154152768884,0.5729154152768884,0.0,0.0,0.0,0.0,98.8195838400266,147.29492275188824,prospective
collapse_tail,10303,collapse_tail-10303,low,low-w05,7,42,100,daily_to_365_response30_settlement30,250,bayesian_hierarchical,finite-grid-gamma-poisson/1.0.0,posterior_predictive,30,-14.654562377011906,0.0558978258374912,-16.339697511695523,-15.760891840123849,-15.230090468566797,-14.66781678384312,-14.139063728740634,-13.655437296372272,-12.9472282036712,0.0,0.0,0.0,0.888,0.072,-15.490075524173916,,True,0.8355131471620094,0.00835513147162,0.5049416093144574,0.0050494160931445,0.0,0.0,1.0,1.0,2.105454543751573,3.3924693080243227,prospective
collapse_tail,10303,collapse_tail-10303,low,low-w05,7,42,100,daily_to_365_response30_settlement30,250,bayesian_hierarchical,finite-grid-gamma-poisson/1.0.0,posterior_predictive,90,-11.400865644171288,0.1567660038802601,-15.12354278187393,-14.11384818132227,-13.162523101623844,-11.860726012742957,-9.785672040527675,-7.902336688519082,-5.495797809755008,0.0,0.0,0.0,0.888,0.072,-10.1676810438625,,True,1.2331846003087872,0.0123318460030878,0.98763300870328,0.0098763300870327,0.0,0.0,1.0,1.0,6.211511492803188,9.627744972118922,prospective
collapse_tail,10303,collapse_tail-10303,low,low-w05,7,42,100,daily_to_365_response30_settlement30,250,bayesian_hierarchical,finite-grid-gamma-poisson/1.0.0,posterior_predictive,180,-9.959540351293551,0.3103655606987592,-16.150621834373446,-14.815418606448214,-13.857057615659404,-11.874937722768912,-6.469518403784434,-3.0311241045350408,1.0329932855011454,0.04,0.04,0.04,0.888,0.072,-6.752191707407621,,True,3.20734864388593,0.0320734864388593,2.457915589779325,0.0245791558977932,0.0016,0.0016,1.0,1.0,11.784294501913172,17.18361511987459,prospective
collapse_tail,10303,collapse_tail-10303,low,low-w05,7,42,100,daily_to_365_response30_settlement30,250,bayesian_hierarchical,finite-grid-gamma-poisson/1.0.0,posterior_predictive,425,-10.604024547284864,0.5151090052904526,-19.417352943024515,-18.080366967242117,-16.96185668266066,-14.5799521220282,-4.948528178284939,1.209876402972286,10.14131082776208,0.112,0.112,0.108,0.888,0.072,-8.523879679483763,,True,2.0801448678011027,0.020801448678011,3.0171484730004217,0.0301714847300042,0.012544,0.012544,1.0,1.0,19.2902433702144,29.558663770786595,prospective
collapse_tail,10303,collapse_tail-10303,middle,middle-w05,7,42,100,daily_to_365_response30_settlement30,250,bayesian_hierarchical,finite-grid-gamma-poisson/1.0.0,posterior_predictive,30,-0.5365401632891426,0.1554153440408878,-4.8341451941164975,-3.480703984512552,-2.30045575624754,-0.5767755851052019,0.9668506402912956,2.616387357353975,4.821991937934659,0.412,0.412,0.412,0.0,0.0,-5.31653098756639,45.0,False,4.779990824277247,0.0477999082427724,3.419095761564486,0.0341909576156448,0.1697439999999999,0.1697439999999999,0.0,0.0,6.097091341866527,9.656137132051157,prospective
collapse_tail,10303,collapse_tail-10303,middle,middle-w05,7,42,100,daily_to_365_response30_settlement30,250,bayesian_hierarchical,finite-grid-gamma-poisson/1.0.0,posterior_predictive,90,23.82126279710009,0.4336113570105454,12.859222443099933,15.167416016900445,18.46780254725114,23.50128672843808,28.281036194149504,33.31401532934998,36.38348308723265,1.0,1.0,1.0,0.0,0.0,11.117577308475536,45.0,False,12.703685488624554,0.1270368548862455,8.89791819438552,0.0889791819438551,0.0,0.0,0.0,0.0,18.14659931244953,23.52426064413272,prospective
collapse_tail,10303,collapse_tail-10303,middle,middle-w05,7,42,100,daily_to_365_response30_settlement30,250,bayesian_hierarchical,finite-grid-gamma-poisson/1.0.0,posterior_predictive,180,48.34480786547797,0.8469201948419592,26.817312002478445,32.00669606604466,38.86881204762194,47.119966335911386,55.81576530908431,66.43559189922901,75.86058570155598,1.0,1.0,1.0,0.0,0.0,21.05013016232158,45.0,False,27.29467770315639,0.2729467770315639,19.93950080513261,0.1993950080513261,0.0,0.0,0.0,0.0,34.42889583318435,49.04327369907753,prospective
collapse_tail,10303,collapse_tail-10303,middle,middle-w05,7,42,100,daily_to_365_response30_settlement30,250,bayesian_hierarchical,finite-grid-gamma-poisson/1.0.0,posterior_predictive,425,73.38503639278953,1.5634218213524074,38.457103572008975,44.00270413844413,56.63648307827175,68.85812712010895,90.81181501714332,108.80945599236392,121.88255373321236,1.0,1.0,1.0,0.0,0.0,21.97430774012268,45.0,False,51.410728652666855,0.5141072865266686,37.76135174353441,0.3776135174353441,0.0,0.0,0.0,0.0,64.80675185391979,83.42545016120339,prospective
collapse_tail,10303,collapse_tail-10303,high,high-w05,7,42,100,daily_to_365_response30_settlement30,250,bayesian_hierarchical,finite-grid-gamma-poisson/1.0.0,posterior_predictive,30,8.574984441286608,0.2374890493305581,1.1017956893263752,3.629900571416406,6.053004712381813,8.666758923210782,10.87039827739072,13.320507438066503,16.48314300168791,0.992,0.992,0.976,0.0,0.0,7.12878839256538,23.0,False,1.4461960487212275,0.0144619604872122,1.1003543327758996,0.0110035433277589,6.400000000000012e-05,6.400000000000012e-05,1.0,1.0,9.690606866650096,15.381347312361536,prospective
collapse_tail,10303,collapse_tail-10303,high,high-w05,7,42,100,daily_to_365_response30_settlement30,250,bayesian_hierarchical,finite-grid-gamma-poisson/1.0.0,posterior_predictive,90,46.30514763842943,0.6495859442674419,24.797144936907813,33.434173163256794,40.19119858498354,46.63351459507743,52.79362174384528,58.27421580247967,65.54678234145105,1.0,1.0,0.984,0.0,0.0,30.103565246813808,23.0,False,16.201582391615624,0.1620158239161562,11.05051728112587,0.1105051728112587,0.0,0.0,0.0,1.0,24.840042639222872,40.74963740454324,prospective
collapse_tail,10303,collapse_tail-10303,high,high-w05,7,42,100,daily_to_365_response30_settlement30,250,bayesian_hierarchical,finite-grid-gamma-poisson/1.0.0,posterior_predictive,180,79.04857606838972,1.2444854985542892,33.23017630534201,54.20115869642883,68.8681086851798,79.32464560658099,92.6973140224625,102.41576789075704,114.01620136957176,1.0,1.0,0.984,0.0,0.0,40.03825930996311,23.0,False,39.01031675842661,0.3901031675842661,28.87340301210065,0.2887340301210064,0.0,0.0,0.0,1.0,48.21460919432821,80.78602506422973,prospective
collapse_tail,10303,collapse_tail-10303,high,high-w05,7,42,100,daily_to_365_response30_settlement30,250,bayesian_hierarchical,finite-grid-gamma-poisson/1.0.0,posterior_predictive,425,105.623681697379,2.005508328140037,33.14820864604164,62.55313831254109,92.02425131775776,106.45858789886051,124.58121854006342,139.50342693552307,166.76233702388566,1.0,1.0,0.984,0.0,0.0,42.110873558145606,23.0,False,63.51280813923341,0.6351280813923341,47.4800979260224,0.4748009792602239,0.0,0.0,0.0,1.0,76.95028862298199,133.61412837784405,prospective
collapse_tail,10303,collapse_tail-10303,low,low-w05,14,49,100,daily_to_365_response30_settlement30,250,bayesian_hierarchical,finite-grid-gamma-poisson/1.0.0,posterior_predictive,30,-15.097449635966209,0.0393229204906773,-16.221184809979107,-15.84209703894082,-15.549142331885983,-15.13289465447236,-14.652953827468016,-14.248694813095844,-13.80596682465292,0.0,0.0,0.0,0.996,0.0,-15.490075524173916,,True,0.3926258882077089,0.003926258882077,0.2229925795809303,0.0022299257958093,0.0,0.0,1.0,1.0,1.5934022258449776,2.415217985326187,prospective
collapse_tail,10303,collapse_tail-10303,low,low-w05,14,49,100,daily_to_365_response30_settlement30,250,bayesian_hierarchical,finite-grid-gamma-poisson/1.0.0,posterior_predictive,90,-12.9608925726535,0.0819379389370013,-14.987433692611308,-14.526291432622044,-13.807071566011196,-13.108631079563857,-12.363387593694434,-11.33989849126374,-9.934760811335083,0.0,0.0,0.0,0.996,0.0,-10.1676810438625,,True,2.793211528791001,0.02793211528791,2.162504565597822,0.0216250456559782,0.0,0.0,0.0,1.0,3.1863929413583065,5.052672881276225,prospective
collapse_tail,10303,collapse_tail-10303,low,low-w05,14,49,100,daily_to_365_response30_settlement30,250,bayesian_hierarchical,finite-grid-gamma-poisson/1.0.0,posterior_predictive,180,-13.230062519119109,0.1277728271464843,-15.785089206563814,-15.238899580907312,-14.339890192621024,-13.60241899585797,-12.568597582119862,-11.386489206090252,-8.841989649917604,0.004,0.004,0.004,0.996,0.0,-6.752191707407621,,True,6.477870811711488,0.0647787081171148,5.648092024009229,0.0564809202400923,1.6e-05,1.6e-05,0.0,0.0,3.852410374817058,6.94309955664621,prospective
collapse_tail,10303,collapse_tail-10303,low,low-w05,14,49,100,daily_to_365_response30_settlement30,250,bayesian_hierarchical,finite-grid-gamma-poisson/1.0.0,posterior_predictive,425,-15.978807736448127,0.1898535603821706,-18.968685797265227,-18.28352466809442,-17.373025393684912,-16.477828085677224,-15.415736181278202,-14.250950139505935,-7.422227050553067,0.004,0.004,0.004,0.996,0.0,-8.523879679483763,,True,7.454928056964366,0.0745492805696436,6.638306854755433,0.0663830685475543,1.6e-05,1.6e-05,0.0,1.0,4.032574528588484,11.54645874671216,prospective
collapse_tail,10303,collapse_tail-10303,middle,middle-w05,14,49,100,daily_to_365_response30_settlement30,250,bayesian_hierarchical,finite-grid-gamma-poisson/1.0.0,posterior_predictive,30,-3.393712823262176,0.1055166310963831,-6.357228470115784,-5.421587514225554,-4.4609435505271655,-3.5317527528296244,-2.333582013657895,-1.2221156368529005,0.2906785500921397,0.032,0.032,0.032,0.0,0.0,-5.31653098756639,45.0,False,1.9228181643042144,0.0192281816430421,1.159020152524659,0.0115902015252465,0.001024,0.001024,1.0,1.0,4.199471877372654,6.647907020207923,prospective
collapse_tail,10303,collapse_tail-10303,middle,middle-w05,14,49,100,daily_to_365_response30_settlement30,250,bayesian_hierarchical,finite-grid-gamma-poisson/1.0.0,posterior_predictive,90,14.158379122896957,0.3979264868682842,3.545594104921208,5.893264242318024,9.01510992804828,14.160663784757176,18.91373783571565,22.524896799232835,25.657217317182027,1.0,1.0,0.984,0.0,0.0,11.117577308475536,45.0,False,3.040801814421421,0.0304080181442142,2.141193040334658,0.0214119304033465,0.0,0.0,1.0,1.0,16.63163255691481,22.11162321226082,prospective
collapse_tail,10303,collapse_tail-10303,middle,middle-w05,14,49,100,daily_to_365_response30_settlement30,250,bayesian_hierarchical,finite-grid-gamma-poisson/1.0.0,posterior_predictive,180,27.64534192375838,0.9035825310150852,5.98793327001983,9.100271183578672,12.932629801127955,29.15826947283182,38.80683431014967,45.45364257160743,54.444710502570096,1.0,1.0,0.984,0.0,0.0,21.05013016232158,45.0,False,6.595211761436801,0.065952117614368,5.383204123299088,0.0538320412329908,0.0,0.0,1.0,1.0,36.35337138802876,48.456777232550266,prospective
collapse_tail,10303,collapse_tail-10303,middle,middle-w05,14,49,100,daily_to_365_response30_settlement30,250,bayesian_hierarchical,finite-grid-gamma-poisson/1.0.0,posterior_predictive,425,37.58164935439052,1.5611333913799812,4.073610233291415,7.685028793829317,11.357325841750692,42.06134152607386,54.22598786408547,68.74117443027413,90.51620202834884,1.0,1.0,0.984,0.0,0.0,21.97430774012268,45.0,False,15.607341614267844,0.1560734161426784,10.475630964275346,0.1047563096427534,0.0,0.0,1.0,1.0,61.05614563644481,86.44259179505741,prospective
collapse_tail,10303,collapse_tail-10303,high,high-w05,14,49,100,daily_to_365_response30_settlement30,250,bayesian_hierarchical,finite-grid-gamma-poisson/1.0.0,posterior_predictive,30,8.38059637797551,0.1834542939012282,3.7599676401923072,4.931530612346343,6.302722926545465,8.216815260071236,10.00870225285562,12.400635710035996,14.615665291792402,1.0,1.0,0.964,0.0,0.0,7.12878839256538,23.0,False,1.251807985410129,0.0125180798541012,0.8386072997526521,0.0083860729975265,0.0,0.0,1.0,1.0,7.469105097689653,10.855697651600094,prospective
collapse_tail,10303,collapse_tail-10303,high,high-w05,14,49,100,daily_to_365_response30_settlement30,250,bayesian_hierarchical,finite-grid-gamma-poisson/1.0.0,posterior_predictive,90,38.8125453621427,0.6943507399599432,21.92004358439969,26.027535109799125,30.47330638378979,37.12071427961567,46.72230459294293,54.73268769362998,61.58220782407449,1.0,1.0,0.964,0.0,0.0,30.103565246813808,23.0,False,8.708980115328892,0.0870898011532889,4.503513498725974,0.0450351349872597,0.0,0.0,1.0,1.0,28.70515258383085,39.6621642396748,prospective
collapse_tail,10303,collapse_tail-10303,high,high-w05,14,49,100,daily_to_365_response30_settlement30,250,bayesian_hierarchical,finite-grid-gamma-poisson/1.0.0,posterior_predictive,180,58.46439977984459,1.482260166320735,28.25120950501208,33.21714427193505,38.692657806690825,48.12255065268417,78.56411100553677,92.54747346267936,100.73092354750456,1.0,1.0,0.964,0.0,0.0,40.03825930996311,23.0,False,18.42614046988148,0.1842614046988148,8.561445689279417,0.0856144568927941,0.0,0.0,1.0,1.0,59.33032919074432,72.47971404249246,prospective
collapse_tail,10303,collapse_tail-10303,high,high-w05,14,49,100,daily_to_365_response30_settlement30,250,bayesian_hierarchical,finite-grid-gamma-poisson/1.0.0,posterior_predictive,425,70.03699202355486,2.3814690820851734,26.617832628818604,32.643565647890355,37.87298138164171,47.97993426832214,106.20468394247033,121.52162434926905,133.79236957800828,1.0,1.0,0.964,0.0,0.0,42.110873558145606,23.0,False,27.926118465409253,0.2792611846540925,12.66191115098126,0.1266191115098126,0.0,0.0,1.0,1.0,88.87805870137869,107.17453694918969,prospective
collapse_tail,10303,collapse_tail-10303,low,low-w05,30,65,100,daily_to_365_response30_settlement30,250,bayesian_hierarchical,finite-grid-gamma-poisson/1.0.0,posterior_predictive,90,-13.188993784656397,0.0524143624252462,-14.51309693515736,-14.178911831428666,-13.79553197434776,-13.240769880467973,-12.647801502920563,-12.146443724203454,-11.390190467193312,0.0,0.0,0.0,1.0,0.0,-10.1676810438625,,True,3.021312740793896,0.0302131274079389,2.568786683418004,0.02568786683418,0.0,0.0,0.0,0.0,2.0324681072252115,3.1229064679640484,prospective
collapse_tail,10303,collapse_tail-10303,low,low-w05,30,65,100,daily_to_365_response30_settlement30,250,bayesian_hierarchical,finite-grid-gamma-poisson/1.0.0,posterior_predictive,180,-13.56437567794461,0.0761583256967608,-15.447574076975467,-14.917291747857323,-14.332606774071756,-13.702166116982928,-12.920522840882882,-12.184502960152322,-10.924507542407008,0.0,0.0,0.0,1.0,0.0,-6.752191707407621,,True,6.8121839705369895,0.0681218397053698,6.182279076167102,0.061822790761671,0.0,0.0,0.0,0.0,2.732788787705001,4.523066534568459,prospective
collapse_tail,10303,collapse_tail-10303,low,low-w05,30,65,100,daily_to_365_response30_settlement30,250,bayesian_hierarchical,finite-grid-gamma-poisson/1.0.0,posterior_predictive,425,-16.38175189049779,0.0936285938320226,-18.33922680115147,-17.71083022708219,-17.207589121288816,-16.590370074110496,-15.784690360095995,-15.01960349766208,-13.895889990002573,0.0,0.0,0.0,1.0,0.0,-8.523879679483763,,True,7.857872211014026,0.0785787221101402,7.20337061065455,0.0720337061065455,0.0,0.0,0.0,0.0,2.6912267294201104,4.443336811148898,prospective
collapse_tail,10303,collapse_tail-10303,middle,middle-w05,30,65,100,daily_to_365_response30_settlement30,250,bayesian_hierarchical,finite-grid-gamma-poisson/1.0.0,posterior_predictive,90,13.527380463964318,0.1737338032589298,8.233031975268164,10.178666136931392,11.85565775807284,13.370588217097891,15.251636494471958,17.007247495510672,18.703953424354832,1.0,1.0,0.992,0.0,0.0,11.117577308475536,45.0,False,2.409803155488783,0.0240980315548878,1.3975819085816508,0.0139758190858165,0.0,0.0,1.0,1.0,6.82858135857928,10.470921449086669,prospective
collapse_tail,10303,collapse_tail-10303,middle,middle-w05,30,65,100,daily_to_365_response30_settlement30,250,bayesian_hierarchical,finite-grid-gamma-poisson/1.0.0,posterior_predictive,180,30.28144197946104,0.3440554234228584,20.737381115071493,24.057933829478763,27.038564581921896,29.684647908763907,33.37105926263662,36.90110412439784,42.13935884405148,1.0,1.0,0.992,0.0,0.0,21.05013016232158,45.0,False,9.23131181713946,0.0923131181713945,6.398891924090691,0.0639889192409069,0.0,0.0,0.0,1.0,12.843170294919076,21.401977728979983,prospective
collapse_tail,10303,collapse_tail-10303,middle,middle-w05,30,65,100,daily_to_365_response30_settlement30,250,bayesian_hierarchical,finite-grid-gamma-poisson/1.0.0,posterior_predictive,425,43.8795771910338,0.6748610235172554,29.71479034792933,34.00859405547755,37.4502325247792,41.61235332857621,46.5005903577985,59.07941042846048,73.58318765454887,1.0,1.0,0.992,0.0,0.0,21.97430774012268,45.0,False,21.90526945091112,0.2190526945091112,16.49645094356298,0.1649645094356298,0.0,0.0,0.0,0.0,25.070816372982925,43.86839730661953,prospective
collapse_tail,10303,collapse_tail-10303,high,high-w05,30,65,100,daily_to_365_response30_settlement30,250,bayesian_hierarchical,finite-grid-gamma-poisson/1.0.0,posterior_predictive,90,31.83105293172181,0.2979543159060567,24.47885207060252,26.528072620598053,28.76732957219404,31.418453729819586,34.010518444345934,37.15808683346779,43.36532384221747,1.0,1.0,1.0,0.0,0.0,30.103565246813808,23.0,False,1.727487684908006,0.01727487684908,1.168181749606998,0.0116818174960699,0.0,0.0,1.0,1.0,10.63001421286974,18.886471771614957,prospective
collapse_tail,10303,collapse_tail-10303,high,high-w05,30,65,100,daily_to_365_response30_settlement30,250,bayesian_hierarchical,finite-grid-gamma-poisson/1.0.0,posterior_predictive,180,41.68394571953524,0.6258159452237954,30.891657054349785,33.65970389724639,36.55023088157877,39.8601100614523,43.14374144015508,47.55640569371538,76.08074792241054,1.0,1.0,1.0,0.0,0.0,40.03825930996311,23.0,False,1.6456864095721286,0.0164568640957212,1.297969658925895,0.0129796965892589,0.0,0.0,1.0,1.0,13.896701796468989,45.18909086806075,prospective
collapse_tail,10303,collapse_tail-10303,high,high-w05,30,65,100,daily_to_365_response30_settlement30,250,bayesian_hierarchical,finite-grid-gamma-poisson/1.0.0,posterior_predictive,425,42.67810943119524,0.9836921522772284,29.973221585345247,33.089350766235,35.85477929453812,39.30958889425581,42.76707366000076,47.48029310747619,99.2326340864333,1.0,1.0,1.0,0.0,0.0,42.110873558145606,23.0,False,0.5672358730496327,0.0056723587304963,2.051809732829227,0.0205180973282922,0.0,0.0,1.0,1.0,14.390942341241193,69.25941250108805,prospective
collapse_tail,10303,collapse_tail-10303,low,low-w05,60,95,100,daily_to_365_response30_settlement30,250,bayesian_hierarchical,finite-grid-gamma-poisson/1.0.0,posterior_predictive,90,-11.55214251233862,0.0280682721474488,-12.301257398371076,-12.077753991452363,-11.830872267434588,-11.61495251815171,-11.281998811630537,-10.958087519018866,-10.55297340294388,0.0,0.0,0.0,1.0,0.0,-10.1676810438625,,True,1.38446146847612,0.0138446146847612,1.1371807976183497,0.0113718079761834,0.0,0.0,0.0,0.0,1.1196664724334973,1.7482839954271974,prospective
collapse_tail,10303,collapse_tail-10303,low,low-w05,60,95,100,daily_to_365_response30_settlement30,250,bayesian_hierarchical,finite-grid-gamma-poisson/1.0.0,posterior_predictive,180,-11.904837953280015,0.0423582414815778,-13.103134494246603,-12.695200113130957,-12.383298158581937,-11.961132447636498,-11.495810412820708,-11.039475947903703,-10.589577054977743,0.0,0.0,0.0,1.0,0.0,-6.752191707407621,,True,5.152646245872394,0.0515264624587239,4.777790937334195,0.0477779093733419,0.0,0.0,0.0,0.0,1.65572416522725,2.51355743926886,prospective
collapse_tail,10303,collapse_tail-10303,low,low-w05,60,95,100,daily_to_365_response30_settlement30,250,bayesian_hierarchical,finite-grid-gamma-poisson/1.0.0,posterior_predictive,425,-14.903732568071554,0.0459720489473156,-16.198959186856033,-15.899707898208614,-15.422566352383788,-14.924734991859143,-14.41470397398975,-13.991538881445925,-13.393423559228331,0.0,0.0,0.0,1.0,0.0,-8.523879679483763,,True,6.379852888587791,0.0637985288858779,5.970928939748244,0.0597092893974824,0.0,0.0,0.0,0.0,1.90816901676269,2.8055356276277,prospective
collapse_tail,10303,collapse_tail-10303,middle,middle-w05,60,95,100,daily_to_365_response30_settlement30,250,bayesian_hierarchical,finite-grid-gamma-poisson/1.0.0,posterior_predictive,90,12.030935817174926,0.0712013470130263,9.658159713271214,10.647969108026071,11.205012650141915,12.04801748372158,12.713045971313786,13.43439712952451,14.19258715771464,1.0,1.0,1.0,0.0,0.0,11.117577308475536,45.0,False,0.9133585086993908,0.0091335850869939,0.5543586209442037,0.005543586209442,0.0,0.0,1.0,1.0,2.7864280214984376,4.534427444443427,prospective
collapse_tail,10303,collapse_tail-10303,middle,middle-w05,60,95,100,daily_to_365_response30_settlement30,250,bayesian_hierarchical,finite-grid-gamma-poisson/1.0.0,posterior_predictive,180,15.70803452467811,0.1077208255300349,12.619713893705748,13.562040549634526,14.563121420746636,15.569577861112569,16.919564585375213,17.85905217980748,19.12558399735644,1.0,1.0,1.0,0.0,0.0,21.05013016232158,45.0,False,5.342095637643469,0.0534209563764346,4.384656943775806,0.043846569437758,0.0,0.0,0.0,0.0,4.297011630172955,6.505870103650688,prospective
collapse_tail,10303,collapse_tail-10303,middle,middle-w05,60,95,100,daily_to_365_response30_settlement30,250,bayesian_hierarchical,finite-grid-gamma-poisson/1.0.0,posterior_predictive,425,14.003582318703712,0.1140750799996217,10.853712066257748,11.852911847561009,12.77096759064054,13.862223746273283,15.261188903200992,16.25124772054693,17.480054454726975,1.0,1.0,1.0,0.0,0.0,21.97430774012268,45.0,False,7.970725421418964,0.0797072542141896,6.951946840212942,0.0695194684021294,0.0,0.0,0.0,0.0,4.398335872985925,6.626342388469228,prospective
collapse_tail,10303,collapse_tail-10303,high,high-w05,60,95,100,daily_to_365_response30_settlement30,250,bayesian_hierarchical,finite-grid-gamma-poisson/1.0.0,posterior_predictive,90,26.09750365171997,0.1157956815408503,22.85530852943685,23.96829781810527,24.71177557523876,26.012445776465277,27.31286383933175,28.32227150738797,30.0616040506029,1.0,1.0,1.0,0.0,0.0,30.103565246813808,23.0,False,4.00606159509384,0.0400606159509384,3.023569344224855,0.0302356934422485,0.0,0.0,0.0,0.0,4.3539736892827,7.206295521166044,prospective
collapse_tail,10303,collapse_tail-10303,high,high-w05,60,95,100,daily_to_365_response30_settlement30,250,bayesian_hierarchical,finite-grid-gamma-poisson/1.0.0,posterior_predictive,180,33.79537304901424,0.1933414658917236,28.882284749824983,30.108888349044395,31.71917450366208,33.3568577066231,35.56956057981722,38.03937281121311,40.25781473474056,1.0,1.0,1.0,0.0,0.0,40.03825930996311,23.0,False,6.242886260948872,0.0624288626094887,4.595638155033266,0.0459563815503326,0.0,0.0,0.0,1.0,7.93048446216871,11.37552998491557,prospective
collapse_tail,10303,collapse_tail-10303,high,high-w05,60,95,100,daily_to_365_response30_settlement30,250,bayesian_hierarchical,finite-grid-gamma-poisson/1.0.0,posterior_predictive,425,33.199256779467994,0.2113372963253805,27.427091406536935,29.56474812529641,30.982278210760576,32.760180189635264,35.285545788089706,37.92448014604607,40.047052004263634,1.0,1.0,1.0,0.0,0.0,42.110873558145606,23.0,False,8.911616778677612,0.0891161677867761,7.050786455244312,0.0705078645524431,0.0,0.0,0.0,0.0,8.35973202074966,12.619960597726696,prospective
late_reactivation,30101,late_reactivation-30101,low,low-w05,3,38,100,daily_to_365_response30_settlement30,250,bayesian_hierarchical,finite-grid-gamma-poisson/1.0.0,posterior_predictive,30,-16.198060325797893,0.0737455812308926,-18.12578990872047,-17.45411841646229,-16.980511131782126,-16.262977102339583,-15.551395569451625,-14.791303667428254,-13.4106623757905,0.0,0.0,0.0,1.0,0.0,-16.5488991379203,,True,0.350838812122408,0.003508388121224,0.2706429416871224,0.0027064294168712,0.0,0.0,1.0,1.0,2.662814749034036,4.715127532929971,prospective
late_reactivation,30101,late_reactivation-30101,low,low-w05,3,38,100,daily_to_365_response30_settlement30,250,bayesian_hierarchical,finite-grid-gamma-poisson/1.0.0,posterior_predictive,90,-15.453362788527716,0.1718189822326093,-18.79932389893716,-18.15302972387708,-17.443182410432467,-16.42894834399086,-13.780871934350095,-11.59430037221006,-9.06065668172956,0.0,0.0,0.0,1.0,0.0,-13.222704726538652,,True,2.230658061989063,0.0223065806198906,1.6366982227005014,0.016366982227005,0.0,0.0,1.0,1.0,6.558729351667019,9.7386672172076,prospective
late_reactivation,30101,late_reactivation-30101,low,low-w05,3,38,100,daily_to_365_response30_settlement30,250,bayesian_hierarchical,finite-grid-gamma-poisson/1.0.0,posterior_predictive,180,-16.77063374603666,0.2244781222333208,-20.867287613811367,-20.107532705153687,-19.46957205565741,-18.25378203458988,-14.111433721720518,-11.819578870880171,-8.31093866385914,0.0,0.0,0.0,1.0,0.0,-9.852052169467717,,True,6.918581576568942,0.0691858157656894,5.214768025805395,0.0521476802580539,0.0,0.0,0.0,1.0,8.287953834273516,12.556348949952229,prospective
late_reactivation,30101,late_reactivation-30101,low,low-w05,3,38,100,daily_to_365_response30_settlement30,250,bayesian_hierarchical,finite-grid-gamma-poisson/1.0.0,posterior_predictive,425,-20.401555998330537,0.2362551544972762,-24.70906183631423,-24.07684824666676,-23.271733568545173,-21.94929138164011,-17.67394656865303,-15.157080867545798,-11.73817879999704,0.0,0.0,0.0,1.0,0.0,-12.328282739729502,,True,8.073273258601034,0.0807327325860103,6.192964269251441,0.0619296426925144,0.0,0.0,0.0,1.0,8.919767379120959,12.97088303631719,prospective
late_reactivation,30101,late_reactivation-30101,middle,middle-w05,3,38,100,daily_to_365_response30_settlement30,250,bayesian_hierarchical,finite-grid-gamma-poisson/1.0.0,posterior_predictive,30,0.1978905108040514,0.2220283555649221,-5.587363361380571,-4.115594319683906,-2.546740126049192,-0.0366956580736872,2.518107234685472,4.9085286793280645,7.28890995820408,0.48,0.488,0.468,0.24,0.0,3.242576365765056,23.0,False,3.0446858549610045,0.03044685854961,1.938627266580475,0.0193862726658047,0.2704,0.262144,1.0,1.0,9.02412299901197,12.876273319584651,prospective
late_reactivation,30101,late_reactivation-30101,middle,middle-w05,3,38,100,daily_to_365_response30_settlement30,250,bayesian_hierarchical,finite-grid-gamma-poisson/1.0.0,posterior_predictive,90,7.116183802160422,0.6043330288081014,-3.992962301719308,-2.2655655979776026,-0.2369138434467231,2.916173804017835,16.88786515899582,21.044271936377648,24.958058417986248,0.736,0.756,0.688,0.24,0.0,20.550752945975777,23.0,False,13.434569143815356,0.1343456914381535,9.075031064330142,0.0907503106433014,0.069696,0.059536,1.0,1.0,23.30983753435525,28.95102071970556,prospective
late_reactivation,30101,late_reactivation-30101,middle,middle-w05,3,38,100,daily_to_365_response30_settlement30,250,bayesian_hierarchical,finite-grid-gamma-poisson/1.0.0,posterior_predictive,180,7.794386943879518,0.8043927187177111,-5.824788170471032,-3.986544640024809,-1.6742879954106809,1.341526835925139,21.152125486072883,26.82575643762744,30.845884362560465,0.624,0.76,0.596,0.24,0.0,49.80260544882464,23.0,False,42.00821850494512,0.4200821850494512,35.259986059018416,0.3525998605901841,0.141376,0.0576,0.0,0.0,30.81230107765225,36.6706725330315,prospective
late_reactivation,30101,late_reactivation-30101,middle,middle-w05,3,38,100,daily_to_365_response30_settlement30,250,bayesian_hierarchical,finite-grid-gamma-poisson/1.0.0,posterior_predictive,425,5.410097618206818,0.8526794299206152,-8.552034489320556,-6.925939743889615,-4.714335414724326,-1.432677925468825,20.09074800687605,25.552513507401105,30.270785801277988,0.404,0.76,0.392,0.24,0.0,49.93274781918991,23.0,False,44.52265020098309,0.4452265020098309,37.39035852636747,0.3739035852636747,0.355216,0.0576,0.0,0.0,32.47845325129072,38.82282029059854,prospective
late_reactivation,30101,late_reactivation-30101,high,high-w05,3,38,100,daily_to_365_response30_settlement30,250,bayesian_hierarchical,finite-grid-gamma-poisson/1.0.0,posterior_predictive,30,10.4747281700105,0.2842147105588152,3.1208387100046067,4.847143882743416,7.093666519338853,10.255716027773968,13.335205586233544,16.910918687019105,19.070210478259813,0.996,0.996,0.992,0.0,0.0,9.7300968135008,15.0,False,0.7446313565097,0.007446313565097,1.1041765383662283,0.0110417653836622,1.600000000000003e-05,1.600000000000003e-05,1.0,1.0,12.063774804275688,15.949371768255206,prospective
late_reactivation,30101,late_reactivation-30101,high,high-w05,3,38,100,daily_to_365_response30_settlement30,250,bayesian_hierarchical,finite-grid-gamma-poisson/1.0.0,posterior_predictive,90,32.341940336128786,0.4950390940847804,18.394295060276598,22.355929499768344,26.46881680397014,32.2817055722788,37.46822930477117,42.52653416461842,48.1745355234841,1.0,1.0,0.996,0.0,0.0,39.30136358659576,15.0,False,6.959423250466976,0.0695942325046697,4.240826667941465,0.0424082666794146,0.0,0.0,1.0,1.0,20.170604664850075,29.78024046320751,prospective
late_reactivation,30101,late_reactivation-30101,high,high-w05,3,38,100,daily_to_365_response30_settlement30,250,bayesian_hierarchical,finite-grid-gamma-poisson/1.0.0,posterior_predictive,180,39.85007024244025,0.5928759015121476,22.6918828575796,27.833436036888457,33.06510107188767,39.64617897859911,46.18684994516545,51.65104698574035,58.95343792242513,1.0,1.0,0.996,0.0,0.0,90.76730085700336,15.0,False,50.917230614563096,0.5091723061456309,45.63732504168231,0.4563732504168231,0.0,0.0,0.0,0.0,23.817610948851893,36.26155506484554,prospective
late_reactivation,30101,late_reactivation-30101,high,high-w05,3,38,100,daily_to_365_response30_settlement30,250,bayesian_hierarchical,finite-grid-gamma-poisson/1.0.0,posterior_predictive,425,38.98374987486046,0.6158246379782937,21.203938792527456,27.24997904416304,32.13575058676703,38.73353311747555,45.571137512477215,51.65503490541688,59.11025611599961,1.0,1.0,0.996,0.0,0.0,95.669416964225,15.0,False,56.68566708936455,0.5668566708936456,51.20575997310558,0.5120575997310558,0.0,0.0,0.0,0.0,24.40505586125384,37.90631732347215,prospective
late_reactivation,30101,late_reactivation-30101,low,low-w05,7,42,100,daily_to_365_response30_settlement30,250,bayesian_hierarchical,finite-grid-gamma-poisson/1.0.0,posterior_predictive,30,-15.337065865563437,0.0727115737362309,-17.273924512387836,-16.784262544140304,-16.041372420611832,-15.468558087589528,-14.706258413106724,-13.960950176010623,-12.269292622091475,0.0,0.0,0.0,1.0,0.0,-16.5488991379203,,True,1.2118332723568646,0.0121183327235686,0.7092776790054542,0.0070927767900545,0.0,0.0,1.0,1.0,2.823312368129681,5.004631890296361,prospective
late_reactivation,30101,late_reactivation-30101,low,low-w05,7,42,100,daily_to_365_response30_settlement30,250,bayesian_hierarchical,finite-grid-gamma-poisson/1.0.0,posterior_predictive,90,-12.861472552585523,0.1484132544055793,-17.672484021864136,-16.00914255884241,-14.252441125304784,-12.796143099051028,-11.459975850623438,-9.913169936691167,-8.110591219659396,0.0,0.0,0.0,1.0,0.0,-13.222704726538652,,True,0.3612321739531303,0.0036123217395313,0.5227511229852344,0.0052275112298523,0.0,0.0,1.0,1.0,6.0959726221512405,9.56189280220474,prospective
late_reactivation,30101,late_reactivation-30101,low,low-w05,7,42,100,daily_to_365_response30_settlement30,250,bayesian_hierarchical,finite-grid-gamma-poisson/1.0.0,posterior_predictive,180,-13.32559256916828,0.1837420416581024,-19.70262095068682,-17.979227071157833,-14.8356646918306,-13.073020167390805,-11.418288335626684,-10.00485040310094,-8.178949791712348,0.0,0.0,0.0,1.0,0.0,-9.852052169467717,,True,3.473540399700564,0.0347354039970056,2.124630603108942,0.0212463060310894,0.0,0.0,0.0,1.0,7.974376668056893,11.523671158974471,prospective
late_reactivation,30101,late_reactivation-30101,low,low-w05,7,42,100,daily_to_365_response30_settlement30,250,bayesian_hierarchical,finite-grid-gamma-poisson/1.0.0,posterior_predictive,425,-16.54756644672279,0.1952422864509687,-23.43600313816839,-21.6847942654617,-18.146311783451573,-16.19978002549836,-14.561481944633528,-13.028256924827938,-11.170710253301015,0.0,0.0,0.0,1.0,0.0,-12.328282739729502,,True,4.219283706993288,0.0421928370699328,2.6858655874406514,0.0268586558744065,0.0,0.0,0.0,1.0,8.656537340633763,12.265292884867376,prospective
late_reactivation,30101,late_reactivation-30101,middle,middle-w05,7,42,100,daily_to_365_response30_settlement30,250,bayesian_hierarchical,finite-grid-gamma-poisson/1.0.0,posterior_predictive,30,3.993208570783316,0.1590184116049449,-1.0274283546086742,1.0119738926626185,2.280396579977668,3.964777167345369,5.427339512472488,7.322925987634616,9.167136695762968,0.948,0.948,0.94,0.008,0.0,3.242576365765056,23.0,False,0.7506322050182597,0.0075063220501825,0.6429223252468121,0.0064292232524681,0.002704,0.002704,1.0,1.0,6.310952094971999,10.19456505037164,prospective
late_reactivation,30101,late_reactivation-30101,middle,middle-w05,7,42,100,daily_to_365_response30_settlement30,250,bayesian_hierarchical,finite-grid-gamma-poisson/1.0.0,posterior_predictive,90,20.102480759774387,0.3712748824277846,4.919306989130976,14.092225267018213,16.875495117322856,20.03912663649668,23.84773595585835,27.289228317757736,29.69459703057997,0.992,0.992,0.984,0.008,0.0,20.550752945975777,23.0,False,0.4482721862013896,0.0044827218620138,1.2180082011344169,0.0121800820113441,6.400000000000012e-05,6.400000000000012e-05,1.0,1.0,13.197003050739523,24.775290041448997,prospective
late_reactivation,30101,late_reactivation-30101,middle,middle-w05,7,42,100,daily_to_365_response30_settlement30,250,bayesian_hierarchical,finite-grid-gamma-poisson/1.0.0,posterior_predictive,180,25.26305392803823,0.4644283864966763,3.554719017199019,18.09553424137378,21.51134152503265,25.1853911537239,29.744542616206974,33.57678484281538,37.55811400267719,0.98,0.992,0.972,0.008,0.0,49.80260544882464,23.0,False,24.539551520786407,0.245395515207864,20.66059668056809,0.2066059668056809,0.0004,6.400000000000012e-05,0.0,0.0,15.481250601441598,34.00339498547817,prospective
late_reactivation,30101,late_reactivation-30101,middle,middle-w05,7,42,100,daily_to_365_response30_settlement30,250,bayesian_hierarchical,finite-grid-gamma-poisson/1.0.0,posterior_predictive,425,23.84876200541399,0.482662549565729,0.7452252671990118,16.286220055674093,20.065499311980147,24.101990880725243,28.54575035555956,32.254751935892685,36.19322200698516,0.976,0.992,0.968,0.008,0.0,49.93274781918991,23.0,False,26.08398581377592,0.2608398581377592,22.079288113527458,0.2207928811352745,0.000576,6.400000000000012e-05,0.0,0.0,15.968531880218592,35.44799673978615,prospective
late_reactivation,30101,late_reactivation-30101,high,high-w05,7,42,100,daily_to_365_response30_settlement30,250,bayesian_hierarchical,finite-grid-gamma-poisson/1.0.0,posterior_predictive,30,10.43486623375066,0.2014018404895011,4.838453324779726,6.525465651642,7.938065636015184,10.567988103952128,12.327755461322049,14.502834672190422,17.248318699401448,1.0,1.0,0.996,0.0,0.0,9.7300968135008,15.0,False,0.7047694202498604,0.0070476942024986,0.8305916542555927,0.0083059165425559,0.0,0.0,1.0,1.0,7.977369020548423,12.409865374621722,prospective
late_reactivation,30101,late_reactivation-30101,high,high-w05,7,42,100,daily_to_365_response30_settlement30,250,bayesian_hierarchical,finite-grid-gamma-poisson/1.0.0,posterior_predictive,90,32.28496232575209,0.3816481832845098,21.04882590915744,24.73377392611093,27.832936199717885,32.262995439612766,36.40796256459759,40.530573329967964,43.51524221957107,1.0,1.0,0.996,0.0,0.0,39.30136358659576,15.0,False,7.016401260843672,0.0701640126084367,4.371345990933063,0.0437134599093306,0.0,0.0,1.0,1.0,15.79679940385703,22.46641631041363,prospective
late_reactivation,30101,late_reactivation-30101,high,high-w05,7,42,100,daily_to_365_response30_settlement30,250,bayesian_hierarchical,finite-grid-gamma-poisson/1.0.0,posterior_predictive,180,39.71738276324864,0.4447909608660178,26.49885800386354,30.39229104004578,35.36854864343303,39.38964469044579,44.04046796877891,49.2695043081298,53.24305435104654,1.0,1.0,0.996,0.0,0.0,90.76730085700336,15.0,False,51.04991809375471,0.5104991809375471,47.08382711257593,0.4708382711257593,0.0,0.0,0.0,0.0,18.877213268084017,26.744196347183,prospective
late_reactivation,30101,late_reactivation-30101,high,high-w05,7,42,100,daily_to_365_response30_settlement30,250,bayesian_hierarchical,finite-grid-gamma-poisson/1.0.0,posterior_predictive,425,38.79756323655707,0.4608784847161804,25.231462473597837,28.94835828503796,34.31696426754,38.60365059994695,43.03434401464331,48.596149837405385,52.78716838200029,1.0,1.0,0.996,0.0,0.0,95.669416964225,15.0,False,56.87185372766794,0.5687185372766794,52.76389830560963,0.5276389830560962,0.0,0.0,0.0,0.0,19.647791552367423,27.55570590840245,prospective
late_reactivation,30101,late_reactivation-30101,low,low-w05,14,49,100,daily_to_365_response30_settlement30,250,bayesian_hierarchical,finite-grid-gamma-poisson/1.0.0,posterior_predictive,30,-16.300996746227053,0.0461234362095256,-17.78813696274773,-17.18729322377734,-16.78519715300744,-16.331522284844077,-15.894937633946412,-15.478095591571524,-14.535807538892747,0.0,0.0,0.0,1.0,0.0,-16.5488991379203,,True,0.2479023916932483,0.0024790239169324,0.1907851158419591,0.0019078511584195,0.0,0.0,1.0,1.0,1.7091976322058144,3.252329423854981,prospective
late_reactivation,30101,late_reactivation-30101,low,low-w05,14,49,100,daily_to_365_response30_settlement30,250,bayesian_hierarchical,finite-grid-gamma-poisson/1.0.0,posterior_predictive,90,-14.252342194765909,0.0893884661532783,-16.691371073665195,-15.829109396345402,-15.318155837301326,-14.420233969756811,-13.337791633022585,-12.48008862705958,-10.927290689490476,0.0,0.0,0.0,1.0,0.0,-13.222704726538652,,True,1.029637468227255,0.0102963746822725,0.6831457978643152,0.0068314579786431,0.0,0.0,1.0,1.0,3.349020769285822,5.764080384174719,prospective
late_reactivation,30101,late_reactivation-30101,low,low-w05,14,49,100,daily_to_365_response30_settlement30,250,bayesian_hierarchical,finite-grid-gamma-poisson/1.0.0,posterior_predictive,180,-14.738683133892748,0.1071774290972581,-17.377414113647674,-16.777939009101505,-16.07714275745032,-14.850765544472951,-13.636797731289512,-12.56277019561569,-10.779423960404827,0.0,0.0,0.0,1.0,0.0,-9.852052169467717,,True,4.886630964425031,0.0488663096442503,3.9478042658738746,0.0394780426587387,0.0,0.0,0.0,0.0,4.215168813485816,6.597990153242845,prospective
late_reactivation,30101,late_reactivation-30101,low,low-w05,14,49,100,daily_to_365_response30_settlement30,250,bayesian_hierarchical,finite-grid-gamma-poisson/1.0.0,posterior_predictive,425,-17.80093312922788,0.1154532992854524,-20.68602494719616,-20.08081337519762,-19.191961258396717,-17.902241292250608,-16.673958835848616,-15.524620801758934,-13.29318342684743,0.0,0.0,0.0,1.0,0.0,-12.328282739729502,,True,5.4726503894983765,0.0547265038949837,4.462921488444472,0.0446292148844447,0.0,0.0,0.0,0.0,4.556192573438688,7.39284152034873,prospective
late_reactivation,30101,late_reactivation-30101,middle,middle-w05,14,49,100,daily_to_365_response30_settlement30,250,bayesian_hierarchical,finite-grid-gamma-poisson/1.0.0,posterior_predictive,30,3.253209410323249,0.107150756304798,0.1499942768806937,1.2593061802642926,2.131782326125629,3.1514343551654256,4.088940109842019,5.425321530308503,6.783757470430099,0.984,0.984,0.968,0.0,0.0,3.242576365765056,23.0,False,0.010633044558193,0.0001063304455819,0.3408560659528895,0.0034085606595288,0.000256,0.000256,1.0,1.0,4.16601535004421,6.633763193549405,prospective
late_reactivation,30101,late_reactivation-30101,middle,middle-w05,14,49,100,daily_to_365_response30_settlement30,250,bayesian_hierarchical,finite-grid-gamma-poisson/1.0.0,posterior_predictive,90,19.180196880820912,0.2427442197304239,12.46532310842763,14.302228592685973,16.438297223503138,18.85962443819612,21.762582954677708,23.877727448614834,27.08320078682436,1.0,1.0,0.984,0.0,0.0,20.550752945975777,23.0,False,1.3705560651548652,0.0137055606515486,1.1462822866294693,0.0114628228662946,0.0,0.0,1.0,1.0,9.575498855928863,14.617877678396727,prospective
late_reactivation,30101,late_reactivation-30101,middle,middle-w05,14,49,100,daily_to_365_response30_settlement30,250,bayesian_hierarchical,finite-grid-gamma-poisson/1.0.0,posterior_predictive,180,24.326212782037796,0.2932691228141858,15.958251211645278,18.454329482316687,20.814115382739896,24.38193476618499,27.18936897414197,30.272794495389505,33.868448634374566,1.0,1.0,0.984,0.0,0.0,49.80260544882464,23.0,False,25.476392666786843,0.2547639266678684,22.84554306897316,0.2284554306897316,0.0,0.0,0.0,0.0,11.818465013072815,17.91019742272929,prospective
late_reactivation,30101,late_reactivation-30101,middle,middle-w05,14,49,100,daily_to_365_response30_settlement30,250,bayesian_hierarchical,finite-grid-gamma-poisson/1.0.0,posterior_predictive,425,22.89026859451707,0.3042534314685658,14.909679868911017,16.668750715196587,19.293786350861836,22.79024530937305,25.961866422331447,29.016042729867657,32.618261249577294,1.0,1.0,0.984,0.0,0.0,49.93274781918991,23.0,False,27.04247922467284,0.2704247922467284,24.319122155260605,0.243191221552606,0.0,0.0,0.0,0.0,12.34729201467107,17.708581380666278,prospective
late_reactivation,30101,late_reactivation-30101,high,high-w05,14,49,100,daily_to_365_response30_settlement30,250,bayesian_hierarchical,finite-grid-gamma-poisson/1.0.0,posterior_predictive,30,10.969099106065729,0.1504014754785414,6.310712289487462,8.01831378731123,9.162105428439382,11.010257954102926,12.580138482389549,14.00408676217532,15.61825902245752,1.0,1.0,1.0,0.0,0.0,9.7300968135008,15.0,False,1.239002292564928,0.0123900229256492,0.8016096347792512,0.0080160963477925,0.0,0.0,1.0,1.0,5.985772974864091,9.307546732970057,prospective
late_reactivation,30101,late_reactivation-30101,high,high-w05,14,49,100,daily_to_365_response30_settlement30,250,bayesian_hierarchical,finite-grid-gamma-poisson/1.0.0,posterior_predictive,90,33.290175608710925,0.3443757052486136,23.363450689931803,26.462024046954344,29.693390971815877,33.14641066507652,36.54626224077812,40.15178337071912,44.81586151395325,1.0,1.0,1.0,0.0,0.0,39.30136358659576,15.0,False,6.011187977884838,0.0601118797788483,3.8310057874146657,0.0383100578741466,0.0,0.0,1.0,1.0,13.689759323764772,21.45241082402145,prospective
late_reactivation,30101,late_reactivation-30101,high,high-w05,14,49,100,daily_to_365_response30_settlement30,250,bayesian_hierarchical,finite-grid-gamma-poisson/1.0.0,posterior_predictive,180,41.00691882581585,0.4051761103981407,29.036124901141225,33.217959134091544,36.58399815414172,41.00123710590496,44.80064548185706,49.46133347337383,55.0409704138401,1.0,1.0,1.0,0.0,0.0,90.76730085700336,15.0,False,49.7603820311875,0.4976038203118749,46.198478628004935,0.4619847862800493,0.0,0.0,0.0,0.0,16.243374339282283,26.004845512698875,prospective
late_reactivation,30101,late_reactivation-30101,high,high-w05,14,49,100,daily_to_365_response30_settlement30,250,bayesian_hierarchical,finite-grid-gamma-poisson/1.0.0,posterior_predictive,425,40.145887644814,0.4202404312778315,27.629150785325635,31.85556257455458,35.74375621552141,40.1856273020494,44.36827856919005,48.80414723225326,53.55061392971226,1.0,1.0,1.0,0.0,0.0,95.669416964225,15.0,False,55.52352931941101,0.5552352931941101,51.81740120081192,0.5181740120081192,0.0,0.0,0.0,0.0,16.948584657698678,25.921463144386628,prospective
late_reactivation,30101,late_reactivation-30101,low,low-w05,30,65,100,daily_to_365_response30_settlement30,250,bayesian_hierarchical,finite-grid-gamma-poisson/1.0.0,posterior_predictive,90,-14.13317500266161,0.0605014032581408,-15.658212094751985,-15.270676219588388,-14.81666946438191,-14.181554970064134,-13.610283219185924,-12.82958396151057,-12.004739430650822,0.0,0.0,0.0,1.0,0.0,-13.222704726538652,,True,0.9104702761229556,0.0091047027612295,0.6019123136521983,0.0060191231365219,0.0,0.0,1.0,1.0,2.441092258077818,3.6534726641011614,prospective
late_reactivation,30101,late_reactivation-30101,low,low-w05,30,65,100,daily_to_365_response30_settlement30,250,bayesian_hierarchical,finite-grid-gamma-poisson/1.0.0,posterior_predictive,180,-14.527141776938551,0.0739747137938098,-16.51451769131474,-15.987827318925804,-15.351298525584944,-14.605410824022613,-13.810259703885366,-12.817666143070063,-12.03114489618019,0.0,0.0,0.0,1.0,0.0,-9.852052169467717,,True,4.675089607470836,0.0467508960747083,4.018216716371004,0.04018216716371,0.0,0.0,0.0,0.0,3.170161175855739,4.483372795134549,prospective
late_reactivation,30101,late_reactivation-30101,low,low-w05,30,65,100,daily_to_365_response30_settlement30,250,bayesian_hierarchical,finite-grid-gamma-poisson/1.0.0,posterior_predictive,425,-17.694180309134904,0.0781737984442061,-20.094628209322376,-19.15117795705635,-18.57819568235765,-17.796219622740963,-16.977689662112255,-15.945473054670025,-15.134312454496316,0.0,0.0,0.0,1.0,0.0,-12.328282739729502,,True,5.365897569405401,0.053658975694054,4.6713850770331,0.0467138507703309,0.0,0.0,0.0,0.0,3.2057049023863264,4.960315754826059,prospective
late_reactivation,30101,late_reactivation-30101,middle,middle-w05,30,65,100,daily_to_365_response30_settlement30,250,bayesian_hierarchical,finite-grid-gamma-poisson/1.0.0,posterior_predictive,90,17.34555394402708,0.1561684984210942,12.860756436109863,14.290481534976504,15.623827806215314,17.26378310418838,18.763491005662072,20.55084638491201,22.2251902484502,1.0,1.0,1.0,0.0,0.0,20.550752945975777,23.0,False,3.205199001948696,0.0320519900194869,2.1646745533635965,0.0216467455336359,0.0,0.0,1.0,1.0,6.260364849935506,9.364433812340334,prospective
late_reactivation,30101,late_reactivation-30101,middle,middle-w05,30,65,100,daily_to_365_response30_settlement30,250,bayesian_hierarchical,finite-grid-gamma-poisson/1.0.0,posterior_predictive,180,22.14903743539117,0.2022757628456763,16.501770902437656,18.16215157436268,20.010902513260927,22.071425600116388,24.118529919043247,26.104097974260167,29.24266346403197,1.0,1.0,1.0,0.0,0.0,49.80260544882464,23.0,False,27.653568013433468,0.2765356801343346,25.88066530573635,0.2588066530573635,0.0,0.0,0.0,0.0,7.941946399897489,12.740892561594316,prospective
late_reactivation,30101,late_reactivation-30101,middle,middle-w05,30,65,100,daily_to_365_response30_settlement30,250,bayesian_hierarchical,finite-grid-gamma-poisson/1.0.0,posterior_predictive,425,20.561553264128097,0.2093411640288556,15.02821252391922,16.569870289727362,18.556719406809652,20.354769295232416,22.54997521737165,24.491147568991128,27.76005484838466,1.0,1.0,1.0,0.0,0.0,49.93274781918991,23.0,False,29.371194555061816,0.2937119455506181,27.53673452452213,0.2753673452452213,0.0,0.0,0.0,0.0,7.921277279263766,12.73184232446544,prospective
late_reactivation,30101,late_reactivation-30101,high,high-w05,30,65,100,daily_to_365_response30_settlement30,250,bayesian_hierarchical,finite-grid-gamma-poisson/1.0.0,posterior_predictive,90,34.50815731187162,0.260510665803814,27.45432866752965,29.44805427273036,31.32248608648497,34.08969163936679,37.65284123266025,39.97586299165392,42.18878435268125,1.0,1.0,1.0,0.0,0.0,39.30136358659576,15.0,False,4.793206274724142,0.0479320627472414,2.952007848481934,0.0295200784848193,0.0,0.0,1.0,1.0,10.52780871892356,14.734455685151602,prospective
late_reactivation,30101,late_reactivation-30101,high,high-w05,30,65,100,daily_to_365_response30_settlement30,250,bayesian_hierarchical,finite-grid-gamma-poisson/1.0.0,posterior_predictive,180,43.45311695151848,0.3150777045391053,34.03481645906803,37.26552614156831,39.77229887975987,43.37963848794482,46.704465694938,49.97869159366175,53.03785989884621,1.0,1.0,1.0,0.0,0.0,90.76730085700336,15.0,False,47.31418390548487,0.4731418390548487,44.49725114285505,0.4449725114285505,0.0,0.0,0.0,0.0,12.713165452093442,19.00304343977817,prospective
late_reactivation,30101,late_reactivation-30101,high,high-w05,30,65,100,daily_to_365_response30_settlement30,250,bayesian_hierarchical,finite-grid-gamma-poisson/1.0.0,posterior_predictive,425,42.71912592442822,0.3251928724602151,33.05283556532137,36.289910431604895,38.852674991514434,42.28615581367136,46.020366194796495,49.65784670750847,53.16389000092349,1.0,1.0,1.0,0.0,0.0,95.669416964225,15.0,False,52.95029103979679,0.5295029103979679,50.04527831984513,0.5004527831984513,0.0,0.0,0.0,0.0,13.367936275903574,20.111054435602128,prospective
late_reactivation,30101,late_reactivation-30101,low,low-w05,60,95,100,daily_to_365_response30_settlement30,250,bayesian_hierarchical,finite-grid-gamma-poisson/1.0.0,posterior_predictive,90,-13.378851881517834,0.0321158190514792,-14.1945494563238,-13.996291656999638,-13.731292399395745,-13.435679748548626,-13.097558836934311,-12.705104873470404,-12.215851685208472,0.0,0.0,0.0,1.0,0.0,-13.222704726538652,,True,0.1561471549791804,0.0015614715497918,0.1482938413003098,0.001482938413003,0.0,0.0,1.0,1.0,1.291186783529234,1.9786977711153284,prospective
late_reactivation,30101,late_reactivation-30101,low,low-w05,60,95,100,daily_to_365_response30_settlement30,250,bayesian_hierarchical,finite-grid-gamma-poisson/1.0.0,posterior_predictive,180,-13.606322609216404,0.0719607920173699,-14.99608082344499,-14.659898373816317,-14.200402041137208,-13.75223949371148,-13.301332117675711,-12.748113273495171,-10.140847838726389,0.0,0.0,0.0,1.0,0.0,-9.852052169467717,,True,3.7542704397486872,0.0375427043974868,3.312253594224411,0.0331225359422441,0.0,0.0,0.0,0.0,1.9117851003211437,4.855232984718601,prospective
late_reactivation,30101,late_reactivation-30101,low,low-w05,60,95,100,daily_to_365_response30_settlement30,250,bayesian_hierarchical,finite-grid-gamma-poisson/1.0.0,posterior_predictive,425,-16.432777459242303,0.1062092029130724,-18.094514331276017,-17.70161383157339,-17.200068660898374,-16.683920315779513,-16.088142246355826,-15.613344296891562,-10.20736730675927,0.0,0.0,0.0,1.0,0.0,-12.328282739729502,,True,4.1044947195128,0.041044947195128,3.6890682700744057,0.036890682700744,0.0,0.0,0.0,1.0,2.088269534681828,7.887147024516746,prospective
late_reactivation,30101,late_reactivation-30101,middle,middle-w05,60,95,100,daily_to_365_response30_settlement30,250,bayesian_hierarchical,finite-grid-gamma-poisson/1.0.0,posterior_predictive,90,18.23132577278844,0.0801582989345982,15.724817311894231,16.717495324824515,17.41298438670771,18.119744475104795,19.03869333082333,19.970420131965408,20.63491060946524,1.0,1.0,1.0,0.0,0.0,20.550752945975777,23.0,False,2.3194271731873397,0.0231942717318733,1.6428018962535438,0.0164280189625354,0.0,0.0,0.0,1.0,3.252924807140893,4.910093297571009,prospective
late_reactivation,30101,late_reactivation-30101,middle,middle-w05,60,95,100,daily_to_365_response30_settlement30,250,bayesian_hierarchical,finite-grid-gamma-poisson/1.0.0,posterior_predictive,180,23.42363975973622,0.1209532014534568,19.84545013187396,21.292326930672008,22.077874066657586,23.319773423034924,24.56274090674298,26.01599304429413,27.248147435860428,1.0,1.0,1.0,0.0,0.0,49.80260544882464,23.0,False,26.378965689088417,0.2637896568908842,25.318980252281943,0.2531898025228194,0.0,0.0,0.0,0.0,4.723666113622127,7.402697303986468,prospective
late_reactivation,30101,late_reactivation-30101,middle,middle-w05,60,95,100,daily_to_365_response30_settlement30,250,bayesian_hierarchical,finite-grid-gamma-poisson/1.0.0,posterior_predictive,425,21.77135013803833,0.1323632199323842,17.874487016414793,19.35563764915604,20.322112443812102,21.65384532029133,23.10344382681079,24.3966734396715,25.88319312727063,1.0,1.0,1.0,0.0,0.0,49.93274781918991,23.0,False,28.161397681151588,0.2816139768115159,26.99001222207793,0.2699001222207792,0.0,0.0,0.0,0.0,5.041035790515462,8.008706110855837,prospective
late_reactivation,30101,late_reactivation-30101,high,high-w05,60,95,100,daily_to_365_response30_settlement30,250,bayesian_hierarchical,finite-grid-gamma-poisson/1.0.0,posterior_predictive,90,32.11012401261344,0.1450869076827505,28.358685592058336,29.41669588535666,30.47094311106452,31.714500399542032,33.38439884354396,34.99130119440682,37.12309971569243,1.0,1.0,1.0,0.0,0.0,39.30136358659576,15.0,False,7.1912395739823225,0.0719123957398232,5.913248139104014,0.0591324813910401,0.0,0.0,0.0,0.0,5.574605309050163,8.764414123634097,prospective
late_reactivation,30101,late_reactivation-30101,high,high-w05,60,95,100,daily_to_365_response30_settlement30,250,bayesian_hierarchical,finite-grid-gamma-poisson/1.0.0,posterior_predictive,180,41.65182632246743,0.3933896081417765,34.745982684567146,36.27428167894213,38.22591294113651,40.46053239841648,43.201082604451,46.08507235323573,61.95455024314634,1.0,1.0,1.0,0.0,0.0,90.76730085700336,15.0,False,49.11547453453592,0.4911547453453592,46.25224515891357,0.4625224515891357,0.0,0.0,0.0,0.0,9.810790674293592,27.2085675585792,prospective
late_reactivation,30101,late_reactivation-30101,high,high-w05,60,95,100,daily_to_365_response30_settlement30,250,bayesian_hierarchical,finite-grid-gamma-poisson/1.0.0,posterior_predictive,425,42.1027259184291,0.6832884916965408,32.83321177969012,35.58550001605782,37.25143982936432,39.64281768013026,42.25971483023922,45.12968184107192,83.16975934741238,1.0,1.0,1.0,0.0,0.0,95.669416964225,15.0,False,53.56669104579591,0.5356669104579591,49.44874494999125,0.4944874494999124,0.0,0.0,0.0,0.0,9.5441818250141,50.33654756772226,prospective
late_reactivation,30202,late_reactivation-30202,low,low-w05,3,38,100,daily_to_365_response30_settlement30,250,bayesian_hierarchical,finite-grid-gamma-poisson/1.0.0,posterior_predictive,30,-15.944278081864772,0.0526854064923093,-17.575710347099452,-17.037548586493493,-16.496827410871557,-15.94783634530249,-15.378446271988764,-14.827503664237812,-14.346168308869313,0.0,0.0,0.0,1.0,0.0,-16.032444904412614,,True,0.0881668225478424,0.0008816682254784,0.2013785355049277,0.0020137853550492,0.0,0.0,1.0,1.0,2.210044922255681,3.229542038230141,prospective
late_reactivation,30202,late_reactivation-30202,low,low-w05,3,38,100,daily_to_365_response30_settlement30,250,bayesian_hierarchical,finite-grid-gamma-poisson/1.0.0,posterior_predictive,90,-16.57561521811362,0.0638279725690467,-18.382071042097408,-17.798910930741453,-17.26128062152134,-16.594094905500654,-15.907882084028165,-15.27142156905222,-14.4854428671224,0.0,0.0,0.0,1.0,0.0,-14.954869487684832,,True,1.6207457304287871,0.0162074573042878,1.104743455270632,0.0110474345527063,0.0,0.0,0.0,1.0,2.5274893616892324,3.896628174975009,prospective
late_reactivation,30202,late_reactivation-30202,low,low-w05,3,38,100,daily_to_365_response30_settlement30,250,bayesian_hierarchical,finite-grid-gamma-poisson/1.0.0,posterior_predictive,180,-18.443008496804232,0.0650813708366181,-20.34335483082444,-19.727268891966077,-19.152897220295188,-18.49569482791688,-17.76933131443176,-17.023489050058146,-16.344896965103747,0.0,0.0,0.0,1.0,0.0,-9.86922756950251,,True,8.573780927301723,0.0857378092730172,7.993081679928157,0.0799308167992815,0.0,0.0,0.0,0.0,2.7037798419079278,3.9984578657206953,prospective
late_reactivation,30202,late_reactivation-30202,low,low-w05,3,38,100,daily_to_365_response30_settlement30,250,bayesian_hierarchical,finite-grid-gamma-poisson/1.0.0,posterior_predictive,425,-21.763760930578165,0.0706224422818302,-23.83464092400787,-23.16442944295255,-22.51873257470218,-21.84314566174274,-21.09034913471009,-20.228535978136662,-19.60419153182682,0.0,0.0,0.0,1.0,0.0,-12.219137090653604,,True,9.54462383992456,0.0954462383992456,8.913958113732308,0.089139581137323,0.0,0.0,0.0,0.0,2.935893464815887,4.23044939218105,prospective
late_reactivation,30202,late_reactivation-30202,middle,middle-w05,3,38,100,daily_to_365_response30_settlement30,250,bayesian_hierarchical,finite-grid-gamma-poisson/1.0.0,posterior_predictive,30,-1.883005186084829,0.1703703773359356,-6.476700550274341,-5.242810554645271,-3.736886598713604,-2.001142256690787,-0.2350287271109684,1.6408163468124346,4.048029930904775,0.224,0.232,0.22,0.404,0.0,-5.692238389547152,50.0,False,3.8092332034623233,0.0380923320346232,2.416422888026832,0.0241642288802683,0.050176,0.053824,0.0,1.0,6.883626901457705,10.524730481179116,prospective
late_reactivation,30202,late_reactivation-30202,middle,middle-w05,3,38,100,daily_to_365_response30_settlement30,250,bayesian_hierarchical,finite-grid-gamma-poisson/1.0.0,posterior_predictive,90,0.8221868966908926,0.2141660488814889,-5.300343789166876,-3.181267990828552,-1.3813841432707288,0.4323775934963123,3.062798464043951,5.225572107548972,8.08183548997747,0.572,0.596,0.5,0.404,0.0,9.65802369013622,50.0,False,8.835836793445328,0.0883583679344532,7.012436649277243,0.0701243664927724,0.183184,0.163216,0.0,0.0,8.406840098377524,13.382179279144346,prospective
late_reactivation,30202,late_reactivation-30202,middle,middle-w05,3,38,100,daily_to_365_response30_settlement30,250,bayesian_hierarchical,finite-grid-gamma-poisson/1.0.0,posterior_predictive,180,-0.7997971322472386,0.218412846445449,-7.018606096255353,-4.684844168371554,-3.0967742417543134,-1.1736459675289368,1.435372067329571,3.624714624190887,6.484462075383966,0.372,0.596,0.356,0.404,0.0,27.397610634739824,50.0,False,28.197407766987062,0.2819740776698706,26.2815513221415,0.262815513221415,0.394384,0.163216,0.0,0.0,8.309558792562441,13.50306817163932,prospective
late_reactivation,30202,late_reactivation-30202,middle,middle-w05,3,38,100,daily_to_365_response30_settlement30,250,bayesian_hierarchical,finite-grid-gamma-poisson/1.0.0,posterior_predictive,425,-3.811933425170436,0.2186996034862481,-10.04518109625535,-7.668854973476055,-6.047120287060623,-4.277835971866795,-1.6601945980384327,0.6492896241908922,3.5556263417073084,0.132,0.596,0.128,0.404,0.0,28.84133185385201,50.0,False,32.65326527902245,0.3265326527902245,30.73005290824725,0.3073005290824724,0.753424,0.163216,0.0,0.0,8.318144597666947,13.600807437962658,prospective
late_reactivation,30202,late_reactivation-30202,high,high-w05,3,38,100,daily_to_365_response30_settlement30,250,bayesian_hierarchical,finite-grid-gamma-poisson/1.0.0,posterior_predictive,30,16.591820850988192,0.2798868700480078,8.250981234367806,11.267608522207013,13.518017649855915,16.33812522696099,19.743655244969915,22.92117631378027,24.802011599993723,1.0,1.0,1.0,0.0,0.0,21.79702725112537,8.0,False,5.205206400137179,0.0520520640013717,3.3040998181453194,0.0330409981814531,0.0,0.0,1.0,1.0,11.653567791573256,16.551030365625916,prospective
late_reactivation,30202,late_reactivation-30202,high,high-w05,3,38,100,daily_to_365_response30_settlement30,250,bayesian_hierarchical,finite-grid-gamma-poisson/1.0.0,posterior_predictive,90,24.055102300076133,0.3430986301160115,14.365533556380042,17.286598991108463,20.2791928102798,23.41829997120646,27.65398313646465,30.855823532380192,34.89065233643162,1.0,1.0,1.0,0.0,0.0,61.47143234103528,8.0,False,37.41633004095915,0.3741633004095915,34.36666566731278,0.3436666566731278,0.0,0.0,0.0,0.0,13.56922454127173,20.525118780051574,prospective
late_reactivation,30202,late_reactivation-30202,high,high-w05,3,38,100,daily_to_365_response30_settlement30,250,bayesian_hierarchical,finite-grid-gamma-poisson/1.0.0,posterior_predictive,180,22.64278697065736,0.3450855297398746,12.948681138241296,15.792241948503714,18.99799317561563,22.178468895971577,26.13690667806833,29.87141981490166,33.3703250199395,1.0,1.0,1.0,0.0,0.0,107.67228018652466,8.0,False,85.02949321586729,0.8502949321586729,81.96099797408138,0.8196099797408138,0.0,0.0,0.0,0.0,14.079177866397949,20.4216438816982,prospective
late_reactivation,30202,late_reactivation-30202,high,high-w05,3,38,100,daily_to_365_response30_settlement30,250,bayesian_hierarchical,finite-grid-gamma-poisson/1.0.0,posterior_predictive,425,19.82918868341569,0.3463979003592963,9.91666884166578,12.905291869785335,16.191856882608597,19.46673088709104,23.47841175229916,27.07472017565953,30.185758978855112,1.0,1.0,1.0,0.0,0.0,113.5477006910806,8.0,False,93.7185120076649,0.937185120076649,90.63452064550216,0.9063452064550216,0.0,0.0,0.0,0.0,14.169428305874192,20.26909013718933,prospective
late_reactivation,30202,late_reactivation-30202,low,low-w05,7,42,100,daily_to_365_response30_settlement30,250,bayesian_hierarchical,finite-grid-gamma-poisson/1.0.0,posterior_predictive,30,-16.04436501903469,0.0386411831309246,-17.045575931026264,-16.74202745207287,-16.512433483513504,-16.10944561627172,-15.665619190496232,-15.207755208682329,-14.77216798810692,0.0,0.0,0.0,1.0,0.0,-16.032444904412614,,True,0.0119201146220753,0.0001192011462207,0.1488505496062475,0.0014885054960624,0.0,0.0,1.0,1.0,1.5342722433905394,2.273407942919345,prospective
late_reactivation,30202,late_reactivation-30202,low,low-w05,7,42,100,daily_to_365_response30_settlement30,250,bayesian_hierarchical,finite-grid-gamma-poisson/1.0.0,posterior_predictive,90,-16.74613964427736,0.0492315542101602,-18.107971227089028,-17.714599489862373,-17.250417193700244,-16.83218229278264,-16.264059411154832,-15.715752954587597,-15.085121651165148,0.0,0.0,0.0,1.0,0.0,-14.954869487684832,,True,1.7912701565925282,0.0179127015659252,1.3702367646143556,0.0137023676461435,0.0,0.0,0.0,0.0,1.998846535274776,3.02284957592388,prospective
late_reactivation,30202,late_reactivation-30202,low,low-w05,7,42,100,daily_to_365_response30_settlement30,250,bayesian_hierarchical,finite-grid-gamma-poisson/1.0.0,posterior_predictive,180,-18.574269756148578,0.0504229488891542,-19.96258821982682,-19.52401494693669,-19.151277863157716,-18.659636803362087,-18.10364819981575,-17.567252817445137,-16.74706250440698,0.0,0.0,0.0,1.0,0.0,-9.86922756950251,,True,8.705042186646068,0.0870504218664606,8.258933703417739,0.0825893370341774,0.0,0.0,0.0,0.0,1.9567621294915547,3.21552571541984,prospective
late_reactivation,30202,late_reactivation-30202,low,low-w05,7,42,100,daily_to_365_response30_settlement30,250,bayesian_hierarchical,finite-grid-gamma-poisson/1.0.0,posterior_predictive,425,-21.74236476130493,0.0583168465677271,-23.375208428256304,-22.90629810704174,-22.375417342062885,-21.790120149479264,-21.225339965761957,-20.65226935618728,-19.46762209734497,0.0,0.0,0.0,1.0,0.0,-12.219137090653604,,True,9.523227670651323,0.0952322767065132,9.010085967753955,0.0901008596775395,0.0,0.0,0.0,0.0,2.254028750854463,3.907586330911332,prospective
late_reactivation,30202,late_reactivation-30202,middle,middle-w05,7,42,100,daily_to_365_response30_settlement30,250,bayesian_hierarchical,finite-grid-gamma-poisson/1.0.0,posterior_predictive,30,-4.16452558273708,0.1135115780656002,-7.469449529357813,-6.308625428676268,-5.307998204016124,-4.329963956360755,-3.122226403647585,-1.7966615451384758,-0.2615528614995161,0.012,0.012,0.012,0.736,0.0,-5.692238389547152,50.0,False,1.5277128068100725,0.0152771280681007,0.8650534416887005,0.008650534416887,0.000144,0.000144,1.0,1.0,4.511963883537792,7.207896667858296,prospective
late_reactivation,30202,late_reactivation-30202,middle,middle-w05,7,42,100,daily_to_365_response30_settlement30,250,bayesian_hierarchical,finite-grid-gamma-poisson/1.0.0,posterior_predictive,90,-1.7828258341239844,0.1483154733455016,-5.9002443505453455,-4.551493416172316,-3.2851111239062685,-2.083948031807445,-0.3764289743960021,1.2254904248865637,3.02163115696595,0.224,0.264,0.176,0.736,0.0,9.65802369013622,50.0,False,11.440849524260203,0.114408495242602,10.129818312544622,0.1012981831254462,0.602176,0.541696,0.0,0.0,5.776983841058879,8.921875507511295,prospective
late_reactivation,30202,late_reactivation-30202,middle,middle-w05,7,42,100,daily_to_365_response30_settlement30,250,bayesian_hierarchical,finite-grid-gamma-poisson/1.0.0,posterior_predictive,180,-3.4044159134526155,0.1492115184706582,-7.430949891300324,-6.26421634520498,-4.92471267659176,-3.609380889891031,-1.9491130856039152,-0.3032435321743915,1.3656428885020409,0.084,0.264,0.068,0.736,0.0,27.397610634739824,50.0,False,30.80202654819244,0.3080202654819244,29.479428036118883,0.2947942803611888,0.839056,0.541696,0.0,0.0,5.960972813030588,8.796592779802365,prospective
late_reactivation,30202,late_reactivation-30202,middle,middle-w05,7,42,100,daily_to_365_response30_settlement30,250,bayesian_hierarchical,finite-grid-gamma-poisson/1.0.0,posterior_predictive,425,-6.29318777990181,0.1513527172257942,-10.397312362550547,-9.30304787705131,-7.972201723409381,-6.481592024589322,-4.550907866609959,-2.9405406622511374,-1.4510892133875353,0.008,0.264,0.008,0.736,0.0,28.84133185385201,50.0,False,35.134519633753825,0.3513451963375382,33.78732092664131,0.337873209266413,0.984064,0.541696,0.0,0.0,6.362507214800171,8.946223149163014,prospective
late_reactivation,30202,late_reactivation-30202,high,high-w05,7,42,100,daily_to_365_response30_settlement30,250,bayesian_hierarchical,finite-grid-gamma-poisson/1.0.0,posterior_predictive,30,19.27488720076881,0.2499542703738723,12.665555956454366,14.48189662871836,16.441390249141186,19.01801443056173,21.84475652059468,24.327357861740897,27.74164799249712,1.0,1.0,1.0,0.0,0.0,21.79702725112537,8.0,False,2.5221400503565654,0.0252214005035656,1.651935786306928,0.0165193578630692,0.0,0.0,1.0,1.0,9.845461233022537,15.076092036042752,prospective
late_reactivation,30202,late_reactivation-30202,high,high-w05,7,42,100,daily_to_365_response30_settlement30,250,bayesian_hierarchical,finite-grid-gamma-poisson/1.0.0,posterior_predictive,90,27.83758101711682,0.4578617560495956,18.280460156478053,20.72402089690488,23.291309447811685,27.446627802059197,30.58712251432283,34.50412184401432,40.58320446876977,1.0,1.0,1.0,0.0,0.0,61.47143234103528,8.0,False,33.63385132391846,0.3363385132391846,30.30648656606239,0.3030648656606239,0.0,0.0,0.0,0.0,13.78010094710944,22.30274431229172,prospective
late_reactivation,30202,late_reactivation-30202,high,high-w05,7,42,100,daily_to_365_response30_settlement30,250,bayesian_hierarchical,finite-grid-gamma-poisson/1.0.0,posterior_predictive,180,26.87481477851254,0.5723705784481418,16.91041580922736,19.285448606917445,22.06620824426156,26.00308977894887,29.28840027855188,32.96823880315616,39.58498743191107,1.0,1.0,1.0,0.0,0.0,107.67228018652466,8.0,False,80.79746540801212,0.8079746540801211,76.97378493895674,0.7697378493895674,0.0,0.0,0.0,0.0,13.682790196238717,22.674571622683708,prospective
late_reactivation,30202,late_reactivation-30202,high,high-w05,7,42,100,daily_to_365_response30_settlement30,250,bayesian_hierarchical,finite-grid-gamma-poisson/1.0.0,posterior_predictive,425,24.222227707441924,0.5918956047524377,14.345420177126918,16.696539298520943,19.280018535908656,23.32287444352084,26.380380956211216,30.30805415407156,37.1881874319111,1.0,1.0,1.0,0.0,0.0,113.5477006910806,8.0,False,89.32547298363866,0.8932547298363867,85.4556370459072,0.854556370459072,0.0,0.0,0.0,0.0,13.611514855550617,22.842767254784185,prospective
late_reactivation,30202,late_reactivation-30202,low,low-w05,14,49,100,daily_to_365_response30_settlement30,250,bayesian_hierarchical,finite-grid-gamma-poisson/1.0.0,posterior_predictive,30,-15.613647092527549,0.0310405948619163,-16.559695577811052,-16.23998312386129,-15.91572317867201,-15.62739529237136,-15.325757516567714,-14.965077142465068,-14.6678656318924,0.0,0.0,0.0,1.0,0.0,-16.032444904412614,,True,0.4187978118850655,0.0041879781188506,0.2546392276926726,0.0025463922769267,0.0,0.0,1.0,1.0,1.2749059813962216,1.8918299459186527,prospective
late_reactivation,30202,late_reactivation-30202,low,low-w05,14,49,100,daily_to_365_response30_settlement30,250,bayesian_hierarchical,finite-grid-gamma-poisson/1.0.0,posterior_predictive,90,-16.253023404233865,0.0385498869894731,-17.48221688005191,-17.003036408784805,-16.636056298069157,-16.222374161431162,-15.846117239924418,-15.525345231402415,-14.9993262212627,0.0,0.0,0.0,1.0,0.0,-14.954869487684832,,True,1.2981539165490332,0.0129815391654903,0.9671198295030644,0.0096711982950306,0.0,0.0,0.0,0.0,1.4776911773823898,2.482890658789213,prospective
late_reactivation,30202,late_reactivation-30202,low,low-w05,14,49,100,daily_to_365_response30_settlement30,250,bayesian_hierarchical,finite-grid-gamma-poisson/1.0.0,posterior_predictive,180,-18.02794473569271,0.0399855487550599,-19.271532558479755,-18.775103250870067,-18.44575312206653,-18.006590590528234,-17.614845277906664,-17.21823508602645,-16.800562564317524,0.0,0.0,0.0,1.0,0.0,-9.86922756950251,,True,8.1587171661902,0.081587171661902,7.805465905888867,0.0780546590588886,0.0,0.0,0.0,0.0,1.5568681648436176,2.470969994162232,prospective
late_reactivation,30202,late_reactivation-30202,low,low-w05,14,49,100,daily_to_365_response30_settlement30,250,bayesian_hierarchical,finite-grid-gamma-poisson/1.0.0,posterior_predictive,425,-21.059605054264967,0.0474759405840386,-22.40028083325249,-21.959701663868856,-21.576567152024317,-21.09809448054716,-20.53598733207684,-20.06801790247474,-19.577546441071583,0.0,0.0,0.0,1.0,0.0,-12.219137090653604,,True,8.840467963611362,0.0884046796361136,8.417382891823559,0.0841738289182355,0.0,0.0,0.0,0.0,1.891683761394116,2.822734392180905,prospective
late_reactivation,30202,late_reactivation-30202,middle,middle-w05,14,49,100,daily_to_365_response30_settlement30,250,bayesian_hierarchical,finite-grid-gamma-poisson/1.0.0,posterior_predictive,30,-2.905273548283471,0.098362246053985,-5.813977853227806,-4.858722244115574,-4.032968947852028,-2.8915614338953493,-1.8930613949480584,-1.0157583835637485,0.2162493028704135,0.044,0.044,0.044,0.0,0.0,-5.692238389547152,50.0,False,2.7869648412636816,0.0278696484126368,1.926383948534353,0.0192638394853435,0.0019359999999999,0.0019359999999999,0.0,1.0,3.842963860551826,6.03022715609822,prospective
late_reactivation,30202,late_reactivation-30202,middle,middle-w05,14,49,100,daily_to_365_response30_settlement30,250,bayesian_hierarchical,finite-grid-gamma-poisson/1.0.0,posterior_predictive,90,10.365200421984706,0.2174543497385832,4.361250850970492,6.201726646717988,8.02356293653979,10.211238258306905,12.555986288568498,15.02326400514616,18.180082800751837,1.0,1.0,0.98,0.0,0.0,9.65802369013622,50.0,False,0.7071767318484863,0.0070717673184848,0.830948256989406,0.008309482569894,0.0,0.0,1.0,1.0,8.821537358428172,13.81883194978134,prospective
late_reactivation,30202,late_reactivation-30202,middle,middle-w05,14,49,100,daily_to_365_response30_settlement30,250,bayesian_hierarchical,finite-grid-gamma-poisson/1.0.0,posterior_predictive,180,14.442689466228082,0.2625042533750317,7.11475973742082,9.387395716502231,11.700934736606005,14.21065003012163,17.046656106714533,20.089362376238967,21.967794648564283,1.0,1.0,0.98,0.0,0.0,27.397610634739824,50.0,False,12.954921168511742,0.1295492116851174,10.637014415726966,0.1063701441572696,0.0,0.0,0.0,0.0,10.701966659736737,14.853034911143464,prospective
late_reactivation,30202,late_reactivation-30202,middle,middle-w05,14,49,100,daily_to_365_response30_settlement30,250,bayesian_hierarchical,finite-grid-gamma-poisson/1.0.0,posterior_predictive,425,12.839592532723158,0.2723653525362319,4.642913060394381,7.696848326556978,10.187115337469166,12.24698852460354,15.39213322641722,18.7554215170028,20.959590755862404,1.0,1.0,0.98,0.0,0.0,28.84133185385201,50.0,False,16.001739321128852,0.1600173932112885,13.58729701961853,0.1358729701961853,0.0,0.0,0.0,0.0,11.058573190445824,16.316677695468023,prospective
late_reactivation,30202,late_reactivation-30202,high,high-w05,14,49,100,daily_to_365_response30_settlement30,250,bayesian_hierarchical,finite-grid-gamma-poisson/1.0.0,posterior_predictive,30,26.83361814865774,0.2079236919922349,20.977670510573,22.462326936903715,24.40078294042468,26.890686115756267,29.15663505414028,30.90621743090128,33.50373356519231,1.0,1.0,1.0,0.0,0.0,21.79702725112537,8.0,False,5.0365908975323705,0.0503659089753237,3.312550663939956,0.0331255066393995,0.0,0.0,0.0,1.0,8.443890493997564,12.526063054619314,prospective
late_reactivation,30202,late_reactivation-30202,high,high-w05,14,49,100,daily_to_365_response30_settlement30,250,bayesian_hierarchical,finite-grid-gamma-poisson/1.0.0,posterior_predictive,90,61.78138390845264,0.4263334720458276,49.51600163214634,53.320632694253696,56.75488714628826,61.55706884325797,66.08658575079976,70.8692546709441,75.6834504193723,1.0,1.0,1.0,0.0,0.0,61.47143234103528,8.0,False,0.3099515674173574,0.0030995156741735,1.6238554756329342,0.0162385547563293,0.0,0.0,1.0,1.0,17.548621976690406,26.167448787225965,prospective
late_reactivation,30202,late_reactivation-30202,high,high-w05,14,49,100,daily_to_365_response30_settlement30,250,bayesian_hierarchical,finite-grid-gamma-poisson/1.0.0,posterior_predictive,180,74.46730778162551,0.5080307240017994,58.176091848903184,64.11489830300948,68.78874055884572,74.50588992525022,79.99410492551763,85.80351904833614,89.81350385137665,1.0,1.0,1.0,0.0,0.0,107.67228018652466,8.0,False,33.20497240489915,0.3320497240489915,28.645149891471885,0.2864514989147188,0.0,0.0,0.0,0.0,21.68862074532666,31.637412002473468,prospective
late_reactivation,30202,late_reactivation-30202,high,high-w05,14,49,100,daily_to_365_response30_settlement30,250,bayesian_hierarchical,finite-grid-gamma-poisson/1.0.0,posterior_predictive,425,74.90699460249047,0.5247325644323746,58.307859803592194,63.56711340137091,68.82422010688475,74.87689725157648,80.32697901065566,86.46601776159166,90.35388755690316,1.0,1.0,1.0,0.0,0.0,113.5477006910806,8.0,False,38.64070608859012,0.3864070608859012,33.929814023379706,0.339298140233797,0.0,0.0,0.0,0.0,22.898904360220747,32.04602775331098,prospective
late_reactivation,30202,late_reactivation-30202,low,low-w05,30,65,100,daily_to_365_response30_settlement30,250,bayesian_hierarchical,finite-grid-gamma-poisson/1.0.0,posterior_predictive,90,-15.58849271447325,0.0668696053110098,-16.90387808149793,-16.73992896345575,-16.550834348137517,-15.783317029314787,-14.774216605684256,-13.971285914450498,-13.377898361663714,0.0,0.0,0.0,1.0,0.0,-14.954869487684832,,True,0.6336232267884192,0.0063362322678841,0.4672436832809133,0.0046724368328091,0.0,0.0,1.0,1.0,2.7686430490052523,3.525979719834215,prospective
late_reactivation,30202,late_reactivation-30202,low,low-w05,30,65,100,daily_to_365_response30_settlement30,250,bayesian_hierarchical,finite-grid-gamma-poisson/1.0.0,posterior_predictive,180,-16.141649866617925,0.1471469360993357,-18.65129997887362,-18.536121104903145,-18.277669702903594,-17.025785968376784,-14.193396136075936,-13.05305826189088,-11.058336579920145,0.0,0.0,0.0,1.0,0.0,-9.86922756950251,,True,6.272422297115416,0.0627242229711541,4.990078716610485,0.0499007871661048,0.0,0.0,0.0,0.0,5.483062843012263,7.592963398953476,prospective
late_reactivation,30202,late_reactivation-30202,low,low-w05,30,65,100,daily_to_365_response30_settlement30,250,bayesian_hierarchical,finite-grid-gamma-poisson/1.0.0,posterior_predictive,425,-18.01602211901548,0.2320560921135929,-21.898136164321176,-21.601650253348865,-21.236869968459366,-19.87278596837681,-15.355211723719227,-13.473195116252734,-9.729653994846135,0.0,0.0,0.0,1.0,0.0,-12.219137090653604,,True,5.796885028361876,0.0579688502836187,4.107718136571449,0.0410771813657144,0.0,0.0,0.0,1.0,8.12845513709613,12.16848216947504,prospective
late_reactivation,30202,late_reactivation-30202,middle,middle-w05,30,65,100,daily_to_365_response30_settlement30,250,bayesian_hierarchical,finite-grid-gamma-poisson/1.0.0,posterior_predictive,90,6.473003036648791,0.1365058386872035,2.4107362458626804,3.830050834261708,5.0931596510767125,6.397715753760858,7.83349342927153,9.236464350507884,10.659142339295734,0.996,0.996,0.964,0.0,0.0,9.65802369013622,50.0,False,3.185020653487429,0.0318502065348742,2.1334684375006354,0.0213346843750063,1.600000000000003e-05,1.600000000000003e-05,0.0,1.0,5.406413516246175,8.248406093433054,prospective
late_reactivation,30202,late_reactivation-30202,middle,middle-w05,30,65,100,daily_to_365_response30_settlement30,250,bayesian_hierarchical,finite-grid-gamma-poisson/1.0.0,posterior_predictive,180,10.08121738859305,0.1765097930486905,4.550914445220707,6.528389356892212,8.218405288125858,9.862702989769703,11.952169633021652,13.815008243152114,15.849877652310534,1.0,1.0,0.968,0.0,0.0,27.397610634739824,50.0,False,17.316393246146774,0.1731639324614677,15.741342631760974,0.1574134263176097,0.0,0.0,0.0,0.0,7.286618886259903,11.298963207089828,prospective
late_reactivation,30202,late_reactivation-30202,middle,middle-w05,30,65,100,daily_to_365_response30_settlement30,250,bayesian_hierarchical,finite-grid-gamma-poisson/1.0.0,posterior_predictive,425,8.385967991198665,0.188495005124841,2.5920608542883548,4.694204685628252,6.305695280714764,8.307679215417185,10.47350990086884,12.195011237754189,14.328157980464765,1.0,1.0,0.968,0.0,0.0,28.84133185385201,50.0,False,20.455363862653343,0.2045536386265334,18.764863370624614,0.1876486337062461,0.0,0.0,0.0,0.0,7.500806552125935,11.736097126176409,prospective
late_reactivation,30202,late_reactivation-30202,high,high-w05,30,65,100,daily_to_365_response30_settlement30,250,bayesian_hierarchical,finite-grid-gamma-poisson/1.0.0,posterior_predictive,90,51.18571178435749,0.2599825627938594,41.63539833358132,46.6376343031986,48.544590425084,51.210112984588505,53.88812543077506,56.147176668645706,58.68739943530343,1.0,1.0,1.0,0.0,0.0,61.47143234103528,8.0,False,10.285720556677788,0.1028572055667778,8.017130120392292,0.0801713012039229,0.0,0.0,0.0,0.0,9.50954236544711,17.052001101722105,prospective
late_reactivation,30202,late_reactivation-30202,high,high-w05,30,65,100,daily_to_365_response30_settlement30,250,bayesian_hierarchical,finite-grid-gamma-poisson/1.0.0,posterior_predictive,180,61.89577779270621,0.326483713790989,52.55805045016002,55.49922142917027,58.35712550954116,61.731170761369874,65.09153801941362,69.35172090122711,71.77706764353435,1.0,1.0,1.0,0.0,0.0,107.67228018652466,8.0,False,45.77650239381845,0.4577650239381844,42.88603786145148,0.4288603786145147,0.0,0.0,0.0,0.0,13.852499472056842,19.21901719337433,prospective
late_reactivation,30202,late_reactivation-30202,high,high-w05,30,65,100,daily_to_365_response30_settlement30,250,bayesian_hierarchical,finite-grid-gamma-poisson/1.0.0,posterior_predictive,425,61.8198179472641,0.3411653770013025,51.35823205764446,55.04738460370572,58.09655686870365,61.81160971023118,64.96074478210838,68.92495683738679,72.42355175441557,1.0,1.0,1.0,0.0,0.0,113.5477006910806,8.0,False,51.727882743816494,0.5172788274381649,48.69665788064985,0.4869665788064985,0.0,0.0,0.0,0.0,13.877572233681065,21.065319696771112,prospective
late_reactivation,30202,late_reactivation-30202,low,low-w05,60,95,100,daily_to_365_response30_settlement30,250,bayesian_hierarchical,finite-grid-gamma-poisson/1.0.0,posterior_predictive,90,-15.096363566287392,0.0254957921630858,-15.793725879551976,-15.620137704952468,-15.367232148951588,-15.107477075481956,-14.843542567051458,-14.581766031910934,-14.318092885328284,0.0,0.0,0.0,1.0,0.0,-14.954869487684832,,True,0.1414940786025607,0.0014149407860256,0.1176199950400539,0.0011761999504005,0.0,0.0,1.0,1.0,1.038371673041533,1.4756329942236928,prospective
late_reactivation,30202,late_reactivation-30202,low,low-w05,60,95,100,daily_to_365_response30_settlement30,250,bayesian_hierarchical,finite-grid-gamma-poisson/1.0.0,posterior_predictive,180,-14.015750337491776,0.0525718760784415,-15.663721081544624,-15.069443218433644,-14.59594921908071,-13.988793388913404,-13.488901580363844,-12.874626699942407,-12.38891508245239,0.0,0.0,0.0,1.0,0.0,-9.86922756950251,,True,4.146522767989268,0.0414652276798926,3.6753687935716473,0.0367536879357164,0.0,0.0,0.0,0.0,2.194816518491235,3.2748059990922336,prospective
late_reactivation,30202,late_reactivation-30202,low,low-w05,60,95,100,daily_to_365_response30_settlement30,250,bayesian_hierarchical,finite-grid-gamma-poisson/1.0.0,posterior_predictive,425,-13.5308208093231,0.0931457208433197,-16.653285791131452,-15.501225933170218,-14.386026175155784,-13.50591799307946,-12.64854130803217,-11.64743811141802,-10.428547246292396,0.0,0.0,0.0,1.0,0.0,-12.219137090653604,,True,1.311683718669494,0.0131168371866949,0.7776705287088307,0.0077767052870883,0.0,0.0,1.0,1.0,3.8537878217521975,6.224738544839056,prospective
late_reactivation,30202,late_reactivation-30202,middle,middle-w05,60,95,100,daily_to_365_response30_settlement30,250,bayesian_hierarchical,finite-grid-gamma-poisson/1.0.0,posterior_predictive,90,6.182048813502666,0.0810698466379447,3.916723068151644,4.692396384077584,5.359865956741919,6.055973466376258,7.026331991080776,7.83661723532867,8.930568272338414,1.0,1.0,1.0,0.0,0.0,9.65802369013622,50.0,False,3.475974876633554,0.0347597487663355,2.772483772144614,0.0277248377214461,0.0,0.0,0.0,0.0,3.1442208512510854,5.0138452041867705,prospective
late_reactivation,30202,late_reactivation-30202,middle,middle-w05,60,95,100,daily_to_365_response30_settlement30,250,bayesian_hierarchical,finite-grid-gamma-poisson/1.0.0,posterior_predictive,180,10.008632126126656,0.1211785281924294,6.51908129898147,7.773082049014314,8.672749613824141,9.970895353702424,10.956563224474142,12.636701863559797,13.948538827855582,1.0,1.0,1.0,0.0,0.0,27.397610634739824,50.0,False,17.388978508613167,0.1738897850861316,16.326008674902713,0.1632600867490271,0.0,0.0,0.0,0.0,4.8636198145454825,7.429457528874113,prospective
late_reactivation,30202,late_reactivation-30202,middle,middle-w05,60,95,100,daily_to_365_response30_settlement30,250,bayesian_hierarchical,finite-grid-gamma-poisson/1.0.0,posterior_predictive,425,8.224217056540306,0.131141314313108,4.477062660406642,5.689191677705182,6.843944677594535,8.243255595036612,9.335308460699457,10.931812825039406,12.396646398973296,1.0,1.0,1.0,0.0,0.0,28.84133185385201,50.0,False,20.617114797311707,0.206171147973117,19.45928687214985,0.1945928687214985,0.0,0.0,0.0,0.0,5.242621147334225,7.919583738566653,prospective
late_reactivation,30202,late_reactivation-30202,high,high-w05,60,95,100,daily_to_365_response30_settlement30,250,bayesian_hierarchical,finite-grid-gamma-poisson/1.0.0,posterior_predictive,90,52.89275631843161,0.1529333262468391,48.37521629653559,49.73646285248204,51.21213198423602,52.66879928409813,54.48607054353272,56.04951917581743,57.69484841420654,1.0,1.0,1.0,0.0,0.0,61.47143234103528,8.0,False,8.578676022603673,0.0857867602260367,7.211811270860798,0.0721181127086079,0.0,0.0,0.0,0.0,6.313056323335395,9.319632117670947,prospective
late_reactivation,30202,late_reactivation-30202,high,high-w05,60,95,100,daily_to_365_response30_settlement30,250,bayesian_hierarchical,finite-grid-gamma-poisson/1.0.0,posterior_predictive,180,64.48192506018138,0.2305733481975393,57.91773791596678,59.82930547056169,62.09889946705937,64.39837225864457,66.56817202517647,69.13010875097504,71.94046230161361,1.0,1.0,1.0,0.0,0.0,107.67228018652466,8.0,False,43.19035512634328,0.4319035512634328,41.15295101575343,0.4115295101575343,0.0,0.0,0.0,0.0,9.300803280413348,14.022724385646825,prospective
late_reactivation,30202,late_reactivation-30202,high,high-w05,60,95,100,daily_to_365_response30_settlement30,250,bayesian_hierarchical,finite-grid-gamma-poisson/1.0.0,posterior_predictive,425,64.49915767644912,0.2491490511660263,57.10291346232922,59.525369680181214,61.833863348457015,64.41780914659113,66.98366922317304,69.63867441777798,72.3370351858191,1.0,1.0,1.0,0.0,0.0,113.5477006910806,8.0,False,49.04854301463148,0.4904854301463148,46.83989419428588,0.4683989419428587,0.0,0.0,0.0,0.0,10.113304737596764,15.234121723489883,prospective
late_reactivation,30303,late_reactivation-30303,low,low-w05,3,38,100,daily_to_365_response30_settlement30,250,bayesian_hierarchical,finite-grid-gamma-poisson/1.0.0,posterior_predictive,30,-12.112026565610613,0.1287787495694962,-15.065799592854496,-14.295800739306866,-13.550764572101782,-12.493608057204098,-11.25082301648354,-9.416785605315251,-7.115954079136958,0.0,0.0,0.0,0.964,0.0,-13.004768025747635,,True,0.8927414601370245,0.0089274146013702,0.4966936555591623,0.0049669365555916,0.0,0.0,1.0,1.0,4.879015133991613,7.949845513717537,prospective
late_reactivation,30303,late_reactivation-30303,low,low-w05,3,38,100,daily_to_365_response30_settlement30,250,bayesian_hierarchical,finite-grid-gamma-poisson/1.0.0,posterior_predictive,90,-10.825629842966748,0.2525904793580721,-15.707564929799938,-14.814104156556294,-13.63770515308734,-11.822096990788516,-8.850792665139002,-4.969644457325924,-0.0765225337900054,0.028,0.028,0.028,0.964,0.0,-7.453665815219823,,True,3.371964027746925,0.0337196402774692,2.5747746496513657,0.0257477464965136,0.000784,0.000784,1.0,1.0,9.84445969923037,15.631042396009931,prospective
late_reactivation,30303,late_reactivation-30303,low,low-w05,3,38,100,daily_to_365_response30_settlement30,250,bayesian_hierarchical,finite-grid-gamma-poisson/1.0.0,posterior_predictive,180,-11.967170745474103,0.3315530323310641,-17.617365565035225,-16.781004092365382,-15.56287113595828,-13.754205064080224,-9.47968719354927,-4.395768856497531,2.6689937802039103,0.036,0.036,0.032,0.964,0.0,-2.0921927336926176,,True,9.874978011781486,0.0987497801178148,7.688235206763107,0.076882352067631,0.0012959999999999,0.0012959999999999,0.0,1.0,12.385235235867851,20.28635934523913,prospective
late_reactivation,30303,late_reactivation-30303,low,low-w05,3,38,100,daily_to_365_response30_settlement30,250,bayesian_hierarchical,finite-grid-gamma-poisson/1.0.0,posterior_predictive,425,-15.390293716046012,0.3518922375496555,-21.25117578800378,-20.399939677407133,-19.161849470919943,-17.43557970145074,-12.770545020064992,-7.282606211229506,-0.2365449810568087,0.024,0.036,0.024,0.964,0.0,-3.403268771083579,,True,11.987024944962432,0.1198702494496243,9.514876527724532,0.0951487652772453,0.000576,0.0012959999999999,0.0,1.0,13.117333466177628,21.01463080694697,prospective
late_reactivation,30303,late_reactivation-30303,middle,middle-w05,3,38,100,daily_to_365_response30_settlement30,250,bayesian_hierarchical,finite-grid-gamma-poisson/1.0.0,posterior_predictive,30,-6.928190078502742,0.1716806571106165,-11.012597734803157,-10.00938041943329,-8.866325046605864,-7.403433777535178,-5.349158783829638,-2.976216266345045,-0.4998851595284507,0.016,0.016,0.016,0.88,0.0,-7.323000505946146,66.0,False,0.3948104274434039,0.003948104274434,0.605974642960178,0.0060597464296017,0.000256,0.000256,1.0,1.0,7.033164153088245,10.512712575274705,prospective
late_reactivation,30303,late_reactivation-30303,middle,middle-w05,3,38,100,daily_to_365_response30_settlement30,250,bayesian_hierarchical,finite-grid-gamma-poisson/1.0.0,posterior_predictive,90,-4.956877293538395,0.2144349991100548,-9.605256521190013,-8.823427975005638,-7.206007889692582,-5.577391445123169,-3.123740112830334,-0.2492731383372665,3.0265287629605595,0.088,0.12,0.088,0.88,0.0,5.654194243263691,66.0,False,10.611071536802086,0.1061107153680208,8.780675344064969,0.0878067534406496,0.831744,0.7744,0.0,0.0,8.574154836668372,12.63178528415057,prospective
late_reactivation,30303,late_reactivation-30303,middle,middle-w05,3,38,100,daily_to_365_response30_settlement30,250,bayesian_hierarchical,finite-grid-gamma-poisson/1.0.0,posterior_predictive,180,-6.5034001829149695,0.2145126434631337,-11.348121213105587,-10.405526332819178,-8.734891305257939,-7.100270901333484,-4.677469119641241,-1.7280034332158172,1.38746167418964,0.052,0.12,0.052,0.88,0.0,19.059841985680205,66.0,False,25.56324216859517,0.2556324216859517,23.710772242740887,0.2371077224274088,0.898704,0.7744,0.0,0.0,8.67752289960336,12.735582887295228,prospective
late_reactivation,30303,late_reactivation-30303,middle,middle-w05,3,38,100,daily_to_365_response30_settlement30,250,bayesian_hierarchical,finite-grid-gamma-poisson/1.0.0,posterior_predictive,425,-9.12910418291496,0.2166692700084125,-14.20212510140628,-13.074684871745356,-11.353110566132152,-9.69978192108934,-7.336523059430608,-4.452514454115319,-0.9914445758103548,0.02,0.12,0.02,0.88,0.0,17.541184568847815,66.0,False,26.670288751762776,0.2667028875176278,24.79496784122484,0.2479496784122483,0.9604,0.7744,0.0,0.0,8.622170417630036,13.210680525595926,prospective
late_reactivation,30303,late_reactivation-30303,high,high-w05,3,38,100,daily_to_365_response30_settlement30,250,bayesian_hierarchical,finite-grid-gamma-poisson/1.0.0,posterior_predictive,30,10.788761933298776,0.2870009095491996,2.818830280584095,4.580588186583961,7.505212778804552,10.97892554022723,13.897594994074591,16.22039490885005,19.55372851646673,1.0,1.0,0.996,0.0,0.0,12.000509266210615,16.0,False,1.2117473329118411,0.0121174733291184,1.2117903436945,0.012117903436945,0.0,0.0,1.0,1.0,11.639806722266089,16.734898235882635,prospective
late_reactivation,30303,late_reactivation-30303,high,high-w05,3,38,100,daily_to_365_response30_settlement30,250,bayesian_hierarchical,finite-grid-gamma-poisson/1.0.0,posterior_predictive,90,33.926362190077406,0.5392066575467181,17.449005199239235,23.38886287525032,28.07919061739985,33.35028395162968,39.89180393625431,44.364021102996965,51.33906879024084,1.0,1.0,0.996,0.0,0.0,46.84928149632707,16.0,False,12.922919306249668,0.1292291930624966,8.66299873374015,0.0866299873374015,0.0,0.0,0.0,1.0,20.975158227746643,33.890063591001606,prospective
late_reactivation,30303,late_reactivation-30303,high,high-w05,3,38,100,daily_to_365_response30_settlement30,250,bayesian_hierarchical,finite-grid-gamma-poisson/1.0.0,posterior_predictive,180,42.06214854988959,0.6358791627567895,23.15453432608613,29.5308477530758,35.206231531497814,41.92758927036254,49.16162721779586,54.61680986665842,62.1927956513129,1.0,1.0,0.996,0.0,0.0,87.82971749693955,16.0,False,45.76756894704996,0.4576756894704996,40.10771032978164,0.4010771032978164,0.0,0.0,0.0,0.0,25.085962113582625,39.03826132522677,prospective
late_reactivation,30303,late_reactivation-30303,high,high-w05,3,38,100,daily_to_365_response30_settlement30,250,bayesian_hierarchical,finite-grid-gamma-poisson/1.0.0,posterior_predictive,425,41.24522494698565,0.655587646402342,21.06471167324125,28.52727341642567,33.812370382438,41.12807287778708,48.68311157794965,53.95695915939828,62.31816590463135,1.0,1.0,0.996,0.0,0.0,90.13446274112052,16.0,False,48.889237794134864,0.4888923779413486,43.05322287537272,0.4305322287537272,0.0,0.0,0.0,0.0,25.42968574297261,41.253454231390094,prospective
late_reactivation,30303,late_reactivation-30303,low,low-w05,7,42,100,daily_to_365_response30_settlement30,250,bayesian_hierarchical,finite-grid-gamma-poisson/1.0.0,posterior_predictive,30,-13.194762603152746,0.072240248419322,-15.015084647494856,-14.637054178511066,-14.009998538530986,-13.240670881389295,-12.613513485067744,-11.71563576939762,-10.512059708812387,0.0,0.0,0.0,1.0,0.0,-13.004768025747635,,True,0.189994577405109,0.001899945774051,0.2759235943515752,0.0027592359435157,0.0,0.0,1.0,1.0,2.9214184091134463,4.503024938682467,prospective
late_reactivation,30303,late_reactivation-30303,low,low-w05,7,42,100,daily_to_365_response30_settlement30,250,bayesian_hierarchical,finite-grid-gamma-poisson/1.0.0,posterior_predictive,90,-12.818989444651807,0.1379543523255606,-15.610447781110732,-14.97796446625877,-14.166480438156242,-13.267354179734475,-12.167054821536562,-10.052245339075457,-6.488646331857124,0.0,0.0,0.0,1.0,0.0,-7.453665815219823,,True,5.365323629431984,0.0536532362943198,4.38253883990018,0.0438253883990018,0.0,0.0,0.0,1.0,4.925719127183314,9.121801449253608,prospective
late_reactivation,30303,late_reactivation-30303,low,low-w05,7,42,100,daily_to_365_response30_settlement30,250,bayesian_hierarchical,finite-grid-gamma-poisson/1.0.0,posterior_predictive,180,-14.40119625335634,0.1822917507842766,-17.513892532231385,-16.848565906571032,-16.07212165903589,-15.091334225007945,-14.005516823597423,-11.028688974126649,-5.290378246593975,0.0,0.0,0.0,1.0,0.0,-2.0921927336926176,,True,12.309003519663722,0.1230900351966372,10.952847835052973,0.1095284783505297,0.0,0.0,0.0,0.0,5.819876932444384,12.22351428563741,prospective
late_reactivation,30303,late_reactivation-30303,low,low-w05,7,42,100,daily_to_365_response30_settlement30,250,bayesian_hierarchical,finite-grid-gamma-poisson/1.0.0,posterior_predictive,425,-17.692055183085234,0.192388674429474,-21.10325581697575,-20.233343668562007,-19.342688674043863,-18.41047925264511,-17.41587256842797,-14.136556823183152,-8.288760379681436,0.0,0.0,0.0,1.0,0.0,-3.403268771083579,,True,14.288786412001656,0.1428878641200165,12.857859582165958,0.1285785958216595,0.0,0.0,0.0,0.0,6.096786845378855,12.814495437294314,prospective
late_reactivation,30303,late_reactivation-30303,middle,middle-w05,7,42,100,daily_to_365_response30_settlement30,250,bayesian_hierarchical,finite-grid-gamma-poisson/1.0.0,posterior_predictive,30,-8.619728721246439,0.1131924555167619,-11.83282812566449,-10.67267268485059,-9.805862298725682,-8.750432126156259,-7.613621257863535,-6.351065846766898,-4.953878147426199,0.0,0.0,0.0,0.996,0.0,-7.323000505946146,66.0,False,1.296728215300293,0.0129672821530029,0.8302638534874359,0.0083026385348743,0.0,0.0,1.0,1.0,4.321606838083693,6.878949978238291,prospective
late_reactivation,30303,late_reactivation-30303,middle,middle-w05,7,42,100,daily_to_365_response30_settlement30,250,bayesian_hierarchical,finite-grid-gamma-poisson/1.0.0,posterior_predictive,90,-7.095495667961679,0.1463165144288009,-11.104552538802906,-9.850039389880084,-8.635991451980916,-7.257963135487285,-5.693487545858303,-4.359214979931224,-1.3777229037175,0.004,0.004,0.004,0.996,0.0,5.654194243263691,66.0,False,12.74968991122537,0.1274968991122537,11.467995562060604,0.114679955620606,0.992016,0.992016,0.0,0.0,5.490824409948859,9.726829635085409,prospective
late_reactivation,30303,late_reactivation-30303,middle,middle-w05,7,42,100,daily_to_365_response30_settlement30,250,bayesian_hierarchical,finite-grid-gamma-poisson/1.0.0,posterior_predictive,180,-8.647699627790557,0.148752675734591,-12.755249921217889,-11.444920387946498,-10.240865871003054,-8.747328487415365,-7.20065243819235,-5.878353998626868,-2.856361002969615,0.004,0.004,0.004,0.996,0.0,19.059841985680205,66.0,False,27.70754161347076,0.2770754161347076,26.40959480785308,0.2640959480785308,0.992016,0.992016,0.0,0.0,5.56656638931963,9.898888918248272,prospective
late_reactivation,30303,late_reactivation-30303,middle,middle-w05,7,42,100,daily_to_365_response30_settlement30,250,bayesian_hierarchical,finite-grid-gamma-poisson/1.0.0,posterior_predictive,425,-11.259936112078224,0.1514600891059495,-15.462074695984736,-14.178184659742692,-12.839833833609129,-11.37438569178863,-9.770814475315024,-8.503706020923676,-5.328886201356585,0.0,0.004,0.0,0.996,0.0,17.541184568847815,66.0,False,28.80112068092604,0.2880112068092604,27.48466051382351,0.2748466051382351,1.0,0.992016,0.0,0.0,5.674478638819016,10.13318849462815,prospective
late_reactivation,30303,late_reactivation-30303,high,high-w05,7,42,100,daily_to_365_response30_settlement30,250,bayesian_hierarchical,finite-grid-gamma-poisson/1.0.0,posterior_predictive,30,8.067653882783087,0.2489437103163083,0.8280254791518195,3.4243948823265957,5.590813598122361,7.75793154753544,10.607744244494882,13.053600644398434,16.61966975111787,0.984,0.988,0.976,0.0,0.0,12.000509266210615,16.0,False,3.9328553834275297,0.0393285538342753,2.5073388842740605,0.0250733888427406,0.000256,0.000144,1.0,1.0,9.62920576207184,15.79164427196605,prospective
late_reactivation,30303,late_reactivation-30303,high,high-w05,7,42,100,daily_to_365_response30_settlement30,250,bayesian_hierarchical,finite-grid-gamma-poisson/1.0.0,posterior_predictive,90,16.927929599513735,0.6498121033070453,4.489339656401789,7.738792827675453,10.936182492138943,13.474267655703802,18.65113848985687,35.53823983088496,43.52391441447778,1.0,1.0,0.988,0.0,0.0,46.84928149632707,16.0,False,29.921351896813334,0.2992135189681333,24.75355153910252,0.2475355153910251,0.0,0.0,0.0,0.0,27.799447003209508,39.03457475807599,prospective
late_reactivation,30303,late_reactivation-30303,high,high-w05,7,42,100,daily_to_365_response30_settlement30,250,bayesian_hierarchical,finite-grid-gamma-poisson/1.0.0,posterior_predictive,180,17.29381973465104,0.8879372370407923,3.163671234521174,6.309606796589107,9.417462520608858,12.052213033594423,17.049142390548056,44.09561094662292,52.69139191012145,0.996,1.0,0.984,0.0,0.0,87.82971749693955,16.0,False,70.53589776228851,0.7053589776228851,63.76084112535492,0.6376084112535492,1.600000000000003e-05,0.0,0.0,0.0,37.78600415003381,49.52772067560028,prospective
late_reactivation,30303,late_reactivation-30303,high,high-w05,7,42,100,daily_to_365_response30_settlement30,250,bayesian_hierarchical,finite-grid-gamma-poisson/1.0.0,posterior_predictive,425,14.837509209579814,0.9495823085906728,0.0685337345211809,3.307107555209281,6.445834687670104,9.048994673232468,14.075023136862573,44.09358002238636,53.23561543516675,0.98,1.0,0.968,0.0,0.0,90.13446274112052,16.0,False,75.29695353154071,0.7529695353154071,68.12637148314967,0.6812637148314967,0.0004,0.0,0.0,0.0,40.78647246717709,53.16708170064557,prospective
late_reactivation,30303,late_reactivation-30303,low,low-w05,14,49,100,daily_to_365_response30_settlement30,250,bayesian_hierarchical,finite-grid-gamma-poisson/1.0.0,posterior_predictive,30,-12.61717735521842,0.0556459942278713,-13.936797255330442,-13.60492945790039,-13.198620318257436,-12.74186469245354,-12.194045739966285,-11.447462361665298,-10.721036295962394,0.0,0.0,0.0,0.996,0.004,-13.004768025747635,,True,0.3875906705292173,0.0038759067052921,0.2234103591923377,0.0022341035919233,0.0,0.0,1.0,1.0,2.1574670962350915,3.215760959368048,prospective
late_reactivation,30303,late_reactivation-30303,low,low-w05,14,49,100,daily_to_365_response30_settlement30,250,bayesian_hierarchical,finite-grid-gamma-poisson/1.0.0,posterior_predictive,90,-9.287855871465116,0.1150208481304086,-12.258194303723148,-11.390883705715709,-10.571563133516085,-9.471342871340898,-8.340151065142997,-6.845155521171248,-5.397472379448921,0.0,0.0,0.0,0.996,0.004,-7.453665815219823,,True,1.8341900562452924,0.0183419005624529,1.2381399279908616,0.0123813992799086,0.0,0.0,1.0,1.0,4.545728184544461,6.860721924274227,prospective
late_reactivation,30303,late_reactivation-30303,low,low-w05,14,49,100,daily_to_365_response30_settlement30,250,bayesian_hierarchical,finite-grid-gamma-poisson/1.0.0,posterior_predictive,180,-9.250798344189969,0.1396426746491083,-13.09855924329826,-11.930810797414258,-10.784246457223706,-9.460701033902115,-8.173359655003782,-6.4394611669828095,-4.019216126269064,0.0,0.0,0.0,0.996,0.004,-2.0921927336926176,,True,7.158605610497351,0.0715860561049735,5.936557385251648,0.0593655738525164,0.0,0.0,0.0,0.0,5.491349630431449,9.079343117029197,prospective
late_reactivation,30303,late_reactivation-30303,low,low-w05,14,49,100,daily_to_365_response30_settlement30,250,bayesian_hierarchical,finite-grid-gamma-poisson/1.0.0,posterior_predictive,425,-12.151526810427022,0.1531302310896652,-15.891081602381249,-14.960701522482887,-13.746470053045629,-12.315726970171438,-10.955180638962284,-9.004763564023495,-6.592837282531481,0.004,0.004,0.0,0.996,0.004,-3.403268771083579,,True,8.748258039343444,0.0874825803934344,7.456952849948162,0.0745695284994816,1.6e-05,1.6e-05,0.0,0.0,5.955937958459392,9.298244319849768,prospective
late_reactivation,30303,late_reactivation-30303,middle,middle-w05,14,49,100,daily_to_365_response30_settlement30,250,bayesian_hierarchical,finite-grid-gamma-poisson/1.0.0,posterior_predictive,30,-9.529350168262855,0.0743631927351417,-11.460932013105234,-10.966965648385507,-10.40619478512452,-9.656857406185337,-8.78875925006389,-8.063968357384171,-6.844690707767339,0.0,0.0,0.0,1.0,0.0,-7.323000505946146,66.0,False,2.2063496623167094,0.022063496623167,1.6158025198287689,0.0161580251982876,0.0,0.0,0.0,1.0,2.9029972910013377,4.616241305337895,prospective
late_reactivation,30303,late_reactivation-30303,middle,middle-w05,14,49,100,daily_to_365_response30_settlement30,250,bayesian_hierarchical,finite-grid-gamma-poisson/1.0.0,posterior_predictive,90,-8.15145224535034,0.1058300108729155,-11.111583335345273,-10.289894940978323,-9.230368757094835,-8.246287149132165,-7.139111784548906,-6.045303997688927,-4.782055665822975,0.0,0.0,0.0,1.0,0.0,5.654194243263691,66.0,False,13.80564648861403,0.1380564648861403,12.874022909022663,0.1287402290902266,1.0,1.0,0.0,0.0,4.2445909432893965,6.329527669522298,prospective
late_reactivation,30303,late_reactivation-30303,middle,middle-w05,14,49,100,daily_to_365_response30_settlement30,250,bayesian_hierarchical,finite-grid-gamma-poisson/1.0.0,posterior_predictive,180,-9.734851053540767,0.1070693725523424,-12.845609690294465,-11.757551682455931,-10.89938709962015,-9.82232622776231,-8.660710510796825,-7.582714027593009,-6.215305490280142,0.0,0.0,0.0,1.0,0.0,19.059841985680205,66.0,False,28.794693039220974,0.2879469303922097,27.850912710377884,0.2785091271037788,1.0,1.0,0.0,0.0,4.174837654862922,6.630304200014321,prospective
late_reactivation,30303,late_reactivation-30303,middle,middle-w05,14,49,100,daily_to_365_response30_settlement30,250,bayesian_hierarchical,finite-grid-gamma-poisson/1.0.0,posterior_predictive,425,-12.4165867547241,0.1099994988511907,-15.469742929661956,-14.46331886906712,-13.599397347365988,-12.509052408707593,-11.391199109370744,-10.107769300164652,-8.231353770950363,0.0,0.0,0.0,1.0,0.0,17.541184568847815,66.0,False,29.95777132357191,0.2995777132357191,28.98769083850904,0.2898769083850904,1.0,1.0,0.0,0.0,4.35554956890247,7.238389158711593,prospective
late_reactivation,30303,late_reactivation-30303,high,high-w05,14,49,100,daily_to_365_response30_settlement30,250,bayesian_hierarchical,finite-grid-gamma-poisson/1.0.0,posterior_predictive,30,10.119040442814295,0.1501521427629787,5.896273563982761,7.079955821993009,8.788034163491393,10.020312138809082,11.279331336374682,12.923166414303438,15.182927717607456,1.0,1.0,0.996,0.0,0.0,12.000509266210615,16.0,False,1.88146882339632,0.0188146882339632,1.1985458103798845,0.0119854581037988,0.0,0.0,1.0,1.0,5.843210592310429,9.286654153624696,prospective
late_reactivation,30303,late_reactivation-30303,high,high-w05,14,49,100,daily_to_365_response30_settlement30,250,bayesian_hierarchical,finite-grid-gamma-poisson/1.0.0,posterior_predictive,90,33.27365519405935,0.3415812311714493,24.613837610079056,26.246704256767348,29.24819244187293,32.991142882122375,37.03466618796803,39.8168748437774,44.08922484103992,1.0,1.0,0.996,0.0,0.0,46.84928149632707,16.0,False,13.575626302267722,0.1357562630226772,10.625890667036398,0.1062589066703639,0.0,0.0,0.0,0.0,13.57017058701005,19.475387230960862,prospective
late_reactivation,30303,late_reactivation-30303,high,high-w05,14,49,100,daily_to_365_response30_settlement30,250,bayesian_hierarchical,finite-grid-gamma-poisson/1.0.0,posterior_predictive,180,41.36484041713112,0.41499953472319,30.04633677386436,32.68717496772851,36.03677018871189,41.43435475836361,46.081199612755775,49.26749455022297,55.3758583930287,1.0,1.0,0.996,0.0,0.0,87.82971749693955,16.0,False,46.46487707980843,0.4646487707980843,42.766509385619095,0.4276650938561909,0.0,0.0,0.0,0.0,16.58031958249446,25.329521619164343,prospective
late_reactivation,30303,late_reactivation-30303,high,high-w05,14,49,100,daily_to_365_response30_settlement30,250,bayesian_hierarchical,finite-grid-gamma-poisson/1.0.0,posterior_predictive,425,40.65080287598263,0.4220978010495198,28.658812382104795,32.044939737839314,34.99807493092695,40.62690421425656,45.22255240070923,48.77433984793397,54.32120450127464,1.0,1.0,0.996,0.0,0.0,90.13446274112052,16.0,False,49.48365986513789,0.4948365986513788,45.72333817235892,0.4572333817235891,0.0,0.0,0.0,0.0,16.72940011009466,25.66239211916984,prospective
late_reactivation,30303,late_reactivation-30303,low,low-w05,30,65,100,daily_to_365_response30_settlement30,250,bayesian_hierarchical,finite-grid-gamma-poisson/1.0.0,posterior_predictive,90,-9.695301963811907,0.0675665801411108,-11.507092096593286,-10.851164256246747,-10.4853859524442,-9.816775062337724,-8.995425536052549,-8.2968979845292,-7.341029184174308,0.0,0.0,0.0,1.0,0.0,-7.453665815219823,,True,2.241636148592084,0.0224163614859208,1.6627518699307078,0.016627518699307,0.0,0.0,0.0,1.0,2.554266271717548,4.166062912418978,prospective
late_reactivation,30303,late_reactivation-30303,low,low-w05,30,65,100,daily_to_365_response30_settlement30,250,bayesian_hierarchical,finite-grid-gamma-poisson/1.0.0,posterior_predictive,180,-9.678133783673005,0.0853960095461114,-12.121264377811348,-11.330730637038725,-10.724619957464183,-9.820701039648052,-8.800043306699738,-7.854785091605864,-6.737800991928089,0.0,0.0,0.0,1.0,0.0,-2.0921927336926176,,True,7.585941049980387,0.0758594104998038,6.822950865484212,0.0682295086548421,0.0,0.0,0.0,0.0,3.475945545432861,5.38346338588326,prospective
late_reactivation,30303,late_reactivation-30303,low,low-w05,30,65,100,daily_to_365_response30_settlement30,250,bayesian_hierarchical,finite-grid-gamma-poisson/1.0.0,posterior_predictive,425,-12.373413004312278,0.0928064749128911,-15.064826141989156,-14.184103903348683,-13.43242429503081,-12.48888970662474,-11.277495876839223,-10.21262663365065,-9.4460655242149,0.0,0.0,0.0,1.0,0.0,-3.403268771083579,,True,8.970144233228698,0.0897014423322869,8.138178174781373,0.0813817817478137,0.0,0.0,0.0,0.0,3.971477269698033,5.618760617774257,prospective
late_reactivation,30303,late_reactivation-30303,middle,middle-w05,30,65,100,daily_to_365_response30_settlement30,250,bayesian_hierarchical,finite-grid-gamma-poisson/1.0.0,posterior_predictive,90,2.1353194809477163,0.1163934355427692,-1.5878182834527208,-0.2074510174992745,0.7602002747460956,2.211667656307289,3.353208361224974,4.640947548138539,5.615844778381803,0.864,0.868,0.784,0.004,0.0,5.654194243263691,66.0,False,3.518874762315975,0.0351887476231597,2.4837588475144,0.0248375884751439,0.018496,0.017424,0.0,0.0,4.8483985656378135,7.203663061834524,prospective
late_reactivation,30303,late_reactivation-30303,middle,middle-w05,30,65,100,daily_to_365_response30_settlement30,250,bayesian_hierarchical,finite-grid-gamma-poisson/1.0.0,posterior_predictive,180,4.713807844788975,0.1444094921990469,0.3723405207474429,1.60598097591136,2.974130096920644,4.777949998373913,6.1823125106347785,7.44694076537065,9.077425138976764,0.996,0.996,0.88,0.004,0.0,19.059841985680205,66.0,False,14.34603414089123,0.1434603414089123,13.050575332132624,0.1305057533213262,1.600000000000003e-05,1.600000000000003e-05,0.0,0.0,5.84095978945929,8.705084618229321,prospective
late_reactivation,30303,late_reactivation-30303,middle,middle-w05,30,65,100,daily_to_365_response30_settlement30,250,bayesian_hierarchical,finite-grid-gamma-poisson/1.0.0,posterior_predictive,425,3.0247154413807302,0.1516923605461889,-1.1048433073351664,-0.1871524443338526,1.1211482262462478,3.272776258327984,4.515883781013036,6.099686941130578,7.712407555963474,0.872,0.996,0.788,0.004,0.0,17.541184568847815,66.0,False,14.516469127467085,0.1451646912746708,13.153148594242086,0.1315314859424208,0.016384,1.600000000000003e-05,0.0,0.0,6.286839385464431,8.817250863298641,prospective
late_reactivation,30303,late_reactivation-30303,high,high-w05,30,65,100,daily_to_365_response30_settlement30,250,bayesian_hierarchical,finite-grid-gamma-poisson/1.0.0,posterior_predictive,90,35.22513071796137,0.2363779116328271,28.163228115073352,30.637113658765177,32.87918724033807,35.07731192682223,37.972954338055175,39.991709131036565,42.45220751231767,1.0,1.0,1.0,0.0,0.0,46.84928149632707,16.0,False,11.624150778365705,0.116241507783657,9.524437267596593,0.0952443726759659,0.0,0.0,0.0,0.0,9.354595472271388,14.28897939724432,prospective
late_reactivation,30303,late_reactivation-30303,high,high-w05,30,65,100,daily_to_365_response30_settlement30,250,bayesian_hierarchical,finite-grid-gamma-poisson/1.0.0,posterior_predictive,180,43.18904611944002,0.3030890883402611,34.770584584503446,37.17061452738392,39.750363795109415,42.93595964564116,46.36331658054129,49.67853490967702,52.89889465601817,1.0,1.0,1.0,0.0,0.0,87.82971749693955,16.0,False,44.64067137749953,0.4464067137749953,41.93356201102392,0.4193356201102392,0.0,0.0,0.0,0.0,12.5079203822931,18.12831007151473,prospective
late_reactivation,30303,late_reactivation-30303,high,high-w05,30,65,100,daily_to_365_response30_settlement30,250,bayesian_hierarchical,finite-grid-gamma-poisson/1.0.0,posterior_predictive,425,42.25257693067091,0.3142639678119754,33.43212884009078,36.37868955193772,38.64419381766007,42.14978700468703,45.79197895720295,48.69556024659728,51.68837235227138,1.0,1.0,1.0,0.0,0.0,90.13446274112052,16.0,False,47.8818858104496,0.478818858104496,45.069952502672336,0.4506995250267234,0.0,0.0,0.0,0.0,12.316870694659556,18.2562435121806,prospective
late_reactivation,30303,late_reactivation-30303,low,low-w05,60,95,100,daily_to_365_response30_settlement30,250,bayesian_hierarchical,finite-grid-gamma-poisson/1.0.0,posterior_predictive,90,-8.092044463681262,0.0492842740605181,-9.5335906544448,-9.034531267003032,-8.638126261237485,-8.179189409446344,-7.559303447189175,-7.051253852023951,-6.554410228415075,0.0,0.0,0.0,0.812,0.168,-7.453665815219823,,True,0.6383786484614387,0.0063837864846143,0.3973785172411596,0.0039737851724115,0.0,0.0,1.0,1.0,1.9832774149790813,2.9791804260297257,prospective
late_reactivation,30303,late_reactivation-30303,low,low-w05,60,95,100,daily_to_365_response30_settlement30,250,bayesian_hierarchical,finite-grid-gamma-poisson/1.0.0,posterior_predictive,180,-4.455221728631498,0.1502540882006427,-9.397236241490036,-8.39760146992877,-5.414752612242972,-4.179055392380702,-2.909628283634614,-1.8665480123042448,-0.2738528461757906,0.02,0.02,0.016,0.812,0.168,-2.0921927336926176,,True,2.3630289949388805,0.0236302899493888,1.3144438277937769,0.0131444382779377,0.0004,0.0004,1.0,1.0,6.531053457624525,9.123383395314244,prospective
late_reactivation,30303,late_reactivation-30303,low,low-w05,60,95,100,daily_to_365_response30_settlement30,250,bayesian_hierarchical,finite-grid-gamma-poisson/1.0.0,posterior_predictive,425,-3.1478768076987733,0.2708228302902055,-11.94179048845298,-10.87865257286244,-4.28724913553783,-2.330509739557641,-0.5399444370960025,1.104413979826934,3.239779099648047,0.156,0.188,0.12,0.812,0.168,-3.403268771083579,,True,0.2553919633848056,0.002553919633848,0.9744778746334112,0.0097447787463341,0.024336,0.035344,1.0,1.0,11.983066552689372,15.181569588101029,prospective
late_reactivation,30303,late_reactivation-30303,middle,middle-w05,60,95,100,daily_to_365_response30_settlement30,250,bayesian_hierarchical,finite-grid-gamma-poisson/1.0.0,posterior_predictive,90,2.7631388621597943,0.0675146327700467,0.9113520426454796,1.453737108946532,2.051442104868639,2.731731940986307,3.470241358865511,4.095020677791518,5.04278645520543,1.0,1.0,0.924,0.0,0.0,5.654194243263691,66.0,False,2.891055381103897,0.0289105538110389,2.3228851185366515,0.0232288511853665,0.0,0.0,0.0,0.0,2.641283568844986,4.13143441255995,prospective
late_reactivation,30303,late_reactivation-30303,middle,middle-w05,60,95,100,daily_to_365_response30_settlement30,250,bayesian_hierarchical,finite-grid-gamma-poisson/1.0.0,posterior_predictive,180,5.556730219444787,0.1275103203801872,2.4649911999977654,3.35223786531865,4.297229871907673,5.387641279483397,6.705432151755122,7.788717885652184,9.17903237455684,1.0,1.0,0.924,0.0,0.0,19.059841985680205,66.0,False,13.503111766235415,0.1350311176623541,12.460953132512946,0.1246095313251294,0.0,0.0,0.0,0.0,4.4364800203335335,6.714041174559075,prospective
late_reactivation,30303,late_reactivation-30303,middle,middle-w05,60,95,100,daily_to_365_response30_settlement30,250,bayesian_hierarchical,finite-grid-gamma-poisson/1.0.0,posterior_predictive,425,3.855018384831088,0.1922711061330383,0.6294318869302159,1.465258115386231,2.2956452279851445,3.6305727251742654,4.721448318208788,6.108821291829925,7.629457935430703,0.988,1.0,0.912,0.0,0.0,17.541184568847815,66.0,False,13.686166184016727,0.1368616618401672,12.69772127994923,0.1269772127994922,0.000144,0.0,0.0,0.0,4.643563176443695,7.000026048500487,prospective
late_reactivation,30303,late_reactivation-30303,high,high-w05,60,95,100,daily_to_365_response30_settlement30,250,bayesian_hierarchical,finite-grid-gamma-poisson/1.0.0,posterior_predictive,90,40.58731441300312,0.1305703210850133,36.99290497577954,38.12645002753446,39.15224516231909,40.38878037169826,42.013881880736776,43.35136152190168,44.9298518618349,1.0,1.0,1.0,0.0,0.0,46.84928149632707,16.0,False,6.26196708332396,0.0626196708332395,5.092368669736352,0.0509236866973635,0.0,0.0,0.0,0.0,5.22491149436722,7.93694688605536,prospective
late_reactivation,30303,late_reactivation-30303,high,high-w05,60,95,100,daily_to_365_response30_settlement30,250,bayesian_hierarchical,finite-grid-gamma-poisson/1.0.0,posterior_predictive,180,50.189411888842585,0.1929872002610224,45.11054494823029,46.37355972548146,47.69438814857504,50.00710933372139,52.4447884791886,54.436663752926144,56.28338677373296,1.0,1.0,1.0,0.0,0.0,87.82971749693955,16.0,False,37.640305608096966,0.3764030560809697,35.90331227538272,0.3590331227538271,0.0,0.0,0.0,0.0,8.06310402744468,11.172841825502664,prospective
late_reactivation,30303,late_reactivation-30303,high,high-w05,60,95,100,daily_to_365_response30_settlement30,250,bayesian_hierarchical,finite-grid-gamma-poisson/1.0.0,posterior_predictive,425,49.62574962052172,0.2112682778669277,44.12269124641863,45.41989811046728,47.02398300032732,49.321387728852464,51.84364428673832,54.26896181292702,56.51755523418413,1.0,1.0,1.0,0.0,0.0,90.13446274112052,16.0,False,40.5087131205988,0.405087131205988,38.61259737078743,0.3861259737078742,0.0,0.0,0.0,0.0,8.849063702459738,12.394863987765495,prospective
stationary,101,stationary-101,low,low-w05,3,38,100,daily_to_365_response30_settlement30,250,bayesian_hierarchical,finite-grid-gamma-poisson/1.0.0,posterior_predictive,30,-19.149314750979435,0.0618917179190568,-20.4411959251761,-20.15367121319762,-19.72034391621681,-19.249321113671023,-18.735034604450583,-18.15758005976724,-17.351340979291418,0.0,0.0,0.0,0.996,0.0,-18.941465313443395,,True,0.2078494375360406,0.0020784943753604,0.222498836205384,0.0022249883620538,0.0,0.0,1.0,1.0,1.9960911534303776,3.0898549458846816,prospective
stationary,101,stationary-101,low,low-w05,3,38,100,daily_to_365_response30_settlement30,250,bayesian_hierarchical,finite-grid-gamma-poisson/1.0.0,posterior_predictive,90,-18.217432038860288,0.1262419128517102,-20.813826571726057,-20.20065221728446,-19.503402260950505,-18.54974925965156,-17.324080937558477,-15.891151770046754,-14.397424417554005,0.0,0.0,0.0,0.996,0.0,-19.208280326711787,,True,0.9908482878514988,0.0099084828785149,0.4939071332249813,0.0049390713322498,0.0,0.0,1.0,1.0,4.309500447237706,6.416402154172054,prospective
stationary,101,stationary-101,low,low-w05,3,38,100,daily_to_365_response30_settlement30,250,bayesian_hierarchical,finite-grid-gamma-poisson/1.0.0,posterior_predictive,180,-17.69459165639738,0.2629934247529692,-21.986779552235163,-21.006596767774116,-20.175588335913854,-18.325389222226995,-15.931098001228708,-13.54172969032598,-11.89843488351649,0.004,0.004,0.004,0.996,0.0,-18.949385091300776,,True,1.2547934349033945,0.0125479343490339,0.7468119594159481,0.0074681195941594,1.6e-05,1.6e-05,1.0,1.0,7.464867077448133,10.088344668718673,prospective
stationary,101,stationary-101,low,low-w05,3,38,100,daily_to_365_response30_settlement30,250,bayesian_hierarchical,finite-grid-gamma-poisson/1.0.0,posterior_predictive,425,-18.349695619009733,0.3876092465034864,-25.07724777427959,-23.212909638771343,-21.976737382867647,-19.320911636634094,-15.807758520484237,-12.971211488668548,-10.283329846299578,0.004,0.004,0.004,0.996,0.0,-20.01354418211703,,True,1.6638485631072977,0.0166384856310729,1.0819346835149122,0.0108193468351491,1.6e-05,1.6e-05,1.0,1.0,10.241698150102795,14.793917927980011,prospective
stationary,101,stationary-101,middle,middle-w05,3,38,100,daily_to_365_response30_settlement30,250,bayesian_hierarchical,finite-grid-gamma-poisson/1.0.0,posterior_predictive,30,-17.574205601636287,0.1369274647205525,-20.65684147059273,-19.935439075780437,-19.04860698051681,-17.984431193079686,-16.47431930743078,-14.650254418603945,-12.481857142512752,0.0,0.0,0.0,0.624,0.208,-17.98241001954984,,True,0.4082044179135522,0.0040820441791355,0.466883302944644,0.0046688330294464,0.0,0.0,1.0,1.0,5.285184657176488,8.174984328079983,prospective
stationary,101,stationary-101,middle,middle-w05,3,38,100,daily_to_365_response30_settlement30,250,bayesian_hierarchical,finite-grid-gamma-poisson/1.0.0,posterior_predictive,90,-11.996240114675889,0.3747628257319986,-20.26271491359779,-18.35437108214778,-16.178777966884443,-12.925178075987198,-9.485304711127393,-4.758152076733079,2.268868770764313,0.036,0.036,0.036,0.624,0.208,-15.16886862686038,,True,3.172628512184493,0.0317262851218449,1.5745057566448375,0.0157450575664483,0.0012959999999999,0.0012959999999999,1.0,1.0,13.5962190054147,22.531583684362104,prospective
stationary,101,stationary-101,middle,middle-w05,3,38,100,daily_to_365_response30_settlement30,250,bayesian_hierarchical,finite-grid-gamma-poisson/1.0.0,posterior_predictive,180,-7.048923687128846,0.5838672682956008,-19.87557837002872,-16.535916161052118,-13.434411315491587,-8.977259345052971,-2.819492724582724,5.263411055156277,17.143708672515782,0.168,0.168,0.144,0.624,0.208,-11.719686596316688,,True,4.670762909187842,0.0467076290918784,2.3653653355795266,0.0236536533557952,0.028224,0.028224,1.0,1.0,21.7993272162084,37.0192870425445,prospective
stationary,101,stationary-101,middle,middle-w05,3,38,100,daily_to_365_response30_settlement30,250,bayesian_hierarchical,finite-grid-gamma-poisson/1.0.0,posterior_predictive,425,-2.762649214409001,0.8245764795449338,-21.026377402245245,-16.737242041163864,-11.65291921659766,-5.499816362229343,3.0717968411678283,14.934540250658262,35.925592139227966,0.372,0.376,0.284,0.624,0.208,-8.224659177400941,,True,5.4620099629919405,0.0546200996299194,2.976424783613409,0.029764247836134,0.138384,0.141376,1.0,1.0,31.67178229182213,56.95196954147321,prospective
stationary,101,stationary-101,high,high-w05,3,38,100,daily_to_365_response30_settlement30,250,bayesian_hierarchical,finite-grid-gamma-poisson/1.0.0,posterior_predictive,30,-2.749062837798569,0.3629008362903906,-11.886014772388968,-9.61096568033015,-7.257661876546161,-3.17372361802156,1.119134297652681,5.4272388617527705,9.437773761507504,0.308,0.308,0.304,0.028,0.0,-7.893522344291731,66.0,False,5.1444595064931615,0.0514445950649316,2.7832350508729027,0.027832350508729,0.094864,0.094864,1.0,1.0,15.03820454208292,21.323788533896472,prospective
stationary,101,stationary-101,high,high-w05,3,38,100,daily_to_365_response30_settlement30,250,bayesian_hierarchical,finite-grid-gamma-poisson/1.0.0,posterior_predictive,90,26.55839141921638,1.0345096973857737,-2.718032493142826,7.421088066420117,14.635430030905908,24.96347885303916,38.380452317780815,46.287093360699565,64.46523681577338,0.964,0.964,0.952,0.028,0.0,5.888973556437308,66.0,False,20.669417862779078,0.2066941786277907,12.44736517361462,0.1244736517361462,0.001296,0.001296,0.0,1.0,38.86600529427945,67.18326930891621,prospective
stationary,101,stationary-101,high,high-w05,3,38,100,daily_to_365_response30_settlement30,250,bayesian_hierarchical,finite-grid-gamma-poisson/1.0.0,posterior_predictive,180,53.8765746406989,1.939489052211564,-0.9272092139376668,17.170330339858996,32.71499060968492,50.72508219329252,74.9429361650311,89.50591696376875,125.8089604122546,0.972,0.972,0.952,0.028,0.0,18.769069296443654,66.0,False,35.107505344255244,0.3510750534425524,20.584224787109928,0.2058422478710992,0.000784,0.000784,1.0,1.0,72.33558662390976,126.73616962619226,prospective
stationary,101,stationary-101,high,high-w05,3,38,100,daily_to_365_response30_settlement30,250,bayesian_hierarchical,finite-grid-gamma-poisson/1.0.0,posterior_predictive,425,80.72523065063555,3.2170288385574843,-2.8003245446537397,16.42924160821159,46.34044889838463,75.98464725717011,112.7510908728718,147.38748010495834,200.78351227027235,0.968,0.972,0.952,0.028,0.0,36.46258546012433,66.0,False,44.26264519051122,0.4426264519051122,24.621774316532623,0.2462177431653262,0.001024,0.000784,1.0,1.0,130.95823849674676,203.5838368149261,prospective
stationary,101,stationary-101,low,low-w05,7,42,100,daily_to_365_response30_settlement30,250,bayesian_hierarchical,finite-grid-gamma-poisson/1.0.0,posterior_predictive,30,-18.45756183974311,0.0485718891048794,-19.752621959175617,-19.44397940044325,-18.991376500807085,-18.51681626639234,-17.98382342897679,-17.44983152531791,-16.69182885554582,0.0,0.0,0.0,0.996,0.004,-18.941465313443395,,True,0.4839034737002841,0.0048390347370028,0.2701091729711897,0.0027010917297118,0.0,0.0,1.0,1.0,1.9941478751253428,3.0607931036297984,prospective
stationary,101,stationary-101,low,low-w05,7,42,100,daily_to_365_response30_settlement30,250,bayesian_hierarchical,finite-grid-gamma-poisson/1.0.0,posterior_predictive,90,-16.399767971477317,0.1159366272659948,-19.24634534136557,-18.44467807794361,-17.619233844610836,-16.60247203169385,-15.353222724903905,-14.134740654226192,-12.289821559771283,0.0,0.0,0.0,0.996,0.004,-19.208280326711787,,True,2.8085123552344697,0.0280851235523446,1.827352855338664,0.0182735285533866,0.0,0.0,0.0,1.0,4.309937423717418,6.956523781594283,prospective
stationary,101,stationary-101,low,low-w05,7,42,100,daily_to_365_response30_settlement30,250,bayesian_hierarchical,finite-grid-gamma-poisson/1.0.0,posterior_predictive,180,-14.794572759131636,0.1978057691392766,-19.760629157949957,-18.285487132053188,-16.959252812527733,-15.276410656630896,-12.995244915185676,-10.862284168714316,-7.728967026659051,0.0,0.0,0.0,0.996,0.004,-18.949385091300776,,True,4.15481233216914,0.0415481233216914,2.534568012415529,0.0253456801241552,0.0,0.0,0.0,1.0,7.423202963338872,12.031662131290902,prospective
stationary,101,stationary-101,low,low-w05,7,42,100,daily_to_365_response30_settlement30,250,bayesian_hierarchical,finite-grid-gamma-poisson/1.0.0,posterior_predictive,425,-14.267201193644173,0.3084628382008248,-21.83921089512482,-19.745373909429347,-17.91757816841566,-14.825880254419932,-10.992277448232551,-8.569248322791145,-2.052273993190564,0.004,0.004,0.004,0.996,0.004,-20.01354418211703,,True,5.746342988472858,0.0574634298847285,3.330071595077647,0.0333007159507764,1.6e-05,1.6e-05,0.0,1.0,11.176125586638202,19.78693690193425,prospective
stationary,101,stationary-101,middle,middle-w05,7,42,100,daily_to_365_response30_settlement30,250,bayesian_hierarchical,finite-grid-gamma-poisson/1.0.0,posterior_predictive,30,-17.746733243915852,0.0965184055203757,-19.961321196154028,-19.32869030314703,-18.76577623030177,-17.952909899115973,-17.0597997227638,-16.066459226111345,-13.927770081559414,0.0,0.0,0.0,0.728,0.176,-17.98241001954984,,True,0.235676775633987,0.0023567677563398,0.2887594778161956,0.0028875947781619,0.0,0.0,1.0,1.0,3.262231077035686,6.033551114594614,prospective
stationary,101,stationary-101,middle,middle-w05,7,42,100,daily_to_365_response30_settlement30,250,bayesian_hierarchical,finite-grid-gamma-poisson/1.0.0,posterior_predictive,90,-13.187373151506147,0.2368209981925397,-18.5893382200798,-17.35159810579012,-15.64403136166082,-13.56574444476524,-11.38199465148098,-9.172567356169669,-3.305167379173344,0.008,0.008,0.008,0.728,0.176,-15.16886862686038,,True,1.9814954753542315,0.0198149547535423,1.065973785453507,0.010659737854535,6.4e-05,6.4e-05,1.0,1.0,8.179030749620452,15.284170840906455,prospective
stationary,101,stationary-101,middle,middle-w05,7,42,100,daily_to_365_response30_settlement30,250,bayesian_hierarchical,finite-grid-gamma-poisson/1.0.0,posterior_predictive,180,-8.623152293035432,0.3970306561893116,-18.217701893275684,-15.62069038622892,-12.776988426177924,-9.589167744883966,-5.39900105077839,-1.167192966912438,6.574417451621194,0.096,0.096,0.096,0.728,0.176,-11.719686596316688,,True,3.096534303281256,0.0309653430328125,1.6892228617700824,0.0168922286177008,0.009216,0.009216,1.0,1.0,14.453497419316482,24.79211934489688,prospective
stationary,101,stationary-101,middle,middle-w05,7,42,100,daily_to_365_response30_settlement30,250,bayesian_hierarchical,finite-grid-gamma-poisson/1.0.0,posterior_predictive,425,-4.299742943828671,0.6080023469957616,-18.6293241441508,-14.661805402935352,-11.28503428374969,-5.425413217578236,1.0061170918426348,8.212641872146206,20.70645830817976,0.272,0.272,0.224,0.728,0.176,-8.224659177400941,,True,3.9249162335722714,0.0392491623357227,2.418086474439712,0.0241808647443971,0.073984,0.073984,1.0,1.0,22.87444727508156,39.33578245233056,prospective
stationary,101,stationary-101,high,high-w05,7,42,100,daily_to_365_response30_settlement30,250,bayesian_hierarchical,finite-grid-gamma-poisson/1.0.0,posterior_predictive,30,-8.44363544587908,0.223374802792699,-13.912014291757098,-12.384430998091588,-10.964616213975162,-8.695491780582348,-6.793548019199951,-3.878337746884069,-0.4125856010267273,0.02,0.02,0.02,0.08,0.0,-7.893522344291731,66.0,False,0.5501131015873488,0.0055011310158734,0.8548493537052728,0.0085484935370527,0.0004,0.0004,1.0,1.0,8.506093251207519,13.49942869073037,prospective
stationary,101,stationary-101,high,high-w05,7,42,100,daily_to_365_response30_settlement30,250,bayesian_hierarchical,finite-grid-gamma-poisson/1.0.0,posterior_predictive,90,9.662669091017529,0.6485006105618514,-5.022630576219643,-1.8838991947521464,1.7672312949548363,8.273402505298598,16.60463706505825,24.717010696684387,30.25348316634484,0.82,0.82,0.808,0.08,0.0,5.888973556437308,66.0,False,3.7736955345802192,0.0377369553458021,2.757071856939429,0.0275707185693942,0.0324,0.0324,1.0,1.0,26.600909891436533,35.27611374256448,prospective
stationary,101,stationary-101,high,high-w05,7,42,100,daily_to_365_response30_settlement30,250,bayesian_hierarchical,finite-grid-gamma-poisson/1.0.0,posterior_predictive,180,25.062798561488304,1.254873608423717,-3.78761975757558,0.425730534786627,8.193469413565502,22.914081394136,38.43507320546382,51.59599944449021,66.93081692572603,0.916,0.92,0.892,0.08,0.0,18.769069296443654,66.0,False,6.29372926504465,0.0629372926504465,5.442374482373415,0.0544237448237341,0.0070559999999999,0.0063999999999999,1.0,1.0,51.17026890970359,70.71843668330162,prospective
stationary,101,stationary-101,high,high-w05,7,42,100,daily_to_365_response30_settlement30,250,bayesian_hierarchical,finite-grid-gamma-poisson/1.0.0,posterior_predictive,425,38.201431047151466,2.091338167359316,-5.655356809012131,-1.070765942178722,7.452631863536075,36.03696990676573,61.86971161292616,82.24955860031551,110.62045290844011,0.864,0.92,0.848,0.08,0.0,36.46258546012433,66.0,False,1.7388455870271358,0.0173884558702713,8.53808747959539,0.0853808747959539,0.018496,0.0063999999999999,1.0,1.0,83.32032454249423,116.27580971745223,prospective
stationary,101,stationary-101,low,low-w05,14,49,100,daily_to_365_response30_settlement30,250,bayesian_hierarchical,finite-grid-gamma-poisson/1.0.0,posterior_predictive,30,-19.200098668834304,0.0349774300034546,-20.20054674721295,-19.84883469661813,-19.556518416072816,-19.26607554432464,-18.852387087086424,-18.51718392656377,-17.99873318247493,0.0,0.0,0.0,1.0,0.0,-18.941465313443395,,True,0.2586333553909092,0.002586333553909,0.191537924837753,0.0019153792483775,0.0,0.0,1.0,1.0,1.3316507700543596,2.2018135647380213,prospective
stationary,101,stationary-101,low,low-w05,14,49,100,daily_to_365_response30_settlement30,250,bayesian_hierarchical,finite-grid-gamma-poisson/1.0.0,posterior_predictive,90,-18.262742785616545,0.0824096455322958,-20.43282141099496,-19.806570935000977,-19.050955069341647,-18.308231899419237,-17.563083313045734,-16.592532765601643,-15.157321730527467,0.0,0.0,0.0,1.0,0.0,-19.208280326711787,,True,0.9455375410952448,0.0094553754109524,0.5177832472173013,0.005177832472173,0.0,0.0,1.0,1.0,3.214038169399334,5.275499680467494,prospective
stationary,101,stationary-101,low,low-w05,14,49,100,daily_to_365_response30_settlement30,250,bayesian_hierarchical,finite-grid-gamma-poisson/1.0.0,posterior_predictive,180,-17.672688367757132,0.1420887119081603,-21.84230151056289,-20.444686896835314,-19.138096979420126,-17.799905661761287,-16.322804566319736,-14.99405588744238,-12.735527657244226,0.0,0.0,0.0,1.0,0.0,-18.949385091300776,,True,1.276696723543644,0.0127669672354364,0.7414547320218352,0.0074145473202183,0.0,0.0,1.0,1.0,5.450631009392934,9.106773853318668,prospective
stationary,101,stationary-101,low,low-w05,14,49,100,daily_to_365_response30_settlement30,250,bayesian_hierarchical,finite-grid-gamma-poisson/1.0.0,posterior_predictive,425,-18.2440263390584,0.2174283709601859,-24.339356118433297,-22.268215025480984,-20.546634469477176,-18.421126254188795,-16.294893561587052,-13.283114485834382,-10.37478819563202,0.0,0.0,0.0,1.0,0.0,-20.01354418211703,,True,1.7695178430586296,0.0176951784305862,1.0638638219331902,0.0106386382193319,0.0,0.0,1.0,1.0,8.985100539646602,13.964567922801278,prospective
stationary,101,stationary-101,middle,middle-w05,14,49,100,daily_to_365_response30_settlement30,250,bayesian_hierarchical,finite-grid-gamma-poisson/1.0.0,posterior_predictive,30,-17.42972073481297,0.0615753262581702,-18.956185401864776,-18.484610263377974,-18.117029759108203,-17.59001929669902,-16.921815617409194,-16.213772539992448,-15.321135839524308,0.0,0.0,0.0,0.724,0.224,-17.98241001954984,,True,0.5526892847368678,0.0055268928473686,0.287774538628571,0.0028777453862857,0.0,0.0,1.0,1.0,2.270837723385526,3.635049562340468,prospective
stationary,101,stationary-101,middle,middle-w05,14,49,100,daily_to_365_response30_settlement30,250,bayesian_hierarchical,finite-grid-gamma-poisson/1.0.0,posterior_predictive,90,-12.879553686654791,0.1710761671360839,-17.20156073529173,-16.099854524014173,-14.816273905456214,-13.142991800508462,-11.089437400025476,-9.464807245855278,-6.923131859433371,0.0,0.0,0.0,0.724,0.224,-15.16886862686038,,True,2.2893149402055872,0.0228931494020558,1.2185224679361086,0.012185224679361,0.0,0.0,1.0,1.0,6.635047278158895,10.278428875858356,prospective
stationary,101,stationary-101,middle,middle-w05,14,49,100,daily_to_365_response30_settlement30,250,bayesian_hierarchical,finite-grid-gamma-poisson/1.0.0,posterior_predictive,180,-8.374831601964667,0.292724420639427,-16.24220195812468,-13.711364463954713,-11.697083547307402,-8.760596024915966,-5.761278462042824,-2.2969286131278333,1.7713404333913314,0.052,0.052,0.048,0.724,0.224,-11.719686596316688,,True,3.344854994352021,0.0334485499435202,1.7907011272481397,0.0179070112724813,0.002704,0.002704,1.0,1.0,11.41443585082688,18.01354239151601,prospective
stationary,101,stationary-101,middle,middle-w05,14,49,100,daily_to_365_response30_settlement30,250,bayesian_hierarchical,finite-grid-gamma-poisson/1.0.0,posterior_predictive,425,-4.195452363340693,0.4783201263040496,-16.703595986285272,-13.025856918553004,-10.163507860950617,-4.390460268752719,0.1401432212894883,5.361394388771064,12.776174744296531,0.264,0.276,0.196,0.724,0.224,-8.224659177400941,,True,4.029206814060248,0.0402920681406024,2.4362188340312274,0.0243621883403122,0.069696,0.076176,1.0,1.0,18.38725130732407,29.479770730581805,prospective
stationary,101,stationary-101,high,high-w05,14,49,100,daily_to_365_response30_settlement30,250,bayesian_hierarchical,finite-grid-gamma-poisson/1.0.0,posterior_predictive,30,-7.750262485030499,0.1248107121931585,-11.558421727805918,-10.35755176930184,-9.091727687182386,-7.94599147659647,-6.4370025940532605,-5.020558608587563,-3.63771198570234,0.0,0.0,0.0,0.032,0.004,-7.893522344291731,66.0,False,0.1432598592612324,0.0014325985926123,0.4645681878032885,0.0046456818780328,0.0,0.0,1.0,1.0,5.336993160714278,7.920709742103578,prospective
stationary,101,stationary-101,high,high-w05,14,49,100,daily_to_365_response30_settlement30,250,bayesian_hierarchical,finite-grid-gamma-poisson/1.0.0,posterior_predictive,90,8.364154930187379,0.458950699083351,-3.64150998577128,-0.7470310508948558,2.3205585186303184,7.556766588148406,13.56818548857756,18.90359372632839,21.820246113218577,0.856,0.856,0.804,0.032,0.004,5.888973556437308,66.0,False,2.475181373750071,0.0247518137375007,2.0915295995679566,0.0209152959956795,0.020736,0.020736,1.0,1.0,19.650624777223243,25.461756098989856,prospective
stationary,101,stationary-101,high,high-w05,14,49,100,daily_to_365_response30_settlement30,250,bayesian_hierarchical,finite-grid-gamma-poisson/1.0.0,posterior_predictive,180,21.61602420300053,0.938337305766999,-1.3528856722163358,1.698734038073578,8.09872269284748,21.87076568267062,31.771016576666447,41.73847633238459,51.37744182268208,0.952,0.964,0.876,0.032,0.004,18.769069296443654,66.0,False,2.8469549065568778,0.0284695490655687,4.149735542731186,0.0414973554273118,0.002304,0.001296,1.0,1.0,40.03974229431101,52.73032749489842,prospective
stationary,101,stationary-101,high,high-w05,14,49,100,daily_to_365_response30_settlement30,250,bayesian_hierarchical,finite-grid-gamma-poisson/1.0.0,posterior_predictive,425,31.79929082012465,1.5562693422587648,-2.820373970686492,-0.2175447025865632,6.652298593258467,33.90117699729089,47.282550745114094,64.56508186764931,81.26936842270698,0.892,0.968,0.836,0.032,0.004,36.46258546012433,66.0,False,4.66329463999968,0.0466329463999968,6.400842624873862,0.0640084262487386,0.0116639999999999,0.001024,1.0,1.0,64.78262657023588,84.08974239339346,prospective
stationary,101,stationary-101,low,low-w05,30,65,100,daily_to_365_response30_settlement30,250,bayesian_hierarchical,finite-grid-gamma-poisson/1.0.0,posterior_predictive,90,-17.25311695219436,0.0570697896784927,-18.780371890267503,-18.36137551073947,-17.88550880361442,-17.341792403901657,-16.66176552472068,-15.98721128260273,-15.296029890317312,0.0,0.0,0.0,1.0,0.0,-19.208280326711787,,True,1.9551633745174255,0.0195516337451742,1.4500427350533642,0.0145004273505336,0.0,0.0,0.0,0.0,2.37416422813674,3.484341999950191,prospective
stationary,101,stationary-101,low,low-w05,30,65,100,daily_to_365_response30_settlement30,250,bayesian_hierarchical,finite-grid-gamma-poisson/1.0.0,posterior_predictive,180,-15.811098672734747,0.107098706841418,-18.98004705776064,-17.87571914596429,-16.97992098410136,-15.887596857450935,-14.749497754794117,-13.613094570145472,-12.388880110428536,0.0,0.0,0.0,1.0,0.0,-18.949385091300776,,True,3.138286418566029,0.0313828641856602,2.2140592063312186,0.0221405920633121,0.0,0.0,0.0,1.0,4.262624575818817,6.591166947332104,prospective
stationary,101,stationary-101,low,low-w05,30,65,100,daily_to_365_response30_settlement30,250,bayesian_hierarchical,finite-grid-gamma-poisson/1.0.0,posterior_predictive,425,-15.1972889379242,0.1782561104070014,-20.12775897050148,-18.56097307010768,-17.200016510641273,-15.264050811261722,-13.321933538791829,-11.42875602650826,-9.316090141268935,0.0,0.0,0.0,1.0,0.0,-20.01354418211703,,True,4.8162552441928295,0.0481625524419283,3.2950308129664174,0.0329503081296641,0.0,0.0,0.0,1.0,7.132217043599422,10.811668829232543,prospective
stationary,101,stationary-101,middle,middle-w05,30,65,100,daily_to_365_response30_settlement30,250,bayesian_hierarchical,finite-grid-gamma-poisson/1.0.0,posterior_predictive,90,-13.693376513970987,0.0937725506503673,-16.413629605909037,-15.554583827443414,-14.678851531719094,-13.84774028549842,-12.780297506353536,-11.770577579554615,-10.692001936731652,0.0,0.0,0.0,0.908,0.092,-15.16886862686038,,True,1.4754921128893912,0.0147549211288939,0.8496375149663666,0.0084963751496636,0.0,0.0,1.0,1.0,3.784006247888797,5.721627669177384,prospective
stationary,101,stationary-101,middle,middle-w05,30,65,100,daily_to_365_response30_settlement30,250,bayesian_hierarchical,finite-grid-gamma-poisson/1.0.0,posterior_predictive,180,-9.980097525679994,0.1737593675072673,-14.290350070667316,-13.441510938343784,-11.940324443527484,-10.037354645021058,-8.365630354377858,-6.535632869117762,-3.441721336644931,0.0,0.0,0.0,0.908,0.092,-11.719686596316688,,True,1.7395890706366934,0.0173958907063669,0.9848792986968748,0.0098487929869687,0.0,0.0,1.0,1.0,6.905878069226022,10.848628734022387,prospective
stationary,101,stationary-101,middle,middle-w05,30,65,100,daily_to_365_response30_settlement30,250,bayesian_hierarchical,finite-grid-gamma-poisson/1.0.0,posterior_predictive,425,-7.027817788017811,0.3023580641818324,-14.192792658379302,-12.902727774678386,-10.883910495312032,-7.5129437433582,-4.128640706195784,-0.7167677369497355,3.5391801344173257,0.092,0.092,0.072,0.908,0.092,-8.224659177400941,,True,1.1968413893831302,0.0119684138938313,1.2650852236443684,0.0126508522364436,0.008464,0.008464,1.0,1.0,12.18596003772865,17.73197279279663,prospective
stationary,101,stationary-101,high,high-w05,30,65,100,daily_to_365_response30_settlement30,250,bayesian_hierarchical,finite-grid-gamma-poisson/1.0.0,posterior_predictive,90,10.834642734396528,0.2416121447191077,3.668805988140119,6.318869305503903,8.317573885220451,10.5727318991197,13.547627717438363,15.833609426471115,18.175747524358773,1.0,1.0,0.964,0.0,0.0,5.888973556437308,66.0,False,4.94566917795922,0.0494566917795922,3.1103388831964955,0.0311033888319649,0.0,0.0,0.0,1.0,9.514740120967211,14.506941536218656,prospective
stationary,101,stationary-101,high,high-w05,30,65,100,daily_to_365_response30_settlement30,250,bayesian_hierarchical,finite-grid-gamma-poisson/1.0.0,posterior_predictive,180,27.71302906867147,0.5034735043398079,13.86463999104,18.58892380427004,22.009523723701385,27.11766274101821,32.83858523942016,38.75249021120291,44.21243843932725,1.0,1.0,0.964,0.0,0.0,18.769069296443654,66.0,False,8.943959772227817,0.0894395977222781,5.316449785609123,0.0531644978560912,0.0,0.0,1.0,1.0,20.16356640693287,30.347798448287243,prospective
stationary,101,stationary-101,high,high-w05,30,65,100,daily_to_365_response30_settlement30,250,bayesian_hierarchical,finite-grid-gamma-poisson/1.0.0,posterior_predictive,425,41.49281798531748,0.9309900552163272,20.78982244173765,28.05707747560752,32.046748111070464,38.43692073161112,48.511306495945696,64.33123066823009,77.7896194671303,1.0,1.0,0.964,0.0,0.0,36.46258546012433,66.0,False,5.030232525193149,0.0503023252519314,3.0757247349802856,0.0307572473498028,0.0,0.0,1.0,1.0,36.27415319262258,56.99979702539264,prospective
stationary,101,stationary-101,low,low-w05,60,95,100,daily_to_365_response30_settlement30,250,bayesian_hierarchical,finite-grid-gamma-poisson/1.0.0,posterior_predictive,90,-18.72747116834232,0.026240110413726,-19.35407169821399,-19.230255659641397,-19.05589846490717,-18.764238048455525,-18.470982186478285,-18.20136685232793,-17.817556081085463,0.0,0.0,0.0,1.0,0.0,-19.208280326711787,,True,0.4808091583694711,0.0048080915836947,0.2763065000981506,0.0027630650009815,0.0,0.0,1.0,1.0,1.0288888073134643,1.5365156171285257,prospective
stationary,101,stationary-101,low,low-w05,60,95,100,daily_to_365_response30_settlement30,250,bayesian_hierarchical,finite-grid-gamma-poisson/1.0.0,posterior_predictive,180,-18.30818179933932,0.0558152225760874,-19.7755812342336,-19.344974226110217,-18.892879055935893,-18.378432267214556,-17.815018642436872,-17.299845296692382,-16.184790736151818,0.0,0.0,0.0,1.0,0.0,-18.949385091300776,,True,0.6412032919614568,0.0064120329196145,0.3554306599601664,0.0035543065996016,0.0,0.0,1.0,1.0,2.045128929417835,3.5907904980817804,prospective
stationary,101,stationary-101,low,low-w05,60,95,100,daily_to_365_response30_settlement30,250,bayesian_hierarchical,finite-grid-gamma-poisson/1.0.0,posterior_predictive,425,-19.089908631330733,0.1077531066356471,-21.786739357412173,-21.0425738309058,-20.43110293319291,-19.284286660683662,-18.105648067512853,-16.87858266987776,-15.20939921953239,0.0,0.0,0.0,1.0,0.0,-20.01354418211703,,True,0.9236355507862974,0.0092363555078629,0.5183664127644737,0.0051836641276447,0.0,0.0,1.0,1.0,4.163991161028044,6.577340137879784,prospective
stationary,101,stationary-101,middle,middle-w05,60,95,100,daily_to_365_response30_settlement30,250,bayesian_hierarchical,finite-grid-gamma-poisson/1.0.0,posterior_predictive,90,-14.844249515366224,0.0551458062011086,-16.119292743192307,-15.793151024136138,-15.48300479953214,-15.002748368931757,-14.355413856224464,-13.661282960360438,-12.966413069443147,0.0,0.0,0.0,0.988,0.012,-15.16886862686038,,True,0.3246191114941563,0.0032461911149415,0.2152435100205832,0.0021524351002058,0.0,0.0,1.0,1.0,2.1318680637757,3.15287967374916,prospective
stationary,101,stationary-101,middle,middle-w05,60,95,100,daily_to_365_response30_settlement30,250,bayesian_hierarchical,finite-grid-gamma-poisson/1.0.0,posterior_predictive,180,-11.65983266261614,0.1154449163900727,-14.42737589877872,-13.65550468554587,-13.041720145464414,-11.899250005485277,-10.507412583376048,-9.453941061306557,-7.528723731388514,0.0,0.0,0.0,0.988,0.012,-11.719686596316688,,True,0.0598539337005483,0.0005985393370054,0.4347420572627611,0.0043474205726276,0.0,0.0,1.0,1.0,4.201563624239313,6.898652167390206,prospective
stationary,101,stationary-101,middle,middle-w05,60,95,100,daily_to_365_response30_settlement30,250,bayesian_hierarchical,finite-grid-gamma-poisson/1.0.0,posterior_predictive,425,-9.863537994760142,0.2166921772256247,-14.6054382748692,-13.46938922769928,-12.315705636090543,-10.661582557115509,-8.049445148993751,-5.055623076783207,-1.952601004952324,0.012,0.012,0.008,0.988,0.012,-8.224659177400941,,True,1.6388788173592008,0.016388788173592,1.3549445217537197,0.0135494452175371,0.000144,0.000144,1.0,1.0,8.413766150916071,12.652837269916876,prospective
stationary,101,stationary-101,high,high-w05,60,95,100,daily_to_365_response30_settlement30,250,bayesian_hierarchical,finite-grid-gamma-poisson/1.0.0,posterior_predictive,90,5.915289638552229,0.1077501374403567,2.993893615753982,3.897108142876625,4.773674495512596,5.71244925918614,6.943963711161866,8.165404253818428,9.747424881838942,1.0,1.0,0.932,0.0,0.0,5.888973556437308,66.0,False,0.0263160821149215,0.0002631608211492,0.4059072532558423,0.0040590725325584,0.0,0.0,1.0,1.0,4.268296110941804,6.75353126608496,prospective
stationary,101,stationary-101,high,high-w05,60,95,100,daily_to_365_response30_settlement30,250,bayesian_hierarchical,finite-grid-gamma-poisson/1.0.0,posterior_predictive,180,19.440616587867297,0.2350215797655069,12.70272949617071,14.904257247222398,17.133332079410494,18.997424524142176,21.578466622050577,24.368342259779613,27.4008027009502,1.0,1.0,0.932,0.0,0.0,18.769069296443654,66.0,False,0.6715472914236429,0.0067154729142364,0.8087740657439326,0.0080877406574393,0.0,0.0,1.0,1.0,9.464085012557216,14.698073204779492,prospective
stationary,101,stationary-101,high,high-w05,60,95,100,daily_to_365_response30_settlement30,250,bayesian_hierarchical,finite-grid-gamma-poisson/1.0.0,posterior_predictive,425,29.318337787741186,0.3637236621488109,20.01266577649848,22.89641398598829,25.43452626055871,28.988221918713787,32.03831243947633,36.0171929130139,43.21637907311048,1.0,1.0,0.932,0.0,0.0,36.46258546012433,66.0,False,7.144247672383145,0.0714424767238314,5.059761612335123,0.0505976161233512,0.0,0.0,0.0,1.0,13.120778927025617,23.203713296612005,prospective
stationary,202,stationary-202,low,low-w05,3,38,100,daily_to_365_response30_settlement30,250,bayesian_hierarchical,finite-grid-gamma-poisson/1.0.0,posterior_predictive,30,-19.13846087926845,0.0439051549726034,-20.10362046747991,-19.92428274931379,-19.59017184237729,-19.20519083862152,-18.85138176697179,-18.36732189197858,-17.270455514735016,0.0,0.0,0.0,0.992,0.008,-19.22864049620049,,True,0.090179616932037,0.0009017961693203,0.1296837227140916,0.0012968372271409,0.0,0.0,1.0,1.0,1.5569608573352092,2.8331649527448945,prospective
stationary,202,stationary-202,low,low-w05,3,38,100,daily_to_365_response30_settlement30,250,bayesian_hierarchical,finite-grid-gamma-poisson/1.0.0,posterior_predictive,90,-18.908507487292805,0.1016532365325184,-20.88975177365863,-20.524003118704265,-19.91315785186445,-19.214066956055014,-18.37386124640288,-16.9333966620726,-15.135941982164963,0.0,0.0,0.0,0.992,0.008,-18.685760284367213,,True,0.2227472029255928,0.0022274720292559,0.3819382457104813,0.0038193824571048,0.0,0.0,1.0,1.0,3.590606456631665,5.7538097914936674,prospective
stationary,202,stationary-202,low,low-w05,3,38,100,daily_to_365_response30_settlement30,250,bayesian_hierarchical,finite-grid-gamma-poisson/1.0.0,posterior_predictive,180,-19.124042928419367,0.1847198745857305,-22.48872681852209,-21.83624649127892,-20.9572633017623,-19.72817105108511,-18.260044710296544,-16.062305456309364,-12.218362946113023,0.0,0.0,0.0,0.992,0.008,-19.232748361705,,True,0.1087054332856283,0.0010870543328562,0.5499928348302376,0.0054999283483023,0.0,0.0,1.0,1.0,5.773941034969557,10.270363872409066,prospective
stationary,202,stationary-202,low,low-w05,3,38,100,daily_to_365_response30_settlement30,250,bayesian_hierarchical,finite-grid-gamma-poisson/1.0.0,posterior_predictive,425,-20.78374971969765,0.2785690574420725,-26.129147944244806,-24.790742486377518,-23.538769624830383,-21.58138435814027,-19.43239192869577,-15.859636893667838,-10.634005489137966,0.008,0.008,0.008,0.992,0.008,-20.827441487922464,,True,0.0436917682248143,0.0004369176822481,0.8399096129852257,0.0083990961298522,6.4e-05,6.4e-05,1.0,1.0,8.931105592709676,15.49514245510684,prospective
stationary,202,stationary-202,middle,middle-w05,3,38,100,daily_to_365_response30_settlement30,250,bayesian_hierarchical,finite-grid-gamma-poisson/1.0.0,posterior_predictive,30,-16.721055690236682,0.1157114826726233,-19.265198316335663,-18.556031914963228,-18.031731543656814,-17.08747377512453,-15.77187097105767,-14.226372203211854,-12.577273072902264,0.0,0.0,0.0,0.784,0.092,-14.398757729991138,,True,2.322297960245544,0.0232229796024554,1.6803275254316858,0.0168032752543168,0.0,0.0,1.0,1.0,4.329659711751374,6.687925243433398,prospective
stationary,202,stationary-202,middle,middle-w05,3,38,100,daily_to_365_response30_settlement30,250,bayesian_hierarchical,finite-grid-gamma-poisson/1.0.0,posterior_predictive,90,-13.039061873844489,0.3074900374028382,-19.250572895514534,-17.949960262928563,-16.459398862434114,-13.897726103738185,-10.845733122757572,-6.6551201708791,-2.140193439915453,0.008,0.008,0.008,0.784,0.092,-6.629375774459769,,True,6.409686099384718,0.0640968609938471,4.659141324278364,0.0465914132427836,6.4e-05,6.4e-05,0.0,1.0,11.294840092049462,17.11037945559908,prospective
stationary,202,stationary-202,middle,middle-w05,3,38,100,daily_to_365_response30_settlement30,250,bayesian_hierarchical,finite-grid-gamma-poisson/1.0.0,posterior_predictive,180,-10.199509109133356,0.5354624283757446,-20.348616681108304,-18.7428794081755,-16.874203563134472,-11.54097144515806,-6.07341190658683,1.1672082291086834,9.2227107715036,0.124,0.124,0.108,0.784,0.092,-3.3950391125974035,,True,6.804469996535953,0.0680446999653595,4.9227417276709895,0.0492274172767098,0.0153759999999999,0.0153759999999999,1.0,1.0,19.910087637284185,29.571327452611904,prospective
stationary,202,stationary-202,middle,middle-w05,3,38,100,daily_to_365_response30_settlement30,250,bayesian_hierarchical,finite-grid-gamma-poisson/1.0.0,posterior_predictive,425,-8.817467195623651,0.8233439749000738,-23.400133350878885,-21.60528186414394,-19.185585672043093,-11.8558834378339,-1.7555575481102612,9.458776323602748,19.30502481683796,0.216,0.216,0.168,0.784,0.092,-2.0471249968080305,,True,6.770342198815621,0.0677034219881562,5.552117955765218,0.0555211795576521,0.0466559999999999,0.0466559999999999,1.0,1.0,31.06405818774669,42.705158167716846,prospective
stationary,202,stationary-202,high,high-w05,3,38,100,daily_to_365_response30_settlement30,250,bayesian_hierarchical,finite-grid-gamma-poisson/1.0.0,posterior_predictive,30,-18.61713163355115,0.151250810521874,-22.01958250007823,-21.152412236020737,-20.361270827395398,-18.880137426332805,-17.58669026789336,-15.683585254477522,-13.288224043827976,0.0,0.0,0.0,0.564,0.204,-14.349733620253758,107.0,False,4.267398013297392,0.0426739801329739,3.2250230981653765,0.0322502309816537,0.0,0.0,0.0,1.0,5.468826981543215,8.731358456250252,prospective
stationary,202,stationary-202,high,high-w05,3,38,100,daily_to_365_response30_settlement30,250,bayesian_hierarchical,finite-grid-gamma-poisson/1.0.0,posterior_predictive,90,-12.045306304039444,0.3589377794649119,-20.44603522489175,-17.9690289166144,-16.001248800613315,-13.20138589291392,-9.344511117880204,-4.071081417144909,0.7466203344774058,0.028,0.028,0.024,0.564,0.204,-1.932963361942656,107.0,False,10.112342942096788,0.1011234294209678,7.496015802795238,0.0749601580279523,0.000784,0.000784,0.0,1.0,13.897947499469488,21.19265555936916,prospective
stationary,202,stationary-202,high,high-w05,3,38,100,daily_to_365_response30_settlement30,250,bayesian_hierarchical,finite-grid-gamma-poisson/1.0.0,posterior_predictive,180,-5.777128858562085,0.5954458294132143,-20.42515769564324,-16.539099651381495,-12.079260122416333,-7.619600138349378,-0.7754701385725791,7.30671410633706,14.196601598894055,0.228,0.232,0.216,0.564,0.204,8.918954589860482,107.0,False,14.696083448422566,0.1469608344842256,10.44652163212372,0.1044652163212371,0.5959840000000001,0.589824,0.0,1.0,23.84581375771856,34.6217592945373,prospective
stationary,202,stationary-202,high,high-w05,3,38,100,daily_to_365_response30_settlement30,250,bayesian_hierarchical,finite-grid-gamma-poisson/1.0.0,posterior_predictive,425,-0.3776029628298253,0.8694142340686408,-20.93297888131429,-16.3837037332888,-9.663606647390717,-2.517772382086957,6.46144374220273,18.74297680503716,31.324532347169196,0.428,0.436,0.376,0.564,0.204,22.443955382484127,107.0,False,22.821558345313957,0.2282155834531395,16.509908240113646,0.1650990824011364,0.3271840000000001,0.318096,0.0,1.0,35.12668053832596,52.25751122848349,prospective
stationary,202,stationary-202,low,low-w05,7,42,100,daily_to_365_response30_settlement30,250,bayesian_hierarchical,finite-grid-gamma-poisson/1.0.0,posterior_predictive,30,-18.647565295106013,0.0773473551175566,-20.118867543635208,-19.70032868108081,-19.2936566960064,-18.79926767052668,-18.297218090677703,-17.52522853110821,-16.12391708925528,0.0,0.0,0.0,0.984,0.012,-19.22864049620049,,True,0.5810752010944782,0.0058107520109447,0.2746050718867809,0.0027460507188678,0.0,0.0,1.0,1.0,2.175100149972604,3.994950454379929,prospective
stationary,202,stationary-202,low,low-w05,7,42,100,daily_to_365_response30_settlement30,250,bayesian_hierarchical,finite-grid-gamma-poisson/1.0.0,posterior_predictive,90,-17.549738511662195,0.1733658482567787,-20.673378935490263,-20.12499180925896,-19.293384467342342,-18.09398369505972,-16.575579709061557,-14.496596196890604,-11.812741240008624,0.004,0.004,0.004,0.984,0.012,-18.685760284367213,,True,1.1360217727050177,0.0113602177270501,0.5759681509143855,0.0057596815091438,1.6e-05,1.6e-05,1.0,1.0,5.6283956123683545,8.860637695481637,prospective
stationary,202,stationary-202,low,low-w05,7,42,100,daily_to_365_response30_settlement30,250,bayesian_hierarchical,finite-grid-gamma-poisson/1.0.0,posterior_predictive,180,-17.29206025157406,0.3006529676752999,-22.496067949932637,-21.575002257503915,-20.35071537025403,-18.31577301972228,-15.457254308302767,-12.107326152353403,-7.211028585259444,0.004,0.004,0.004,0.984,0.012,-19.232748361705,,True,1.9406881101309352,0.0194068811013093,0.964766541983852,0.0096476654198385,1.6e-05,1.6e-05,1.0,1.0,9.46767610515051,15.285039364673189,prospective
stationary,202,stationary-202,low,low-w05,7,42,100,daily_to_365_response30_settlement30,250,bayesian_hierarchical,finite-grid-gamma-poisson/1.0.0,posterior_predictive,425,-18.467049531441617,0.5720262197821843,-26.065256868218693,-24.952927172164,-23.39918011038996,-19.98030052294019,-15.596175780988135,-10.82243455872072,-3.379356416860095,0.016,0.016,0.016,0.984,0.012,-20.827441487922464,,True,2.3603919564808464,0.0236039195648084,1.328902894049489,0.0132890289404948,0.000256,0.000256,1.0,1.0,14.130492613443275,22.6859004513586,prospective
stationary,202,stationary-202,middle,middle-w05,7,42,100,daily_to_365_response30_settlement30,250,bayesian_hierarchical,finite-grid-gamma-poisson/1.0.0,posterior_predictive,30,-17.531699085075477,0.0686136164397741,-19.2829527551769,-18.79494017282192,-18.26405462796488,-17.58012513998996,-16.983965974486075,-16.278366219688948,-15.089806624318934,0.0,0.0,0.0,0.924,0.064,-14.398757729991138,,True,3.1329413550843395,0.0313294135508433,2.560901089683337,0.0256090108968333,0.0,0.0,0.0,0.0,2.516573953132969,4.193146130857967,prospective
stationary,202,stationary-202,middle,middle-w05,7,42,100,daily_to_365_response30_settlement30,250,bayesian_hierarchical,finite-grid-gamma-poisson/1.0.0,posterior_predictive,90,-14.858581313202242,0.1827866948254708,-19.20647720819697,-17.98190864283353,-16.861577472518128,-15.322457397834103,-13.144697636027148,-11.465570231878711,-8.123521046114352,0.004,0.004,0.004,0.924,0.064,-6.629375774459769,,True,8.229205538742473,0.0822920553874247,6.725528157467376,0.0672552815746737,1.6e-05,1.6e-05,0.0,0.0,6.51633841095482,11.08295616208262,prospective
stationary,202,stationary-202,middle,middle-w05,7,42,100,daily_to_365_response30_settlement30,250,bayesian_hierarchical,finite-grid-gamma-poisson/1.0.0,posterior_predictive,180,-12.864418426044285,0.30860569514885,-20.052189595748125,-18.49242192537968,-16.607914488325505,-13.59720594090152,-9.791296090754658,-6.819899914681658,-2.496385794722631,0.008,0.012,0.008,0.924,0.064,-3.3950391125974035,,True,9.46937931344688,0.0946937931344688,7.035920011633785,0.0703592001163378,6.4e-05,0.000144,0.0,1.0,11.67252201069802,17.555803801025494,prospective
stationary,202,stationary-202,middle,middle-w05,7,42,100,daily_to_365_response30_settlement30,250,bayesian_hierarchical,finite-grid-gamma-poisson/1.0.0,posterior_predictive,425,-11.99729998958784,0.4952962160184768,-23.401898201579566,-21.352330043446845,-18.175673500501947,-13.016890208148698,-7.432399388078286,-1.1592650079953295,5.206699352110883,0.072,0.076,0.052,0.924,0.064,-2.0471249968080305,,True,9.950174992779807,0.099501749927798,6.769194199885244,0.0676919419988524,0.0051839999999999,0.005776,1.0,1.0,20.193065035451514,28.60859755369045,prospective
stationary,202,stationary-202,high,high-w05,7,42,100,daily_to_365_response30_settlement30,250,bayesian_hierarchical,finite-grid-gamma-poisson/1.0.0,posterior_predictive,30,-15.347931506976195,0.1298677794084086,-18.696695456765998,-18.013171946886,-16.76973506898343,-15.504359752669156,-14.070258658969236,-12.702321567181208,-10.39731307368325,0.0,0.0,0.0,0.064,0.136,-14.349733620253758,107.0,False,0.9981978867224388,0.0099819788672243,0.712506752688197,0.0071250675268819,0.0,0.0,1.0,1.0,5.310850379704792,8.299382383082744,prospective
stationary,202,stationary-202,high,high-w05,7,42,100,daily_to_365_response30_settlement30,250,bayesian_hierarchical,finite-grid-gamma-poisson/1.0.0,posterior_predictive,90,-3.463620874530082,0.3563423793549335,-12.071343535982065,-10.02572024666934,-7.26739352456878,-4.0447701108880345,-0.7395609259421916,3.2453249779146223,11.906216949621305,0.204,0.204,0.2,0.064,0.136,-1.932963361942656,107.0,False,1.5306575125874262,0.0153065751258742,1.508909427206884,0.0150890942720688,0.0416159999999999,0.0416159999999999,1.0,1.0,13.27104522458396,23.97756048560337,prospective
stationary,202,stationary-202,high,high-w05,7,42,100,daily_to_365_response30_settlement30,250,bayesian_hierarchical,finite-grid-gamma-poisson/1.0.0,posterior_predictive,180,8.263886647409098,0.6146047826843317,-5.969727903645949,-3.0851294755109606,1.3336618063894297,7.235701025242005,12.680861047512574,21.69849018482445,32.54644590397554,0.8,0.8,0.748,0.064,0.136,8.918954589860482,107.0,False,0.6550679424513834,0.0065506794245138,2.2514496511680147,0.0225144965116801,0.0399999999999999,0.0399999999999999,1.0,1.0,24.78361966033541,38.516173807621485,prospective
stationary,202,stationary-202,high,high-w05,7,42,100,daily_to_365_response30_settlement30,250,bayesian_hierarchical,finite-grid-gamma-poisson/1.0.0,posterior_predictive,425,19.672967395578468,0.9354336490507412,-2.1779963621934737,2.955363798332785,8.391862362170905,18.710102759452734,27.65888177254687,39.99941653824763,55.6466560552364,0.936,0.936,0.832,0.064,0.136,22.443955382484127,107.0,False,2.7709879869056597,0.0277098798690565,3.903169979147036,0.0390316997914703,0.0040959999999999,0.0040959999999999,1.0,1.0,37.04405273991485,57.824652417429874,prospective
stationary,202,stationary-202,low,low-w05,14,49,100,daily_to_365_response30_settlement30,250,bayesian_hierarchical,finite-grid-gamma-poisson/1.0.0,posterior_predictive,30,-18.78885594299996,0.0409317285995865,-19.74290588971348,-19.456477288302136,-19.259809823858127,-18.883033994409598,-18.397453961828155,-18.080755710775534,-17.17362690384782,0.0,0.0,0.0,1.0,0.0,-19.22864049620049,,True,0.4397845532005284,0.0043978455320052,0.2204304230882914,0.0022043042308829,0.0,0.0,1.0,1.0,1.3757215775265976,2.5692789858656617,prospective
stationary,202,stationary-202,low,low-w05,14,49,100,daily_to_365_response30_settlement30,250,bayesian_hierarchical,finite-grid-gamma-poisson/1.0.0,posterior_predictive,90,-17.380186027583317,0.1051119052841353,-20.0211891311578,-19.449684517418916,-18.55422566903636,-17.44586142899582,-16.44830434885204,-15.169840418307457,-13.712824563719256,0.0,0.0,0.0,1.0,0.0,-18.685760284367213,,True,1.3055742567838955,0.0130557425678389,0.6996933507346041,0.006996933507346,0.0,0.0,1.0,1.0,4.2798440991114575,6.308364567438545,prospective
stationary,202,stationary-202,low,low-w05,14,49,100,daily_to_365_response30_settlement30,250,bayesian_hierarchical,finite-grid-gamma-poisson/1.0.0,posterior_predictive,180,-16.534255024784834,0.1709807150483173,-21.184528212646573,-19.998254513137937,-18.50946667286136,-16.59548188312263,-14.630908486463966,-12.841978218705329,-11.241103621744085,0.0,0.0,0.0,1.0,0.0,-19.232748361705,,True,2.698493336920162,0.0269849333692016,1.544380084825726,0.0154438008482572,0.0,0.0,1.0,1.0,7.156276294432608,9.94342459090249,prospective
stationary,202,stationary-202,low,low-w05,14,49,100,daily_to_365_response30_settlement30,250,bayesian_hierarchical,finite-grid-gamma-poisson/1.0.0,posterior_predictive,425,-16.82054232150058,0.276866007554284,-24.432645517641216,-22.320321730435897,-19.873954065086338,-17.199099956434367,-13.895881082872886,-10.90433742389574,-7.817560947788576,0.0,0.0,0.0,1.0,0.0,-20.827441487922464,,True,4.006899166421885,0.0400689916642188,2.2496132229410466,0.0224961322294104,0.0,0.0,1.0,1.0,11.415984306540157,16.61508456985264,prospective
stationary,202,stationary-202,middle,middle-w05,14,49,100,daily_to_365_response30_settlement30,250,bayesian_hierarchical,finite-grid-gamma-poisson/1.0.0,posterior_predictive,30,-13.82044784043613,0.0686835701625018,-15.544746539435538,-14.994378944512995,-14.505372743834982,-14.032117280177207,-13.302453168198618,-12.356207316050092,-11.093891350378394,0.0,0.0,0.0,0.64,0.124,-14.398757729991138,,True,0.5783098895550083,0.00578309889555,0.3002364595287357,0.0030023645952873,0.0,0.0,1.0,1.0,2.638171628462903,4.450855189057144,prospective
stationary,202,stationary-202,middle,middle-w05,14,49,100,daily_to_365_response30_settlement30,250,bayesian_hierarchical,finite-grid-gamma-poisson/1.0.0,posterior_predictive,90,-8.418801791260263,0.2191927935059709,-13.273981463015703,-12.199093094912268,-10.871750364598451,-9.002216717054976,-6.558933462813192,-3.3720019957377003,0.4400122212983146,0.04,0.04,0.04,0.64,0.124,-6.629375774459769,,True,1.789426016800494,0.0178942601680049,1.4203468433398498,0.0142034684333984,0.0016,0.0016,1.0,1.0,8.827091099174567,13.713993684314016,prospective
stationary,202,stationary-202,middle,middle-w05,14,49,100,daily_to_365_response30_settlement30,250,bayesian_hierarchical,finite-grid-gamma-poisson/1.0.0,posterior_predictive,180,-4.764145831712577,0.4515292423476459,-13.799517838906606,-12.677685034693589,-10.625418130647708,-6.185699370551816,-0.4345617652910736,5.3865538929641135,11.521056438823322,0.236,0.236,0.228,0.64,0.124,-3.3950391125974035,,True,1.3691067191151736,0.0136910671911517,2.140140506916796,0.0214014050691679,0.0556959999999999,0.0556959999999999,1.0,1.0,18.0642389276577,25.32057427772993,prospective
stationary,202,stationary-202,middle,middle-w05,14,49,100,daily_to_365_response30_settlement30,250,bayesian_hierarchical,finite-grid-gamma-poisson/1.0.0,posterior_predictive,425,-3.0140085867620487,0.7699575708320885,-16.586627144537673,-15.7585988604649,-13.469842738186175,-5.813877165558559,4.236833615468126,14.045263503410332,27.022818305154885,0.356,0.36,0.308,0.64,0.124,-2.0471249968080305,,True,0.9668835899540182,0.0096688358995401,3.500592038446846,0.0350059203844684,0.126736,0.1296,1.0,1.0,29.803862363875236,43.60944544969256,prospective
stationary,202,stationary-202,high,high-w05,14,49,100,daily_to_365_response30_settlement30,250,bayesian_hierarchical,finite-grid-gamma-poisson/1.0.0,posterior_predictive,30,-14.794908515401865,0.1005053513097038,-17.75783987347877,-16.49671416212435,-15.964498390675612,-14.878030829372086,-13.85319129544617,-12.594885591138096,-11.33846681422798,0.0,0.0,0.0,0.008,0.076,-14.349733620253758,107.0,False,0.4451748951481065,0.004451748951481,0.4508770706309648,0.0045087707063096,0.0,0.0,1.0,1.0,3.901828570986254,6.419373059250789,prospective
stationary,202,stationary-202,high,high-w05,14,49,100,daily_to_365_response30_settlement30,250,bayesian_hierarchical,finite-grid-gamma-poisson/1.0.0,posterior_predictive,90,-2.2742892340205345,0.2715278210966016,-9.12438596593235,-7.243852141509349,-5.451711866366617,-2.775807092527316,0.2263071705718197,3.801437792549802,7.869382162294087,0.264,0.264,0.248,0.008,0.076,-1.932963361942656,107.0,False,0.3413258720778789,0.0034132587207787,1.071327715362043,0.0107132771536204,0.069696,0.069696,1.0,1.0,11.045289934059152,16.993768128226435,prospective
stationary,202,stationary-202,high,high-w05,14,49,100,daily_to_365_response30_settlement30,250,bayesian_hierarchical,finite-grid-gamma-poisson/1.0.0,posterior_predictive,180,9.98070940251311,0.4927776646336183,-1.3298308135643198,0.591282143693725,4.71675643213828,8.667620695892293,14.802246100142598,19.755536770179784,27.84759405050127,0.912,0.916,0.852,0.008,0.076,8.918954589860482,107.0,False,1.0617548126526284,0.0106175481265262,1.7596785380299744,0.0175967853802997,0.0077439999999999,0.0070559999999999,1.0,1.0,19.16425462648606,29.177424864065596,prospective
stationary,202,stationary-202,high,high-w05,14,49,100,daily_to_365_response30_settlement30,250,bayesian_hierarchical,finite-grid-gamma-poisson/1.0.0,posterior_predictive,425,21.35781721387199,0.7898577394003177,2.107030246310793,6.751881595372221,12.739913687990136,19.452399318495843,28.93136705390296,37.16050047470482,51.64968776043808,0.992,0.992,0.912,0.008,0.076,22.443955382484127,107.0,False,1.0861381686121376,0.0108613816861213,3.1717355448879303,0.0317173554488793,6.400000000000012e-05,6.400000000000012e-05,1.0,1.0,30.4086188793326,49.54265751412729,prospective
stationary,202,stationary-202,low,low-w05,30,65,100,daily_to_365_response30_settlement30,250,bayesian_hierarchical,finite-grid-gamma-poisson/1.0.0,posterior_predictive,90,-18.873203052908774,0.0400001668072951,-20.02823306583513,-19.743506548728497,-19.36530812024958,-18.83415448093761,-18.411423567006747,-18.062161625058888,-17.719106348891163,0.0,0.0,0.0,1.0,0.0,-18.685760284367213,,True,0.1874427685415653,0.0018744276854156,0.1785484716156041,0.001785484716156,0.0,0.0,1.0,1.0,1.6813449236696094,2.309126716943968,prospective
stationary,202,stationary-202,low,low-w05,30,65,100,daily_to_365_response30_settlement30,250,bayesian_hierarchical,finite-grid-gamma-poisson/1.0.0,posterior_predictive,180,-18.937452972505927,0.0779875575849035,-21.167866805435605,-20.5724984373522,-19.83666780386803,-18.90260098924757,-18.18439416885821,-17.47716336417429,-16.582339835121086,0.0,0.0,0.0,1.0,0.0,-19.232748361705,,True,0.2952953891990688,0.0029529538919906,0.3225861360351402,0.0032258613603514,0.0,0.0,1.0,1.0,3.0953350731779103,4.585526970314518,prospective
stationary,202,stationary-202,low,low-w05,30,65,100,daily_to_365_response30_settlement30,250,bayesian_hierarchical,finite-grid-gamma-poisson/1.0.0,posterior_predictive,425,-20.27432453283609,0.1349971840990544,-24.01515941674456,-22.81927075825526,-21.601602869191915,-20.431566385270035,-19.15081981590497,-17.67472845274402,-15.340951263069115,0.0,0.0,0.0,1.0,0.0,-20.827441487922464,,True,0.5531169550863737,0.0055311695508637,0.5024479206784886,0.0050244792067848,0.0,0.0,1.0,1.0,5.144542305511241,8.674208153675444,prospective
stationary,202,stationary-202,middle,middle-w05,30,65,100,daily_to_365_response30_settlement30,250,bayesian_hierarchical,finite-grid-gamma-poisson/1.0.0,posterior_predictive,90,-10.05729683903359,0.1214752799435349,-13.048793065388317,-12.11947810298454,-11.423935007573927,-10.324551691727486,-8.862640236935297,-7.1898765358368495,-5.850913764745723,0.0,0.0,0.0,0.892,0.06,-6.629375774459769,,True,3.4279210645738214,0.0342792106457382,2.4613335561909078,0.024613335561909,0.0,0.0,0.0,1.0,4.92960156714769,7.197879300642592,prospective
stationary,202,stationary-202,middle,middle-w05,30,65,100,daily_to_365_response30_settlement30,250,bayesian_hierarchical,finite-grid-gamma-poisson/1.0.0,posterior_predictive,180,-8.781724677986803,0.2501299179282861,-13.31496157162368,-12.58503367949304,-11.466399218987938,-10.137939372431276,-7.188819088581567,-2.109975400623928,1.0726067459282835,0.048,0.048,0.044,0.892,0.06,-3.3950391125974035,,True,5.386685565389399,0.0538668556538939,4.08319032206448,0.0408319032206448,0.002304,0.002304,1.0,1.0,10.47505827886911,14.387568317551963,prospective
stationary,202,stationary-202,middle,middle-w05,30,65,100,daily_to_365_response30_settlement30,250,bayesian_hierarchical,finite-grid-gamma-poisson/1.0.0,posterior_predictive,425,-10.058451398312643,0.4128082170918293,-16.464137205671314,-15.268680022173989,-14.02852517576331,-12.751710846934834,-9.52928873373546,0.4547560438195509,5.390633541790583,0.108,0.108,0.076,0.892,0.06,-2.0471249968080305,,True,8.011326401504615,0.0801132640150461,6.346610452629049,0.0634661045262904,0.0116639999999999,0.0116639999999999,1.0,1.0,15.723436065993535,21.8547707474619,prospective
stationary,202,stationary-202,high,high-w05,30,65,100,daily_to_365_response30_settlement30,250,bayesian_hierarchical,finite-grid-gamma-poisson/1.0.0,posterior_predictive,90,0.7727475092893173,0.2264578081378396,-4.541094580684684,-3.4466339808609976,-1.5427127218080905,0.3665781934025856,2.5276469024910235,5.5716824313623725,10.164292890499576,0.536,0.536,0.524,0.0,0.008,-1.932963361942656,107.0,False,2.705710871231973,0.0270571087123197,1.4206700404090309,0.0142067004040903,0.287296,0.287296,1.0,1.0,9.01831641222337,14.70538747118426,prospective
stationary,202,stationary-202,high,high-w05,30,65,100,daily_to_365_response30_settlement30,250,bayesian_hierarchical,finite-grid-gamma-poisson/1.0.0,posterior_predictive,180,17.19941800638231,0.4316951764617769,6.823298444084006,8.914390774686671,12.420883734207926,16.32074291725935,21.184624187208545,25.94510277431562,33.58321989561006,0.992,0.992,0.932,0.0,0.008,8.918954589860482,107.0,False,8.280463416521828,0.0828046341652182,4.919311129139108,0.049193111291391,6.400000000000012e-05,6.400000000000012e-05,1.0,1.0,17.03071199962895,26.75992145152605,prospective
stationary,202,stationary-202,high,high-w05,30,65,100,daily_to_365_response30_settlement30,250,bayesian_hierarchical,finite-grid-gamma-poisson/1.0.0,posterior_predictive,425,34.69934694436285,0.7283322627331845,13.060420221656337,22.360393303454934,27.455753650916225,32.99616589690536,41.57872535599744,49.771952884347776,60.1411726105695,1.0,1.0,0.936,0.0,0.008,22.443955382484127,107.0,False,12.255391561878724,0.1225539156187872,7.229173777567844,0.0722917377756784,0.0,0.0,1.0,1.0,27.41155958089284,47.08075238891316,prospective
stationary,202,stationary-202,low,low-w05,60,95,100,daily_to_365_response30_settlement30,250,bayesian_hierarchical,finite-grid-gamma-poisson/1.0.0,posterior_predictive,90,-18.45623257590065,0.0206479879303342,-18.97207481940402,-18.85257374806689,-18.6692730995402,-18.49444418150445,-18.270714441341436,-18.018222089850155,-17.7596932999086,0.0,0.0,0.0,1.0,0.0,-18.685760284367213,,True,0.2295277084665627,0.0022952770846656,0.1213140111513607,0.0012131401115136,0.0,0.0,1.0,1.0,0.8343516582167396,1.2123815194954195,prospective
stationary,202,stationary-202,low,low-w05,60,95,100,daily_to_365_response30_settlement30,250,bayesian_hierarchical,finite-grid-gamma-poisson/1.0.0,posterior_predictive,180,-18.713621878778707,0.0449145253189507,-19.922480993574236,-19.598007754325398,-19.21899189274364,-18.763780002548685,-18.266709537060056,-17.716893560539376,-17.076504767208185,0.0,0.0,0.0,1.0,0.0,-19.232748361705,,True,0.5191264829262892,0.0051912648292628,0.2859617182605519,0.0028596171826055,0.0,0.0,1.0,1.0,1.8811141937860183,2.845976226366048,prospective
stationary,202,stationary-202,low,low-w05,60,95,100,daily_to_365_response30_settlement30,250,bayesian_hierarchical,finite-grid-gamma-poisson/1.0.0,posterior_predictive,425,-20.45418680347961,0.0880375529796911,-22.663966129434986,-22.09360640546566,-21.48300670142013,-20.565530535709197,-19.714509718930323,-18.41757090809701,-17.183932154793887,0.0,0.0,0.0,1.0,0.0,-20.827441487922464,,True,0.3732546844428519,0.0037325468444285,0.3331734528091403,0.0033317345280914,0.0,0.0,1.0,1.0,3.676035497368652,5.480033974641099,prospective
stationary,202,stationary-202,middle,middle-w05,60,95,100,daily_to_365_response30_settlement30,250,bayesian_hierarchical,finite-grid-gamma-poisson/1.0.0,posterior_predictive,90,-7.399505692853583,0.0704376512827798,-9.124049428236937,-8.729936718559225,-8.284876924604546,-7.511501302310608,-6.614711460996897,-5.9013745605742045,-5.238829086568805,0.0,0.0,0.0,0.384,0.42,-6.629375774459769,,True,0.7701299183938142,0.0077012991839381,0.5042373697823409,0.0050423736978234,0.0,0.0,1.0,1.0,2.8285621579850204,3.8852203416681297,prospective
stationary,202,stationary-202,middle,middle-w05,60,95,100,daily_to_365_response30_settlement30,250,bayesian_hierarchical,finite-grid-gamma-poisson/1.0.0,posterior_predictive,180,-2.205159467638719,0.163437061893578,-8.043485287218516,-5.289562102172494,-3.7505631739468313,-2.22684350035839,-0.5680351424861372,0.7663834779462129,3.0649208420543683,0.196,0.196,0.156,0.384,0.42,-3.3950391125974035,,True,1.1898796449586846,0.0118987964495868,0.8225590919750643,0.0082255909197506,0.038416,0.038416,1.0,1.0,6.055945580118706,11.108406129272884,prospective
stationary,202,stationary-202,middle,middle-w05,60,95,100,daily_to_365_response30_settlement30,250,bayesian_hierarchical,finite-grid-gamma-poisson/1.0.0,posterior_predictive,425,0.6917498124807046,0.2687688874651321,-10.001403687193218,-3.640347356416713,-1.501592873373816,0.4075257348900502,2.9082831669948708,5.4297011543863,9.251017749227431,0.568,0.616,0.376,0.384,0.42,-2.0471249968080305,,True,2.738874809288735,0.0273887480928873,1.5941305703644857,0.0159413057036448,0.3226239999999999,0.379456,1.0,1.0,9.070048510803012,19.25242143642065,prospective
stationary,202,stationary-202,high,high-w05,60,95,100,daily_to_365_response30_settlement30,250,bayesian_hierarchical,finite-grid-gamma-poisson/1.0.0,posterior_predictive,90,-1.4490429229066415,0.1237518013114232,-4.617307144355294,-3.77539854340244,-2.8984199742110714,-1.722923331282043,-0.1512135319907741,1.237727627516004,2.6474205014046945,0.22,0.228,0.22,0.0,0.0,-1.932963361942656,107.0,False,0.4839204390360141,0.0048392043903601,0.4856545029438603,0.0048565450294386,0.0484,0.051984,1.0,1.0,5.0131261709184445,7.264727645759988,prospective
stationary,202,stationary-202,high,high-w05,60,95,100,daily_to_365_response30_settlement30,250,bayesian_hierarchical,finite-grid-gamma-poisson/1.0.0,posterior_predictive,180,11.775872489262031,0.291471567305395,3.644542475996305,5.938011087749332,8.706892728339467,11.423532980687105,15.18124678688656,17.391236827338396,20.819385109146943,1.0,1.0,0.944,0.0,0.0,8.918954589860482,107.0,False,2.85691789940155,0.0285691789940155,1.7262694592461756,0.0172626945924617,0.0,0.0,1.0,1.0,11.453225739589064,17.17484263315064,prospective
stationary,202,stationary-202,high,high-w05,60,95,100,daily_to_365_response30_settlement30,250,bayesian_hierarchical,finite-grid-gamma-poisson/1.0.0,posterior_predictive,425,25.69807931585768,0.5668318519314556,8.578970795292113,13.008526363831328,19.17777175095559,26.81046068332404,32.42715680261967,36.84456141329723,41.44091287120114,1.0,1.0,0.944,0.0,0.0,22.443955382484127,107.0,False,3.254123933373549,0.0325412393337354,2.974188665234456,0.0297418866523445,0.0,0.0,1.0,1.0,23.8360350494659,32.86194207590903,prospective
stationary,303,stationary-303,low,low-w05,3,38,100,daily_to_365_response30_settlement30,250,bayesian_hierarchical,finite-grid-gamma-poisson/1.0.0,posterior_predictive,30,-18.504216290412035,0.0339169655910941,-19.38016382775453,-19.135163973460813,-18.871276927736183,-18.550713239933547,-18.224434532845567,-17.850190638570567,-17.141731277660043,0.0,0.0,0.0,1.0,0.0,-19.09089136165812,,True,0.5866750712460842,0.0058667507124608,0.3370170078189648,0.0033701700781896,0.0,0.0,1.0,1.0,1.284973334890246,2.2384325500944837,prospective
stationary,303,stationary-303,low,low-w05,3,38,100,daily_to_365_response30_settlement30,250,bayesian_hierarchical,finite-grid-gamma-poisson/1.0.0,posterior_predictive,90,-19.29785499369435,0.0558695677435118,-20.49819951757001,-20.236323801031176,-19.863849601211115,-19.4828294099189,-18.91002858267068,-18.0948517968217,-17.293857479401147,0.0,0.0,0.0,1.0,0.0,-19.197142868436565,,True,0.100712125257786,0.0010071212525778,0.2283783022891731,0.0022837830228917,0.0,0.0,1.0,1.0,2.141472004209476,3.204342038168864,prospective
stationary,303,stationary-303,low,low-w05,3,38,100,daily_to_365_response30_settlement30,250,bayesian_hierarchical,finite-grid-gamma-poisson/1.0.0,posterior_predictive,180,-20.730008588480043,0.0776837500449541,-22.30945110801769,-21.931890858418985,-21.53996924166853,-21.05823534305153,-20.24380367212189,-18.961883004898187,-17.753560200661017,0.0,0.0,0.0,1.0,0.0,-19.63543185680241,,True,1.094576731677634,0.0109457673167763,0.8261048603890382,0.0082610486038903,0.0,0.0,1.0,1.0,2.970007853520798,4.555890907356673,prospective
stationary,303,stationary-303,low,low-w05,3,38,100,daily_to_365_response30_settlement30,250,bayesian_hierarchical,finite-grid-gamma-poisson/1.0.0,posterior_predictive,425,-23.2554827549762,0.1018980635837608,-25.39737415274336,-24.885088819941316,-24.2781698144579,-23.597312965164377,-22.717967933002623,-21.27676869285525,-19.222422683883156,0.0,0.0,0.0,1.0,0.0,-21.50321869944812,,True,1.7522640555280766,0.0175226405552807,1.313255623240826,0.0131325562324082,0.0,0.0,1.0,1.0,3.608320127086064,6.174951468860204,prospective
stationary,303,stationary-303,middle,middle-w05,3,38,100,daily_to_365_response30_settlement30,250,bayesian_hierarchical,finite-grid-gamma-poisson/1.0.0,posterior_predictive,30,-18.136288041409923,0.0854266968298505,-20.184082050319503,-19.665743019972226,-19.122752878048782,-18.348219717050856,-17.42846424809261,-16.45861503571107,-14.770173410131749,0.0,0.0,0.0,0.86,0.096,-14.021497666499322,135.0,False,4.114790374910601,0.041147903749106,3.397258304141726,0.0339725830414172,0.0,0.0,0.0,0.0,3.2071279842611524,5.413908640187756,prospective
stationary,303,stationary-303,middle,middle-w05,3,38,100,daily_to_365_response30_settlement30,250,bayesian_hierarchical,finite-grid-gamma-poisson/1.0.0,posterior_predictive,90,-14.82001397275785,0.2177986889387555,-19.434093530336327,-18.43856410277865,-17.38501600602906,-15.523303132535698,-12.938492250645538,-10.35661719364714,-6.884199509810902,0.0,0.0,0.0,0.86,0.096,-5.901008258801799,135.0,False,8.919005713956052,0.0891900571395605,7.1711652999818565,0.0717116529998185,0.0,0.0,0.0,0.0,8.08194690913151,12.549894020525423,prospective
stationary,303,stationary-303,middle,middle-w05,3,38,100,daily_to_365_response30_settlement30,250,bayesian_hierarchical,finite-grid-gamma-poisson/1.0.0,posterior_predictive,180,-11.732310337150556,0.3654876749905838,-19.22206573826131,-17.75318742547321,-15.770991431728056,-12.99351733607264,-9.023990618054082,-4.102564617492044,2.7965974825248288,0.044,0.044,0.036,0.86,0.096,3.0792738990404707,135.0,False,14.811584236191026,0.1481158423619102,11.858260358196516,0.1185826035819651,0.913936,0.913936,0.0,0.0,13.650622807981168,22.018663220786134,prospective
stationary,303,stationary-303,middle,middle-w05,3,38,100,daily_to_365_response30_settlement30,250,bayesian_hierarchical,finite-grid-gamma-poisson/1.0.0,posterior_predictive,425,-9.304226214995776,0.5500759727353977,-20.70159640599663,-18.68182775347664,-15.846353375882291,-10.844734248717662,-4.287012196281466,2.693182846084697,11.97356657490472,0.136,0.14,0.108,0.86,0.096,8.741982299221144,135.0,False,18.04620851421692,0.1804620851421692,13.850006735270105,0.138500067352701,0.7464959999999999,0.7395999999999999,0.0,1.0,21.37501059956133,32.67516298090135,prospective
stationary,303,stationary-303,high,high-w05,3,38,100,daily_to_365_response30_settlement30,250,bayesian_hierarchical,finite-grid-gamma-poisson/1.0.0,posterior_predictive,30,-14.951402858773896,0.1863334863575426,-19.16386228818392,-18.21359970694349,-17.04931113753848,-15.536216341227984,-13.002704580488064,-10.998940415766224,-8.231147755722835,0.0,0.0,0.0,0.312,0.08,-13.018950107078814,86.0,False,1.932452751695081,0.0193245275169508,1.3789329395508054,0.013789329395508,0.0,0.0,1.0,1.0,7.214659291177266,10.932714532461082,prospective
stationary,303,stationary-303,high,high-w05,3,38,100,daily_to_365_response30_settlement30,250,bayesian_hierarchical,finite-grid-gamma-poisson/1.0.0,posterior_predictive,90,-4.129330830273401,0.515290168602576,-16.092432525295543,-13.429446088789009,-10.940279891074718,-4.787512749296657,0.8052837459500735,6.258356174028347,16.043364897934165,0.296,0.296,0.288,0.312,0.08,1.109513020251654,86.0,False,5.238843850525054,0.0523884385052505,3.597080230978824,0.0359708023097882,0.4956159999999999,0.4956159999999999,1.0,1.0,19.687802262817357,32.135797423229704,prospective
stationary,303,stationary-303,high,high-w05,3,38,100,daily_to_365_response30_settlement30,250,bayesian_hierarchical,finite-grid-gamma-poisson/1.0.0,posterior_predictive,180,6.48684325328971,0.9872823688546964,-14.781857776800994,-11.743033741252685,-6.285132329874477,5.228167380198181,16.275049674951923,26.98693728321265,43.65962532554224,0.608,0.608,0.548,0.312,0.08,16.799434914421276,86.0,False,10.312591661131568,0.1031259166113156,7.1691096383666135,0.0716910963836661,0.153664,0.153664,1.0,1.0,38.72997102446534,58.44148310234323,prospective
stationary,303,stationary-303,high,high-w05,3,38,100,daily_to_365_response30_settlement30,250,bayesian_hierarchical,finite-grid-gamma-poisson/1.0.0,posterior_predictive,425,16.484627304494033,1.6576316756810965,-17.95920775885178,-14.4676422781463,-5.841217896150358,13.69771563755386,31.521734319143256,51.06161838600947,79.22925415006141,0.68,0.688,0.588,0.312,0.08,34.303322456486406,86.0,False,17.818695151992372,0.1781869515199237,12.298955157551166,0.1229895515755116,0.1023999999999999,0.097344,1.0,1.0,65.52926066415577,97.18846190891318,prospective
stationary,303,stationary-303,low,low-w05,7,42,100,daily_to_365_response30_settlement30,250,bayesian_hierarchical,finite-grid-gamma-poisson/1.0.0,posterior_predictive,30,-18.700901336275777,0.0274400117866529,-19.391204701070272,-19.18998299537555,-18.98348604160776,-18.72368686040193,-18.4858617028688,-18.187840487781948,-17.80917352788841,0.0,0.0,0.0,1.0,0.0,-19.09089136165812,,True,0.3899900253823425,0.0038999002538234,0.2158355981758547,0.0021583559817585,0.0,0.0,1.0,1.0,1.0021425075936037,1.5820311731818606,prospective
stationary,303,stationary-303,low,low-w05,7,42,100,daily_to_365_response30_settlement30,250,bayesian_hierarchical,finite-grid-gamma-poisson/1.0.0,posterior_predictive,90,-19.518963445059143,0.0444781383178221,-20.564168336942732,-20.316575768668287,-20.00957265190584,-19.58816033247416,-19.140614308536517,-18.7032309171404,-17.74521186817667,0.0,0.0,0.0,1.0,0.0,-19.197142868436565,,True,0.3218205766225779,0.0032182057662257,0.2442868128187585,0.0024428681281875,0.0,0.0,1.0,1.0,1.613344851527888,2.818956468766064,prospective
stationary,303,stationary-303,low,low-w05,7,42,100,daily_to_365_response30_settlement30,250,bayesian_hierarchical,finite-grid-gamma-poisson/1.0.0,posterior_predictive,180,-20.90365974253547,0.0638421402123469,-22.221510353338136,-21.97280609353108,-21.57198523389926,-21.093547204507203,-20.449107488120585,-19.674546486227264,-18.44465716906792,0.0,0.0,0.0,1.0,0.0,-19.63543185680241,,True,1.2682278857330616,0.0126822788573306,0.9127176094647398,0.0091271760946473,0.0,0.0,0.0,1.0,2.2982596073038124,3.77685318427022,prospective
stationary,303,stationary-303,low,low-w05,7,42,100,daily_to_365_response30_settlement30,250,bayesian_hierarchical,finite-grid-gamma-poisson/1.0.0,posterior_predictive,425,-23.483583788507197,0.0899318848840454,-25.398372370354053,-24.937267317144364,-24.464594606764575,-23.75629470567429,-22.960237642417997,-21.470665165877367,-19.9511915402464,0.0,0.0,0.0,1.0,0.0,-21.50321869944812,,True,1.9803650890590736,0.0198036508905907,1.4498460125069714,0.0144984601250697,0.0,0.0,1.0,1.0,3.466602151266997,5.447180830107651,prospective
stationary,303,stationary-303,middle,middle-w05,7,42,100,daily_to_365_response30_settlement30,250,bayesian_hierarchical,finite-grid-gamma-poisson/1.0.0,posterior_predictive,30,-18.8218110986409,0.0582299601074628,-20.29229294071064,-19.94105062429128,-19.466056193684604,-18.909891098258207,-18.23751502633984,-17.68457319467153,-16.725036097496144,0.0,0.0,0.0,0.976,0.024,-14.021497666499322,135.0,False,4.800313432141579,0.0480031343214157,4.285719520358458,0.0428571952035845,0.0,0.0,0.0,0.0,2.2564774296197534,3.5672568432144978,prospective
stationary,303,stationary-303,middle,middle-w05,7,42,100,daily_to_365_response30_settlement30,250,bayesian_hierarchical,finite-grid-gamma-poisson/1.0.0,posterior_predictive,90,-16.214202681890775,0.1510730054239084,-19.884768871515355,-19.12360069330079,-18.156752349610024,-16.508599697021946,-14.771349778162437,-12.962424347124252,-10.978815063566657,0.0,0.0,0.0,0.976,0.024,-5.901008258801799,135.0,False,10.313194423088976,0.1031319442308897,8.97629792613101,0.0897629792613101,0.0,0.0,0.0,0.0,6.161176346176539,8.905953807948698,prospective
stationary,303,stationary-303,middle,middle-w05,7,42,100,daily_to_365_response30_settlement30,250,bayesian_hierarchical,finite-grid-gamma-poisson/1.0.0,posterior_predictive,180,-13.881374418829502,0.2510000311286247,-19.835355231742344,-18.556562457575968,-16.91730122168,-14.474087510234476,-11.197000591422832,-8.117298677560207,-5.376005854219634,0.0,0.0,0.0,0.976,0.024,3.0792738990404707,135.0,False,16.96064831786997,0.1696064831786997,14.725877997529231,0.1472587799752923,1.0,1.0,0.0,0.0,10.43926378001576,14.45934937752271,prospective
stationary,303,stationary-303,middle,middle-w05,7,42,100,daily_to_365_response30_settlement30,250,bayesian_hierarchical,finite-grid-gamma-poisson/1.0.0,posterior_predictive,425,-12.368994788087525,0.3661860333979298,-21.064033617598927,-18.99604901530777,-16.975980159889417,-13.203881661192518,-8.499070487569647,-4.257712461673598,-0.0725479177135048,0.024,0.024,0.02,0.976,0.024,8.741982299221144,135.0,False,21.11097708730867,0.2111097708730867,17.85196821634996,0.1785196821634996,0.952576,0.952576,0.0,0.0,14.73833655363417,20.991485699885423,prospective
stationary,303,stationary-303,high,high-w05,7,42,100,daily_to_365_response30_settlement30,250,bayesian_hierarchical,finite-grid-gamma-poisson/1.0.0,posterior_predictive,30,-13.709205723404066,0.1448254472385249,-17.338680055849856,-16.436871135343917,-15.213006257555447,-13.967534936432678,-12.459188137730282,-10.737505431732552,-8.567872291868662,0.0,0.0,0.0,0.228,0.048,-13.018950107078814,86.0,False,0.6902556163252527,0.0069025561632525,0.665394351007274,0.0066539435100727,0.0,0.0,1.0,1.0,5.699365703611365,8.770807763981194,prospective
stationary,303,stationary-303,high,high-w05,7,42,100,daily_to_365_response30_settlement30,250,bayesian_hierarchical,finite-grid-gamma-poisson/1.0.0,posterior_predictive,90,-1.630266027047286,0.4582656624923938,-12.505318005955177,-10.009880985057045,-7.085961304707769,-2.7242834813251657,2.217017927043346,8.725654329191023,14.61601523551293,0.348,0.356,0.34,0.228,0.048,1.109513020251654,86.0,False,2.73977904729894,0.0273977904729894,2.434610346885134,0.0243461034688513,0.425104,0.414736,1.0,1.0,18.735535314248068,27.121333241468104,prospective
stationary,303,stationary-303,high,high-w05,7,42,100,daily_to_365_response30_settlement30,250,bayesian_hierarchical,finite-grid-gamma-poisson/1.0.0,posterior_predictive,180,9.447516751028331,0.8720002633998273,-10.20303796274863,-7.925765407624603,-1.5738690582447736,8.265488205259686,17.250202555859865,27.37269577483568,41.16936962892469,0.724,0.724,0.66,0.228,0.048,16.799434914421276,86.0,False,7.351918163392945,0.0735191816339294,5.258600822467744,0.0525860082246774,0.076176,0.076176,1.0,1.0,35.29846118246029,51.37240759167332,prospective
stationary,303,stationary-303,high,high-w05,7,42,100,daily_to_365_response30_settlement30,250,bayesian_hierarchical,finite-grid-gamma-poisson/1.0.0,posterior_predictive,425,20.237227195477733,1.5390990451169215,-13.64456970277775,-10.634163563779028,1.905966642716472,19.60542182571965,34.68429128511465,51.7010160841187,78.74605737328017,0.764,0.772,0.688,0.228,0.048,34.303322456486406,86.0,False,14.066095261008671,0.1406609526100867,9.910758742272431,0.0991075874227243,0.0556959999999999,0.0519839999999999,1.0,1.0,62.335179647897725,92.39062707605792,prospective
stationary,303,stationary-303,low,low-w05,14,49,100,daily_to_365_response30_settlement30,250,bayesian_hierarchical,finite-grid-gamma-poisson/1.0.0,posterior_predictive,30,-18.728216551592567,0.0234260568791989,-19.481806557698224,-19.201296282616077,-18.92139348040325,-18.736609668812772,-18.50442525014366,-18.31028983073617,-18.005043890365556,0.0,0.0,0.0,1.0,0.0,-19.09089136165812,,True,0.3626748100655526,0.0036267481006555,0.2276143726347188,0.0022761437263471,0.0,0.0,1.0,1.0,0.8910064518798997,1.476762667332668,prospective
stationary,303,stationary-303,low,low-w05,14,49,100,daily_to_365_response30_settlement30,250,bayesian_hierarchical,finite-grid-gamma-poisson/1.0.0,posterior_predictive,90,-19.51103559175921,0.0367746432110337,-20.4336235449502,-20.15051385606556,-19.840318563560555,-19.605349111766763,-19.211117814951365,-18.80700844913683,-18.24733188503548,0.0,0.0,0.0,1.0,0.0,-19.197142868436565,,True,0.3138927233226454,0.0031389272332264,0.2288868883334059,0.002288868883334,0.0,0.0,1.0,1.0,1.3435054069287276,2.1862916599147155,prospective
stationary,303,stationary-303,low,low-w05,14,49,100,daily_to_365_response30_settlement30,250,bayesian_hierarchical,finite-grid-gamma-poisson/1.0.0,posterior_predictive,180,-20.867005182502886,0.0488653055851443,-22.016434526982856,-21.66514506772113,-21.3903691246842,-21.011364224441472,-20.445603631384223,-19.949962873667776,-19.12394800621613,0.0,0.0,0.0,1.0,0.0,-19.63543185680241,,True,1.2315733257004773,0.0123157332570047,0.908604505746569,0.0090860450574656,0.0,0.0,0.0,1.0,1.7151821940533587,2.8924865207667274,prospective
stationary,303,stationary-303,low,low-w05,14,49,100,daily_to_365_response30_settlement30,250,bayesian_hierarchical,finite-grid-gamma-poisson/1.0.0,posterior_predictive,425,-23.27576082152757,0.067882025307448,-24.805509370039605,-24.39892022317098,-24.039478789612005,-23.478010288767344,-22.860201219021477,-21.787018657963607,-20.65889087169797,0.0,0.0,0.0,1.0,0.0,-21.50321869944812,,True,1.7725421220794502,0.0177254212207945,1.3358158666624105,0.0133581586666241,0.0,0.0,0.0,1.0,2.611901565207372,4.146618498341635,prospective
stationary,303,stationary-303,middle,middle-w05,14,49,100,daily_to_365_response30_settlement30,250,bayesian_hierarchical,finite-grid-gamma-poisson/1.0.0,posterior_predictive,30,-15.643127934409195,0.0820591168471796,-17.749285831469916,-17.045234608604037,-16.63296681686176,-15.819315505219226,-14.98848013108281,-13.896882361834765,-13.04209773757443,0.0,0.0,0.0,0.464,0.284,-14.021497666499322,135.0,False,1.6216302679098753,0.0162163026790987,1.1012592340195932,0.0110125923401959,0.0,0.0,1.0,1.0,3.1483522467692744,4.7071880938954855,prospective
stationary,303,stationary-303,middle,middle-w05,14,49,100,daily_to_365_response30_settlement30,250,bayesian_hierarchical,finite-grid-gamma-poisson/1.0.0,posterior_predictive,90,-9.196744617695884,0.2464243854697113,-15.216728721053467,-13.499330067076674,-11.924491194189434,-9.594565616280091,-7.270026576204155,-4.618558909648895,0.5769718412711284,0.032,0.032,0.028,0.464,0.284,-5.901008258801799,135.0,False,3.295736358894084,0.0329573635889408,2.2714550138824805,0.0227145501388248,0.001024,0.001024,1.0,1.0,8.880771157427779,15.793700562324595,prospective
stationary,303,stationary-303,middle,middle-w05,14,49,100,daily_to_365_response30_settlement30,250,bayesian_hierarchical,finite-grid-gamma-poisson/1.0.0,posterior_predictive,180,-3.4702567880914352,0.4285919055778279,-14.56868872161605,-11.77602169545182,-7.9635985216198595,-3.924668078144587,-0.0285363254703053,5.088375796426047,13.88367304710269,0.248,0.252,0.224,0.464,0.284,3.0792738990404707,135.0,False,6.549530687131906,0.065495306871319,4.433420695629998,0.0443342069562999,0.565504,0.559504,1.0,1.0,16.864397491877867,28.45236176871874,prospective
stationary,303,stationary-303,middle,middle-w05,14,49,100,daily_to_365_response30_settlement30,250,bayesian_hierarchical,finite-grid-gamma-poisson/1.0.0,posterior_predictive,425,1.516442495333428,0.7266711383570154,-17.547436653707887,-13.856630614678648,-6.022275531015312,0.7256601897158472,7.882658461701883,14.374885081395036,29.044497077496334,0.532,0.536,0.428,0.464,0.284,8.741982299221144,135.0,False,7.225539803887716,0.0722553980388771,4.811297525889264,0.0481129752588926,0.2190239999999999,0.2152959999999999,1.0,1.0,28.23151569607369,46.59193373120422,prospective
stationary,303,stationary-303,high,high-w05,14,49,100,daily_to_365_response30_settlement30,250,bayesian_hierarchical,finite-grid-gamma-poisson/1.0.0,posterior_predictive,30,-10.811680372129288,0.1254354615043259,-13.960061738018204,-13.133000739100382,-12.172638829025551,-11.014257518795796,-9.724731904058263,-8.368126129036463,-6.144145249427339,0.0,0.0,0.0,0.008,0.004,-13.018950107078814,86.0,False,2.2072697349495254,0.0220726973494952,1.280221933842648,0.0128022193384264,0.0,0.0,1.0,1.0,4.764874610063918,7.815916488590865,prospective
stationary,303,stationary-303,high,high-w05,14,49,100,daily_to_365_response30_settlement30,250,bayesian_hierarchical,finite-grid-gamma-poisson/1.0.0,posterior_predictive,90,6.560757853408021,0.4312669417103785,-3.8529783631648415,-0.8280448422025873,1.7586269192221466,5.49341431459027,9.968572929189138,15.902057156382876,20.10468318729781,0.856,0.856,0.828,0.008,0.004,1.109513020251654,86.0,False,5.451244833156368,0.0545124483315636,2.7626744833098917,0.0276267448330989,0.020736,0.020736,1.0,1.0,16.730101998585464,23.957661550462653,prospective
stationary,303,stationary-303,high,high-w05,14,49,100,daily_to_365_response30_settlement30,250,bayesian_hierarchical,finite-grid-gamma-poisson/1.0.0,posterior_predictive,180,24.049114141495387,0.8283541369666751,2.02463489822914,9.597868431013191,14.890846852765169,22.460609391995146,30.97901498288453,42.06788472009956,50.46991318616304,0.984,0.988,0.944,0.008,0.004,16.799434914421276,86.0,False,7.249679227074111,0.0724967922707411,3.918052493141703,0.039180524931417,0.000256,0.000144,1.0,1.0,32.470016289086374,48.4452782879339,prospective
stationary,303,stationary-303,high,high-w05,14,49,100,daily_to_365_response30_settlement30,250,bayesian_hierarchical,finite-grid-gamma-poisson/1.0.0,posterior_predictive,425,42.0125088415628,1.503696982548195,0.0210710004640507,16.612051694114314,25.210486582994807,37.25007393517351,55.28729413987447,75.96302332877899,88.78939969198892,0.972,0.992,0.936,0.008,0.004,34.303322456486406,86.0,False,7.709186385076393,0.0770918638507639,5.656747493420685,0.0565674749342068,0.000784,6.400000000000012e-05,1.0,1.0,59.350971634664674,88.76832869152487,prospective
stationary,303,stationary-303,low,low-w05,30,65,100,daily_to_365_response30_settlement30,250,bayesian_hierarchical,finite-grid-gamma-poisson/1.0.0,posterior_predictive,90,-19.68695078104794,0.0241850727428491,-20.299950053604977,-20.17229044569769,-19.96369222895557,-19.726109048745617,-19.437069058231486,-19.21519128671955,-18.85211704530161,0.0,0.0,0.0,1.0,0.0,-19.197142868436565,,True,0.4898079126113757,0.0048980791261137,0.3268455427567802,0.0032684554275678,0.0,0.0,0.0,1.0,0.957099158978142,1.4478330083033626,prospective
stationary,303,stationary-303,low,low-w05,30,65,100,daily_to_365_response30_settlement30,250,bayesian_hierarchical,finite-grid-gamma-poisson/1.0.0,posterior_predictive,180,-20.81442736247787,0.0434501426602291,-21.9555900432706,-21.668173046297344,-21.280948740503565,-20.884475717598377,-20.37858709035632,-20.025790069195637,-19.266936866815488,0.0,0.0,0.0,1.0,0.0,-19.63543185680241,,True,1.1789955056754593,0.0117899550567545,0.8507167240119833,0.0085071672401198,0.0,0.0,0.0,1.0,1.642382977101711,2.6886531764551087,prospective
stationary,303,stationary-303,low,low-w05,30,65,100,daily_to_365_response30_settlement30,250,bayesian_hierarchical,finite-grid-gamma-poisson/1.0.0,posterior_predictive,425,-23.1078074248504,0.0661163607490714,-24.800527510577744,-24.361678443193007,-23.860207814621543,-23.22764331437649,-22.46454216196481,-21.84805147964951,-20.709001141058124,0.0,0.0,0.0,1.0,0.0,-21.50321869944812,,True,1.6045887254022766,0.0160458872540227,1.1158590206852017,0.011158590206852,0.0,0.0,0.0,1.0,2.513626963543498,4.09152636951962,prospective
stationary,303,stationary-303,middle,middle-w05,30,65,100,daily_to_365_response30_settlement30,250,bayesian_hierarchical,finite-grid-gamma-poisson/1.0.0,posterior_predictive,90,-10.271021163476888,0.1075791685418592,-12.79570462195784,-12.33902941332757,-11.65796435808026,-10.431467256873578,-9.395020126970484,-8.018180721873415,-6.385895576776174,0.0,0.0,0.0,0.864,0.088,-5.901008258801799,135.0,False,4.3700129046750895,0.0437001290467508,3.4377030388242185,0.0343770303882421,0.0,0.0,0.0,0.0,4.320848691454154,6.4098090451816665,prospective
stationary,303,stationary-303,middle,middle-w05,30,65,100,daily_to_365_response30_settlement30,250,bayesian_hierarchical,finite-grid-gamma-poisson/1.0.0,posterior_predictive,180,-8.717963997191516,0.2456283957820889,-13.234568739289225,-12.454256852599633,-11.299415678974963,-10.08166865537077,-7.614088411637311,-2.502035456271228,0.7600954134429293,0.048,0.048,0.032,0.864,0.088,3.0792738990404707,135.0,False,11.797237896231987,0.1179723789623198,9.763854385471008,0.09763854385471,0.906304,0.906304,0.0,0.0,9.952221396328405,13.994664152732154,prospective
stationary,303,stationary-303,middle,middle-w05,30,65,100,daily_to_365_response30_settlement30,250,bayesian_hierarchical,finite-grid-gamma-poisson/1.0.0,posterior_predictive,425,-9.686643817554016,0.4285490345013558,-16.01914638419905,-15.250220618037725,-13.961977919577976,-12.448183814987225,-7.385752211893734,0.4729818700484127,8.111788536432071,0.128,0.136,0.092,0.864,0.088,8.741982299221144,135.0,False,18.428626116775163,0.1842862611677516,15.136380451066014,0.1513638045106601,0.760384,0.7464959999999999,0.0,0.0,15.723202488086136,24.13093492063112,prospective
stationary,303,stationary-303,high,high-w05,30,65,100,daily_to_365_response30_settlement30,250,bayesian_hierarchical,finite-grid-gamma-poisson/1.0.0,posterior_predictive,90,2.771848689555969,0.2193970458327995,-2.772182610229585,-1.4481246866845403,0.3491742883679861,2.5950038361362413,4.806873385528284,6.919030117731118,10.624674409064406,0.788,0.788,0.744,0.0,0.0,1.109513020251654,86.0,False,1.6623356693043152,0.0166233566930431,1.014635489816974,0.0101463548981697,0.0449439999999999,0.0449439999999999,1.0,1.0,8.367154804415659,13.396857019293993,prospective
stationary,303,stationary-303,high,high-w05,30,65,100,daily_to_365_response30_settlement30,250,bayesian_hierarchical,finite-grid-gamma-poisson/1.0.0,posterior_predictive,180,18.40690099235214,0.4350140102685335,7.165873789613503,10.417306094987156,13.62878845174412,17.812755554024292,22.466118151055344,27.31729295779592,33.97848768549695,1.0,1.0,0.948,0.0,0.0,16.799434914421276,86.0,False,1.6074660779308625,0.0160746607793086,1.578959086029947,0.0157895908602994,0.0,0.0,1.0,1.0,16.899986862808767,26.812613895883448,prospective
stationary,303,stationary-303,high,high-w05,30,65,100,daily_to_365_response30_settlement30,250,bayesian_hierarchical,finite-grid-gamma-poisson/1.0.0,posterior_predictive,425,32.684683944205254,0.8488296723458555,13.90898782026999,18.620367478224928,23.52906119813801,29.60400657318158,39.30539121007001,52.1089844794052,62.83446390004443,0.996,1.0,0.944,0.0,0.0,34.303322456486406,86.0,False,1.6186385122811515,0.0161863851228115,3.5226065024502207,0.0352260650245022,1.600000000000003e-05,0.0,1.0,1.0,33.488617001180266,48.92547607977444,prospective
stationary,303,stationary-303,low,low-w05,60,95,100,daily_to_365_response30_settlement30,250,bayesian_hierarchical,finite-grid-gamma-poisson/1.0.0,posterior_predictive,90,-19.68417339048353,0.0147311055950027,-20.00425524030132,-19.92581000328612,-19.84355957625012,-19.73699917124133,-19.56381902090571,-19.3676919376868,-19.0768913029685,0.0,0.0,0.0,1.0,0.0,-19.197142868436565,,True,0.487030522046961,0.0048703052204696,0.3764032013568684,0.0037640320135686,0.0,0.0,0.0,1.0,0.5581180655993165,0.9273639373328172,prospective
stationary,303,stationary-303,low,low-w05,60,95,100,daily_to_365_response30_settlement30,250,bayesian_hierarchical,finite-grid-gamma-poisson/1.0.0,posterior_predictive,180,-20.588602280393687,0.0312714324934159,-21.412959270076204,-21.15359204907483,-20.91826923692965,-20.66897683318931,-20.30691268764071,-19.891812237849063,-19.540505884119334,0.0,0.0,0.0,1.0,0.0,-19.63543185680241,,True,0.9531704235912776,0.0095317042359127,0.7011518225646101,0.0070115182256461,0.0,0.0,0.0,1.0,1.2617798112257643,1.8724533859568704,prospective
stationary,303,stationary-303,low,low-w05,60,95,100,daily_to_365_response30_settlement30,250,bayesian_hierarchical,finite-grid-gamma-poisson/1.0.0,posterior_predictive,425,-22.556566376912496,0.0521611069236663,-23.98163009668784,-23.520517477121384,-23.127357265880267,-22.67218371973472,-22.091755684544875,-21.40938283815992,-20.73237720880058,0.0,0.0,0.0,1.0,0.0,-21.50321869944812,,True,1.0533476774643766,0.0105334767746437,0.7138402595188365,0.0071384025951883,0.0,0.0,1.0,1.0,2.1111346389614667,3.2492528878872555,prospective
stationary,303,stationary-303,middle,middle-w05,60,95,100,daily_to_365_response30_settlement30,250,bayesian_hierarchical,finite-grid-gamma-poisson/1.0.0,posterior_predictive,90,-7.918390984305763,0.0647916397954609,-9.741236657902697,-9.177548136215538,-8.63788897959951,-7.954371465358513,-7.3164225892483294,-6.513335156432187,-5.692677459572975,0.0,0.0,0.0,0.28,0.472,-5.901008258801799,135.0,False,2.017382725503964,0.0201738272550396,1.4693963592219283,0.0146939635922192,0.0,0.0,0.0,1.0,2.664212979783352,4.0485591983297216,prospective
stationary,303,stationary-303,middle,middle-w05,60,95,100,daily_to_365_response30_settlement30,250,bayesian_hierarchical,finite-grid-gamma-poisson/1.0.0,posterior_predictive,180,-1.6537788923078716,0.1578025296675408,-5.909732063933044,-4.819631384227966,-3.542096740759505,-1.6939719137493547,-0.0812076612557628,1.487036804769866,3.498459060365651,0.248,0.248,0.22,0.28,0.472,3.0792738990404707,135.0,False,4.733052791348342,0.0473305279134834,3.399759594564327,0.0339975959456432,0.565504,0.565504,0.0,1.0,6.306668188997832,9.408191124298694,prospective
stationary,303,stationary-303,middle,middle-w05,60,95,100,daily_to_365_response30_settlement30,250,bayesian_hierarchical,finite-grid-gamma-poisson/1.0.0,posterior_predictive,425,3.279000736985945,0.325387843459657,-4.327172821069567,-2.480148667386048,-0.4999005919855922,2.457080468056297,6.143866385061508,10.967686427386788,14.88236503429577,0.704,0.72,0.48,0.28,0.472,8.741982299221144,135.0,False,5.462981562235198,0.0546298156223519,3.744338502886227,0.0374433850288622,0.087616,0.0784,1.0,1.0,13.447835094772836,19.209537855365337,prospective
stationary,303,stationary-303,high,high-w05,60,95,100,daily_to_365_response30_settlement30,250,bayesian_hierarchical,finite-grid-gamma-poisson/1.0.0,posterior_predictive,90,0.9160941494082754,0.1473712477892267,-2.945774816297693,-1.9967980665049567,-0.7447211851417674,0.8619835754162042,2.235206941811533,3.946569489441864,5.9577859351675295,0.636,0.636,0.616,0.0,0.0,1.109513020251654,86.0,False,0.1934188708433785,0.0019341887084337,0.5536616258643934,0.0055366162586439,0.132496,0.132496,1.0,1.0,5.94336755594682,8.903560751465223,prospective
stationary,303,stationary-303,high,high-w05,60,95,100,daily_to_365_response30_settlement30,250,bayesian_hierarchical,finite-grid-gamma-poisson/1.0.0,posterior_predictive,180,19.603586078481342,0.3650798903747618,9.649522401809126,12.477291626027062,15.54458749177043,19.118152800158636,23.438780770320463,27.89339264576291,30.731699763833667,1.0,1.0,0.972,0.0,0.0,16.799434914421276,86.0,False,2.8041511640600696,0.0280415116406006,1.7568171176220575,0.0175681711762205,0.0,0.0,1.0,1.0,15.416101019735846,21.08217736202454,prospective
stationary,303,stationary-303,high,high-w05,60,95,100,daily_to_365_response30_settlement30,250,bayesian_hierarchical,finite-grid-gamma-poisson/1.0.0,posterior_predictive,425,39.82292333045282,0.7453318125132803,18.553185594662068,21.99659226214709,32.378319295234206,40.37656710566189,48.41931645389636,54.03434002001328,61.9363009109448,1.0,1.0,0.972,0.0,0.0,34.303322456486406,86.0,False,5.519600873966411,0.0551960087396641,4.074227589184483,0.0407422758918448,0.0,0.0,1.0,1.0,32.037747757866185,43.383115316282726,prospective
