world,scenario,source_id,calendar_day,price_per_send,human_cpc,cpl_quote,new_purchases,acquisition_total,value_role
demo-fixed_price-884000,fixed_price,established_a,0,0.00025,0.20048423044796443,0.18,100,18.0,evaluator_only_calendar_and_observed_quotes
demo-fixed_price-884000,fixed_price,established_a,1,0.00025,0.20048423044796443,0.18,0,0.0,evaluator_only_calendar_and_observed_quotes
demo-fixed_price-884000,fixed_price,established_a,2,0.00025,0.20048423044796443,0.18,0,0.0,evaluator_only_calendar_and_observed_quotes
demo-fixed_price-884000,fixed_price,established_a,3,0.00025,0.20048423044796443,0.18,0,0.0,evaluator_only_calendar_and_observed_quotes
demo-fixed_price-884000,fixed_price,established_a,4,0.00025,0.20048423044796443,0.18,0,0.0,evaluator_only_calendar_and_observed_quotes
demo-fixed_price-884000,fixed_price,established_a,5,0.00025,0.20048423044796443,0.18,0,0.0,evaluator_only_calendar_and_observed_quotes
demo-fixed_price-884000,fixed_price,established_a,6,0.00025,0.20048423044796443,0.18,0,0.0,evaluator_only_calendar_and_observed_quotes
demo-fixed_price-884000,fixed_price,established_a,7,0.00025,0.20246606467493422,0.18,100,18.0,evaluator_only_calendar_and_observed_quotes
demo-fixed_price-884000,fixed_price,established_a,8,0.00025,0.20246606467493422,0.18,0,0.0,evaluator_only_calendar_and_observed_quotes
demo-fixed_price-884000,fixed_price,established_a,9,0.00025,0.20246606467493422,0.18,0,0.0,evaluator_only_calendar_and_observed_quotes
demo-fixed_price-884000,fixed_price,established_a,10,0.00025,0.20246606467493422,0.18,0,0.0,evaluator_only_calendar_and_observed_quotes
demo-fixed_price-884000,fixed_price,established_a,11,0.00025,0.20246606467493422,0.18,0,0.0,evaluator_only_calendar_and_observed_quotes
demo-fixed_price-884000,fixed_price,established_a,12,0.00025,0.20246606467493422,0.18,0,0.0,evaluator_only_calendar_and_observed_quotes
demo-fixed_price-884000,fixed_price,established_a,13,0.00025,0.20246606467493422,0.18,0,0.0,evaluator_only_calendar_and_observed_quotes
demo-fixed_price-884000,fixed_price,established_a,14,0.00025,0.19385338558042878,0.18,100,18.0,evaluator_only_calendar_and_observed_quotes
demo-fixed_price-884000,fixed_price,established_a,15,0.00025,0.19385338558042878,0.18,0,0.0,evaluator_only_calendar_and_observed_quotes
demo-fixed_price-884000,fixed_price,established_a,16,0.00025,0.19385338558042878,0.18,0,0.0,evaluator_only_calendar_and_observed_quotes
demo-fixed_price-884000,fixed_price,established_a,17,0.00025,0.19385338558042878,0.18,0,0.0,evaluator_only_calendar_and_observed_quotes
demo-fixed_price-884000,fixed_price,established_a,18,0.00025,0.19385338558042878,0.18,0,0.0,evaluator_only_calendar_and_observed_quotes
demo-fixed_price-884000,fixed_price,established_a,19,0.00025,0.19385338558042878,0.18,0,0.0,evaluator_only_calendar_and_observed_quotes
demo-fixed_price-884000,fixed_price,established_a,20,0.00025,0.19385338558042878,0.18,0,0.0,evaluator_only_calendar_and_observed_quotes
demo-fixed_price-884000,fixed_price,established_a,21,0.00025,0.20098759649966125,0.18,100,18.0,evaluator_only_calendar_and_observed_quotes
demo-fixed_price-884000,fixed_price,established_a,22,0.00025,0.20098759649966125,0.18,0,0.0,evaluator_only_calendar_and_observed_quotes
demo-fixed_price-884000,fixed_price,established_a,23,0.00025,0.20098759649966125,0.18,0,0.0,evaluator_only_calendar_and_observed_quotes
demo-fixed_price-884000,fixed_price,established_a,24,0.00025,0.20098759649966125,0.18,0,0.0,evaluator_only_calendar_and_observed_quotes
demo-fixed_price-884000,fixed_price,established_a,25,0.00025,0.20098759649966125,0.18,0,0.0,evaluator_only_calendar_and_observed_quotes
demo-fixed_price-884000,fixed_price,established_a,26,0.00025,0.20098759649966125,0.18,0,0.0,evaluator_only_calendar_and_observed_quotes
demo-fixed_price-884000,fixed_price,established_a,27,0.00025,0.20098759649966125,0.18,0,0.0,evaluator_only_calendar_and_observed_quotes
demo-fixed_price-884000,fixed_price,established_a,28,0.00025,0.2052157043419529,0.18,100,18.0,evaluator_only_calendar_and_observed_quotes
demo-fixed_price-884000,fixed_price,established_a,29,0.00025,0.2052157043419529,0.18,0,0.0,evaluator_only_calendar_and_observed_quotes
demo-fixed_price-884000,fixed_price,established_a,30,0.00025,0.2052157043419529,0.18,0,0.0,evaluator_only_calendar_and_observed_quotes
demo-fixed_price-884000,fixed_price,established_a,31,0.00025,0.2052157043419529,0.18,0,0.0,evaluator_only_calendar_and_observed_quotes
demo-fixed_price-884000,fixed_price,established_a,32,0.00025,0.2052157043419529,0.18,0,0.0,evaluator_only_calendar_and_observed_quotes
demo-fixed_price-884000,fixed_price,established_a,33,0.00025,0.2052157043419529,0.18,0,0.0,evaluator_only_calendar_and_observed_quotes
demo-fixed_price-884000,fixed_price,established_a,34,0.00025,0.2052157043419529,0.18,0,0.0,evaluator_only_calendar_and_observed_quotes
demo-fixed_price-884000,fixed_price,established_a,35,0.00025,0.20247017140905257,0.18,100,18.0,evaluator_only_calendar_and_observed_quotes
demo-fixed_price-884000,fixed_price,established_a,36,0.00025,0.20247017140905257,0.18,0,0.0,evaluator_only_calendar_and_observed_quotes
demo-fixed_price-884000,fixed_price,established_a,37,0.00025,0.20247017140905257,0.18,0,0.0,evaluator_only_calendar_and_observed_quotes
demo-fixed_price-884000,fixed_price,established_a,38,0.00025,0.20247017140905257,0.18,0,0.0,evaluator_only_calendar_and_observed_quotes
demo-fixed_price-884000,fixed_price,established_a,39,0.00025,0.20247017140905257,0.18,0,0.0,evaluator_only_calendar_and_observed_quotes
demo-fixed_price-884000,fixed_price,established_a,40,0.00025,0.20247017140905257,0.18,0,0.0,evaluator_only_calendar_and_observed_quotes
demo-fixed_price-884000,fixed_price,established_a,41,0.00025,0.20247017140905257,0.18,0,0.0,evaluator_only_calendar_and_observed_quotes
demo-fixed_price-884000,fixed_price,established_a,42,0.00025,0.19469308135664729,0.18,100,18.0,evaluator_only_calendar_and_observed_quotes
demo-fixed_price-884000,fixed_price,established_a,43,0.00025,0.19469308135664729,0.18,0,0.0,evaluator_only_calendar_and_observed_quotes
demo-fixed_price-884000,fixed_price,established_a,44,0.00025,0.19469308135664729,0.18,0,0.0,evaluator_only_calendar_and_observed_quotes
demo-fixed_price-884000,fixed_price,established_a,45,0.00025,0.19469308135664729,0.18,0,0.0,evaluator_only_calendar_and_observed_quotes
demo-fixed_price-884000,fixed_price,established_a,46,0.00025,0.19469308135664729,0.18,0,0.0,evaluator_only_calendar_and_observed_quotes
demo-fixed_price-884000,fixed_price,established_a,47,0.00025,0.19469308135664729,0.18,0,0.0,evaluator_only_calendar_and_observed_quotes
demo-fixed_price-884000,fixed_price,established_a,48,0.00025,0.19469308135664729,0.18,0,0.0,evaluator_only_calendar_and_observed_quotes
demo-fixed_price-884000,fixed_price,established_a,49,0.00025,0.20497351913894138,0.18,100,18.0,evaluator_only_calendar_and_observed_quotes
demo-fixed_price-884000,fixed_price,established_a,50,0.00025,0.20497351913894138,0.18,0,0.0,evaluator_only_calendar_and_observed_quotes
demo-fixed_price-884000,fixed_price,established_a,51,0.00025,0.20497351913894138,0.18,0,0.0,evaluator_only_calendar_and_observed_quotes
demo-fixed_price-884000,fixed_price,established_a,52,0.00025,0.20497351913894138,0.18,0,0.0,evaluator_only_calendar_and_observed_quotes
demo-fixed_price-884000,fixed_price,established_a,53,0.00025,0.20497351913894138,0.18,0,0.0,evaluator_only_calendar_and_observed_quotes
demo-fixed_price-884000,fixed_price,established_a,54,0.00025,0.20497351913894138,0.18,0,0.0,evaluator_only_calendar_and_observed_quotes
demo-fixed_price-884000,fixed_price,established_a,55,0.00025,0.20497351913894138,0.18,0,0.0,evaluator_only_calendar_and_observed_quotes
demo-fixed_price-884000,fixed_price,established_a,56,0.00025,0.20703734369778531,0.18,100,18.0,evaluator_only_calendar_and_observed_quotes
demo-fixed_price-884000,fixed_price,established_a,57,0.00025,0.20703734369778531,0.18,0,0.0,evaluator_only_calendar_and_observed_quotes
demo-fixed_price-884000,fixed_price,established_a,58,0.00025,0.20703734369778531,0.18,0,0.0,evaluator_only_calendar_and_observed_quotes
demo-fixed_price-884000,fixed_price,established_a,59,0.00025,0.20703734369778531,0.18,0,0.0,evaluator_only_calendar_and_observed_quotes
demo-fixed_price-884000,fixed_price,established_a,60,0.00025,0.20703734369778531,0.18,0,0.0,evaluator_only_calendar_and_observed_quotes
demo-fixed_price-884000,fixed_price,established_a,61,0.00025,0.20703734369778531,0.18,0,0.0,evaluator_only_calendar_and_observed_quotes
demo-fixed_price-884000,fixed_price,established_a,62,0.00025,0.20703734369778531,0.18,0,0.0,evaluator_only_calendar_and_observed_quotes
demo-fixed_price-884000,fixed_price,established_a,63,0.00025,0.20416070232441405,0.18,100,18.0,evaluator_only_calendar_and_observed_quotes
demo-fixed_price-884000,fixed_price,established_a,64,0.00025,0.20416070232441405,0.18,0,0.0,evaluator_only_calendar_and_observed_quotes
demo-fixed_price-884000,fixed_price,established_a,65,0.00025,0.20416070232441405,0.18,0,0.0,evaluator_only_calendar_and_observed_quotes
demo-fixed_price-884000,fixed_price,established_a,66,0.00025,0.20416070232441405,0.18,0,0.0,evaluator_only_calendar_and_observed_quotes
demo-fixed_price-884000,fixed_price,established_a,67,0.00025,0.20416070232441405,0.18,0,0.0,evaluator_only_calendar_and_observed_quotes
demo-fixed_price-884000,fixed_price,established_a,68,0.00025,0.20416070232441405,0.18,0,0.0,evaluator_only_calendar_and_observed_quotes
demo-fixed_price-884000,fixed_price,established_a,69,0.00025,0.20416070232441405,0.18,0,0.0,evaluator_only_calendar_and_observed_quotes
demo-fixed_price-884000,fixed_price,established_a,70,0.00025,0.19170842173167846,0.18,100,18.0,evaluator_only_calendar_and_observed_quotes
demo-fixed_price-884000,fixed_price,established_a,71,0.00025,0.19170842173167846,0.18,0,0.0,evaluator_only_calendar_and_observed_quotes
demo-fixed_price-884000,fixed_price,established_a,72,0.00025,0.19170842173167846,0.18,0,0.0,evaluator_only_calendar_and_observed_quotes
demo-fixed_price-884000,fixed_price,established_a,73,0.00025,0.19170842173167846,0.18,0,0.0,evaluator_only_calendar_and_observed_quotes
demo-fixed_price-884000,fixed_price,established_a,74,0.00025,0.19170842173167846,0.18,0,0.0,evaluator_only_calendar_and_observed_quotes
demo-fixed_price-884000,fixed_price,established_a,75,0.00025,0.19170842173167846,0.18,0,0.0,evaluator_only_calendar_and_observed_quotes
demo-fixed_price-884000,fixed_price,established_a,76,0.00025,0.19170842173167846,0.18,0,0.0,evaluator_only_calendar_and_observed_quotes
demo-fixed_price-884000,fixed_price,established_a,77,0.00025,0.19926078053653185,0.18,100,18.0,evaluator_only_calendar_and_observed_quotes
demo-fixed_price-884000,fixed_price,established_a,78,0.00025,0.19926078053653185,0.18,0,0.0,evaluator_only_calendar_and_observed_quotes
demo-fixed_price-884000,fixed_price,established_a,79,0.00025,0.19926078053653185,0.18,0,0.0,evaluator_only_calendar_and_observed_quotes
demo-fixed_price-884000,fixed_price,established_a,80,0.00025,0.19926078053653185,0.18,0,0.0,evaluator_only_calendar_and_observed_quotes
demo-fixed_price-884000,fixed_price,established_a,81,0.00025,0.19926078053653185,0.18,0,0.0,evaluator_only_calendar_and_observed_quotes
demo-fixed_price-884000,fixed_price,established_a,82,0.00025,0.19926078053653185,0.18,0,0.0,evaluator_only_calendar_and_observed_quotes
demo-fixed_price-884000,fixed_price,established_a,83,0.00025,0.19926078053653185,0.18,0,0.0,evaluator_only_calendar_and_observed_quotes
demo-fixed_price-884000,fixed_price,established_a,84,0.00025,0.19401531613035697,0.18,100,18.0,evaluator_only_calendar_and_observed_quotes
demo-fixed_price-884000,fixed_price,established_a,85,0.00025,0.19401531613035697,0.18,0,0.0,evaluator_only_calendar_and_observed_quotes
demo-fixed_price-884000,fixed_price,established_a,86,0.00025,0.19401531613035697,0.18,0,0.0,evaluator_only_calendar_and_observed_quotes
demo-fixed_price-884000,fixed_price,established_a,87,0.00025,0.19401531613035697,0.18,0,0.0,evaluator_only_calendar_and_observed_quotes
demo-fixed_price-884000,fixed_price,established_a,88,0.00025,0.19401531613035697,0.18,0,0.0,evaluator_only_calendar_and_observed_quotes
demo-fixed_price-884000,fixed_price,established_a,89,0.00025,0.19401531613035697,0.18,0,0.0,evaluator_only_calendar_and_observed_quotes
demo-fixed_price-884000,fixed_price,established_a,90,0.00025,0.19401531613035697,0.18,0,0.0,evaluator_only_calendar_and_observed_quotes
demo-fixed_price-884000,fixed_price,established_a,91,0.00025,0.20686321224062743,0.18,100,18.0,evaluator_only_calendar_and_observed_quotes
demo-fixed_price-884000,fixed_price,established_a,92,0.00025,0.20686321224062743,0.18,0,0.0,evaluator_only_calendar_and_observed_quotes
demo-fixed_price-884000,fixed_price,established_a,93,0.00025,0.20686321224062743,0.18,0,0.0,evaluator_only_calendar_and_observed_quotes
demo-fixed_price-884000,fixed_price,established_a,94,0.00025,0.20686321224062743,0.18,0,0.0,evaluator_only_calendar_and_observed_quotes
demo-fixed_price-884000,fixed_price,established_a,95,0.00025,0.20686321224062743,0.18,0,0.0,evaluator_only_calendar_and_observed_quotes
demo-fixed_price-884000,fixed_price,established_a,96,0.00025,0.20686321224062743,0.18,0,0.0,evaluator_only_calendar_and_observed_quotes
demo-fixed_price-884000,fixed_price,established_a,97,0.00025,0.20686321224062743,0.18,0,0.0,evaluator_only_calendar_and_observed_quotes
demo-fixed_price-884000,fixed_price,established_a,98,0.00025,0.1924813077094295,0.18,100,18.0,evaluator_only_calendar_and_observed_quotes
demo-fixed_price-884000,fixed_price,established_a,99,0.00025,0.1924813077094295,0.18,0,0.0,evaluator_only_calendar_and_observed_quotes
demo-fixed_price-884000,fixed_price,established_a,100,0.00025,0.1924813077094295,0.18,0,0.0,evaluator_only_calendar_and_observed_quotes
demo-fixed_price-884000,fixed_price,established_a,101,0.00025,0.1924813077094295,0.18,0,0.0,evaluator_only_calendar_and_observed_quotes
demo-fixed_price-884000,fixed_price,established_a,102,0.00025,0.1924813077094295,0.18,0,0.0,evaluator_only_calendar_and_observed_quotes
demo-fixed_price-884000,fixed_price,established_a,103,0.00025,0.1924813077094295,0.18,0,0.0,evaluator_only_calendar_and_observed_quotes
demo-fixed_price-884000,fixed_price,established_a,104,0.00025,0.1924813077094295,0.18,0,0.0,evaluator_only_calendar_and_observed_quotes
demo-fixed_price-884000,fixed_price,established_a,105,0.00025,0.20017127023235182,0.18,100,18.0,evaluator_only_calendar_and_observed_quotes
demo-fixed_price-884000,fixed_price,established_a,106,0.00025,0.20017127023235182,0.18,0,0.0,evaluator_only_calendar_and_observed_quotes
demo-fixed_price-884000,fixed_price,established_a,107,0.00025,0.20017127023235182,0.18,0,0.0,evaluator_only_calendar_and_observed_quotes
demo-fixed_price-884000,fixed_price,established_a,108,0.00025,0.20017127023235182,0.18,0,0.0,evaluator_only_calendar_and_observed_quotes
demo-fixed_price-884000,fixed_price,established_a,109,0.00025,0.20017127023235182,0.18,0,0.0,evaluator_only_calendar_and_observed_quotes
demo-fixed_price-884000,fixed_price,established_a,110,0.00025,0.20017127023235182,0.18,0,0.0,evaluator_only_calendar_and_observed_quotes
demo-fixed_price-884000,fixed_price,established_a,111,0.00025,0.20017127023235182,0.18,0,0.0,evaluator_only_calendar_and_observed_quotes
demo-fixed_price-884000,fixed_price,established_a,112,0.00025,0.20406952386730448,0.18,100,18.0,evaluator_only_calendar_and_observed_quotes
demo-fixed_price-884000,fixed_price,established_a,113,0.00025,0.20406952386730448,0.18,0,0.0,evaluator_only_calendar_and_observed_quotes
demo-fixed_price-884000,fixed_price,established_a,114,0.00025,0.20406952386730448,0.18,0,0.0,evaluator_only_calendar_and_observed_quotes
demo-fixed_price-884000,fixed_price,established_a,115,0.00025,0.20406952386730448,0.18,0,0.0,evaluator_only_calendar_and_observed_quotes
demo-fixed_price-884000,fixed_price,established_a,116,0.00025,0.20406952386730448,0.18,0,0.0,evaluator_only_calendar_and_observed_quotes
demo-fixed_price-884000,fixed_price,established_a,117,0.00025,0.20406952386730448,0.18,0,0.0,evaluator_only_calendar_and_observed_quotes
demo-fixed_price-884000,fixed_price,established_a,118,0.00025,0.20406952386730448,0.18,0,0.0,evaluator_only_calendar_and_observed_quotes
demo-fixed_price-884000,fixed_price,established_a,119,0.00025,0.1896781534536459,0.18,100,18.0,evaluator_only_calendar_and_observed_quotes
demo-fixed_price-884000,fixed_price,established_a,120,0.00025,0.1896781534536459,0.18,0,0.0,evaluator_only_calendar_and_observed_quotes
demo-fixed_price-884000,fixed_price,established_a,121,0.00025,0.1896781534536459,0.18,0,0.0,evaluator_only_calendar_and_observed_quotes
demo-fixed_price-884000,fixed_price,established_a,122,0.00025,0.1896781534536459,0.18,0,0.0,evaluator_only_calendar_and_observed_quotes
demo-fixed_price-884000,fixed_price,established_a,123,0.00025,0.1896781534536459,0.18,0,0.0,evaluator_only_calendar_and_observed_quotes
demo-fixed_price-884000,fixed_price,established_a,124,0.00025,0.1896781534536459,0.18,0,0.0,evaluator_only_calendar_and_observed_quotes
demo-fixed_price-884000,fixed_price,established_a,125,0.00025,0.1896781534536459,0.18,0,0.0,evaluator_only_calendar_and_observed_quotes
demo-fixed_price-884000,fixed_price,established_a,126,0.00025,0.2013048843436781,0.18,100,18.0,evaluator_only_calendar_and_observed_quotes
demo-cpc_squeeze-884000,cpc_squeeze,established_a,0,0.00025,0.20048423044796443,0.18,100,18.0,evaluator_only_calendar_and_observed_quotes
demo-cpc_squeeze-884000,cpc_squeeze,established_a,1,0.00025,0.20048423044796443,0.18,0,0.0,evaluator_only_calendar_and_observed_quotes
demo-cpc_squeeze-884000,cpc_squeeze,established_a,2,0.00025,0.20048423044796443,0.18,0,0.0,evaluator_only_calendar_and_observed_quotes
demo-cpc_squeeze-884000,cpc_squeeze,established_a,3,0.00025,0.20048423044796443,0.18,0,0.0,evaluator_only_calendar_and_observed_quotes
demo-cpc_squeeze-884000,cpc_squeeze,established_a,4,0.00025,0.20048423044796443,0.18,0,0.0,evaluator_only_calendar_and_observed_quotes
demo-cpc_squeeze-884000,cpc_squeeze,established_a,5,0.00025,0.20048423044796443,0.18,0,0.0,evaluator_only_calendar_and_observed_quotes
demo-cpc_squeeze-884000,cpc_squeeze,established_a,6,0.00025,0.20048423044796443,0.18,0,0.0,evaluator_only_calendar_and_observed_quotes
demo-cpc_squeeze-884000,cpc_squeeze,established_a,7,0.00025,0.20246606467493422,0.18,100,18.0,evaluator_only_calendar_and_observed_quotes
demo-cpc_squeeze-884000,cpc_squeeze,established_a,8,0.00025,0.20246606467493422,0.18,0,0.0,evaluator_only_calendar_and_observed_quotes
demo-cpc_squeeze-884000,cpc_squeeze,established_a,9,0.00025,0.20246606467493422,0.18,0,0.0,evaluator_only_calendar_and_observed_quotes
demo-cpc_squeeze-884000,cpc_squeeze,established_a,10,0.00025,0.20246606467493422,0.18,0,0.0,evaluator_only_calendar_and_observed_quotes
demo-cpc_squeeze-884000,cpc_squeeze,established_a,11,0.00025,0.20246606467493422,0.18,0,0.0,evaluator_only_calendar_and_observed_quotes
demo-cpc_squeeze-884000,cpc_squeeze,established_a,12,0.00025,0.20246606467493422,0.18,0,0.0,evaluator_only_calendar_and_observed_quotes
demo-cpc_squeeze-884000,cpc_squeeze,established_a,13,0.00025,0.20246606467493422,0.18,0,0.0,evaluator_only_calendar_and_observed_quotes
demo-cpc_squeeze-884000,cpc_squeeze,established_a,14,0.00025,0.19385338558042878,0.18,100,18.0,evaluator_only_calendar_and_observed_quotes
demo-cpc_squeeze-884000,cpc_squeeze,established_a,15,0.00025,0.19385338558042878,0.18,0,0.0,evaluator_only_calendar_and_observed_quotes
demo-cpc_squeeze-884000,cpc_squeeze,established_a,16,0.00025,0.19385338558042878,0.18,0,0.0,evaluator_only_calendar_and_observed_quotes
demo-cpc_squeeze-884000,cpc_squeeze,established_a,17,0.00025,0.19385338558042878,0.18,0,0.0,evaluator_only_calendar_and_observed_quotes
demo-cpc_squeeze-884000,cpc_squeeze,established_a,18,0.00025,0.19385338558042878,0.18,0,0.0,evaluator_only_calendar_and_observed_quotes
demo-cpc_squeeze-884000,cpc_squeeze,established_a,19,0.00025,0.19385338558042878,0.18,0,0.0,evaluator_only_calendar_and_observed_quotes
demo-cpc_squeeze-884000,cpc_squeeze,established_a,20,0.00025,0.19385338558042878,0.18,0,0.0,evaluator_only_calendar_and_observed_quotes
demo-cpc_squeeze-884000,cpc_squeeze,established_a,21,0.00025,0.20098759649966125,0.18,100,18.0,evaluator_only_calendar_and_observed_quotes
demo-cpc_squeeze-884000,cpc_squeeze,established_a,22,0.00025,0.20098759649966125,0.18,0,0.0,evaluator_only_calendar_and_observed_quotes
demo-cpc_squeeze-884000,cpc_squeeze,established_a,23,0.00025,0.20098759649966125,0.18,0,0.0,evaluator_only_calendar_and_observed_quotes
demo-cpc_squeeze-884000,cpc_squeeze,established_a,24,0.00025,0.20098759649966125,0.18,0,0.0,evaluator_only_calendar_and_observed_quotes
demo-cpc_squeeze-884000,cpc_squeeze,established_a,25,0.00025,0.20098759649966125,0.18,0,0.0,evaluator_only_calendar_and_observed_quotes
demo-cpc_squeeze-884000,cpc_squeeze,established_a,26,0.00025,0.20098759649966125,0.18,0,0.0,evaluator_only_calendar_and_observed_quotes
demo-cpc_squeeze-884000,cpc_squeeze,established_a,27,0.00025,0.20098759649966125,0.18,0,0.0,evaluator_only_calendar_and_observed_quotes
demo-cpc_squeeze-884000,cpc_squeeze,established_a,28,0.00025,0.2052157043419529,0.18,100,18.0,evaluator_only_calendar_and_observed_quotes
demo-cpc_squeeze-884000,cpc_squeeze,established_a,29,0.00025,0.2052157043419529,0.18,0,0.0,evaluator_only_calendar_and_observed_quotes
demo-cpc_squeeze-884000,cpc_squeeze,established_a,30,0.00025,0.2052157043419529,0.18,0,0.0,evaluator_only_calendar_and_observed_quotes
demo-cpc_squeeze-884000,cpc_squeeze,established_a,31,0.00025,0.2052157043419529,0.18,0,0.0,evaluator_only_calendar_and_observed_quotes
demo-cpc_squeeze-884000,cpc_squeeze,established_a,32,0.00025,0.2052157043419529,0.18,0,0.0,evaluator_only_calendar_and_observed_quotes
demo-cpc_squeeze-884000,cpc_squeeze,established_a,33,0.00025,0.2052157043419529,0.18,0,0.0,evaluator_only_calendar_and_observed_quotes
demo-cpc_squeeze-884000,cpc_squeeze,established_a,34,0.00025,0.2052157043419529,0.18,0,0.0,evaluator_only_calendar_and_observed_quotes
demo-cpc_squeeze-884000,cpc_squeeze,established_a,35,0.00025,0.20247017140905257,0.18,100,18.0,evaluator_only_calendar_and_observed_quotes
demo-cpc_squeeze-884000,cpc_squeeze,established_a,36,0.00025,0.20247017140905257,0.18,0,0.0,evaluator_only_calendar_and_observed_quotes
demo-cpc_squeeze-884000,cpc_squeeze,established_a,37,0.00025,0.20247017140905257,0.18,0,0.0,evaluator_only_calendar_and_observed_quotes
demo-cpc_squeeze-884000,cpc_squeeze,established_a,38,0.00025,0.20247017140905257,0.18,0,0.0,evaluator_only_calendar_and_observed_quotes
demo-cpc_squeeze-884000,cpc_squeeze,established_a,39,0.00025,0.20247017140905257,0.18,0,0.0,evaluator_only_calendar_and_observed_quotes
demo-cpc_squeeze-884000,cpc_squeeze,established_a,40,0.00025,0.20247017140905257,0.18,0,0.0,evaluator_only_calendar_and_observed_quotes
demo-cpc_squeeze-884000,cpc_squeeze,established_a,41,0.00025,0.20247017140905257,0.18,0,0.0,evaluator_only_calendar_and_observed_quotes
demo-cpc_squeeze-884000,cpc_squeeze,established_a,42,0.00025,0.19469308135664729,0.18,100,18.0,evaluator_only_calendar_and_observed_quotes
demo-cpc_squeeze-884000,cpc_squeeze,established_a,43,0.00025,0.19314175030376243,0.18,0,0.0,evaluator_only_calendar_and_observed_quotes
demo-cpc_squeeze-884000,cpc_squeeze,established_a,44,0.00025,0.1916027803888229,0.18,0,0.0,evaluator_only_calendar_and_observed_quotes
demo-cpc_squeeze-884000,cpc_squeeze,established_a,45,0.00025,0.19007607311722877,0.18,0,0.0,evaluator_only_calendar_and_observed_quotes
demo-cpc_squeeze-884000,cpc_squeeze,established_a,46,0.00025,0.1885615307791936,0.18,0,0.0,evaluator_only_calendar_and_observed_quotes
demo-cpc_squeeze-884000,cpc_squeeze,established_a,47,0.00025,0.18705905644349077,0.18,0,0.0,evaluator_only_calendar_and_observed_quotes
demo-cpc_squeeze-884000,cpc_squeeze,established_a,48,0.00025,0.18556855395124994,0.18,0,0.0,evaluator_only_calendar_and_observed_quotes
demo-cpc_squeeze-884000,cpc_squeeze,established_a,49,0.00025,0.19381048416704824,0.18,100,18.0,evaluator_only_calendar_and_observed_quotes
demo-cpc_squeeze-884000,cpc_squeeze,established_a,50,0.00025,0.1922661857237347,0.18,0,0.0,evaluator_only_calendar_and_observed_quotes
demo-cpc_squeeze-884000,cpc_squeeze,established_a,51,0.00025,0.19073419238193445,0.18,0,0.0,evaluator_only_calendar_and_observed_quotes
demo-cpc_squeeze-884000,cpc_squeeze,established_a,52,0.00025,0.18921440609355072,0.18,0,0.0,evaluator_only_calendar_and_observed_quotes
demo-cpc_squeeze-884000,cpc_squeeze,established_a,53,0.00025,0.1877067295917423,0.18,0,0.0,evaluator_only_calendar_and_observed_quotes
demo-cpc_squeeze-884000,cpc_squeeze,established_a,54,0.00025,0.18621106638469848,0.18,0,0.0,evaluator_only_calendar_and_observed_quotes
demo-cpc_squeeze-884000,cpc_squeeze,established_a,55,0.00025,0.18472732074946346,0.18,0,0.0,evaluator_only_calendar_and_observed_quotes
demo-cpc_squeeze-884000,cpc_squeeze,established_a,56,0.00025,0.18510054822113273,0.18,100,18.0,evaluator_only_calendar_and_observed_quotes
demo-cpc_squeeze-884000,cpc_squeeze,established_a,57,0.00025,0.18362565128919997,0.18,0,0.0,evaluator_only_calendar_and_observed_quotes
demo-cpc_squeeze-884000,cpc_squeeze,established_a,58,0.00025,0.18216250646162743,0.18,0,0.0,evaluator_only_calendar_and_observed_quotes
demo-cpc_squeeze-884000,cpc_squeeze,established_a,59,0.00025,0.1807110200966467,0.18,0,0.0,evaluator_only_calendar_and_observed_quotes
demo-cpc_squeeze-884000,cpc_squeeze,established_a,60,0.00025,0.17927109929863497,0.18,0,0.0,evaluator_only_calendar_and_observed_quotes
demo-cpc_squeeze-884000,cpc_squeeze,established_a,61,0.00025,0.1778426519121697,0.18,0,0.0,evaluator_only_calendar_and_observed_quotes
demo-cpc_squeeze-884000,cpc_squeeze,established_a,62,0.00025,0.17642558651613055,0.18,0,0.0,evaluator_only_calendar_and_observed_quotes
demo-cpc_squeeze-884000,cpc_squeeze,established_a,63,0.00025,0.17258803260185654,0.18,100,18.0,evaluator_only_calendar_and_observed_quotes
demo-cpc_squeeze-884000,cpc_squeeze,established_a,64,0.00025,0.17121283645998078,0.18,0,0.0,evaluator_only_calendar_and_observed_quotes
demo-cpc_squeeze-884000,cpc_squeeze,established_a,65,0.00025,0.16984859799807925,0.18,0,0.0,evaluator_only_calendar_and_observed_quotes
demo-cpc_squeeze-884000,cpc_squeeze,established_a,66,0.00025,0.1684952299044247,0.18,0,0.0,evaluator_only_calendar_and_observed_quotes
demo-cpc_squeeze-884000,cpc_squeeze,established_a,67,0.00025,0.1671526455629972,0.18,0,0.0,evaluator_only_calendar_and_observed_quotes
demo-cpc_squeeze-884000,cpc_squeeze,established_a,68,0.00025,0.16582075904794058,0.18,0,0.0,evaluator_only_calendar_and_observed_quotes
demo-cpc_squeeze-884000,cpc_squeeze,established_a,69,0.00025,0.1644994851180634,0.18,0,0.0,evaluator_only_calendar_and_observed_quotes
demo-cpc_squeeze-884000,cpc_squeeze,established_a,70,0.00025,0.15323544287619545,0.18,100,18.0,evaluator_only_calendar_and_observed_quotes
demo-cpc_squeeze-884000,cpc_squeeze,established_a,71,0.00025,0.15201444981737722,0.18,0,0.0,evaluator_only_calendar_and_observed_quotes
demo-cpc_squeeze-884000,cpc_squeeze,established_a,72,0.00025,0.15080318573523496,0.18,0,0.0,evaluator_only_calendar_and_observed_quotes
demo-cpc_squeeze-884000,cpc_squeeze,established_a,73,0.00025,0.14960157310845407,0.18,0,0.0,evaluator_only_calendar_and_observed_quotes
demo-cpc_squeeze-884000,cpc_squeeze,established_a,74,0.00025,0.14840953503341622,0.18,0,0.0,evaluator_only_calendar_and_observed_quotes
demo-cpc_squeeze-884000,cpc_squeeze,established_a,75,0.00025,0.14722699521927768,0.18,0,0.0,evaluator_only_calendar_and_observed_quotes
demo-cpc_squeeze-884000,cpc_squeeze,established_a,76,0.00025,0.14605387798308686,0.18,0,0.0,evaluator_only_calendar_and_observed_quotes
demo-cpc_squeeze-884000,cpc_squeeze,established_a,77,0.00025,0.15059805823928823,0.18,100,18.0,evaluator_only_calendar_and_observed_quotes
demo-cpc_squeeze-884000,cpc_squeeze,established_a,78,0.00025,0.14939808008586428,0.18,0,0.0,evaluator_only_calendar_and_observed_quotes
demo-cpc_squeeze-884000,cpc_squeeze,established_a,79,0.00025,0.14820766346056047,0.18,0,0.0,evaluator_only_calendar_and_observed_quotes
demo-cpc_squeeze-884000,cpc_squeeze,established_a,80,0.00025,0.14702673217630646,0.18,0,0.0,evaluator_only_calendar_and_observed_quotes
demo-cpc_squeeze-884000,cpc_squeeze,established_a,81,0.00025,0.14585521065309698,0.18,0,0.0,evaluator_only_calendar_and_observed_quotes
demo-cpc_squeeze-884000,cpc_squeeze,established_a,82,0.00025,0.14469302391315467,0.18,0,0.0,evaluator_only_calendar_and_observed_quotes
demo-cpc_squeeze-884000,cpc_squeeze,established_a,83,0.00025,0.1435400975761314,0.18,0,0.0,evaluator_only_calendar_and_observed_quotes
demo-cpc_squeeze-884000,cpc_squeeze,established_a,84,0.00025,0.13864782778895987,0.18,100,18.0,evaluator_only_calendar_and_observed_quotes
demo-cpc_squeeze-884000,cpc_squeeze,established_a,85,0.00025,0.1375430700894809,0.18,0,0.0,evaluator_only_calendar_and_observed_quotes
demo-cpc_squeeze-884000,cpc_squeeze,established_a,86,0.00025,0.1364471151934358,0.18,0,0.0,evaluator_only_calendar_and_observed_quotes
demo-cpc_squeeze-884000,cpc_squeeze,established_a,87,0.00025,0.1353598929593371,0.18,0,0.0,evaluator_only_calendar_and_observed_quotes
demo-cpc_squeeze-884000,cpc_squeeze,established_a,88,0.00025,0.13428133380459076,0.18,0,0.0,evaluator_only_calendar_and_observed_quotes
demo-cpc_squeeze-884000,cpc_squeeze,established_a,89,0.00025,0.13321136870104267,0.18,0,0.0,evaluator_only_calendar_and_observed_quotes
demo-cpc_squeeze-884000,cpc_squeeze,established_a,90,0.00025,0.13214992917056104,0.18,0,0.0,evaluator_only_calendar_and_observed_quotes
demo-cpc_squeeze-884000,cpc_squeeze,established_a,91,0.00025,0.13977832353810207,0.18,100,18.0,evaluator_only_calendar_and_observed_quotes
demo-cpc_squeeze-884000,cpc_squeeze,established_a,92,0.00025,0.1386645579522176,0.18,0,0.0,evaluator_only_calendar_and_observed_quotes
demo-cpc_squeeze-884000,cpc_squeeze,established_a,93,0.00025,0.13755966694537297,0.18,0,0.0,evaluator_only_calendar_and_observed_quotes
demo-cpc_squeeze-884000,cpc_squeeze,established_a,94,0.00025,0.13646357980416665,0.18,0,0.0,evaluator_only_calendar_and_observed_quotes
demo-cpc_squeeze-884000,cpc_squeeze,established_a,95,0.00025,0.13537622637864752,0.18,0,0.0,evaluator_only_calendar_and_observed_quotes
demo-cpc_squeeze-884000,cpc_squeeze,established_a,96,0.00025,0.13429753707782507,0.18,0,0.0,evaluator_only_calendar_and_observed_quotes
demo-cpc_squeeze-884000,cpc_squeeze,established_a,97,0.00025,0.13322744286521596,0.18,0,0.0,evaluator_only_calendar_and_observed_quotes
demo-cpc_squeeze-884000,cpc_squeeze,established_a,98,0.00025,0.1229772090841431,0.18,100,18.0,evaluator_only_calendar_and_observed_quotes
demo-cpc_squeeze-884000,cpc_squeeze,established_a,99,0.00025,0.12199731620906003,0.18,0,0.0,evaluator_only_calendar_and_observed_quotes
demo-cpc_squeeze-884000,cpc_squeeze,established_a,100,0.00025,0.12102523120385622,0.18,0,0.0,evaluator_only_calendar_and_observed_quotes
demo-cpc_squeeze-884000,cpc_squeeze,established_a,101,0.00025,0.12006089185475946,0.18,0,0.0,evaluator_only_calendar_and_observed_quotes
demo-cpc_squeeze-884000,cpc_squeeze,established_a,102,0.00025,0.11910423644372227,0.18,0,0.0,evaluator_only_calendar_and_observed_quotes
demo-cpc_squeeze-884000,cpc_squeeze,established_a,103,0.00025,0.11815520374447182,0.18,0,0.0,evaluator_only_calendar_and_observed_quotes
demo-cpc_squeeze-884000,cpc_squeeze,established_a,104,0.00025,0.11721373301859142,0.18,0,0.0,evaluator_only_calendar_and_observed_quotes
demo-cpc_squeeze-884000,cpc_squeeze,established_a,105,0.00025,0.12092534252554056,0.18,100,18.0,evaluator_only_calendar_and_observed_quotes
demo-cpc_squeeze-884000,cpc_squeeze,established_a,106,0.00025,0.11996179909793944,0.18,0,0.0,evaluator_only_calendar_and_observed_quotes
demo-cpc_squeeze-884000,cpc_squeeze,established_a,107,0.00025,0.11900593326642762,0.18,0,0.0,evaluator_only_calendar_and_observed_quotes
demo-cpc_squeeze-884000,cpc_squeeze,established_a,108,0.00025,0.11805768385526566,0.18,0,0.0,evaluator_only_calendar_and_observed_quotes
demo-cpc_squeeze-884000,cpc_squeeze,established_a,109,0.00025,0.11711699017616752,0.18,0,0.0,evaluator_only_calendar_and_observed_quotes
demo-cpc_squeeze-884000,cpc_squeeze,established_a,110,0.00025,0.11618379202441671,0.18,0,0.0,evaluator_only_calendar_and_observed_quotes
demo-cpc_squeeze-884000,cpc_squeeze,established_a,111,0.00025,0.1152580296750129,0.18,0,0.0,evaluator_only_calendar_and_observed_quotes
demo-cpc_squeeze-884000,cpc_squeeze,established_a,112,0.00025,0.11656636168831637,0.18,100,18.0,evaluator_only_calendar_and_observed_quotes
demo-cpc_squeeze-884000,cpc_squeeze,established_a,113,0.00025,0.1156375509912499,0.18,0,0.0,evaluator_only_calendar_and_observed_quotes
demo-cpc_squeeze-884000,cpc_squeeze,established_a,114,0.00025,0.11471614113691786,0.18,0,0.0,evaluator_only_calendar_and_observed_quotes
demo-cpc_squeeze-884000,cpc_squeeze,established_a,115,0.00025,0.11380207315477514,0.18,0,0.0,evaluator_only_calendar_and_observed_quotes
demo-cpc_squeeze-884000,cpc_squeeze,established_a,116,0.00025,0.11289528854415884,0.18,0,0.0,evaluator_only_calendar_and_observed_quotes
demo-cpc_squeeze-884000,cpc_squeeze,established_a,117,0.00025,0.11199572927054435,0.18,0,0.0,evaluator_only_calendar_and_observed_quotes
demo-cpc_squeeze-884000,cpc_squeeze,established_a,118,0.00025,0.11110333776183115,0.18,0,0.0,evaluator_only_calendar_and_observed_quotes
demo-cpc_squeeze-884000,cpc_squeeze,established_a,119,0.00025,0.10244527019388959,0.18,100,18.0,evaluator_only_calendar_and_observed_quotes
demo-cpc_squeeze-884000,cpc_squeeze,established_a,120,0.00025,0.10162897755644433,0.18,0,0.0,evaluator_only_calendar_and_observed_quotes
demo-cpc_squeeze-884000,cpc_squeeze,established_a,121,0.00025,0.10081918920825211,0.18,0,0.0,evaluator_only_calendar_and_observed_quotes
demo-cpc_squeeze-884000,cpc_squeeze,established_a,122,0.00025,0.10001585332258227,0.18,0,0.0,evaluator_only_calendar_and_observed_quotes
demo-cpc_squeeze-884000,cpc_squeeze,established_a,123,0.00025,0.09921891848566387,0.18,0,0.0,evaluator_only_calendar_and_observed_quotes
demo-cpc_squeeze-884000,cpc_squeeze,established_a,124,0.00025,0.09842833369339539,0.18,0,0.0,evaluator_only_calendar_and_observed_quotes
demo-cpc_squeeze-884000,cpc_squeeze,established_a,125,0.00025,0.0976440483480802,0.18,0,0.0,evaluator_only_calendar_and_observed_quotes
demo-cpc_squeeze-884000,cpc_squeeze,established_a,126,0.00025,0.10280362307844483,0.18,100,18.0,evaluator_only_calendar_and_observed_quotes
demo-rising_cpl-884000,rising_cpl,established_a,0,0.00025,0.20048423044796443,0.18,100,18.0,evaluator_only_calendar_and_observed_quotes
demo-rising_cpl-884000,rising_cpl,established_a,1,0.00025,0.20048423044796443,0.18,0,0.0,evaluator_only_calendar_and_observed_quotes
demo-rising_cpl-884000,rising_cpl,established_a,2,0.00025,0.20048423044796443,0.18,0,0.0,evaluator_only_calendar_and_observed_quotes
demo-rising_cpl-884000,rising_cpl,established_a,3,0.00025,0.20048423044796443,0.18,0,0.0,evaluator_only_calendar_and_observed_quotes
demo-rising_cpl-884000,rising_cpl,established_a,4,0.00025,0.20048423044796443,0.18,0,0.0,evaluator_only_calendar_and_observed_quotes
demo-rising_cpl-884000,rising_cpl,established_a,5,0.00025,0.20048423044796443,0.18,0,0.0,evaluator_only_calendar_and_observed_quotes
demo-rising_cpl-884000,rising_cpl,established_a,6,0.00025,0.20048423044796443,0.18,0,0.0,evaluator_only_calendar_and_observed_quotes
demo-rising_cpl-884000,rising_cpl,established_a,7,0.00025,0.20246606467493422,0.18,100,18.0,evaluator_only_calendar_and_observed_quotes
demo-rising_cpl-884000,rising_cpl,established_a,8,0.00025,0.20246606467493422,0.18,0,0.0,evaluator_only_calendar_and_observed_quotes
demo-rising_cpl-884000,rising_cpl,established_a,9,0.00025,0.20246606467493422,0.18,0,0.0,evaluator_only_calendar_and_observed_quotes
demo-rising_cpl-884000,rising_cpl,established_a,10,0.00025,0.20246606467493422,0.18,0,0.0,evaluator_only_calendar_and_observed_quotes
demo-rising_cpl-884000,rising_cpl,established_a,11,0.00025,0.20246606467493422,0.18,0,0.0,evaluator_only_calendar_and_observed_quotes
demo-rising_cpl-884000,rising_cpl,established_a,12,0.00025,0.20246606467493422,0.18,0,0.0,evaluator_only_calendar_and_observed_quotes
demo-rising_cpl-884000,rising_cpl,established_a,13,0.00025,0.20246606467493422,0.18,0,0.0,evaluator_only_calendar_and_observed_quotes
demo-rising_cpl-884000,rising_cpl,established_a,14,0.00025,0.19385338558042878,0.18,100,18.0,evaluator_only_calendar_and_observed_quotes
demo-rising_cpl-884000,rising_cpl,established_a,15,0.00025,0.19385338558042878,0.18,0,0.0,evaluator_only_calendar_and_observed_quotes
demo-rising_cpl-884000,rising_cpl,established_a,16,0.00025,0.19385338558042878,0.18,0,0.0,evaluator_only_calendar_and_observed_quotes
demo-rising_cpl-884000,rising_cpl,established_a,17,0.00025,0.19385338558042878,0.18,0,0.0,evaluator_only_calendar_and_observed_quotes
demo-rising_cpl-884000,rising_cpl,established_a,18,0.00025,0.19385338558042878,0.18,0,0.0,evaluator_only_calendar_and_observed_quotes
demo-rising_cpl-884000,rising_cpl,established_a,19,0.00025,0.19385338558042878,0.18,0,0.0,evaluator_only_calendar_and_observed_quotes
demo-rising_cpl-884000,rising_cpl,established_a,20,0.00025,0.19385338558042878,0.18,0,0.0,evaluator_only_calendar_and_observed_quotes
demo-rising_cpl-884000,rising_cpl,established_a,21,0.00025,0.20098759649966125,0.18,100,18.0,evaluator_only_calendar_and_observed_quotes
demo-rising_cpl-884000,rising_cpl,established_a,22,0.00025,0.20098759649966125,0.18,0,0.0,evaluator_only_calendar_and_observed_quotes
demo-rising_cpl-884000,rising_cpl,established_a,23,0.00025,0.20098759649966125,0.18,0,0.0,evaluator_only_calendar_and_observed_quotes
demo-rising_cpl-884000,rising_cpl,established_a,24,0.00025,0.20098759649966125,0.18,0,0.0,evaluator_only_calendar_and_observed_quotes
demo-rising_cpl-884000,rising_cpl,established_a,25,0.00025,0.20098759649966125,0.18,0,0.0,evaluator_only_calendar_and_observed_quotes
demo-rising_cpl-884000,rising_cpl,established_a,26,0.00025,0.20098759649966125,0.18,0,0.0,evaluator_only_calendar_and_observed_quotes
demo-rising_cpl-884000,rising_cpl,established_a,27,0.00025,0.20098759649966125,0.18,0,0.0,evaluator_only_calendar_and_observed_quotes
demo-rising_cpl-884000,rising_cpl,established_a,28,0.00025,0.2052157043419529,0.18,100,18.0,evaluator_only_calendar_and_observed_quotes
demo-rising_cpl-884000,rising_cpl,established_a,29,0.00025,0.2052157043419529,0.18,0,0.0,evaluator_only_calendar_and_observed_quotes
demo-rising_cpl-884000,rising_cpl,established_a,30,0.00025,0.2052157043419529,0.18,0,0.0,evaluator_only_calendar_and_observed_quotes
demo-rising_cpl-884000,rising_cpl,established_a,31,0.00025,0.2052157043419529,0.18,0,0.0,evaluator_only_calendar_and_observed_quotes
demo-rising_cpl-884000,rising_cpl,established_a,32,0.00025,0.2052157043419529,0.18,0,0.0,evaluator_only_calendar_and_observed_quotes
demo-rising_cpl-884000,rising_cpl,established_a,33,0.00025,0.2052157043419529,0.18,0,0.0,evaluator_only_calendar_and_observed_quotes
demo-rising_cpl-884000,rising_cpl,established_a,34,0.00025,0.2052157043419529,0.18,0,0.0,evaluator_only_calendar_and_observed_quotes
demo-rising_cpl-884000,rising_cpl,established_a,35,0.00025,0.20247017140905257,0.18,100,18.0,evaluator_only_calendar_and_observed_quotes
demo-rising_cpl-884000,rising_cpl,established_a,36,0.00025,0.20247017140905257,0.18,0,0.0,evaluator_only_calendar_and_observed_quotes
demo-rising_cpl-884000,rising_cpl,established_a,37,0.00025,0.20247017140905257,0.18,0,0.0,evaluator_only_calendar_and_observed_quotes
demo-rising_cpl-884000,rising_cpl,established_a,38,0.00025,0.20247017140905257,0.18,0,0.0,evaluator_only_calendar_and_observed_quotes
demo-rising_cpl-884000,rising_cpl,established_a,39,0.00025,0.20247017140905257,0.18,0,0.0,evaluator_only_calendar_and_observed_quotes
demo-rising_cpl-884000,rising_cpl,established_a,40,0.00025,0.20247017140905257,0.18,0,0.0,evaluator_only_calendar_and_observed_quotes
demo-rising_cpl-884000,rising_cpl,established_a,41,0.00025,0.20247017140905257,0.18,0,0.0,evaluator_only_calendar_and_observed_quotes
demo-rising_cpl-884000,rising_cpl,established_a,42,0.00025,0.19469308135664729,0.18,100,18.0,evaluator_only_calendar_and_observed_quotes
demo-rising_cpl-884000,rising_cpl,established_a,43,0.00025,0.19314175030376243,0.18144,0,0.0,evaluator_only_calendar_and_observed_quotes
demo-rising_cpl-884000,rising_cpl,established_a,44,0.00025,0.1916027803888229,0.18288,0,0.0,evaluator_only_calendar_and_observed_quotes
demo-rising_cpl-884000,rising_cpl,established_a,45,0.00025,0.19007607311722877,0.18431999999999998,0,0.0,evaluator_only_calendar_and_observed_quotes
demo-rising_cpl-884000,rising_cpl,established_a,46,0.00025,0.1885615307791936,0.18576,0,0.0,evaluator_only_calendar_and_observed_quotes
demo-rising_cpl-884000,rising_cpl,established_a,47,0.00025,0.18705905644349077,0.1872,0,0.0,evaluator_only_calendar_and_observed_quotes
demo-rising_cpl-884000,rising_cpl,established_a,48,0.00025,0.18556855395124994,0.18864,0,0.0,evaluator_only_calendar_and_observed_quotes
demo-rising_cpl-884000,rising_cpl,established_a,49,0.00025,0.19381048416704824,0.19008,100,19.008000000000003,evaluator_only_calendar_and_observed_quotes
demo-rising_cpl-884000,rising_cpl,established_a,50,0.00025,0.1922661857237347,0.19152,0,0.0,evaluator_only_calendar_and_observed_quotes
demo-rising_cpl-884000,rising_cpl,established_a,51,0.00025,0.19073419238193445,0.19296,0,0.0,evaluator_only_calendar_and_observed_quotes
demo-rising_cpl-884000,rising_cpl,established_a,52,0.00025,0.18921440609355072,0.19440000000000002,0,0.0,evaluator_only_calendar_and_observed_quotes
demo-rising_cpl-884000,rising_cpl,established_a,53,0.00025,0.1877067295917423,0.19584000000000001,0,0.0,evaluator_only_calendar_and_observed_quotes
demo-rising_cpl-884000,rising_cpl,established_a,54,0.00025,0.18621106638469848,0.19728,0,0.0,evaluator_only_calendar_and_observed_quotes
demo-rising_cpl-884000,rising_cpl,established_a,55,0.00025,0.18472732074946346,0.19872,0,0.0,evaluator_only_calendar_and_observed_quotes
demo-rising_cpl-884000,rising_cpl,established_a,56,0.00025,0.18510054822113273,0.20016,100,20.016000000000002,evaluator_only_calendar_and_observed_quotes
demo-rising_cpl-884000,rising_cpl,established_a,57,0.00025,0.18362565128919997,0.2016,0,0.0,evaluator_only_calendar_and_observed_quotes
demo-rising_cpl-884000,rising_cpl,established_a,58,0.00025,0.18216250646162743,0.20304000000000003,0,0.0,evaluator_only_calendar_and_observed_quotes
demo-rising_cpl-884000,rising_cpl,established_a,59,0.00025,0.1807110200966467,0.20448000000000002,0,0.0,evaluator_only_calendar_and_observed_quotes
demo-rising_cpl-884000,rising_cpl,established_a,60,0.00025,0.17927109929863497,0.20592000000000002,0,0.0,evaluator_only_calendar_and_observed_quotes
demo-rising_cpl-884000,rising_cpl,established_a,61,0.00025,0.1778426519121697,0.20736,0,0.0,evaluator_only_calendar_and_observed_quotes
demo-rising_cpl-884000,rising_cpl,established_a,62,0.00025,0.17642558651613055,0.20879999999999999,0,0.0,evaluator_only_calendar_and_observed_quotes
demo-rising_cpl-884000,rising_cpl,established_a,63,0.00025,0.17258803260185654,0.21023999999999998,100,21.023999999999997,evaluator_only_calendar_and_observed_quotes
demo-rising_cpl-884000,rising_cpl,established_a,64,0.00025,0.17121283645998078,0.21167999999999998,0,0.0,evaluator_only_calendar_and_observed_quotes
demo-rising_cpl-884000,rising_cpl,established_a,65,0.00025,0.16984859799807925,0.21311999999999998,0,0.0,evaluator_only_calendar_and_observed_quotes
demo-rising_cpl-884000,rising_cpl,established_a,66,0.00025,0.1684952299044247,0.21455999999999997,0,0.0,evaluator_only_calendar_and_observed_quotes
demo-rising_cpl-884000,rising_cpl,established_a,67,0.00025,0.1671526455629972,0.216,0,0.0,evaluator_only_calendar_and_observed_quotes
demo-rising_cpl-884000,rising_cpl,established_a,68,0.00025,0.16582075904794058,0.21744,0,0.0,evaluator_only_calendar_and_observed_quotes
demo-rising_cpl-884000,rising_cpl,established_a,69,0.00025,0.1644994851180634,0.21888,0,0.0,evaluator_only_calendar_and_observed_quotes
demo-rising_cpl-884000,rising_cpl,established_a,70,0.00025,0.15323544287619545,0.22032,100,22.032,evaluator_only_calendar_and_observed_quotes
demo-rising_cpl-884000,rising_cpl,established_a,71,0.00025,0.15201444981737722,0.22175999999999998,0,0.0,evaluator_only_calendar_and_observed_quotes
demo-rising_cpl-884000,rising_cpl,established_a,72,0.00025,0.15080318573523496,0.22319999999999998,0,0.0,evaluator_only_calendar_and_observed_quotes
demo-rising_cpl-884000,rising_cpl,established_a,73,0.00025,0.14960157310845407,0.22463999999999998,0,0.0,evaluator_only_calendar_and_observed_quotes
demo-rising_cpl-884000,rising_cpl,established_a,74,0.00025,0.14840953503341622,0.22608,0,0.0,evaluator_only_calendar_and_observed_quotes
demo-rising_cpl-884000,rising_cpl,established_a,75,0.00025,0.14722699521927768,0.22752,0,0.0,evaluator_only_calendar_and_observed_quotes
demo-rising_cpl-884000,rising_cpl,established_a,76,0.00025,0.14605387798308686,0.22896,0,0.0,evaluator_only_calendar_and_observed_quotes
demo-rising_cpl-884000,rising_cpl,established_a,77,0.00025,0.15059805823928823,0.2304,100,23.04,evaluator_only_calendar_and_observed_quotes
demo-rising_cpl-884000,rising_cpl,established_a,78,0.00025,0.14939808008586428,0.23184,0,0.0,evaluator_only_calendar_and_observed_quotes
demo-rising_cpl-884000,rising_cpl,established_a,79,0.00025,0.14820766346056047,0.23328,0,0.0,evaluator_only_calendar_and_observed_quotes
demo-rising_cpl-884000,rising_cpl,established_a,80,0.00025,0.14702673217630646,0.23472,0,0.0,evaluator_only_calendar_and_observed_quotes
demo-rising_cpl-884000,rising_cpl,established_a,81,0.00025,0.14585521065309698,0.23616,0,0.0,evaluator_only_calendar_and_observed_quotes
demo-rising_cpl-884000,rising_cpl,established_a,82,0.00025,0.14469302391315467,0.2376,0,0.0,evaluator_only_calendar_and_observed_quotes
demo-rising_cpl-884000,rising_cpl,established_a,83,0.00025,0.1435400975761314,0.23904,0,0.0,evaluator_only_calendar_and_observed_quotes
demo-rising_cpl-884000,rising_cpl,established_a,84,0.00025,0.13864782778895987,0.24048,100,24.048000000000002,evaluator_only_calendar_and_observed_quotes
demo-rising_cpl-884000,rising_cpl,established_a,85,0.00025,0.1375430700894809,0.24192,0,0.0,evaluator_only_calendar_and_observed_quotes
demo-rising_cpl-884000,rising_cpl,established_a,86,0.00025,0.1364471151934358,0.24335999999999997,0,0.0,evaluator_only_calendar_and_observed_quotes
demo-rising_cpl-884000,rising_cpl,established_a,87,0.00025,0.1353598929593371,0.24479999999999996,0,0.0,evaluator_only_calendar_and_observed_quotes
demo-rising_cpl-884000,rising_cpl,established_a,88,0.00025,0.13428133380459076,0.24623999999999996,0,0.0,evaluator_only_calendar_and_observed_quotes
demo-rising_cpl-884000,rising_cpl,established_a,89,0.00025,0.13321136870104267,0.24767999999999998,0,0.0,evaluator_only_calendar_and_observed_quotes
demo-rising_cpl-884000,rising_cpl,established_a,90,0.00025,0.13214992917056104,0.24911999999999998,0,0.0,evaluator_only_calendar_and_observed_quotes
demo-rising_cpl-884000,rising_cpl,established_a,91,0.00025,0.13977832353810207,0.25055999999999995,100,25.055999999999997,evaluator_only_calendar_and_observed_quotes
demo-rising_cpl-884000,rising_cpl,established_a,92,0.00025,0.1386645579522176,0.252,0,0.0,evaluator_only_calendar_and_observed_quotes
demo-rising_cpl-884000,rising_cpl,established_a,93,0.00025,0.13755966694537297,0.25344,0,0.0,evaluator_only_calendar_and_observed_quotes
demo-rising_cpl-884000,rising_cpl,established_a,94,0.00025,0.13646357980416665,0.25488,0,0.0,evaluator_only_calendar_and_observed_quotes
demo-rising_cpl-884000,rising_cpl,established_a,95,0.00025,0.13537622637864752,0.25632,0,0.0,evaluator_only_calendar_and_observed_quotes
demo-rising_cpl-884000,rising_cpl,established_a,96,0.00025,0.13429753707782507,0.25776,0,0.0,evaluator_only_calendar_and_observed_quotes
demo-rising_cpl-884000,rising_cpl,established_a,97,0.00025,0.13322744286521596,0.2592,0,0.0,evaluator_only_calendar_and_observed_quotes
demo-rising_cpl-884000,rising_cpl,established_a,98,0.00025,0.1229772090841431,0.26064,100,26.064,evaluator_only_calendar_and_observed_quotes
demo-rising_cpl-884000,rising_cpl,established_a,99,0.00025,0.12199731620906003,0.26208,0,0.0,evaluator_only_calendar_and_observed_quotes
demo-rising_cpl-884000,rising_cpl,established_a,100,0.00025,0.12102523120385622,0.26352,0,0.0,evaluator_only_calendar_and_observed_quotes
demo-rising_cpl-884000,rising_cpl,established_a,101,0.00025,0.12006089185475946,0.26496,0,0.0,evaluator_only_calendar_and_observed_quotes
demo-rising_cpl-884000,rising_cpl,established_a,102,0.00025,0.11910423644372227,0.26639999999999997,0,0.0,evaluator_only_calendar_and_observed_quotes
demo-rising_cpl-884000,rising_cpl,established_a,103,0.00025,0.11815520374447182,0.26783999999999997,0,0.0,evaluator_only_calendar_and_observed_quotes
demo-rising_cpl-884000,rising_cpl,established_a,104,0.00025,0.11721373301859142,0.26927999999999996,0,0.0,evaluator_only_calendar_and_observed_quotes
demo-rising_cpl-884000,rising_cpl,established_a,105,0.00025,0.12092534252554056,0.27072,100,27.072,evaluator_only_calendar_and_observed_quotes
demo-rising_cpl-884000,rising_cpl,established_a,106,0.00025,0.11996179909793944,0.27216,0,0.0,evaluator_only_calendar_and_observed_quotes
demo-rising_cpl-884000,rising_cpl,established_a,107,0.00025,0.11900593326642762,0.2736,0,0.0,evaluator_only_calendar_and_observed_quotes
demo-rising_cpl-884000,rising_cpl,established_a,108,0.00025,0.11805768385526566,0.27504,0,0.0,evaluator_only_calendar_and_observed_quotes
demo-rising_cpl-884000,rising_cpl,established_a,109,0.00025,0.11711699017616752,0.27648,0,0.0,evaluator_only_calendar_and_observed_quotes
demo-rising_cpl-884000,rising_cpl,established_a,110,0.00025,0.11618379202441671,0.27792,0,0.0,evaluator_only_calendar_and_observed_quotes
demo-rising_cpl-884000,rising_cpl,established_a,111,0.00025,0.1152580296750129,0.27936,0,0.0,evaluator_only_calendar_and_observed_quotes
demo-rising_cpl-884000,rising_cpl,established_a,112,0.00025,0.11656636168831637,0.2808,100,28.080000000000002,evaluator_only_calendar_and_observed_quotes
demo-rising_cpl-884000,rising_cpl,established_a,113,0.00025,0.1156375509912499,0.28224,0,0.0,evaluator_only_calendar_and_observed_quotes
demo-rising_cpl-884000,rising_cpl,established_a,114,0.00025,0.11471614113691786,0.28368,0,0.0,evaluator_only_calendar_and_observed_quotes
demo-rising_cpl-884000,rising_cpl,established_a,115,0.00025,0.11380207315477514,0.28512,0,0.0,evaluator_only_calendar_and_observed_quotes
demo-rising_cpl-884000,rising_cpl,established_a,116,0.00025,0.11289528854415884,0.28656,0,0.0,evaluator_only_calendar_and_observed_quotes
demo-rising_cpl-884000,rising_cpl,established_a,117,0.00025,0.11199572927054435,0.288,0,0.0,evaluator_only_calendar_and_observed_quotes
demo-rising_cpl-884000,rising_cpl,established_a,118,0.00025,0.11110333776183115,0.28944000000000003,0,0.0,evaluator_only_calendar_and_observed_quotes
demo-rising_cpl-884000,rising_cpl,established_a,119,0.00025,0.10244527019388959,0.29088,100,29.088,evaluator_only_calendar_and_observed_quotes
demo-rising_cpl-884000,rising_cpl,established_a,120,0.00025,0.10162897755644433,0.29232,0,0.0,evaluator_only_calendar_and_observed_quotes
demo-rising_cpl-884000,rising_cpl,established_a,121,0.00025,0.10081918920825211,0.29376,0,0.0,evaluator_only_calendar_and_observed_quotes
demo-rising_cpl-884000,rising_cpl,established_a,122,0.00025,0.10001585332258227,0.2952,0,0.0,evaluator_only_calendar_and_observed_quotes
demo-rising_cpl-884000,rising_cpl,established_a,123,0.00025,0.09921891848566387,0.29664,0,0.0,evaluator_only_calendar_and_observed_quotes
demo-rising_cpl-884000,rising_cpl,established_a,124,0.00025,0.09842833369339539,0.29808,0,0.0,evaluator_only_calendar_and_observed_quotes
demo-rising_cpl-884000,rising_cpl,established_a,125,0.00025,0.0976440483480802,0.29952,0,0.0,evaluator_only_calendar_and_observed_quotes
demo-rising_cpl-884000,rising_cpl,established_a,126,0.00025,0.10280362307844483,0.30096,100,30.096000000000004,evaluator_only_calendar_and_observed_quotes
demo-human_decline_bot_rise-884000,human_decline_bot_rise,established_a,0,0.00025,0.20048423044796443,0.18,100,18.0,evaluator_only_calendar_and_observed_quotes
demo-human_decline_bot_rise-884000,human_decline_bot_rise,established_a,1,0.00025,0.20048423044796443,0.18,0,0.0,evaluator_only_calendar_and_observed_quotes
demo-human_decline_bot_rise-884000,human_decline_bot_rise,established_a,2,0.00025,0.20048423044796443,0.18,0,0.0,evaluator_only_calendar_and_observed_quotes
demo-human_decline_bot_rise-884000,human_decline_bot_rise,established_a,3,0.00025,0.20048423044796443,0.18,0,0.0,evaluator_only_calendar_and_observed_quotes
demo-human_decline_bot_rise-884000,human_decline_bot_rise,established_a,4,0.00025,0.20048423044796443,0.18,0,0.0,evaluator_only_calendar_and_observed_quotes
demo-human_decline_bot_rise-884000,human_decline_bot_rise,established_a,5,0.00025,0.20048423044796443,0.18,0,0.0,evaluator_only_calendar_and_observed_quotes
demo-human_decline_bot_rise-884000,human_decline_bot_rise,established_a,6,0.00025,0.20048423044796443,0.18,0,0.0,evaluator_only_calendar_and_observed_quotes
demo-human_decline_bot_rise-884000,human_decline_bot_rise,established_a,7,0.00025,0.20246606467493422,0.18,100,18.0,evaluator_only_calendar_and_observed_quotes
demo-human_decline_bot_rise-884000,human_decline_bot_rise,established_a,8,0.00025,0.20246606467493422,0.18,0,0.0,evaluator_only_calendar_and_observed_quotes
demo-human_decline_bot_rise-884000,human_decline_bot_rise,established_a,9,0.00025,0.20246606467493422,0.18,0,0.0,evaluator_only_calendar_and_observed_quotes
demo-human_decline_bot_rise-884000,human_decline_bot_rise,established_a,10,0.00025,0.20246606467493422,0.18,0,0.0,evaluator_only_calendar_and_observed_quotes
demo-human_decline_bot_rise-884000,human_decline_bot_rise,established_a,11,0.00025,0.20246606467493422,0.18,0,0.0,evaluator_only_calendar_and_observed_quotes
demo-human_decline_bot_rise-884000,human_decline_bot_rise,established_a,12,0.00025,0.20246606467493422,0.18,0,0.0,evaluator_only_calendar_and_observed_quotes
demo-human_decline_bot_rise-884000,human_decline_bot_rise,established_a,13,0.00025,0.20246606467493422,0.18,0,0.0,evaluator_only_calendar_and_observed_quotes
demo-human_decline_bot_rise-884000,human_decline_bot_rise,established_a,14,0.00025,0.19385338558042878,0.18,100,18.0,evaluator_only_calendar_and_observed_quotes
demo-human_decline_bot_rise-884000,human_decline_bot_rise,established_a,15,0.00025,0.19385338558042878,0.18,0,0.0,evaluator_only_calendar_and_observed_quotes
demo-human_decline_bot_rise-884000,human_decline_bot_rise,established_a,16,0.00025,0.19385338558042878,0.18,0,0.0,evaluator_only_calendar_and_observed_quotes
demo-human_decline_bot_rise-884000,human_decline_bot_rise,established_a,17,0.00025,0.19385338558042878,0.18,0,0.0,evaluator_only_calendar_and_observed_quotes
demo-human_decline_bot_rise-884000,human_decline_bot_rise,established_a,18,0.00025,0.19385338558042878,0.18,0,0.0,evaluator_only_calendar_and_observed_quotes
demo-human_decline_bot_rise-884000,human_decline_bot_rise,established_a,19,0.00025,0.19385338558042878,0.18,0,0.0,evaluator_only_calendar_and_observed_quotes
demo-human_decline_bot_rise-884000,human_decline_bot_rise,established_a,20,0.00025,0.19385338558042878,0.18,0,0.0,evaluator_only_calendar_and_observed_quotes
demo-human_decline_bot_rise-884000,human_decline_bot_rise,established_a,21,0.00025,0.20098759649966125,0.18,100,18.0,evaluator_only_calendar_and_observed_quotes
demo-human_decline_bot_rise-884000,human_decline_bot_rise,established_a,22,0.00025,0.20098759649966125,0.18,0,0.0,evaluator_only_calendar_and_observed_quotes
demo-human_decline_bot_rise-884000,human_decline_bot_rise,established_a,23,0.00025,0.20098759649966125,0.18,0,0.0,evaluator_only_calendar_and_observed_quotes
demo-human_decline_bot_rise-884000,human_decline_bot_rise,established_a,24,0.00025,0.20098759649966125,0.18,0,0.0,evaluator_only_calendar_and_observed_quotes
demo-human_decline_bot_rise-884000,human_decline_bot_rise,established_a,25,0.00025,0.20098759649966125,0.18,0,0.0,evaluator_only_calendar_and_observed_quotes
demo-human_decline_bot_rise-884000,human_decline_bot_rise,established_a,26,0.00025,0.20098759649966125,0.18,0,0.0,evaluator_only_calendar_and_observed_quotes
demo-human_decline_bot_rise-884000,human_decline_bot_rise,established_a,27,0.00025,0.20098759649966125,0.18,0,0.0,evaluator_only_calendar_and_observed_quotes
demo-human_decline_bot_rise-884000,human_decline_bot_rise,established_a,28,0.00025,0.2052157043419529,0.18,100,18.0,evaluator_only_calendar_and_observed_quotes
demo-human_decline_bot_rise-884000,human_decline_bot_rise,established_a,29,0.00025,0.2052157043419529,0.18,0,0.0,evaluator_only_calendar_and_observed_quotes
demo-human_decline_bot_rise-884000,human_decline_bot_rise,established_a,30,0.00025,0.2052157043419529,0.18,0,0.0,evaluator_only_calendar_and_observed_quotes
demo-human_decline_bot_rise-884000,human_decline_bot_rise,established_a,31,0.00025,0.2052157043419529,0.18,0,0.0,evaluator_only_calendar_and_observed_quotes
demo-human_decline_bot_rise-884000,human_decline_bot_rise,established_a,32,0.00025,0.2052157043419529,0.18,0,0.0,evaluator_only_calendar_and_observed_quotes
demo-human_decline_bot_rise-884000,human_decline_bot_rise,established_a,33,0.00025,0.2052157043419529,0.18,0,0.0,evaluator_only_calendar_and_observed_quotes
demo-human_decline_bot_rise-884000,human_decline_bot_rise,established_a,34,0.00025,0.2052157043419529,0.18,0,0.0,evaluator_only_calendar_and_observed_quotes
demo-human_decline_bot_rise-884000,human_decline_bot_rise,established_a,35,0.00025,0.20247017140905257,0.18,100,18.0,evaluator_only_calendar_and_observed_quotes
demo-human_decline_bot_rise-884000,human_decline_bot_rise,established_a,36,0.00025,0.20247017140905257,0.18,0,0.0,evaluator_only_calendar_and_observed_quotes
demo-human_decline_bot_rise-884000,human_decline_bot_rise,established_a,37,0.00025,0.20247017140905257,0.18,0,0.0,evaluator_only_calendar_and_observed_quotes
demo-human_decline_bot_rise-884000,human_decline_bot_rise,established_a,38,0.00025,0.20247017140905257,0.18,0,0.0,evaluator_only_calendar_and_observed_quotes
demo-human_decline_bot_rise-884000,human_decline_bot_rise,established_a,39,0.00025,0.20247017140905257,0.18,0,0.0,evaluator_only_calendar_and_observed_quotes
demo-human_decline_bot_rise-884000,human_decline_bot_rise,established_a,40,0.00025,0.20247017140905257,0.18,0,0.0,evaluator_only_calendar_and_observed_quotes
demo-human_decline_bot_rise-884000,human_decline_bot_rise,established_a,41,0.00025,0.20247017140905257,0.18,0,0.0,evaluator_only_calendar_and_observed_quotes
demo-human_decline_bot_rise-884000,human_decline_bot_rise,established_a,42,0.00025,0.19469308135664729,0.18,100,18.0,evaluator_only_calendar_and_observed_quotes
demo-human_decline_bot_rise-884000,human_decline_bot_rise,established_a,43,0.00025,0.19314175030376243,0.18144,0,0.0,evaluator_only_calendar_and_observed_quotes
demo-human_decline_bot_rise-884000,human_decline_bot_rise,established_a,44,0.00025,0.1916027803888229,0.18288,0,0.0,evaluator_only_calendar_and_observed_quotes
demo-human_decline_bot_rise-884000,human_decline_bot_rise,established_a,45,0.00025,0.19007607311722877,0.18431999999999998,0,0.0,evaluator_only_calendar_and_observed_quotes
demo-human_decline_bot_rise-884000,human_decline_bot_rise,established_a,46,0.00025,0.1885615307791936,0.18576,0,0.0,evaluator_only_calendar_and_observed_quotes
demo-human_decline_bot_rise-884000,human_decline_bot_rise,established_a,47,0.00025,0.18705905644349077,0.1872,0,0.0,evaluator_only_calendar_and_observed_quotes
demo-human_decline_bot_rise-884000,human_decline_bot_rise,established_a,48,0.00025,0.18556855395124994,0.18864,0,0.0,evaluator_only_calendar_and_observed_quotes
demo-human_decline_bot_rise-884000,human_decline_bot_rise,established_a,49,0.00025,0.19381048416704824,0.19008,100,19.008000000000003,evaluator_only_calendar_and_observed_quotes
demo-human_decline_bot_rise-884000,human_decline_bot_rise,established_a,50,0.00025,0.1922661857237347,0.19152,0,0.0,evaluator_only_calendar_and_observed_quotes
demo-human_decline_bot_rise-884000,human_decline_bot_rise,established_a,51,0.00025,0.19073419238193445,0.19296,0,0.0,evaluator_only_calendar_and_observed_quotes
demo-human_decline_bot_rise-884000,human_decline_bot_rise,established_a,52,0.00025,0.18921440609355072,0.19440000000000002,0,0.0,evaluator_only_calendar_and_observed_quotes
demo-human_decline_bot_rise-884000,human_decline_bot_rise,established_a,53,0.00025,0.1877067295917423,0.19584000000000001,0,0.0,evaluator_only_calendar_and_observed_quotes
demo-human_decline_bot_rise-884000,human_decline_bot_rise,established_a,54,0.00025,0.18621106638469848,0.19728,0,0.0,evaluator_only_calendar_and_observed_quotes
demo-human_decline_bot_rise-884000,human_decline_bot_rise,established_a,55,0.00025,0.18472732074946346,0.19872,0,0.0,evaluator_only_calendar_and_observed_quotes
demo-human_decline_bot_rise-884000,human_decline_bot_rise,established_a,56,0.00025,0.18510054822113273,0.20016,100,20.016000000000002,evaluator_only_calendar_and_observed_quotes
demo-human_decline_bot_rise-884000,human_decline_bot_rise,established_a,57,0.00025,0.18362565128919997,0.2016,0,0.0,evaluator_only_calendar_and_observed_quotes
demo-human_decline_bot_rise-884000,human_decline_bot_rise,established_a,58,0.00025,0.18216250646162743,0.20304000000000003,0,0.0,evaluator_only_calendar_and_observed_quotes
demo-human_decline_bot_rise-884000,human_decline_bot_rise,established_a,59,0.00025,0.1807110200966467,0.20448000000000002,0,0.0,evaluator_only_calendar_and_observed_quotes
demo-human_decline_bot_rise-884000,human_decline_bot_rise,established_a,60,0.00025,0.17927109929863497,0.20592000000000002,0,0.0,evaluator_only_calendar_and_observed_quotes
demo-human_decline_bot_rise-884000,human_decline_bot_rise,established_a,61,0.00025,0.1778426519121697,0.20736,0,0.0,evaluator_only_calendar_and_observed_quotes
demo-human_decline_bot_rise-884000,human_decline_bot_rise,established_a,62,0.00025,0.17642558651613055,0.20879999999999999,0,0.0,evaluator_only_calendar_and_observed_quotes
demo-human_decline_bot_rise-884000,human_decline_bot_rise,established_a,63,0.00025,0.17258803260185654,0.21023999999999998,100,21.023999999999997,evaluator_only_calendar_and_observed_quotes
demo-human_decline_bot_rise-884000,human_decline_bot_rise,established_a,64,0.00025,0.17121283645998078,0.21167999999999998,0,0.0,evaluator_only_calendar_and_observed_quotes
demo-human_decline_bot_rise-884000,human_decline_bot_rise,established_a,65,0.00025,0.16984859799807925,0.21311999999999998,0,0.0,evaluator_only_calendar_and_observed_quotes
demo-human_decline_bot_rise-884000,human_decline_bot_rise,established_a,66,0.00025,0.1684952299044247,0.21455999999999997,0,0.0,evaluator_only_calendar_and_observed_quotes
demo-human_decline_bot_rise-884000,human_decline_bot_rise,established_a,67,0.00025,0.1671526455629972,0.216,0,0.0,evaluator_only_calendar_and_observed_quotes
demo-human_decline_bot_rise-884000,human_decline_bot_rise,established_a,68,0.00025,0.16582075904794058,0.21744,0,0.0,evaluator_only_calendar_and_observed_quotes
demo-human_decline_bot_rise-884000,human_decline_bot_rise,established_a,69,0.00025,0.1644994851180634,0.21888,0,0.0,evaluator_only_calendar_and_observed_quotes
demo-human_decline_bot_rise-884000,human_decline_bot_rise,established_a,70,0.00025,0.15323544287619545,0.22032,100,22.032,evaluator_only_calendar_and_observed_quotes
demo-human_decline_bot_rise-884000,human_decline_bot_rise,established_a,71,0.00025,0.15201444981737722,0.22175999999999998,0,0.0,evaluator_only_calendar_and_observed_quotes
demo-human_decline_bot_rise-884000,human_decline_bot_rise,established_a,72,0.00025,0.15080318573523496,0.22319999999999998,0,0.0,evaluator_only_calendar_and_observed_quotes
demo-human_decline_bot_rise-884000,human_decline_bot_rise,established_a,73,0.00025,0.14960157310845407,0.22463999999999998,0,0.0,evaluator_only_calendar_and_observed_quotes
demo-human_decline_bot_rise-884000,human_decline_bot_rise,established_a,74,0.00025,0.14840953503341622,0.22608,0,0.0,evaluator_only_calendar_and_observed_quotes
demo-human_decline_bot_rise-884000,human_decline_bot_rise,established_a,75,0.00025,0.14722699521927768,0.22752,0,0.0,evaluator_only_calendar_and_observed_quotes
demo-human_decline_bot_rise-884000,human_decline_bot_rise,established_a,76,0.00025,0.14605387798308686,0.22896,0,0.0,evaluator_only_calendar_and_observed_quotes
demo-human_decline_bot_rise-884000,human_decline_bot_rise,established_a,77,0.00025,0.15059805823928823,0.2304,100,23.04,evaluator_only_calendar_and_observed_quotes
demo-human_decline_bot_rise-884000,human_decline_bot_rise,established_a,78,0.00025,0.14939808008586428,0.23184,0,0.0,evaluator_only_calendar_and_observed_quotes
demo-human_decline_bot_rise-884000,human_decline_bot_rise,established_a,79,0.00025,0.14820766346056047,0.23328,0,0.0,evaluator_only_calendar_and_observed_quotes
demo-human_decline_bot_rise-884000,human_decline_bot_rise,established_a,80,0.00025,0.14702673217630646,0.23472,0,0.0,evaluator_only_calendar_and_observed_quotes
demo-human_decline_bot_rise-884000,human_decline_bot_rise,established_a,81,0.00025,0.14585521065309698,0.23616,0,0.0,evaluator_only_calendar_and_observed_quotes
demo-human_decline_bot_rise-884000,human_decline_bot_rise,established_a,82,0.00025,0.14469302391315467,0.2376,0,0.0,evaluator_only_calendar_and_observed_quotes
demo-human_decline_bot_rise-884000,human_decline_bot_rise,established_a,83,0.00025,0.1435400975761314,0.23904,0,0.0,evaluator_only_calendar_and_observed_quotes
demo-human_decline_bot_rise-884000,human_decline_bot_rise,established_a,84,0.00025,0.13864782778895987,0.24048,100,24.048000000000002,evaluator_only_calendar_and_observed_quotes
demo-human_decline_bot_rise-884000,human_decline_bot_rise,established_a,85,0.00025,0.1375430700894809,0.24192,0,0.0,evaluator_only_calendar_and_observed_quotes
demo-human_decline_bot_rise-884000,human_decline_bot_rise,established_a,86,0.00025,0.1364471151934358,0.24335999999999997,0,0.0,evaluator_only_calendar_and_observed_quotes
demo-human_decline_bot_rise-884000,human_decline_bot_rise,established_a,87,0.00025,0.1353598929593371,0.24479999999999996,0,0.0,evaluator_only_calendar_and_observed_quotes
demo-human_decline_bot_rise-884000,human_decline_bot_rise,established_a,88,0.00025,0.13428133380459076,0.24623999999999996,0,0.0,evaluator_only_calendar_and_observed_quotes
demo-human_decline_bot_rise-884000,human_decline_bot_rise,established_a,89,0.00025,0.13321136870104267,0.24767999999999998,0,0.0,evaluator_only_calendar_and_observed_quotes
demo-human_decline_bot_rise-884000,human_decline_bot_rise,established_a,90,0.00025,0.13214992917056104,0.24911999999999998,0,0.0,evaluator_only_calendar_and_observed_quotes
demo-human_decline_bot_rise-884000,human_decline_bot_rise,established_a,91,0.00025,0.13977832353810207,0.25055999999999995,100,25.055999999999997,evaluator_only_calendar_and_observed_quotes
demo-human_decline_bot_rise-884000,human_decline_bot_rise,established_a,92,0.00025,0.1386645579522176,0.252,0,0.0,evaluator_only_calendar_and_observed_quotes
demo-human_decline_bot_rise-884000,human_decline_bot_rise,established_a,93,0.00025,0.13755966694537297,0.25344,0,0.0,evaluator_only_calendar_and_observed_quotes
demo-human_decline_bot_rise-884000,human_decline_bot_rise,established_a,94,0.00025,0.13646357980416665,0.25488,0,0.0,evaluator_only_calendar_and_observed_quotes
demo-human_decline_bot_rise-884000,human_decline_bot_rise,established_a,95,0.00025,0.13537622637864752,0.25632,0,0.0,evaluator_only_calendar_and_observed_quotes
demo-human_decline_bot_rise-884000,human_decline_bot_rise,established_a,96,0.00025,0.13429753707782507,0.25776,0,0.0,evaluator_only_calendar_and_observed_quotes
demo-human_decline_bot_rise-884000,human_decline_bot_rise,established_a,97,0.00025,0.13322744286521596,0.2592,0,0.0,evaluator_only_calendar_and_observed_quotes
demo-human_decline_bot_rise-884000,human_decline_bot_rise,established_a,98,0.00025,0.1229772090841431,0.26064,100,26.064,evaluator_only_calendar_and_observed_quotes
demo-human_decline_bot_rise-884000,human_decline_bot_rise,established_a,99,0.00025,0.12199731620906003,0.26208,0,0.0,evaluator_only_calendar_and_observed_quotes
demo-human_decline_bot_rise-884000,human_decline_bot_rise,established_a,100,0.00025,0.12102523120385622,0.26352,0,0.0,evaluator_only_calendar_and_observed_quotes
demo-human_decline_bot_rise-884000,human_decline_bot_rise,established_a,101,0.00025,0.12006089185475946,0.26496,0,0.0,evaluator_only_calendar_and_observed_quotes
demo-human_decline_bot_rise-884000,human_decline_bot_rise,established_a,102,0.00025,0.11910423644372227,0.26639999999999997,0,0.0,evaluator_only_calendar_and_observed_quotes
demo-human_decline_bot_rise-884000,human_decline_bot_rise,established_a,103,0.00025,0.11815520374447182,0.26783999999999997,0,0.0,evaluator_only_calendar_and_observed_quotes
demo-human_decline_bot_rise-884000,human_decline_bot_rise,established_a,104,0.00025,0.11721373301859142,0.26927999999999996,0,0.0,evaluator_only_calendar_and_observed_quotes
demo-human_decline_bot_rise-884000,human_decline_bot_rise,established_a,105,0.00025,0.12092534252554056,0.27072,100,27.072,evaluator_only_calendar_and_observed_quotes
demo-human_decline_bot_rise-884000,human_decline_bot_rise,established_a,106,0.00025,0.11996179909793944,0.27216,0,0.0,evaluator_only_calendar_and_observed_quotes
demo-human_decline_bot_rise-884000,human_decline_bot_rise,established_a,107,0.00025,0.11900593326642762,0.2736,0,0.0,evaluator_only_calendar_and_observed_quotes
demo-human_decline_bot_rise-884000,human_decline_bot_rise,established_a,108,0.00025,0.11805768385526566,0.27504,0,0.0,evaluator_only_calendar_and_observed_quotes
demo-human_decline_bot_rise-884000,human_decline_bot_rise,established_a,109,0.00025,0.11711699017616752,0.27648,0,0.0,evaluator_only_calendar_and_observed_quotes
demo-human_decline_bot_rise-884000,human_decline_bot_rise,established_a,110,0.00025,0.11618379202441671,0.27792,0,0.0,evaluator_only_calendar_and_observed_quotes
demo-human_decline_bot_rise-884000,human_decline_bot_rise,established_a,111,0.00025,0.1152580296750129,0.27936,0,0.0,evaluator_only_calendar_and_observed_quotes
demo-human_decline_bot_rise-884000,human_decline_bot_rise,established_a,112,0.00025,0.11656636168831637,0.2808,100,28.080000000000002,evaluator_only_calendar_and_observed_quotes
demo-human_decline_bot_rise-884000,human_decline_bot_rise,established_a,113,0.00025,0.1156375509912499,0.28224,0,0.0,evaluator_only_calendar_and_observed_quotes
demo-human_decline_bot_rise-884000,human_decline_bot_rise,established_a,114,0.00025,0.11471614113691786,0.28368,0,0.0,evaluator_only_calendar_and_observed_quotes
demo-human_decline_bot_rise-884000,human_decline_bot_rise,established_a,115,0.00025,0.11380207315477514,0.28512,0,0.0,evaluator_only_calendar_and_observed_quotes
demo-human_decline_bot_rise-884000,human_decline_bot_rise,established_a,116,0.00025,0.11289528854415884,0.28656,0,0.0,evaluator_only_calendar_and_observed_quotes
demo-human_decline_bot_rise-884000,human_decline_bot_rise,established_a,117,0.00025,0.11199572927054435,0.288,0,0.0,evaluator_only_calendar_and_observed_quotes
demo-human_decline_bot_rise-884000,human_decline_bot_rise,established_a,118,0.00025,0.11110333776183115,0.28944000000000003,0,0.0,evaluator_only_calendar_and_observed_quotes
demo-human_decline_bot_rise-884000,human_decline_bot_rise,established_a,119,0.00025,0.10244527019388959,0.29088,100,29.088,evaluator_only_calendar_and_observed_quotes
demo-human_decline_bot_rise-884000,human_decline_bot_rise,established_a,120,0.00025,0.10162897755644433,0.29232,0,0.0,evaluator_only_calendar_and_observed_quotes
demo-human_decline_bot_rise-884000,human_decline_bot_rise,established_a,121,0.00025,0.10081918920825211,0.29376,0,0.0,evaluator_only_calendar_and_observed_quotes
demo-human_decline_bot_rise-884000,human_decline_bot_rise,established_a,122,0.00025,0.10001585332258227,0.2952,0,0.0,evaluator_only_calendar_and_observed_quotes
demo-human_decline_bot_rise-884000,human_decline_bot_rise,established_a,123,0.00025,0.09921891848566387,0.29664,0,0.0,evaluator_only_calendar_and_observed_quotes
demo-human_decline_bot_rise-884000,human_decline_bot_rise,established_a,124,0.00025,0.09842833369339539,0.29808,0,0.0,evaluator_only_calendar_and_observed_quotes
demo-human_decline_bot_rise-884000,human_decline_bot_rise,established_a,125,0.00025,0.0976440483480802,0.29952,0,0.0,evaluator_only_calendar_and_observed_quotes
demo-human_decline_bot_rise-884000,human_decline_bot_rise,established_a,126,0.00025,0.10280362307844483,0.30096,100,30.096000000000004,evaluator_only_calendar_and_observed_quotes
demo-cheap_good-884000,cheap_good,established_a,0,0.00025,0.20048423044796443,0.18,100,18.0,evaluator_only_calendar_and_observed_quotes
demo-cheap_good-884000,cheap_good,established_a,1,0.00025,0.20048423044796443,0.18,0,0.0,evaluator_only_calendar_and_observed_quotes
demo-cheap_good-884000,cheap_good,established_a,2,0.00025,0.20048423044796443,0.18,0,0.0,evaluator_only_calendar_and_observed_quotes
demo-cheap_good-884000,cheap_good,established_a,3,0.00025,0.20048423044796443,0.18,0,0.0,evaluator_only_calendar_and_observed_quotes
demo-cheap_good-884000,cheap_good,established_a,4,0.00025,0.20048423044796443,0.18,0,0.0,evaluator_only_calendar_and_observed_quotes
demo-cheap_good-884000,cheap_good,established_a,5,0.00025,0.20048423044796443,0.18,0,0.0,evaluator_only_calendar_and_observed_quotes
demo-cheap_good-884000,cheap_good,established_a,6,0.00025,0.20048423044796443,0.18,0,0.0,evaluator_only_calendar_and_observed_quotes
demo-cheap_good-884000,cheap_good,established_a,7,0.00025,0.20246606467493422,0.18,100,18.0,evaluator_only_calendar_and_observed_quotes
demo-cheap_good-884000,cheap_good,established_a,8,0.00025,0.20246606467493422,0.18,0,0.0,evaluator_only_calendar_and_observed_quotes
demo-cheap_good-884000,cheap_good,established_a,9,0.00025,0.20246606467493422,0.18,0,0.0,evaluator_only_calendar_and_observed_quotes
demo-cheap_good-884000,cheap_good,established_a,10,0.00025,0.20246606467493422,0.18,0,0.0,evaluator_only_calendar_and_observed_quotes
demo-cheap_good-884000,cheap_good,established_a,11,0.00025,0.20246606467493422,0.18,0,0.0,evaluator_only_calendar_and_observed_quotes
demo-cheap_good-884000,cheap_good,established_a,12,0.00025,0.20246606467493422,0.18,0,0.0,evaluator_only_calendar_and_observed_quotes
demo-cheap_good-884000,cheap_good,established_a,13,0.00025,0.20246606467493422,0.18,0,0.0,evaluator_only_calendar_and_observed_quotes
demo-cheap_good-884000,cheap_good,established_a,14,0.00025,0.19385338558042878,0.18,100,18.0,evaluator_only_calendar_and_observed_quotes
demo-cheap_good-884000,cheap_good,established_a,15,0.00025,0.19385338558042878,0.18,0,0.0,evaluator_only_calendar_and_observed_quotes
demo-cheap_good-884000,cheap_good,established_a,16,0.00025,0.19385338558042878,0.18,0,0.0,evaluator_only_calendar_and_observed_quotes
demo-cheap_good-884000,cheap_good,established_a,17,0.00025,0.19385338558042878,0.18,0,0.0,evaluator_only_calendar_and_observed_quotes
demo-cheap_good-884000,cheap_good,established_a,18,0.00025,0.19385338558042878,0.18,0,0.0,evaluator_only_calendar_and_observed_quotes
demo-cheap_good-884000,cheap_good,established_a,19,0.00025,0.19385338558042878,0.18,0,0.0,evaluator_only_calendar_and_observed_quotes
demo-cheap_good-884000,cheap_good,established_a,20,0.00025,0.19385338558042878,0.18,0,0.0,evaluator_only_calendar_and_observed_quotes
demo-cheap_good-884000,cheap_good,established_a,21,0.00025,0.20098759649966125,0.18,100,18.0,evaluator_only_calendar_and_observed_quotes
demo-cheap_good-884000,cheap_good,established_a,22,0.00025,0.20098759649966125,0.18,0,0.0,evaluator_only_calendar_and_observed_quotes
demo-cheap_good-884000,cheap_good,established_a,23,0.00025,0.20098759649966125,0.18,0,0.0,evaluator_only_calendar_and_observed_quotes
demo-cheap_good-884000,cheap_good,established_a,24,0.00025,0.20098759649966125,0.18,0,0.0,evaluator_only_calendar_and_observed_quotes
demo-cheap_good-884000,cheap_good,established_a,25,0.00025,0.20098759649966125,0.18,0,0.0,evaluator_only_calendar_and_observed_quotes
demo-cheap_good-884000,cheap_good,established_a,26,0.00025,0.20098759649966125,0.18,0,0.0,evaluator_only_calendar_and_observed_quotes
demo-cheap_good-884000,cheap_good,established_a,27,0.00025,0.20098759649966125,0.18,0,0.0,evaluator_only_calendar_and_observed_quotes
demo-cheap_good-884000,cheap_good,established_a,28,0.00025,0.2052157043419529,0.18,100,18.0,evaluator_only_calendar_and_observed_quotes
demo-cheap_good-884000,cheap_good,established_a,29,0.00025,0.2052157043419529,0.18,0,0.0,evaluator_only_calendar_and_observed_quotes
demo-cheap_good-884000,cheap_good,established_a,30,0.00025,0.2052157043419529,0.18,0,0.0,evaluator_only_calendar_and_observed_quotes
demo-cheap_good-884000,cheap_good,established_a,31,0.00025,0.2052157043419529,0.18,0,0.0,evaluator_only_calendar_and_observed_quotes
demo-cheap_good-884000,cheap_good,established_a,32,0.00025,0.2052157043419529,0.18,0,0.0,evaluator_only_calendar_and_observed_quotes
demo-cheap_good-884000,cheap_good,established_a,33,0.00025,0.2052157043419529,0.18,0,0.0,evaluator_only_calendar_and_observed_quotes
demo-cheap_good-884000,cheap_good,established_a,34,0.00025,0.2052157043419529,0.18,0,0.0,evaluator_only_calendar_and_observed_quotes
demo-cheap_good-884000,cheap_good,established_a,35,0.00025,0.20247017140905257,0.18,100,18.0,evaluator_only_calendar_and_observed_quotes
demo-cheap_good-884000,cheap_good,established_a,36,0.00025,0.20247017140905257,0.18,0,0.0,evaluator_only_calendar_and_observed_quotes
demo-cheap_good-884000,cheap_good,established_a,37,0.00025,0.20247017140905257,0.18,0,0.0,evaluator_only_calendar_and_observed_quotes
demo-cheap_good-884000,cheap_good,established_a,38,0.00025,0.20247017140905257,0.18,0,0.0,evaluator_only_calendar_and_observed_quotes
demo-cheap_good-884000,cheap_good,established_a,39,0.00025,0.20247017140905257,0.18,0,0.0,evaluator_only_calendar_and_observed_quotes
demo-cheap_good-884000,cheap_good,established_a,40,0.00025,0.20247017140905257,0.18,0,0.0,evaluator_only_calendar_and_observed_quotes
demo-cheap_good-884000,cheap_good,established_a,41,0.00025,0.20247017140905257,0.18,0,0.0,evaluator_only_calendar_and_observed_quotes
demo-cheap_good-884000,cheap_good,established_a,42,0.00025,0.19469308135664729,0.18,100,18.0,evaluator_only_calendar_and_observed_quotes
demo-cheap_good-884000,cheap_good,established_a,43,0.00025,0.19314175030376243,0.18144,0,0.0,evaluator_only_calendar_and_observed_quotes
demo-cheap_good-884000,cheap_good,established_a,44,0.00025,0.1916027803888229,0.18288,0,0.0,evaluator_only_calendar_and_observed_quotes
demo-cheap_good-884000,cheap_good,established_a,45,0.00025,0.19007607311722877,0.18431999999999998,0,0.0,evaluator_only_calendar_and_observed_quotes
demo-cheap_good-884000,cheap_good,established_a,46,0.00025,0.1885615307791936,0.18576,0,0.0,evaluator_only_calendar_and_observed_quotes
demo-cheap_good-884000,cheap_good,established_a,47,0.00025,0.18705905644349077,0.1872,0,0.0,evaluator_only_calendar_and_observed_quotes
demo-cheap_good-884000,cheap_good,established_a,48,0.00025,0.18556855395124994,0.18864,0,0.0,evaluator_only_calendar_and_observed_quotes
demo-cheap_good-884000,cheap_good,established_a,49,0.00025,0.19381048416704824,0.19008,100,19.008000000000003,evaluator_only_calendar_and_observed_quotes
demo-cheap_good-884000,cheap_good,established_a,50,0.00025,0.1922661857237347,0.19152,0,0.0,evaluator_only_calendar_and_observed_quotes
demo-cheap_good-884000,cheap_good,established_a,51,0.00025,0.19073419238193445,0.19296,0,0.0,evaluator_only_calendar_and_observed_quotes
demo-cheap_good-884000,cheap_good,established_a,52,0.00025,0.18921440609355072,0.19440000000000002,0,0.0,evaluator_only_calendar_and_observed_quotes
demo-cheap_good-884000,cheap_good,established_a,53,0.00025,0.1877067295917423,0.19584000000000001,0,0.0,evaluator_only_calendar_and_observed_quotes
demo-cheap_good-884000,cheap_good,established_a,54,0.00025,0.18621106638469848,0.19728,0,0.0,evaluator_only_calendar_and_observed_quotes
demo-cheap_good-884000,cheap_good,established_a,55,0.00025,0.18472732074946346,0.19872,0,0.0,evaluator_only_calendar_and_observed_quotes
demo-cheap_good-884000,cheap_good,established_a,56,0.00025,0.18510054822113273,0.20016,100,20.016000000000002,evaluator_only_calendar_and_observed_quotes
demo-cheap_good-884000,cheap_good,established_a,57,0.00025,0.18362565128919997,0.2016,0,0.0,evaluator_only_calendar_and_observed_quotes
demo-cheap_good-884000,cheap_good,established_a,58,0.00025,0.18216250646162743,0.20304000000000003,0,0.0,evaluator_only_calendar_and_observed_quotes
demo-cheap_good-884000,cheap_good,established_a,59,0.00025,0.1807110200966467,0.20448000000000002,0,0.0,evaluator_only_calendar_and_observed_quotes
demo-cheap_good-884000,cheap_good,established_a,60,0.00025,0.17927109929863497,0.20592000000000002,0,0.0,evaluator_only_calendar_and_observed_quotes
demo-cheap_good-884000,cheap_good,established_a,61,0.00025,0.1778426519121697,0.20736,0,0.0,evaluator_only_calendar_and_observed_quotes
demo-cheap_good-884000,cheap_good,established_a,62,0.00025,0.17642558651613055,0.20879999999999999,0,0.0,evaluator_only_calendar_and_observed_quotes
demo-cheap_good-884000,cheap_good,established_a,63,0.00025,0.17258803260185654,0.21023999999999998,100,21.023999999999997,evaluator_only_calendar_and_observed_quotes
demo-cheap_good-884000,cheap_good,established_a,64,0.00025,0.17121283645998078,0.21167999999999998,0,0.0,evaluator_only_calendar_and_observed_quotes
demo-cheap_good-884000,cheap_good,established_a,65,0.00025,0.16984859799807925,0.21311999999999998,0,0.0,evaluator_only_calendar_and_observed_quotes
demo-cheap_good-884000,cheap_good,established_a,66,0.00025,0.1684952299044247,0.21455999999999997,0,0.0,evaluator_only_calendar_and_observed_quotes
demo-cheap_good-884000,cheap_good,established_a,67,0.00025,0.1671526455629972,0.216,0,0.0,evaluator_only_calendar_and_observed_quotes
demo-cheap_good-884000,cheap_good,established_a,68,0.00025,0.16582075904794058,0.21744,0,0.0,evaluator_only_calendar_and_observed_quotes
demo-cheap_good-884000,cheap_good,established_a,69,0.00025,0.1644994851180634,0.21888,0,0.0,evaluator_only_calendar_and_observed_quotes
demo-cheap_good-884000,cheap_good,established_a,70,0.00025,0.15323544287619545,0.22032,100,22.032,evaluator_only_calendar_and_observed_quotes
demo-cheap_good-884000,cheap_good,established_a,71,0.00025,0.15201444981737722,0.22175999999999998,0,0.0,evaluator_only_calendar_and_observed_quotes
demo-cheap_good-884000,cheap_good,established_a,72,0.00025,0.15080318573523496,0.22319999999999998,0,0.0,evaluator_only_calendar_and_observed_quotes
demo-cheap_good-884000,cheap_good,established_a,73,0.00025,0.14960157310845407,0.22463999999999998,0,0.0,evaluator_only_calendar_and_observed_quotes
demo-cheap_good-884000,cheap_good,established_a,74,0.00025,0.14840953503341622,0.22608,0,0.0,evaluator_only_calendar_and_observed_quotes
demo-cheap_good-884000,cheap_good,established_a,75,0.00025,0.14722699521927768,0.22752,0,0.0,evaluator_only_calendar_and_observed_quotes
demo-cheap_good-884000,cheap_good,established_a,76,0.00025,0.14605387798308686,0.22896,0,0.0,evaluator_only_calendar_and_observed_quotes
demo-cheap_good-884000,cheap_good,established_a,77,0.00025,0.15059805823928823,0.2304,100,23.04,evaluator_only_calendar_and_observed_quotes
demo-cheap_good-884000,cheap_good,established_a,78,0.00025,0.14939808008586428,0.23184,0,0.0,evaluator_only_calendar_and_observed_quotes
demo-cheap_good-884000,cheap_good,established_a,79,0.00025,0.14820766346056047,0.23328,0,0.0,evaluator_only_calendar_and_observed_quotes
demo-cheap_good-884000,cheap_good,established_a,80,0.00025,0.14702673217630646,0.23472,0,0.0,evaluator_only_calendar_and_observed_quotes
demo-cheap_good-884000,cheap_good,established_a,81,0.00025,0.14585521065309698,0.23616,0,0.0,evaluator_only_calendar_and_observed_quotes
demo-cheap_good-884000,cheap_good,established_a,82,0.00025,0.14469302391315467,0.2376,0,0.0,evaluator_only_calendar_and_observed_quotes
demo-cheap_good-884000,cheap_good,established_a,83,0.00025,0.1435400975761314,0.23904,0,0.0,evaluator_only_calendar_and_observed_quotes
demo-cheap_good-884000,cheap_good,established_a,84,0.00025,0.13864782778895987,0.24048,100,24.048000000000002,evaluator_only_calendar_and_observed_quotes
demo-cheap_good-884000,cheap_good,established_a,85,0.00025,0.1375430700894809,0.24192,0,0.0,evaluator_only_calendar_and_observed_quotes
demo-cheap_good-884000,cheap_good,established_a,86,0.00025,0.1364471151934358,0.24335999999999997,0,0.0,evaluator_only_calendar_and_observed_quotes
demo-cheap_good-884000,cheap_good,established_a,87,0.00025,0.1353598929593371,0.24479999999999996,0,0.0,evaluator_only_calendar_and_observed_quotes
demo-cheap_good-884000,cheap_good,established_a,88,0.00025,0.13428133380459076,0.24623999999999996,0,0.0,evaluator_only_calendar_and_observed_quotes
demo-cheap_good-884000,cheap_good,established_a,89,0.00025,0.13321136870104267,0.24767999999999998,0,0.0,evaluator_only_calendar_and_observed_quotes
demo-cheap_good-884000,cheap_good,established_a,90,0.00025,0.13214992917056104,0.24911999999999998,0,0.0,evaluator_only_calendar_and_observed_quotes
demo-cheap_good-884000,cheap_good,established_a,91,0.00025,0.13977832353810207,0.25055999999999995,100,25.055999999999997,evaluator_only_calendar_and_observed_quotes
demo-cheap_good-884000,cheap_good,established_a,92,0.00025,0.1386645579522176,0.252,0,0.0,evaluator_only_calendar_and_observed_quotes
demo-cheap_good-884000,cheap_good,established_a,93,0.00025,0.13755966694537297,0.25344,0,0.0,evaluator_only_calendar_and_observed_quotes
demo-cheap_good-884000,cheap_good,established_a,94,0.00025,0.13646357980416665,0.25488,0,0.0,evaluator_only_calendar_and_observed_quotes
demo-cheap_good-884000,cheap_good,established_a,95,0.00025,0.13537622637864752,0.25632,0,0.0,evaluator_only_calendar_and_observed_quotes
demo-cheap_good-884000,cheap_good,established_a,96,0.00025,0.13429753707782507,0.25776,0,0.0,evaluator_only_calendar_and_observed_quotes
demo-cheap_good-884000,cheap_good,established_a,97,0.00025,0.13322744286521596,0.2592,0,0.0,evaluator_only_calendar_and_observed_quotes
demo-cheap_good-884000,cheap_good,established_a,98,0.00025,0.1229772090841431,0.26064,100,26.064,evaluator_only_calendar_and_observed_quotes
demo-cheap_good-884000,cheap_good,established_a,99,0.00025,0.12199731620906003,0.26208,0,0.0,evaluator_only_calendar_and_observed_quotes
demo-cheap_good-884000,cheap_good,established_a,100,0.00025,0.12102523120385622,0.26352,0,0.0,evaluator_only_calendar_and_observed_quotes
demo-cheap_good-884000,cheap_good,established_a,101,0.00025,0.12006089185475946,0.26496,0,0.0,evaluator_only_calendar_and_observed_quotes
demo-cheap_good-884000,cheap_good,established_a,102,0.00025,0.11910423644372227,0.26639999999999997,0,0.0,evaluator_only_calendar_and_observed_quotes
demo-cheap_good-884000,cheap_good,established_a,103,0.00025,0.11815520374447182,0.26783999999999997,0,0.0,evaluator_only_calendar_and_observed_quotes
demo-cheap_good-884000,cheap_good,established_a,104,0.00025,0.11721373301859142,0.26927999999999996,0,0.0,evaluator_only_calendar_and_observed_quotes
demo-cheap_good-884000,cheap_good,established_a,105,0.00025,0.12092534252554056,0.27072,100,27.072,evaluator_only_calendar_and_observed_quotes
demo-cheap_good-884000,cheap_good,established_a,106,0.00025,0.11996179909793944,0.27216,0,0.0,evaluator_only_calendar_and_observed_quotes
demo-cheap_good-884000,cheap_good,established_a,107,0.00025,0.11900593326642762,0.2736,0,0.0,evaluator_only_calendar_and_observed_quotes
demo-cheap_good-884000,cheap_good,established_a,108,0.00025,0.11805768385526566,0.27504,0,0.0,evaluator_only_calendar_and_observed_quotes
demo-cheap_good-884000,cheap_good,established_a,109,0.00025,0.11711699017616752,0.27648,0,0.0,evaluator_only_calendar_and_observed_quotes
demo-cheap_good-884000,cheap_good,established_a,110,0.00025,0.11618379202441671,0.27792,0,0.0,evaluator_only_calendar_and_observed_quotes
demo-cheap_good-884000,cheap_good,established_a,111,0.00025,0.1152580296750129,0.27936,0,0.0,evaluator_only_calendar_and_observed_quotes
demo-cheap_good-884000,cheap_good,established_a,112,0.00025,0.11656636168831637,0.2808,100,28.080000000000002,evaluator_only_calendar_and_observed_quotes
demo-cheap_good-884000,cheap_good,established_a,113,0.00025,0.1156375509912499,0.28224,0,0.0,evaluator_only_calendar_and_observed_quotes
demo-cheap_good-884000,cheap_good,established_a,114,0.00025,0.11471614113691786,0.28368,0,0.0,evaluator_only_calendar_and_observed_quotes
demo-cheap_good-884000,cheap_good,established_a,115,0.00025,0.11380207315477514,0.28512,0,0.0,evaluator_only_calendar_and_observed_quotes
demo-cheap_good-884000,cheap_good,established_a,116,0.00025,0.11289528854415884,0.28656,0,0.0,evaluator_only_calendar_and_observed_quotes
demo-cheap_good-884000,cheap_good,established_a,117,0.00025,0.11199572927054435,0.288,0,0.0,evaluator_only_calendar_and_observed_quotes
demo-cheap_good-884000,cheap_good,established_a,118,0.00025,0.11110333776183115,0.28944000000000003,0,0.0,evaluator_only_calendar_and_observed_quotes
demo-cheap_good-884000,cheap_good,established_a,119,0.00025,0.10244527019388959,0.29088,100,29.088,evaluator_only_calendar_and_observed_quotes
demo-cheap_good-884000,cheap_good,established_a,120,0.00025,0.10162897755644433,0.29232,0,0.0,evaluator_only_calendar_and_observed_quotes
demo-cheap_good-884000,cheap_good,established_a,121,0.00025,0.10081918920825211,0.29376,0,0.0,evaluator_only_calendar_and_observed_quotes
demo-cheap_good-884000,cheap_good,established_a,122,0.00025,0.10001585332258227,0.2952,0,0.0,evaluator_only_calendar_and_observed_quotes
demo-cheap_good-884000,cheap_good,established_a,123,0.00025,0.09921891848566387,0.29664,0,0.0,evaluator_only_calendar_and_observed_quotes
demo-cheap_good-884000,cheap_good,established_a,124,0.00025,0.09842833369339539,0.29808,0,0.0,evaluator_only_calendar_and_observed_quotes
demo-cheap_good-884000,cheap_good,established_a,125,0.00025,0.0976440483480802,0.29952,0,0.0,evaluator_only_calendar_and_observed_quotes
demo-cheap_good-884000,cheap_good,established_a,126,0.00025,0.10280362307844483,0.30096,100,30.096000000000004,evaluator_only_calendar_and_observed_quotes
demo-cheap_bad-884000,cheap_bad,established_a,0,0.00025,0.20048423044796443,0.18,100,18.0,evaluator_only_calendar_and_observed_quotes
demo-cheap_bad-884000,cheap_bad,established_a,1,0.00025,0.20048423044796443,0.18,0,0.0,evaluator_only_calendar_and_observed_quotes
demo-cheap_bad-884000,cheap_bad,established_a,2,0.00025,0.20048423044796443,0.18,0,0.0,evaluator_only_calendar_and_observed_quotes
demo-cheap_bad-884000,cheap_bad,established_a,3,0.00025,0.20048423044796443,0.18,0,0.0,evaluator_only_calendar_and_observed_quotes
demo-cheap_bad-884000,cheap_bad,established_a,4,0.00025,0.20048423044796443,0.18,0,0.0,evaluator_only_calendar_and_observed_quotes
demo-cheap_bad-884000,cheap_bad,established_a,5,0.00025,0.20048423044796443,0.18,0,0.0,evaluator_only_calendar_and_observed_quotes
demo-cheap_bad-884000,cheap_bad,established_a,6,0.00025,0.20048423044796443,0.18,0,0.0,evaluator_only_calendar_and_observed_quotes
demo-cheap_bad-884000,cheap_bad,established_a,7,0.00025,0.20246606467493422,0.18,100,18.0,evaluator_only_calendar_and_observed_quotes
demo-cheap_bad-884000,cheap_bad,established_a,8,0.00025,0.20246606467493422,0.18,0,0.0,evaluator_only_calendar_and_observed_quotes
demo-cheap_bad-884000,cheap_bad,established_a,9,0.00025,0.20246606467493422,0.18,0,0.0,evaluator_only_calendar_and_observed_quotes
demo-cheap_bad-884000,cheap_bad,established_a,10,0.00025,0.20246606467493422,0.18,0,0.0,evaluator_only_calendar_and_observed_quotes
demo-cheap_bad-884000,cheap_bad,established_a,11,0.00025,0.20246606467493422,0.18,0,0.0,evaluator_only_calendar_and_observed_quotes
demo-cheap_bad-884000,cheap_bad,established_a,12,0.00025,0.20246606467493422,0.18,0,0.0,evaluator_only_calendar_and_observed_quotes
demo-cheap_bad-884000,cheap_bad,established_a,13,0.00025,0.20246606467493422,0.18,0,0.0,evaluator_only_calendar_and_observed_quotes
demo-cheap_bad-884000,cheap_bad,established_a,14,0.00025,0.19385338558042878,0.18,100,18.0,evaluator_only_calendar_and_observed_quotes
demo-cheap_bad-884000,cheap_bad,established_a,15,0.00025,0.19385338558042878,0.18,0,0.0,evaluator_only_calendar_and_observed_quotes
demo-cheap_bad-884000,cheap_bad,established_a,16,0.00025,0.19385338558042878,0.18,0,0.0,evaluator_only_calendar_and_observed_quotes
demo-cheap_bad-884000,cheap_bad,established_a,17,0.00025,0.19385338558042878,0.18,0,0.0,evaluator_only_calendar_and_observed_quotes
demo-cheap_bad-884000,cheap_bad,established_a,18,0.00025,0.19385338558042878,0.18,0,0.0,evaluator_only_calendar_and_observed_quotes
demo-cheap_bad-884000,cheap_bad,established_a,19,0.00025,0.19385338558042878,0.18,0,0.0,evaluator_only_calendar_and_observed_quotes
demo-cheap_bad-884000,cheap_bad,established_a,20,0.00025,0.19385338558042878,0.18,0,0.0,evaluator_only_calendar_and_observed_quotes
demo-cheap_bad-884000,cheap_bad,established_a,21,0.00025,0.20098759649966125,0.18,100,18.0,evaluator_only_calendar_and_observed_quotes
demo-cheap_bad-884000,cheap_bad,established_a,22,0.00025,0.20098759649966125,0.18,0,0.0,evaluator_only_calendar_and_observed_quotes
demo-cheap_bad-884000,cheap_bad,established_a,23,0.00025,0.20098759649966125,0.18,0,0.0,evaluator_only_calendar_and_observed_quotes
demo-cheap_bad-884000,cheap_bad,established_a,24,0.00025,0.20098759649966125,0.18,0,0.0,evaluator_only_calendar_and_observed_quotes
demo-cheap_bad-884000,cheap_bad,established_a,25,0.00025,0.20098759649966125,0.18,0,0.0,evaluator_only_calendar_and_observed_quotes
demo-cheap_bad-884000,cheap_bad,established_a,26,0.00025,0.20098759649966125,0.18,0,0.0,evaluator_only_calendar_and_observed_quotes
demo-cheap_bad-884000,cheap_bad,established_a,27,0.00025,0.20098759649966125,0.18,0,0.0,evaluator_only_calendar_and_observed_quotes
demo-cheap_bad-884000,cheap_bad,established_a,28,0.00025,0.2052157043419529,0.18,100,18.0,evaluator_only_calendar_and_observed_quotes
demo-cheap_bad-884000,cheap_bad,established_a,29,0.00025,0.2052157043419529,0.18,0,0.0,evaluator_only_calendar_and_observed_quotes
demo-cheap_bad-884000,cheap_bad,established_a,30,0.00025,0.2052157043419529,0.18,0,0.0,evaluator_only_calendar_and_observed_quotes
demo-cheap_bad-884000,cheap_bad,established_a,31,0.00025,0.2052157043419529,0.18,0,0.0,evaluator_only_calendar_and_observed_quotes
demo-cheap_bad-884000,cheap_bad,established_a,32,0.00025,0.2052157043419529,0.18,0,0.0,evaluator_only_calendar_and_observed_quotes
demo-cheap_bad-884000,cheap_bad,established_a,33,0.00025,0.2052157043419529,0.18,0,0.0,evaluator_only_calendar_and_observed_quotes
demo-cheap_bad-884000,cheap_bad,established_a,34,0.00025,0.2052157043419529,0.18,0,0.0,evaluator_only_calendar_and_observed_quotes
demo-cheap_bad-884000,cheap_bad,established_a,35,0.00025,0.20247017140905257,0.18,100,18.0,evaluator_only_calendar_and_observed_quotes
demo-cheap_bad-884000,cheap_bad,established_a,36,0.00025,0.20247017140905257,0.18,0,0.0,evaluator_only_calendar_and_observed_quotes
demo-cheap_bad-884000,cheap_bad,established_a,37,0.00025,0.20247017140905257,0.18,0,0.0,evaluator_only_calendar_and_observed_quotes
demo-cheap_bad-884000,cheap_bad,established_a,38,0.00025,0.20247017140905257,0.18,0,0.0,evaluator_only_calendar_and_observed_quotes
demo-cheap_bad-884000,cheap_bad,established_a,39,0.00025,0.20247017140905257,0.18,0,0.0,evaluator_only_calendar_and_observed_quotes
demo-cheap_bad-884000,cheap_bad,established_a,40,0.00025,0.20247017140905257,0.18,0,0.0,evaluator_only_calendar_and_observed_quotes
demo-cheap_bad-884000,cheap_bad,established_a,41,0.00025,0.20247017140905257,0.18,0,0.0,evaluator_only_calendar_and_observed_quotes
demo-cheap_bad-884000,cheap_bad,established_a,42,0.00025,0.19469308135664729,0.18,100,18.0,evaluator_only_calendar_and_observed_quotes
demo-cheap_bad-884000,cheap_bad,established_a,43,0.00025,0.19314175030376243,0.18144,0,0.0,evaluator_only_calendar_and_observed_quotes
demo-cheap_bad-884000,cheap_bad,established_a,44,0.00025,0.1916027803888229,0.18288,0,0.0,evaluator_only_calendar_and_observed_quotes
demo-cheap_bad-884000,cheap_bad,established_a,45,0.00025,0.19007607311722877,0.18431999999999998,0,0.0,evaluator_only_calendar_and_observed_quotes
demo-cheap_bad-884000,cheap_bad,established_a,46,0.00025,0.1885615307791936,0.18576,0,0.0,evaluator_only_calendar_and_observed_quotes
demo-cheap_bad-884000,cheap_bad,established_a,47,0.00025,0.18705905644349077,0.1872,0,0.0,evaluator_only_calendar_and_observed_quotes
demo-cheap_bad-884000,cheap_bad,established_a,48,0.00025,0.18556855395124994,0.18864,0,0.0,evaluator_only_calendar_and_observed_quotes
demo-cheap_bad-884000,cheap_bad,established_a,49,0.00025,0.19381048416704824,0.19008,100,19.008000000000003,evaluator_only_calendar_and_observed_quotes
demo-cheap_bad-884000,cheap_bad,established_a,50,0.00025,0.1922661857237347,0.19152,0,0.0,evaluator_only_calendar_and_observed_quotes
demo-cheap_bad-884000,cheap_bad,established_a,51,0.00025,0.19073419238193445,0.19296,0,0.0,evaluator_only_calendar_and_observed_quotes
demo-cheap_bad-884000,cheap_bad,established_a,52,0.00025,0.18921440609355072,0.19440000000000002,0,0.0,evaluator_only_calendar_and_observed_quotes
demo-cheap_bad-884000,cheap_bad,established_a,53,0.00025,0.1877067295917423,0.19584000000000001,0,0.0,evaluator_only_calendar_and_observed_quotes
demo-cheap_bad-884000,cheap_bad,established_a,54,0.00025,0.18621106638469848,0.19728,0,0.0,evaluator_only_calendar_and_observed_quotes
demo-cheap_bad-884000,cheap_bad,established_a,55,0.00025,0.18472732074946346,0.19872,0,0.0,evaluator_only_calendar_and_observed_quotes
demo-cheap_bad-884000,cheap_bad,established_a,56,0.00025,0.18510054822113273,0.20016,100,20.016000000000002,evaluator_only_calendar_and_observed_quotes
demo-cheap_bad-884000,cheap_bad,established_a,57,0.00025,0.18362565128919997,0.2016,0,0.0,evaluator_only_calendar_and_observed_quotes
demo-cheap_bad-884000,cheap_bad,established_a,58,0.00025,0.18216250646162743,0.20304000000000003,0,0.0,evaluator_only_calendar_and_observed_quotes
demo-cheap_bad-884000,cheap_bad,established_a,59,0.00025,0.1807110200966467,0.20448000000000002,0,0.0,evaluator_only_calendar_and_observed_quotes
demo-cheap_bad-884000,cheap_bad,established_a,60,0.00025,0.17927109929863497,0.20592000000000002,0,0.0,evaluator_only_calendar_and_observed_quotes
demo-cheap_bad-884000,cheap_bad,established_a,61,0.00025,0.1778426519121697,0.20736,0,0.0,evaluator_only_calendar_and_observed_quotes
demo-cheap_bad-884000,cheap_bad,established_a,62,0.00025,0.17642558651613055,0.20879999999999999,0,0.0,evaluator_only_calendar_and_observed_quotes
demo-cheap_bad-884000,cheap_bad,established_a,63,0.00025,0.17258803260185654,0.21023999999999998,100,21.023999999999997,evaluator_only_calendar_and_observed_quotes
demo-cheap_bad-884000,cheap_bad,established_a,64,0.00025,0.17121283645998078,0.21167999999999998,0,0.0,evaluator_only_calendar_and_observed_quotes
demo-cheap_bad-884000,cheap_bad,established_a,65,0.00025,0.16984859799807925,0.21311999999999998,0,0.0,evaluator_only_calendar_and_observed_quotes
demo-cheap_bad-884000,cheap_bad,established_a,66,0.00025,0.1684952299044247,0.21455999999999997,0,0.0,evaluator_only_calendar_and_observed_quotes
demo-cheap_bad-884000,cheap_bad,established_a,67,0.00025,0.1671526455629972,0.216,0,0.0,evaluator_only_calendar_and_observed_quotes
demo-cheap_bad-884000,cheap_bad,established_a,68,0.00025,0.16582075904794058,0.21744,0,0.0,evaluator_only_calendar_and_observed_quotes
demo-cheap_bad-884000,cheap_bad,established_a,69,0.00025,0.1644994851180634,0.21888,0,0.0,evaluator_only_calendar_and_observed_quotes
demo-cheap_bad-884000,cheap_bad,established_a,70,0.00025,0.15323544287619545,0.22032,100,22.032,evaluator_only_calendar_and_observed_quotes
demo-cheap_bad-884000,cheap_bad,established_a,71,0.00025,0.15201444981737722,0.22175999999999998,0,0.0,evaluator_only_calendar_and_observed_quotes
demo-cheap_bad-884000,cheap_bad,established_a,72,0.00025,0.15080318573523496,0.22319999999999998,0,0.0,evaluator_only_calendar_and_observed_quotes
demo-cheap_bad-884000,cheap_bad,established_a,73,0.00025,0.14960157310845407,0.22463999999999998,0,0.0,evaluator_only_calendar_and_observed_quotes
demo-cheap_bad-884000,cheap_bad,established_a,74,0.00025,0.14840953503341622,0.22608,0,0.0,evaluator_only_calendar_and_observed_quotes
demo-cheap_bad-884000,cheap_bad,established_a,75,0.00025,0.14722699521927768,0.22752,0,0.0,evaluator_only_calendar_and_observed_quotes
demo-cheap_bad-884000,cheap_bad,established_a,76,0.00025,0.14605387798308686,0.22896,0,0.0,evaluator_only_calendar_and_observed_quotes
demo-cheap_bad-884000,cheap_bad,established_a,77,0.00025,0.15059805823928823,0.2304,100,23.04,evaluator_only_calendar_and_observed_quotes
demo-cheap_bad-884000,cheap_bad,established_a,78,0.00025,0.14939808008586428,0.23184,0,0.0,evaluator_only_calendar_and_observed_quotes
demo-cheap_bad-884000,cheap_bad,established_a,79,0.00025,0.14820766346056047,0.23328,0,0.0,evaluator_only_calendar_and_observed_quotes
demo-cheap_bad-884000,cheap_bad,established_a,80,0.00025,0.14702673217630646,0.23472,0,0.0,evaluator_only_calendar_and_observed_quotes
demo-cheap_bad-884000,cheap_bad,established_a,81,0.00025,0.14585521065309698,0.23616,0,0.0,evaluator_only_calendar_and_observed_quotes
demo-cheap_bad-884000,cheap_bad,established_a,82,0.00025,0.14469302391315467,0.2376,0,0.0,evaluator_only_calendar_and_observed_quotes
demo-cheap_bad-884000,cheap_bad,established_a,83,0.00025,0.1435400975761314,0.23904,0,0.0,evaluator_only_calendar_and_observed_quotes
demo-cheap_bad-884000,cheap_bad,established_a,84,0.00025,0.13864782778895987,0.24048,100,24.048000000000002,evaluator_only_calendar_and_observed_quotes
demo-cheap_bad-884000,cheap_bad,established_a,85,0.00025,0.1375430700894809,0.24192,0,0.0,evaluator_only_calendar_and_observed_quotes
demo-cheap_bad-884000,cheap_bad,established_a,86,0.00025,0.1364471151934358,0.24335999999999997,0,0.0,evaluator_only_calendar_and_observed_quotes
demo-cheap_bad-884000,cheap_bad,established_a,87,0.00025,0.1353598929593371,0.24479999999999996,0,0.0,evaluator_only_calendar_and_observed_quotes
demo-cheap_bad-884000,cheap_bad,established_a,88,0.00025,0.13428133380459076,0.24623999999999996,0,0.0,evaluator_only_calendar_and_observed_quotes
demo-cheap_bad-884000,cheap_bad,established_a,89,0.00025,0.13321136870104267,0.24767999999999998,0,0.0,evaluator_only_calendar_and_observed_quotes
demo-cheap_bad-884000,cheap_bad,established_a,90,0.00025,0.13214992917056104,0.24911999999999998,0,0.0,evaluator_only_calendar_and_observed_quotes
demo-cheap_bad-884000,cheap_bad,established_a,91,0.00025,0.13977832353810207,0.25055999999999995,100,25.055999999999997,evaluator_only_calendar_and_observed_quotes
demo-cheap_bad-884000,cheap_bad,established_a,92,0.00025,0.1386645579522176,0.252,0,0.0,evaluator_only_calendar_and_observed_quotes
demo-cheap_bad-884000,cheap_bad,established_a,93,0.00025,0.13755966694537297,0.25344,0,0.0,evaluator_only_calendar_and_observed_quotes
demo-cheap_bad-884000,cheap_bad,established_a,94,0.00025,0.13646357980416665,0.25488,0,0.0,evaluator_only_calendar_and_observed_quotes
demo-cheap_bad-884000,cheap_bad,established_a,95,0.00025,0.13537622637864752,0.25632,0,0.0,evaluator_only_calendar_and_observed_quotes
demo-cheap_bad-884000,cheap_bad,established_a,96,0.00025,0.13429753707782507,0.25776,0,0.0,evaluator_only_calendar_and_observed_quotes
demo-cheap_bad-884000,cheap_bad,established_a,97,0.00025,0.13322744286521596,0.2592,0,0.0,evaluator_only_calendar_and_observed_quotes
demo-cheap_bad-884000,cheap_bad,established_a,98,0.00025,0.1229772090841431,0.26064,100,26.064,evaluator_only_calendar_and_observed_quotes
demo-cheap_bad-884000,cheap_bad,established_a,99,0.00025,0.12199731620906003,0.26208,0,0.0,evaluator_only_calendar_and_observed_quotes
demo-cheap_bad-884000,cheap_bad,established_a,100,0.00025,0.12102523120385622,0.26352,0,0.0,evaluator_only_calendar_and_observed_quotes
demo-cheap_bad-884000,cheap_bad,established_a,101,0.00025,0.12006089185475946,0.26496,0,0.0,evaluator_only_calendar_and_observed_quotes
demo-cheap_bad-884000,cheap_bad,established_a,102,0.00025,0.11910423644372227,0.26639999999999997,0,0.0,evaluator_only_calendar_and_observed_quotes
demo-cheap_bad-884000,cheap_bad,established_a,103,0.00025,0.11815520374447182,0.26783999999999997,0,0.0,evaluator_only_calendar_and_observed_quotes
demo-cheap_bad-884000,cheap_bad,established_a,104,0.00025,0.11721373301859142,0.26927999999999996,0,0.0,evaluator_only_calendar_and_observed_quotes
demo-cheap_bad-884000,cheap_bad,established_a,105,0.00025,0.12092534252554056,0.27072,100,27.072,evaluator_only_calendar_and_observed_quotes
demo-cheap_bad-884000,cheap_bad,established_a,106,0.00025,0.11996179909793944,0.27216,0,0.0,evaluator_only_calendar_and_observed_quotes
demo-cheap_bad-884000,cheap_bad,established_a,107,0.00025,0.11900593326642762,0.2736,0,0.0,evaluator_only_calendar_and_observed_quotes
demo-cheap_bad-884000,cheap_bad,established_a,108,0.00025,0.11805768385526566,0.27504,0,0.0,evaluator_only_calendar_and_observed_quotes
demo-cheap_bad-884000,cheap_bad,established_a,109,0.00025,0.11711699017616752,0.27648,0,0.0,evaluator_only_calendar_and_observed_quotes
demo-cheap_bad-884000,cheap_bad,established_a,110,0.00025,0.11618379202441671,0.27792,0,0.0,evaluator_only_calendar_and_observed_quotes
demo-cheap_bad-884000,cheap_bad,established_a,111,0.00025,0.1152580296750129,0.27936,0,0.0,evaluator_only_calendar_and_observed_quotes
demo-cheap_bad-884000,cheap_bad,established_a,112,0.00025,0.11656636168831637,0.2808,100,28.080000000000002,evaluator_only_calendar_and_observed_quotes
demo-cheap_bad-884000,cheap_bad,established_a,113,0.00025,0.1156375509912499,0.28224,0,0.0,evaluator_only_calendar_and_observed_quotes
demo-cheap_bad-884000,cheap_bad,established_a,114,0.00025,0.11471614113691786,0.28368,0,0.0,evaluator_only_calendar_and_observed_quotes
demo-cheap_bad-884000,cheap_bad,established_a,115,0.00025,0.11380207315477514,0.28512,0,0.0,evaluator_only_calendar_and_observed_quotes
demo-cheap_bad-884000,cheap_bad,established_a,116,0.00025,0.11289528854415884,0.28656,0,0.0,evaluator_only_calendar_and_observed_quotes
demo-cheap_bad-884000,cheap_bad,established_a,117,0.00025,0.11199572927054435,0.288,0,0.0,evaluator_only_calendar_and_observed_quotes
demo-cheap_bad-884000,cheap_bad,established_a,118,0.00025,0.11110333776183115,0.28944000000000003,0,0.0,evaluator_only_calendar_and_observed_quotes
demo-cheap_bad-884000,cheap_bad,established_a,119,0.00025,0.10244527019388959,0.29088,100,29.088,evaluator_only_calendar_and_observed_quotes
demo-cheap_bad-884000,cheap_bad,established_a,120,0.00025,0.10162897755644433,0.29232,0,0.0,evaluator_only_calendar_and_observed_quotes
demo-cheap_bad-884000,cheap_bad,established_a,121,0.00025,0.10081918920825211,0.29376,0,0.0,evaluator_only_calendar_and_observed_quotes
demo-cheap_bad-884000,cheap_bad,established_a,122,0.00025,0.10001585332258227,0.2952,0,0.0,evaluator_only_calendar_and_observed_quotes
demo-cheap_bad-884000,cheap_bad,established_a,123,0.00025,0.09921891848566387,0.29664,0,0.0,evaluator_only_calendar_and_observed_quotes
demo-cheap_bad-884000,cheap_bad,established_a,124,0.00025,0.09842833369339539,0.29808,0,0.0,evaluator_only_calendar_and_observed_quotes
demo-cheap_bad-884000,cheap_bad,established_a,125,0.00025,0.0976440483480802,0.29952,0,0.0,evaluator_only_calendar_and_observed_quotes
demo-cheap_bad-884000,cheap_bad,established_a,126,0.00025,0.10280362307844483,0.30096,100,30.096000000000004,evaluator_only_calendar_and_observed_quotes
