world,scenario,model,origin_day,future_scenario,input_sha256,cohort_id,source_id,birth_day,origin_age,target_role,target_age,n_leads,acquisition_cost,mean,mean_mcse,q025,q10,median,q90,q975,p_positive180,p_payback425,p_no_payback425,draws,true_margin,coverage95,coverage80,crps_per_lead,mae_per_lead,brier,decision_loss_per_lead
demo-fixed_price-884000,fixed_price,static_hierarchy,35,hold_current,b8b180477309e6a8ea557a04fcd75631cd80b839d0d51f27f9b180400754f4c4,established_a-b000,established_a,0,35,first,180,100,18.0,8.361123529416016,0.3423487746028406,-0.05510564634733939,2.103482352504205,7.653554777107882,15.787788544336717,21.58460596903651,0.97265625,0.98828125,0.01171875,256,4.86853277136029,1.0,1.0,0.017833635234525903,0.034925907580557254,0.0007476806640625,
demo-fixed_price-884000,fixed_price,static_hierarchy,35,hold_current,b8b180477309e6a8ea557a04fcd75631cd80b839d0d51f27f9b180400754f4c4,established_a-b028,established_a,28,7,newest,180,100,18.0,5.498000392811424,0.640578148533687,-7.95321308863525,-4.873061526976582,3.9212779967451272,15.757051414951551,28.11071874803138,0.671875,0.734375,0.265625,256,6.6019706443972614,1.0,1.0,0.022692883620529604,0.011039702515858379,0.107666015625,
demo-fixed_price-884000,fixed_price,static_hierarchy,35,hold_current,b8b180477309e6a8ea557a04fcd75631cd80b839d0d51f27f9b180400754f4c4,established_a-b042,established_a,42,-7,next_purchase,180,100,18.0,8.018661823562143,0.7764204796911227,-8.977516578862454,-3.7992875852057812,5.481380331653629,22.506506606105813,38.35837993545397,0.765625,0.8046875,0.1953125,256,12.816799049790479,1.0,1.0,0.04225179778613926,0.04798137226228336,0.054931640625,0.0
demo-fixed_price-884000,fixed_price,static_hierarchy,35,hold_current,b8b180477309e6a8ea557a04fcd75631cd80b839d0d51f27f9b180400754f4c4,established_b-b000,established_b,0,35,first,180,100,24.0,46.09738541168908,0.5801145444059376,32.0993761681362,35.68861337453505,44.529131328363704,58.42446734071385,69.06345842970303,1.0,1.0,0.0,256,46.06630763156813,1.0,1.0,0.021841789424114584,0.00031077780120952525,0.0,
demo-fixed_price-884000,fixed_price,static_hierarchy,35,hold_current,b8b180477309e6a8ea557a04fcd75631cd80b839d0d51f27f9b180400754f4c4,established_b-b028,established_b,28,7,newest,180,100,24.0,36.46428765397803,1.11188429912888,10.086712919354724,17.093588610640232,33.82298063283051,61.02179278991527,75.5471419940878,0.99609375,0.99609375,0.00390625,256,34.819909910645514,1.0,1.0,0.03929520636336047,0.016443777433325195,1.52587890625e-05,
demo-fixed_price-884000,fixed_price,static_hierarchy,35,hold_current,b8b180477309e6a8ea557a04fcd75631cd80b839d0d51f27f9b180400754f4c4,established_b-b042,established_b,42,-7,next_purchase,180,100,24.0,40.72701708913323,1.3861817253701099,8.093935382372674,16.60740181311881,38.17781539211841,65.18727434968409,97.70375604256945,0.99609375,0.99609375,0.00390625,256,29.84856687096039,1.0,1.0,0.05749156010984235,0.10878450218172837,1.52587890625e-05,0.0
demo-fixed_price-884000,fixed_price,dynamic_hierarchy,35,hold_current,b8b180477309e6a8ea557a04fcd75631cd80b839d0d51f27f9b180400754f4c4,established_a-b000,established_a,0,35,first,180,100,18.0,9.030313259988308,0.3860759264229157,-0.457233183929862,1.847428254680441,8.246539576998519,16.70396289090782,24.19240054342191,0.96875,0.9765625,0.0234375,256,4.86853277136029,1.0,1.0,0.021951972146741924,0.041617804886280176,0.0009765625,
demo-fixed_price-884000,fixed_price,dynamic_hierarchy,35,hold_current,b8b180477309e6a8ea557a04fcd75631cd80b839d0d51f27f9b180400754f4c4,established_a-b028,established_a,28,7,newest,180,100,18.0,8.201320163954687,0.692629535578993,-7.693142198690922,-3.460732765846884,5.74193607072827,24.540132718335574,34.877852950879664,0.75390625,0.8125,0.1875,256,6.6019706443972614,1.0,1.0,0.02586406041195126,0.015993495195574258,0.0605621337890625,
demo-fixed_price-884000,fixed_price,dynamic_hierarchy,35,hold_current,b8b180477309e6a8ea557a04fcd75631cd80b839d0d51f27f9b180400754f4c4,established_a-b042,established_a,42,-7,next_purchase,180,100,18.0,10.328179658671846,0.8325854868452072,-7.608647777410775,-3.630235320122388,8.508602670591355,26.31907598302794,39.67758695812028,0.79296875,0.82421875,0.17578125,256,12.816799049790479,1.0,1.0,0.03255839238876459,0.024886193911186325,0.0428619384765625,0.0
demo-fixed_price-884000,fixed_price,dynamic_hierarchy,35,hold_current,b8b180477309e6a8ea557a04fcd75631cd80b839d0d51f27f9b180400754f4c4,established_b-b000,established_b,0,35,first,180,100,24.0,44.84885986804578,0.719178476384168,25.861787242679817,32.04995593986805,43.85949909035643,59.18781360781772,72.95038720084735,1.0,1.0,0.0,256,46.06630763156813,1.0,1.0,0.025980925030919054,0.01217447763522351,0.0,
demo-fixed_price-884000,fixed_price,dynamic_hierarchy,35,hold_current,b8b180477309e6a8ea557a04fcd75631cd80b839d0d51f27f9b180400754f4c4,established_b-b028,established_b,28,7,newest,180,100,24.0,38.53804403584452,1.3911869338915939,4.411171949191162,15.066396682615174,35.066759853323376,69.04857576097055,91.27157207655726,0.98828125,0.9921875,0.0078125,256,34.819909910645514,1.0,1.0,0.04212069052279764,0.037181341251990074,0.0001373291015625,
demo-fixed_price-884000,fixed_price,dynamic_hierarchy,35,hold_current,b8b180477309e6a8ea557a04fcd75631cd80b839d0d51f27f9b180400754f4c4,established_b-b042,established_b,42,-7,next_purchase,180,100,24.0,44.01678066987955,1.7075975098946634,8.28308758425157,15.666875276916688,39.288131580433365,79.24009799079823,109.61241453670787,0.9765625,0.98046875,0.01953125,256,29.84856687096039,1.0,1.0,0.07166269474892914,0.1416821379891916,0.00054931640625,0.0
demo-fixed_price-884000,fixed_price,static_hierarchy,63,hold_current,cd55a104657fcd5a882686de44b21fe0be54bf2e8ccf7888cfa5d43da79c7815,established_a-b000,established_a,0,63,first,180,100,18.0,6.72092848142406,0.19239993716055848,0.9576826746850249,2.9813924164875996,6.616029029924613,10.742851541048884,13.308625301115256,0.9921875,1.0,0.0,256,4.86853277136029,1.0,1.0,0.010521234466682225,0.0185239571006377,6.103515625e-05,
demo-fixed_price-884000,fixed_price,static_hierarchy,63,hold_current,cd55a104657fcd5a882686de44b21fe0be54bf2e8ccf7888cfa5d43da79c7815,established_a-b056,established_a,56,7,newest,180,100,18.0,2.5866296157731234,0.3863852930935539,-7.687675314138334,-4.049806231762371,1.6294163739112193,10.785087811743347,17.217325843105257,0.6328125,0.7109375,0.2890625,256,-4.780314886444415,1.0,0.0,0.04308452025738035,0.07366944502217539,0.40045166015625,
demo-fixed_price-884000,fixed_price,static_hierarchy,63,hold_current,cd55a104657fcd5a882686de44b21fe0be54bf2e8ccf7888cfa5d43da79c7815,established_a-b070,established_a,70,-7,next_purchase,180,100,18.0,6.293950893345892,0.4319782171742633,-5.380350396516942,-1.867634623142738,5.7972922604823225,14.55189090116557,21.220589139453146,0.8203125,0.8515625,0.1484375,256,-3.2196297831436467,1.0,0.0,0.059803243399265134,0.09513580676489539,0.67291259765625,0.03219629783143647
demo-fixed_price-884000,fixed_price,static_hierarchy,63,hold_current,cd55a104657fcd5a882686de44b21fe0be54bf2e8ccf7888cfa5d43da79c7815,established_b-b000,established_b,0,63,first,180,100,24.0,44.63420415260796,0.36280569533842155,34.83165712377213,37.21546346259112,44.51430211571773,52.50503147811312,56.65764522405329,1.0,1.0,0.0,256,46.06630763156813,1.0,1.0,0.01521571200913205,0.014321034789601726,0.0,
demo-fixed_price-884000,fixed_price,static_hierarchy,63,hold_current,cd55a104657fcd5a882686de44b21fe0be54bf2e8ccf7888cfa5d43da79c7815,established_b-b056,established_b,56,7,newest,180,100,24.0,35.20991135069575,0.7787152382310607,12.318048819486899,20.613800317436123,35.03619110711975,51.01779561992814,61.21127204840983,1.0,1.0,0.0,256,47.17759288661939,1.0,1.0,0.07539872052618911,0.11967681535923638,0.0,
demo-fixed_price-884000,fixed_price,static_hierarchy,63,hold_current,cd55a104657fcd5a882686de44b21fe0be54bf2e8ccf7888cfa5d43da79c7815,established_b-b070,established_b,70,-7,next_purchase,180,100,24.0,40.62480264534288,0.8659617363257409,17.939049537586726,22.93413770409636,40.50446909980459,59.01857398442662,72.65944323280618,1.0,1.0,0.0,256,34.91216431074442,1.0,1.0,0.03757196129022656,0.05712638334598459,0.0,0.0
demo-fixed_price-884000,fixed_price,dynamic_hierarchy,63,hold_current,cd55a104657fcd5a882686de44b21fe0be54bf2e8ccf7888cfa5d43da79c7815,established_a-b000,established_a,0,63,first,180,100,18.0,6.597463873461846,0.22382526415143394,0.9663720907084099,2.2614763218427374,6.324087571769409,11.376728610616299,14.27163695082409,0.9921875,1.0,0.0,256,4.86853277136029,1.0,1.0,0.01013233262610215,0.01728931102101556,6.103515625e-05,
demo-fixed_price-884000,fixed_price,dynamic_hierarchy,63,hold_current,cd55a104657fcd5a882686de44b21fe0be54bf2e8ccf7888cfa5d43da79c7815,established_a-b056,established_a,56,7,newest,180,100,18.0,1.8701879229072362,0.43608233182349265,-9.2130501221313,-5.781542546880452,0.7553969034870693,9.949862712077158,19.877719630616667,0.546875,0.59375,0.40625,256,-4.780314886444415,1.0,1.0,0.035650232139566515,0.06650502809351652,0.299072265625,
demo-fixed_price-884000,fixed_price,dynamic_hierarchy,63,hold_current,cd55a104657fcd5a882686de44b21fe0be54bf2e8ccf7888cfa5d43da79c7815,established_a-b070,established_a,70,-7,next_purchase,180,100,18.0,5.04518553424227,0.49332503987476084,-8.173732252851876,-3.8290259696043956,3.9064235098536155,14.577721897159009,21.73989785752299,0.734375,0.77734375,0.22265625,256,-3.2196297831436467,1.0,1.0,0.04626363185031648,0.08264815317385917,0.539306640625,0.03219629783143647
demo-fixed_price-884000,fixed_price,dynamic_hierarchy,63,hold_current,cd55a104657fcd5a882686de44b21fe0be54bf2e8ccf7888cfa5d43da79c7815,established_b-b000,established_b,0,63,first,180,100,24.0,44.95190275361819,0.4244042979781097,33.54242068734931,37.260319047957594,44.39336129768338,53.7982862200494,58.94265887572987,1.0,1.0,0.0,256,46.06630763156813,1.0,1.0,0.0166195496308106,0.011144048779499371,0.0,
demo-fixed_price-884000,fixed_price,dynamic_hierarchy,63,hold_current,cd55a104657fcd5a882686de44b21fe0be54bf2e8ccf7888cfa5d43da79c7815,established_b-b056,established_b,56,7,newest,180,100,24.0,33.658058709937116,0.8866181700916606,10.035838347315558,18.133573232017437,32.80214671075791,50.02643722379375,68.3225276865696,0.99609375,0.99609375,0.00390625,256,47.17759288661939,1.0,1.0,0.09011109552148681,0.1351953417668227,1.52587890625e-05,
demo-fixed_price-884000,fixed_price,dynamic_hierarchy,63,hold_current,cd55a104657fcd5a882686de44b21fe0be54bf2e8ccf7888cfa5d43da79c7815,established_b-b070,established_b,70,-7,next_purchase,180,100,24.0,40.77573649673619,1.0463064111256255,10.317745477917894,20.130058587092126,39.321926560694706,62.88001490715073,76.34597034202409,1.0,1.0,0.0,256,34.91216431074442,1.0,1.0,0.045135517821802085,0.05863572185991764,0.0,0.0
demo-fixed_price-884000,fixed_price,static_hierarchy,91,hold_current,63c464275bb077483bf1a5f79548c642a5f3ccf04db1b92f65c76a2d190fb131,established_a-b000,established_a,0,91,first,180,100,18.0,6.449829097303145,0.1579935661374348,2.4971017961362434,3.306442045180738,6.124353033689818,9.75083203940381,12.198521062147247,1.0,1.0,0.0,256,4.86853277136029,1.0,1.0,0.00859643514833718,0.01581296325942855,0.0,
demo-fixed_price-884000,fixed_price,static_hierarchy,91,hold_current,63c464275bb077483bf1a5f79548c642a5f3ccf04db1b92f65c76a2d190fb131,established_a-b084,established_a,84,7,newest,180,100,18.0,3.0710524332121047,0.3550516583594574,-6.117756839869726,-4.20930941347657,2.4105245620261115,10.838584161958327,14.241492179521451,0.703125,0.7734375,0.2265625,256,-5.790364930614635,1.0,0.0,0.05804972088125528,0.0886141736382674,0.494384765625,
demo-fixed_price-884000,fixed_price,static_hierarchy,91,hold_current,63c464275bb077483bf1a5f79548c642a5f3ccf04db1b92f65c76a2d190fb131,established_a-b098,established_a,98,-7,next_purchase,180,100,18.0,8.200689448784047,0.41791910583122327,-4.311496095489316,-0.2120031369874198,8.472395488902583,16.625771017801394,20.555341344493026,0.88671875,0.91015625,0.08984375,256,9.08824608571323,1.0,1.0,0.017109639992320687,0.008875566369291831,0.0128326416015625,0.0
demo-fixed_price-884000,fixed_price,static_hierarchy,91,hold_current,63c464275bb077483bf1a5f79548c642a5f3ccf04db1b92f65c76a2d190fb131,established_b-b000,established_b,0,91,first,180,100,24.0,47.841563739565046,0.24914333563663907,40.63866008268117,43.02106747798303,47.484995086015466,52.91950814270676,56.43114177862757,1.0,1.0,0.0,256,46.06630763156813,1.0,1.0,0.01140081118324599,0.01775256107996917,0.0,
demo-fixed_price-884000,fixed_price,static_hierarchy,91,hold_current,63c464275bb077483bf1a5f79548c642a5f3ccf04db1b92f65c76a2d190fb131,established_b-b084,established_b,84,7,newest,180,100,24.0,36.100122121252,0.6700226680251132,17.825214856243107,22.809486062216692,35.64880605528348,48.883456640135655,61.162900386913165,1.0,1.0,0.0,256,62.72927797728313,0.0,0.0,0.2100388125804771,0.26629155856031134,0.0,
demo-fixed_price-884000,fixed_price,static_hierarchy,91,hold_current,63c464275bb077483bf1a5f79548c642a5f3ccf04db1b92f65c76a2d190fb131,established_b-b098,established_b,98,-7,next_purchase,180,100,24.0,40.73821243089846,0.76516070360031,19.441520482752242,23.965780529737703,40.01810801504955,57.0508496279436,65.56567093266386,1.0,1.0,0.0,256,41.48668964377424,1.0,1.0,0.03040242857405046,0.007484772128757839,0.0,0.0
demo-fixed_price-884000,fixed_price,dynamic_hierarchy,91,hold_current,63c464275bb077483bf1a5f79548c642a5f3ccf04db1b92f65c76a2d190fb131,established_a-b000,established_a,0,91,first,180,100,18.0,6.964911607322032,0.17443142554327032,1.9795458891751823,3.4740834440250072,6.986675594711885,10.794494813084965,12.348159827712362,1.0,1.0,0.0,256,4.86853277136029,1.0,1.0,0.011863620275817588,0.020963788359617413,0.0,
demo-fixed_price-884000,fixed_price,dynamic_hierarchy,91,hold_current,63c464275bb077483bf1a5f79548c642a5f3ccf04db1b92f65c76a2d190fb131,established_a-b084,established_a,84,7,newest,180,100,18.0,4.406502500577156,0.43843595529646473,-7.707757891813904,-3.5303433845782832,3.9326031815448452,14.064637135614412,17.98656343723688,0.71484375,0.76171875,0.23828125,256,-5.790364930614635,1.0,0.0,0.0653211663602054,0.1019686743119179,0.5110015869140625,
demo-fixed_price-884000,fixed_price,dynamic_hierarchy,91,hold_current,63c464275bb077483bf1a5f79548c642a5f3ccf04db1b92f65c76a2d190fb131,established_a-b098,established_a,98,-7,next_purchase,180,100,18.0,8.239515971735234,0.5155764659794974,-3.831223112685169,-0.8070813442376288,7.2874094491477415,17.904362393159914,28.031346272871573,0.84765625,0.8828125,0.1171875,256,9.08824608571323,1.0,1.0,0.019903955640416308,0.008487301139779966,0.0232086181640625,0.0
demo-fixed_price-884000,fixed_price,dynamic_hierarchy,91,hold_current,63c464275bb077483bf1a5f79548c642a5f3ccf04db1b92f65c76a2d190fb131,established_b-b000,established_b,0,91,first,180,100,24.0,47.982199406392056,0.31290497921136456,38.85384933057416,41.92337473731008,48.08800404347214,54.0006886420082,59.15392069715034,1.0,1.0,0.0,256,46.06630763156813,1.0,1.0,0.01363870896055677,0.01915891774823926,0.0,
demo-fixed_price-884000,fixed_price,dynamic_hierarchy,91,hold_current,63c464275bb077483bf1a5f79548c642a5f3ccf04db1b92f65c76a2d190fb131,established_b-b084,established_b,84,7,newest,180,100,24.0,38.183034423147475,0.9003620708772582,15.492739306804252,19.492153921167475,36.786653654060885,57.85790181642603,67.41665644245116,1.0,1.0,0.0,256,62.72927797728313,1.0,0.0,0.1739325513994217,0.24546243554135658,0.0,
demo-fixed_price-884000,fixed_price,dynamic_hierarchy,91,hold_current,63c464275bb077483bf1a5f79548c642a5f3ccf04db1b92f65c76a2d190fb131,established_b-b098,established_b,98,-7,next_purchase,180,100,24.0,42.417390057103425,1.1671524591180011,13.811510040358122,21.461063329726908,39.67231539182833,61.54446027552646,93.35599920627345,1.0,1.0,0.0,256,41.48668964377424,1.0,1.0,0.035850130685015566,0.00930700413329184,0.0,0.0
demo-fixed_price-884000,fixed_price,static_hierarchy,119,hold_current,921f05608aef3e5b51196624365c3750b6f9d119ac78eba6844b6f7bea9a1c84,established_a-b000,established_a,0,119,first,180,100,18.0,7.000595328831779,0.12483058574266498,3.8536111992554174,4.544130703833048,6.787949480699009,9.557511797540036,11.171527725185115,1.0,1.0,0.0,256,4.86853277136029,1.0,1.0,0.012149894201300814,0.02132062557471489,0.0,
demo-fixed_price-884000,fixed_price,static_hierarchy,119,hold_current,921f05608aef3e5b51196624365c3750b6f9d119ac78eba6844b6f7bea9a1c84,established_a-b112,established_a,112,7,newest,180,100,18.0,6.02829482228678,0.3881715896147628,-3.665086162009599,-1.0220951767780537,5.290092869059563,13.64752698087045,22.35776894734279,0.84765625,0.89453125,0.10546875,256,7.540895956814886,1.0,1.0,0.01653743110513362,0.01512601134528106,0.0232086181640625,
demo-fixed_price-884000,fixed_price,static_hierarchy,119,hold_current,921f05608aef3e5b51196624365c3750b6f9d119ac78eba6844b6f7bea9a1c84,established_a-b126,established_a,126,-7,next_purchase,180,100,18.0,7.231495186205843,0.39681330362243167,-4.135493551417518,-0.6024559531875333,6.708765621346533,15.790902440610289,20.192131255931447,0.875,0.91796875,0.08203125,256,-1.1984988005456783,1.0,0.0,0.052363698104471085,0.08429993986751522,0.765625,0.011984988005456783
demo-fixed_price-884000,fixed_price,static_hierarchy,119,hold_current,921f05608aef3e5b51196624365c3750b6f9d119ac78eba6844b6f7bea9a1c84,established_b-b000,established_b,0,119,first,180,100,24.0,47.507051513745814,0.19831584621540227,42.482662114207464,43.995586067558925,47.2461387049182,51.790284453505144,54.636541981085784,1.0,1.0,0.0,256,46.06630763156813,1.0,1.0,0.008607404875661473,0.01440743882177685,0.0,
demo-fixed_price-884000,fixed_price,static_hierarchy,119,hold_current,921f05608aef3e5b51196624365c3750b6f9d119ac78eba6844b6f7bea9a1c84,established_b-b112,established_b,112,7,newest,180,100,24.0,31.670687100785095,0.7549745813909344,10.374169800467508,16.740413917388814,29.632024952115465,47.61561874898466,55.16478790045534,1.0,1.0,0.0,256,38.81353406240208,1.0,1.0,0.04866347312956842,0.07142846961616982,0.0,
demo-fixed_price-884000,fixed_price,static_hierarchy,119,hold_current,921f05608aef3e5b51196624365c3750b6f9d119ac78eba6844b6f7bea9a1c84,established_b-b126,established_b,126,-7,next_purchase,180,100,24.0,41.24533368444703,0.955932154749401,13.543294977337052,22.444216651529924,40.640334399828006,60.067524574974925,75.9800894936689,1.0,1.0,0.0,256,16.728264766332806,1.0,0.0,0.16526557609064305,0.24517068918114227,0.0,0.0
demo-fixed_price-884000,fixed_price,dynamic_hierarchy,119,hold_current,921f05608aef3e5b51196624365c3750b6f9d119ac78eba6844b6f7bea9a1c84,established_a-b000,established_a,0,119,first,180,100,18.0,6.875181217351165,0.11731003229515695,3.973919511716522,4.733502694540045,6.552134805439287,9.420254247188499,11.351094970160549,1.0,1.0,0.0,256,4.86853277136029,1.0,1.0,0.011070009922321822,0.020066484459908746,0.0,
demo-fixed_price-884000,fixed_price,dynamic_hierarchy,119,hold_current,921f05608aef3e5b51196624365c3750b6f9d119ac78eba6844b6f7bea9a1c84,established_a-b112,established_a,112,7,newest,180,100,18.0,6.693714545831533,0.47853992857358457,-5.302218423978955,-1.7240670777188232,5.615577069408527,15.709373715320716,23.364080882577365,0.82421875,0.875,0.125,256,7.540895956814886,1.0,1.0,0.018770950378857308,0.00847181410983353,0.0308990478515625,
demo-fixed_price-884000,fixed_price,dynamic_hierarchy,119,hold_current,921f05608aef3e5b51196624365c3750b6f9d119ac78eba6844b6f7bea9a1c84,established_a-b126,established_a,126,-7,next_purchase,180,100,18.0,8.851250774739995,0.5196428559750337,-4.738899530350247,-0.7866280225995652,8.347912134171134,19.25124973418623,28.396022817618956,0.859375,0.890625,0.109375,256,-1.1984988005456783,1.0,0.0,0.059669653707952276,0.10049749575285674,0.738525390625,0.011984988005456783
demo-fixed_price-884000,fixed_price,dynamic_hierarchy,119,hold_current,921f05608aef3e5b51196624365c3750b6f9d119ac78eba6844b6f7bea9a1c84,established_b-b000,established_b,0,119,first,180,100,24.0,47.461444788385165,0.22299755578641867,41.55556130291703,43.313601328804786,47.16209002077432,51.80039314960353,55.50129527160362,1.0,1.0,0.0,256,46.06630763156813,1.0,1.0,0.009441936531486261,0.013951371568170359,0.0,
demo-fixed_price-884000,fixed_price,dynamic_hierarchy,119,hold_current,921f05608aef3e5b51196624365c3750b6f9d119ac78eba6844b6f7bea9a1c84,established_b-b112,established_b,112,7,newest,180,100,24.0,32.03162264583395,0.7753584048075348,9.519595257197366,18.04068981183839,30.69324793696405,48.322674556952414,59.10078241276184,1.0,1.0,0.0,256,38.81353406240208,1.0,1.0,0.04817012638772024,0.06781911416568129,0.0,
demo-fixed_price-884000,fixed_price,dynamic_hierarchy,119,hold_current,921f05608aef3e5b51196624365c3750b6f9d119ac78eba6844b6f7bea9a1c84,established_b-b126,established_b,126,-7,next_purchase,180,100,24.0,43.141897425182975,1.026794504401503,13.289289000344072,23.179627406001536,41.71578782256449,65.23779445058136,80.49786612466394,1.0,1.0,0.0,256,16.728264766332806,1.0,0.0,0.17724979768180574,0.26413632658850167,0.0,0.0
demo-fixed_price-884000,fixed_price,dynamic_hierarchy,119,fixed_price,921f05608aef3e5b51196624365c3750b6f9d119ac78eba6844b6f7bea9a1c84,established_a-b000,established_a,0,119,first,180,100,18.0,6.90634852108111,0.11601763124631609,3.816142226833728,4.778890439267418,6.541573834632507,9.591422460878542,10.73079342439635,1.0,1.0,0.0,256,4.86853277136029,1.0,1.0,0.011403394108738984,0.0203781574972082,0.0,
demo-fixed_price-884000,fixed_price,dynamic_hierarchy,119,fixed_price,921f05608aef3e5b51196624365c3750b6f9d119ac78eba6844b6f7bea9a1c84,established_a-b112,established_a,112,7,newest,180,100,18.0,6.680048341474739,0.4528359052231355,-4.92537926527246,-1.8314418494570734,5.845711246253799,15.1268041503257,21.89927614253085,0.8359375,0.8828125,0.1171875,256,7.540895956814886,1.0,1.0,0.017111174856912194,0.008608476153401465,0.02691650390625,
demo-fixed_price-884000,fixed_price,dynamic_hierarchy,119,fixed_price,921f05608aef3e5b51196624365c3750b6f9d119ac78eba6844b6f7bea9a1c84,established_a-b126,established_a,126,-7,next_purchase,180,100,18.0,8.91108951961482,0.49473433923391963,-3.3967479932529243,-0.921779960509749,7.9896489073317305,18.74910035021099,26.102796477886017,0.875,0.9140625,0.0859375,256,-1.1984988005456783,1.0,0.0,0.061263818935846655,0.10109588320160498,0.765625,0.011984988005456783
demo-fixed_price-884000,fixed_price,dynamic_hierarchy,119,fixed_price,921f05608aef3e5b51196624365c3750b6f9d119ac78eba6844b6f7bea9a1c84,established_b-b000,established_b,0,119,first,180,100,24.0,47.516001780688654,0.21892871139958664,41.86016872485612,43.58145725409222,47.04253191629012,52.028363035130575,55.61267478494996,1.0,1.0,0.0,256,46.06630763156813,1.0,1.0,0.009488411567433092,0.01449694149120525,0.0,
demo-fixed_price-884000,fixed_price,dynamic_hierarchy,119,fixed_price,921f05608aef3e5b51196624365c3750b6f9d119ac78eba6844b6f7bea9a1c84,established_b-b112,established_b,112,7,newest,180,100,24.0,32.266393207541796,0.7761054229415144,9.527885903544714,17.397371813893496,31.510705401848217,48.923217749545884,58.37810976799617,0.99609375,1.0,0.0,256,38.81353406240208,1.0,1.0,0.04599795397639337,0.06547140854860281,1.52587890625e-05,
demo-fixed_price-884000,fixed_price,dynamic_hierarchy,119,fixed_price,921f05608aef3e5b51196624365c3750b6f9d119ac78eba6844b6f7bea9a1c84,established_b-b126,established_b,126,-7,next_purchase,180,100,24.0,43.36290052894023,1.008534991701062,15.398886555101136,23.332005953566828,42.09537664036084,64.34142445892746,77.92226766107873,1.0,1.0,0.0,256,16.728264766332806,1.0,0.0,0.1797859129098805,0.2663463576260742,0.0,0.0
demo-fixed_price-884000,fixed_price,dynamic_hierarchy,119,continue_recent_trend,921f05608aef3e5b51196624365c3750b6f9d119ac78eba6844b6f7bea9a1c84,established_a-b000,established_a,0,119,first,180,100,18.0,6.788616507675981,0.12238777652041105,3.737916823896922,4.531563038464132,6.4903163143362725,9.494488885345922,11.315216380039187,1.0,1.0,0.0,256,4.86853277136029,1.0,1.0,0.010263224927087889,0.019200837363156902,0.0,
demo-fixed_price-884000,fixed_price,dynamic_hierarchy,119,continue_recent_trend,921f05608aef3e5b51196624365c3750b6f9d119ac78eba6844b6f7bea9a1c84,established_a-b112,established_a,112,7,newest,180,100,18.0,5.676330411861443,0.520454798440581,-7.851545990653471,-3.247666525971826,4.387263858101917,17.35202161198475,23.712033362278664,0.7265625,0.79296875,0.20703125,256,7.540895956814886,1.0,1.0,0.023857995794326035,0.01864565544953443,0.07476806640625,
demo-fixed_price-884000,fixed_price,dynamic_hierarchy,119,continue_recent_trend,921f05608aef3e5b51196624365c3750b6f9d119ac78eba6844b6f7bea9a1c84,established_a-b126,established_a,126,-7,next_purchase,180,100,18.0,7.940823227712358,0.6389600779641667,-6.965006350858796,-2.5781387879684816,6.062277341141819,19.173143206135126,32.5948113948495,0.8203125,0.83984375,0.16015625,256,-1.1984988005456783,1.0,1.0,0.04750936180573825,0.09139322028258036,0.67291259765625,0.011984988005456783
demo-fixed_price-884000,fixed_price,dynamic_hierarchy,119,continue_recent_trend,921f05608aef3e5b51196624365c3750b6f9d119ac78eba6844b6f7bea9a1c84,established_b-b000,established_b,0,119,first,180,100,24.0,47.42840236138052,0.23735497953893367,40.32058779612864,42.78603833856991,47.36565675218994,52.0515226809642,55.88723994231908,1.0,1.0,0.0,256,46.06630763156813,1.0,1.0,0.010373830678816986,0.013620947298123909,0.0,
demo-fixed_price-884000,fixed_price,dynamic_hierarchy,119,continue_recent_trend,921f05608aef3e5b51196624365c3750b6f9d119ac78eba6844b6f7bea9a1c84,established_b-b112,established_b,112,7,newest,180,100,24.0,30.895473438332463,0.9428440267697955,4.5467490044399845,12.801616617401518,30.17970923406155,49.61653960199634,61.77761561566682,0.98046875,0.98046875,0.01953125,256,38.81353406240208,1.0,1.0,0.05365527647683841,0.07918060624069614,0.0003814697265625,
demo-fixed_price-884000,fixed_price,dynamic_hierarchy,119,continue_recent_trend,921f05608aef3e5b51196624365c3750b6f9d119ac78eba6844b6f7bea9a1c84,established_b-b126,established_b,126,-7,next_purchase,180,100,24.0,42.13621177371809,1.3039953716938448,6.875023454275738,17.607912985739922,38.81644553360259,67.73492359614943,85.32100714108017,0.99609375,0.99609375,0.00390625,256,16.728264766332806,1.0,0.0,0.15124878128180103,0.25407947007385284,1.52587890625e-05,0.0
demo-cpc_squeeze-884000,cpc_squeeze,static_hierarchy,35,hold_current,b8b180477309e6a8ea557a04fcd75631cd80b839d0d51f27f9b180400754f4c4,established_a-b000,established_a,0,35,first,180,100,18.0,8.361123529416016,0.3423487746028406,-0.05510564634733939,2.103482352504205,7.653554777107882,15.787788544336717,21.58460596903651,0.97265625,0.98828125,0.01171875,256,1.6134421428794912,1.0,0.0,0.039801127727847586,0.06747681386536525,0.0007476806640625,
demo-cpc_squeeze-884000,cpc_squeeze,static_hierarchy,35,hold_current,b8b180477309e6a8ea557a04fcd75631cd80b839d0d51f27f9b180400754f4c4,established_a-b028,established_a,28,7,newest,180,100,18.0,5.498000392811424,0.640578148533687,-7.95321308863525,-4.873061526976582,3.9212779967451272,15.757051414951551,28.11071874803138,0.671875,0.734375,0.265625,256,0.06314042797193178,1.0,1.0,0.028009592907359666,0.05434859964839492,0.107666015625,
demo-cpc_squeeze-884000,cpc_squeeze,static_hierarchy,35,hold_current,b8b180477309e6a8ea557a04fcd75631cd80b839d0d51f27f9b180400754f4c4,established_a-b042,established_a,42,-7,next_purchase,180,100,18.0,8.018661823562143,0.7764204796911227,-8.977516578862454,-3.7992875852057812,5.481380331653629,22.506506606105813,38.35837993545397,0.765625,0.8046875,0.1953125,256,3.093525168072812,1.0,1.0,0.024730789118064075,0.0492513665548933,0.054931640625,0.0
demo-cpc_squeeze-884000,cpc_squeeze,static_hierarchy,35,hold_current,b8b180477309e6a8ea557a04fcd75631cd80b839d0d51f27f9b180400754f4c4,established_b-b000,established_b,0,35,first,180,100,24.0,46.09738541168908,0.5801145444059376,32.0993761681362,35.68861337453505,44.529131328363704,58.42446734071385,69.06345842970303,1.0,1.0,0.0,256,36.21392675813992,1.0,1.0,0.05426682599859431,0.09883458653549163,0.0,
demo-cpc_squeeze-884000,cpc_squeeze,static_hierarchy,35,hold_current,b8b180477309e6a8ea557a04fcd75631cd80b839d0d51f27f9b180400754f4c4,established_b-b028,established_b,28,7,newest,180,100,24.0,36.46428765397803,1.11188429912888,10.086712919354724,17.093588610640232,33.82298063283051,61.02179278991527,75.5471419940878,0.99609375,0.99609375,0.00390625,256,20.69287305611698,1.0,1.0,0.0815820707766814,0.15771414597861053,1.52587890625e-05,
demo-cpc_squeeze-884000,cpc_squeeze,static_hierarchy,35,hold_current,b8b180477309e6a8ea557a04fcd75631cd80b839d0d51f27f9b180400754f4c4,established_b-b042,established_b,42,-7,next_purchase,180,100,24.0,40.72701708913323,1.3861817253701099,8.093935382372674,16.60740181311881,38.17781539211841,65.18727434968409,97.70375604256945,0.99609375,0.99609375,0.00390625,256,13.888809206014894,1.0,0.0,0.15935980802281302,0.2683820788311833,1.52587890625e-05,0.0
demo-cpc_squeeze-884000,cpc_squeeze,dynamic_hierarchy,35,hold_current,b8b180477309e6a8ea557a04fcd75631cd80b839d0d51f27f9b180400754f4c4,established_a-b000,established_a,0,35,first,180,100,18.0,9.030313259988308,0.3860759264229157,-0.457233183929862,1.847428254680441,8.246539576998519,16.70396289090782,24.19240054342191,0.96875,0.9765625,0.0234375,256,1.6134421428794912,1.0,0.0,0.04322331196389425,0.07416871117108817,0.0009765625,
demo-cpc_squeeze-884000,cpc_squeeze,dynamic_hierarchy,35,hold_current,b8b180477309e6a8ea557a04fcd75631cd80b839d0d51f27f9b180400754f4c4,established_a-b028,established_a,28,7,newest,180,100,18.0,8.201320163954687,0.692629535578993,-7.693142198690922,-3.460732765846884,5.74193607072827,24.540132718335574,34.877852950879664,0.75390625,0.8125,0.1875,256,0.06314042797193178,1.0,1.0,0.03928804243263596,0.08138179735982755,0.0605621337890625,
demo-cpc_squeeze-884000,cpc_squeeze,dynamic_hierarchy,35,hold_current,b8b180477309e6a8ea557a04fcd75631cd80b839d0d51f27f9b180400754f4c4,established_a-b042,established_a,42,-7,next_purchase,180,100,18.0,10.328179658671846,0.8325854868452072,-7.608647777410775,-3.630235320122388,8.508602670591355,26.31907598302794,39.67758695812028,0.79296875,0.82421875,0.17578125,256,3.093525168072812,1.0,1.0,0.03581819754162649,0.07234654490599034,0.0428619384765625,0.0
demo-cpc_squeeze-884000,cpc_squeeze,dynamic_hierarchy,35,hold_current,b8b180477309e6a8ea557a04fcd75631cd80b839d0d51f27f9b180400754f4c4,established_b-b000,established_b,0,35,first,180,100,24.0,44.84885986804578,0.719178476384168,25.861787242679817,32.04995593986805,43.85949909035643,59.18781360781772,72.95038720084735,1.0,1.0,0.0,256,36.21392675813992,1.0,1.0,0.045732008966016945,0.08634933109905858,0.0,
demo-cpc_squeeze-884000,cpc_squeeze,dynamic_hierarchy,35,hold_current,b8b180477309e6a8ea557a04fcd75631cd80b839d0d51f27f9b180400754f4c4,established_b-b028,established_b,28,7,newest,180,100,24.0,38.53804403584452,1.3911869338915939,4.411171949191162,15.066396682615174,35.066759853323376,69.04857576097055,91.27157207655726,0.98828125,0.9921875,0.0078125,256,20.69287305611698,1.0,1.0,0.09188598773709165,0.17845170979727543,0.0001373291015625,
demo-cpc_squeeze-884000,cpc_squeeze,dynamic_hierarchy,35,hold_current,b8b180477309e6a8ea557a04fcd75631cd80b839d0d51f27f9b180400754f4c4,established_b-b042,established_b,42,-7,next_purchase,180,100,24.0,44.01678066987955,1.7075975098946634,8.28308758425157,15.666875276916688,39.288131580433365,79.24009799079823,109.61241453670787,0.9765625,0.98046875,0.01953125,256,13.888809206014894,1.0,0.0,0.16909891395799742,0.30127971463864656,0.00054931640625,0.0
demo-cpc_squeeze-884000,cpc_squeeze,static_hierarchy,63,hold_current,74ecba7486b6658eee2daa08118f41a5d9bce0f2cd18333f8ca11d9507f1550b,established_a-b000,established_a,0,63,first,180,100,18.0,6.598660927444768,0.19122517431713465,0.870424480575243,2.881829107041682,6.494332489924133,10.596029994567163,13.146152070498774,0.9921875,0.99609375,0.00390625,256,1.6134421428794912,1.0,0.0,0.033557275849533136,0.04985218784565276,6.103515625e-05,
demo-cpc_squeeze-884000,cpc_squeeze,static_hierarchy,63,hold_current,74ecba7486b6658eee2daa08118f41a5d9bce0f2cd18333f8ca11d9507f1550b,established_a-b056,established_a,56,7,newest,180,100,18.0,2.4042005851366683,0.38358927249810887,-7.79540950491912,-4.194379105250663,1.4540348468505968,10.54328155565483,16.928834650029334,0.61328125,0.70703125,0.29296875,256,-10.732036212022129,0.0,0.0,0.09744505924069007,0.13136236797158798,0.3761138916015625,
demo-cpc_squeeze-884000,cpc_squeeze,static_hierarchy,63,hold_current,74ecba7486b6658eee2daa08118f41a5d9bce0f2cd18333f8ca11d9507f1550b,established_a-b070,established_a,70,-7,next_purchase,180,100,18.0,6.08454289441597,0.4288443599184412,-5.504804045644585,-2.017585815272448,5.5916936594201605,14.282750960128332,20.902977553271104,0.8125,0.84375,0.15625,256,-10.926499448721085,0.0,0.0,0.13221762703514348,0.17011042343137056,0.66015625,0.10926499448721085
demo-cpc_squeeze-884000,cpc_squeeze,static_hierarchy,63,hold_current,74ecba7486b6658eee2daa08118f41a5d9bce0f2cd18333f8ca11d9507f1550b,established_b-b000,established_b,0,63,first,180,100,24.0,44.35806923059475,0.3607308774477208,34.611178416472406,36.98138841021645,44.23865574006755,52.18389106100965,56.31286039776168,1.0,1.0,0.0,256,36.21392675813992,1.0,0.0,0.05148118052662813,0.08144142472454831,0.0,
demo-cpc_squeeze-884000,cpc_squeeze,static_hierarchy,63,hold_current,74ecba7486b6658eee2daa08118f41a5d9bce0f2cd18333f8ca11d9507f1550b,established_b-b056,established_b,56,7,newest,180,100,24.0,34.693499143813455,0.7724481761603192,11.987492489371697,20.191159326369753,34.52169942846691,50.37377684081534,60.48490798193997,1.0,1.0,0.0,256,22.297572151574872,1.0,1.0,0.07114870482958467,0.12395926992238582,0.0,
demo-cpc_squeeze-884000,cpc_squeeze,static_hierarchy,63,hold_current,74ecba7486b6658eee2daa08118f41a5d9bce0f2cd18333f8ca11d9507f1550b,established_b-b070,established_b,70,-7,next_purchase,180,100,24.0,40.06427839366093,0.8589247993120617,17.56298037325225,22.517650525170154,39.94577558643988,58.31003557570951,71.84041273407516,1.0,1.0,0.0,256,10.346023700536294,0.0,0.0,0.221302153301285,0.29718254693124635,0.0,0.0
demo-cpc_squeeze-884000,cpc_squeeze,dynamic_hierarchy,63,hold_current,74ecba7486b6658eee2daa08118f41a5d9bce0f2cd18333f8ca11d9507f1550b,established_a-b000,established_a,0,63,first,180,100,18.0,6.585959344925872,0.24053006541738278,0.12813242914191925,2.1000038486885497,6.307909525163094,11.876616222198932,15.047642620755656,0.97265625,0.98828125,0.01171875,256,1.6134421428794912,1.0,0.0,0.030041998399124997,0.0497251720204638,0.0007476806640625,
demo-cpc_squeeze-884000,cpc_squeeze,dynamic_hierarchy,63,hold_current,74ecba7486b6658eee2daa08118f41a5d9bce0f2cd18333f8ca11d9507f1550b,established_a-b056,established_a,56,7,newest,180,100,18.0,1.5942061691145257,0.4074001290028719,-9.031045812845722,-6.239654560435502,0.6699818265264152,9.679030930362924,14.621669444775023,0.55859375,0.62890625,0.37109375,256,-10.732036212022129,0.0,0.0,0.08772282605402303,0.12326242381136655,0.3120269775390625,
demo-cpc_squeeze-884000,cpc_squeeze,dynamic_hierarchy,63,hold_current,74ecba7486b6658eee2daa08118f41a5d9bce0f2cd18333f8ca11d9507f1550b,established_a-b070,established_a,70,-7,next_purchase,180,100,18.0,5.02878766127699,0.5034964961254917,-7.772098561018809,-4.243874868011129,4.123382482770419,16.19726661438003,21.001107586943434,0.73046875,0.75390625,0.24609375,256,-10.926499448721085,0.0,0.0,0.11549417230004268,0.15955287109998076,0.5335845947265625,0.10926499448721085
demo-cpc_squeeze-884000,cpc_squeeze,dynamic_hierarchy,63,hold_current,74ecba7486b6658eee2daa08118f41a5d9bce0f2cd18333f8ca11d9507f1550b,established_b-b000,established_b,0,63,first,180,100,24.0,44.91396650530192,0.4548929874316849,33.958739908196634,36.45482349528136,44.3969419142819,53.190385343055205,61.61359917945835,1.0,1.0,0.0,256,36.21392675813992,1.0,0.0,0.05211164047230648,0.08700039747162001,0.0,
demo-cpc_squeeze-884000,cpc_squeeze,dynamic_hierarchy,63,hold_current,74ecba7486b6658eee2daa08118f41a5d9bce0f2cd18333f8ca11d9507f1550b,established_b-b056,established_b,56,7,newest,180,100,24.0,33.723427165976325,0.905722555632559,10.49322758033508,17.50178937370373,32.53177028909248,52.19170758363347,66.95402710080522,1.0,1.0,0.0,256,22.297572151574872,1.0,1.0,0.06019347323709674,0.11425855014401452,0.0,
demo-cpc_squeeze-884000,cpc_squeeze,dynamic_hierarchy,63,hold_current,74ecba7486b6658eee2daa08118f41a5d9bce0f2cd18333f8ca11d9507f1550b,established_b-b070,established_b,70,-7,next_purchase,180,100,24.0,39.97924753523677,1.0351696534073975,10.003438272444619,19.493672407489587,39.81751324169477,60.50735835794883,73.78050573254902,1.0,1.0,0.0,256,10.346023700536294,1.0,0.0,0.2046489768447109,0.2963322383470048,0.0,0.0
demo-cpc_squeeze-884000,cpc_squeeze,static_hierarchy,91,hold_current,1448eca5b77c4647a74ec1b94d71022829f50827a73f70376e0bfe95f3ea4e2d,established_a-b000,established_a,0,91,first,180,100,18.0,5.1943216864103405,0.1464627259812703,1.5300258081893157,2.2802818870579866,4.892622708940317,8.254563229197295,10.52331552017661,1.0,1.0,0.0,256,1.6134421428794912,1.0,0.0,0.023098630183336365,0.03580879543530849,0.0,
demo-cpc_squeeze-884000,cpc_squeeze,static_hierarchy,91,hold_current,1448eca5b77c4647a74ec1b94d71022829f50827a73f70376e0bfe95f3ea4e2d,established_a-b084,established_a,84,7,newest,180,100,18.0,0.7980864578284199,0.32352317434423905,-7.574684190672508,-5.835702726717085,0.19645499304649405,7.875613656650639,10.976707990817095,0.52734375,0.6015625,0.3984375,256,-12.761578506356315,0.0,0.0,0.10658431030358248,0.13559664964184737,0.2780914306640625,
demo-cpc_squeeze-884000,cpc_squeeze,static_hierarchy,91,hold_current,1448eca5b77c4647a74ec1b94d71022829f50827a73f70376e0bfe95f3ea4e2d,established_a-b098,established_a,98,-7,next_purchase,180,100,18.0,5.472212694261297,0.3808099571445348,-5.92919489299649,-2.1933485154173864,5.719894483665193,13.148849719230327,16.73009538533717,0.80078125,0.8515625,0.1484375,256,-5.487996673459779,1.0,0.0,0.07603106266127875,0.10960209367721077,0.6412506103515625,0.054879966734597795
demo-cpc_squeeze-884000,cpc_squeeze,static_hierarchy,91,hold_current,1448eca5b77c4647a74ec1b94d71022829f50827a73f70376e0bfe95f3ea4e2d,established_b-b000,established_b,0,91,first,180,100,24.0,44.55505448802394,0.23356972079519772,37.802421437878344,40.03595507039805,44.220813422673544,49.31568014541249,52.60755520869323,1.0,1.0,0.0,256,36.21392675813992,0.0,0.0,0.06246567280252286,0.08341127729884022,0.0,
demo-cpc_squeeze-884000,cpc_squeeze,static_hierarchy,91,hold_current,1448eca5b77c4647a74ec1b94d71022829f50827a73f70376e0bfe95f3ea4e2d,established_b-b084,established_b,84,7,newest,180,100,24.0,30.426492850422875,0.6111996725811254,13.756376092207692,18.302948908108878,30.015133263230226,42.087008688180106,53.28810216520051,1.0,1.0,0.0,256,23.42436790966877,1.0,1.0,0.03901722624338521,0.07002124940754104,0.0,
demo-cpc_squeeze-884000,cpc_squeeze,static_hierarchy,91,hold_current,1448eca5b77c4647a74ec1b94d71022829f50827a73f70376e0bfe95f3ea4e2d,established_b-b098,established_b,98,-7,next_purchase,180,100,24.0,34.657397043934935,0.6979860131721857,15.230357655130437,19.357573648405697,34.000654686385744,49.53756635512286,57.305376974653484,1.0,1.0,0.0,256,9.146655134022012,0.0,0.0,0.19165943776336541,0.2551074190991292,0.0,0.0
demo-cpc_squeeze-884000,cpc_squeeze,dynamic_hierarchy,91,hold_current,1448eca5b77c4647a74ec1b94d71022829f50827a73f70376e0bfe95f3ea4e2d,established_a-b000,established_a,0,91,first,180,100,18.0,5.019185145661467,0.15882509790921023,0.8395501550880073,1.8746339110698074,4.6498456969934825,8.21268630078233,10.075499935191964,0.99609375,1.0,0.0,256,1.6134421428794912,1.0,0.0,0.020945071838231924,0.03405743002781976,1.52587890625e-05,
demo-cpc_squeeze-884000,cpc_squeeze,dynamic_hierarchy,91,hold_current,1448eca5b77c4647a74ec1b94d71022829f50827a73f70376e0bfe95f3ea4e2d,established_a-b084,established_a,84,7,newest,180,100,18.0,-0.04764936048889529,0.3900008392959616,-11.10359181424406,-8.087434929023807,0.1161603350054996,7.657927559828703,13.052056168766228,0.5078125,0.56640625,0.43359375,256,-12.761578506356315,0.0,0.0,0.09251553500193264,0.1271392914586742,0.25787353515625,
demo-cpc_squeeze-884000,cpc_squeeze,dynamic_hierarchy,91,hold_current,1448eca5b77c4647a74ec1b94d71022829f50827a73f70376e0bfe95f3ea4e2d,established_a-b098,established_a,98,-7,next_purchase,180,100,18.0,3.672019445627608,0.4704798638771405,-7.593914109265888,-5.146836277764786,3.4279851564381705,11.713574039317686,20.95225113748715,0.66015625,0.70703125,0.29296875,256,-5.487996673459779,1.0,0.0,0.0537374669189421,0.09160016119087387,0.4358062744140625,0.054879966734597795
demo-cpc_squeeze-884000,cpc_squeeze,dynamic_hierarchy,91,hold_current,1448eca5b77c4647a74ec1b94d71022829f50827a73f70376e0bfe95f3ea4e2d,established_b-b000,established_b,0,91,first,180,100,24.0,43.09713761682071,0.3102293677778222,34.993986099378816,37.40540483974705,42.39516201888934,49.056512401831064,53.76414600180578,1.0,1.0,0.0,256,36.21392675813992,1.0,0.0,0.04335604044848689,0.06883210858680791,0.0,
demo-cpc_squeeze-884000,cpc_squeeze,dynamic_hierarchy,91,hold_current,1448eca5b77c4647a74ec1b94d71022829f50827a73f70376e0bfe95f3ea4e2d,established_b-b084,established_b,84,7,newest,180,100,24.0,27.211394385615822,0.7672908893814305,6.5729420855199105,13.34907972554764,26.177204265732914,41.81827695584296,53.276576781117456,1.0,1.0,0.0,256,23.42436790966877,1.0,1.0,0.032402871429027306,0.037870264759470515,0.0,
demo-cpc_squeeze-884000,cpc_squeeze,dynamic_hierarchy,91,hold_current,1448eca5b77c4647a74ec1b94d71022829f50827a73f70376e0bfe95f3ea4e2d,established_b-b098,established_b,98,-7,next_purchase,180,100,24.0,31.601624262424355,1.130881490761495,4.050980235862514,10.167684768894109,30.073625218759577,50.966175270556434,71.48827615902287,0.98828125,0.9921875,0.0078125,256,9.146655134022012,1.0,0.0,0.1361591002612594,0.22454969128402344,0.0001373291015625,0.0
demo-cpc_squeeze-884000,cpc_squeeze,static_hierarchy,119,hold_current,5592aef137a7aa56cf0525f09eac106dddd3b4174631e2e7b0d040a29160846d,established_a-b000,established_a,0,119,first,180,100,18.0,4.296002485940257,0.10357930594375202,1.5600930219707587,2.327088726447199,4.176748069283411,6.379949620515223,8.05549959054554,1.0,1.0,0.0,256,1.6134421428794912,1.0,0.0,0.01778114467557235,0.02682560343060765,0.0,
demo-cpc_squeeze-884000,cpc_squeeze,static_hierarchy,119,hold_current,5592aef137a7aa56cf0525f09eac106dddd3b4174631e2e7b0d040a29160846d,established_a-b112,established_a,112,7,newest,180,100,18.0,0.42817690031075284,0.30254628572293907,-8.223532590776816,-5.664111823212882,-0.20116379933621253,6.631087460747985,11.73265440095457,0.48046875,0.546875,0.453125,256,-6.78156858355358,1.0,0.0,0.04657565588389963,0.07209745483864333,0.2308502197265625,
demo-cpc_squeeze-884000,cpc_squeeze,static_hierarchy,119,hold_current,5592aef137a7aa56cf0525f09eac106dddd3b4174631e2e7b0d040a29160846d,established_a-b126,established_a,126,-7,next_purchase,180,100,18.0,1.5753121525073477,0.33242585241566386,-7.227578144953381,-5.200412864908315,0.6722253064141945,8.540760168419098,12.901429417318722,0.56640625,0.66796875,0.33203125,256,-11.633850497896265,0.0,0.0,0.1025201426123435,0.13209162650403614,0.3208160400390625,0.11633850497896266
demo-cpc_squeeze-884000,cpc_squeeze,static_hierarchy,119,hold_current,5592aef137a7aa56cf0525f09eac106dddd3b4174631e2e7b0d040a29160846d,established_b-b000,established_b,0,119,first,180,100,24.0,41.52536905290166,0.16990690464377972,36.914665357495394,38.35023981108399,41.33288053239161,44.874802401279865,47.800480395413125,1.0,1.0,0.0,256,36.21392675813992,0.0,0.0,0.03841592745895543,0.053114422947617396,0.0,
demo-cpc_squeeze-884000,cpc_squeeze,static_hierarchy,119,hold_current,5592aef137a7aa56cf0525f09eac106dddd3b4174631e2e7b0d040a29160846d,established_b-b112,established_b,112,7,newest,180,100,24.0,19.682099300446254,0.6056679275813259,4.028943784398749,7.75198565648634,18.63892513903181,32.92948265710963,39.89019118101765,0.98828125,0.99609375,0.00390625,256,6.584413678418947,1.0,0.0,0.08014380985644444,0.13097685622027305,0.0001373291015625,
demo-cpc_squeeze-884000,cpc_squeeze,static_hierarchy,119,hold_current,5592aef137a7aa56cf0525f09eac106dddd3b4174631e2e7b0d040a29160846d,established_b-b126,established_b,126,-7,next_purchase,180,100,24.0,27.542395432633455,0.7575258686083417,5.03271973666123,12.31414590769786,26.97295752424335,40.73137402964959,58.16918003175152,0.99609375,0.99609375,0.00390625,256,-5.414782931621937,0.0,0.0,0.26353500711430333,0.3295717836425539,0.9922027587890625,0.054147829316219365
demo-cpc_squeeze-884000,cpc_squeeze,dynamic_hierarchy,119,hold_current,5592aef137a7aa56cf0525f09eac106dddd3b4174631e2e7b0d040a29160846d,established_a-b000,established_a,0,119,first,180,100,18.0,3.218852114481442,0.08159638846361356,1.245242691427063,1.6992256534697656,3.028473242018908,5.11010547370695,6.222452709725719,1.0,1.0,0.0,256,1.6134421428794912,1.0,0.0,0.009445261894374888,0.01605409971601951,0.0,
demo-cpc_squeeze-884000,cpc_squeeze,dynamic_hierarchy,119,hold_current,5592aef137a7aa56cf0525f09eac106dddd3b4174631e2e7b0d040a29160846d,established_a-b112,established_a,112,7,newest,180,100,18.0,-3.6046503936482486,0.3628803771207797,-12.898913421287064,-10.928601938021316,-4.285335645935733,4.387471698877073,9.041325527246348,0.24609375,0.27734375,0.72265625,256,-6.78156858355358,1.0,1.0,0.018146483354246002,0.03176918189905331,0.0605621337890625,
demo-cpc_squeeze-884000,cpc_squeeze,dynamic_hierarchy,119,hold_current,5592aef137a7aa56cf0525f09eac106dddd3b4174631e2e7b0d040a29160846d,established_a-b126,established_a,126,-7,next_purchase,180,100,18.0,-1.89086224321587,0.4384791862806268,-12.299563168497603,-9.60843546488512,-2.510198953293446,6.782719251010057,17.631579354146282,0.33203125,0.40234375,0.59765625,256,-11.633850497896265,1.0,0.0,0.06053707752716772,0.09742988254680394,0.1102447509765625,0.0
demo-cpc_squeeze-884000,cpc_squeeze,dynamic_hierarchy,119,hold_current,5592aef137a7aa56cf0525f09eac106dddd3b4174631e2e7b0d040a29160846d,established_b-b000,established_b,0,119,first,180,100,24.0,38.44856091707263,0.16789520450177883,34.677398359079106,35.31086760380347,38.14320907587819,42.01528208237434,45.431265202458974,1.0,1.0,0.0,256,36.21392675813992,1.0,1.0,0.011406885480592743,0.022346341589327138,0.0,
demo-cpc_squeeze-884000,cpc_squeeze,dynamic_hierarchy,119,hold_current,5592aef137a7aa56cf0525f09eac106dddd3b4174631e2e7b0d040a29160846d,established_b-b112,established_b,112,7,newest,180,100,24.0,9.804722780043706,0.6415013991552323,-7.859527604474992,-1.2141857013023785,8.468710492016871,20.546455079866185,36.370179604135885,0.85546875,0.89453125,0.10546875,256,6.584413678418947,1.0,1.0,0.022943726318119886,0.03220309101624759,0.0208892822265625,
demo-cpc_squeeze-884000,cpc_squeeze,dynamic_hierarchy,119,hold_current,5592aef137a7aa56cf0525f09eac106dddd3b4174631e2e7b0d040a29160846d,established_b-b126,established_b,126,-7,next_purchase,180,100,24.0,18.221309095954716,0.8824077934768633,-4.621784189030244,2.474896162036144,15.995059877658587,35.52397018005068,51.93815486387812,0.9375,0.95703125,0.04296875,256,-5.414782931621937,0.0,0.0,0.16213061491656933,0.23636092027576652,0.87890625,0.054147829316219365
demo-cpc_squeeze-884000,cpc_squeeze,dynamic_hierarchy,119,fixed_price,5592aef137a7aa56cf0525f09eac106dddd3b4174631e2e7b0d040a29160846d,established_a-b000,established_a,0,119,first,180,100,18.0,4.57551734802711,0.1096528342932001,1.7275854508661346,2.4286330743000466,4.3329385516022985,7.056010930665041,8.250167709025623,1.0,1.0,0.0,256,1.6134421428794912,0.0,0.0,0.019996475442961917,0.029620752051476185,0.0,
demo-cpc_squeeze-884000,cpc_squeeze,dynamic_hierarchy,119,fixed_price,5592aef137a7aa56cf0525f09eac106dddd3b4174631e2e7b0d040a29160846d,established_a-b112,established_a,112,7,newest,180,100,18.0,4.32868783662644,0.4408436926699306,-8.303847914103498,-3.4406225208267225,3.6941641208011617,13.360489822376893,19.940809801005358,0.71875,0.80859375,0.19140625,256,-6.78156858355358,1.0,0.0,0.0747318806552891,0.11110256420180019,0.5166015625,
demo-cpc_squeeze-884000,cpc_squeeze,dynamic_hierarchy,119,fixed_price,5592aef137a7aa56cf0525f09eac106dddd3b4174631e2e7b0d040a29160846d,established_a-b126,established_a,126,-7,next_purchase,180,100,18.0,8.24291248715726,0.5138234174801692,-4.6322840449933045,-1.6884911263449762,8.01321011080409,17.282020730786197,25.309565936933346,0.82421875,0.87109375,0.12890625,256,-11.633850497896265,0.0,0.0,0.15368325721047094,0.19876762985053525,0.6793365478515625,0.11633850497896266
demo-cpc_squeeze-884000,cpc_squeeze,dynamic_hierarchy,119,fixed_price,5592aef137a7aa56cf0525f09eac106dddd3b4174631e2e7b0d040a29160846d,established_b-b000,established_b,0,119,first,180,100,24.0,41.785848356931616,0.20742298170831935,36.61552172392662,38.04727382704293,41.20572326079436,45.95171296346566,48.89941811572354,1.0,1.0,0.0,256,36.21392675813992,0.0,0.0,0.037502732444769864,0.055719215987916966,0.0,
demo-cpc_squeeze-884000,cpc_squeeze,dynamic_hierarchy,119,fixed_price,5592aef137a7aa56cf0525f09eac106dddd3b4174631e2e7b0d040a29160846d,established_b-b112,established_b,112,7,newest,180,100,24.0,26.668391982235946,0.7339055078060057,5.801269420079345,12.58815121135651,25.416806035891156,42.780624907870624,51.342467090327084,1.0,1.0,0.0,256,6.584413678418947,1.0,0.0,0.13612478524084948,0.20083978303817,0.0,
demo-cpc_squeeze-884000,cpc_squeeze,dynamic_hierarchy,119,fixed_price,5592aef137a7aa56cf0525f09eac106dddd3b4174631e2e7b0d040a29160846d,established_b-b126,established_b,126,-7,next_purchase,180,100,24.0,41.44051227251777,1.0485554788258844,13.366264798201314,22.134404596899426,40.31124522099149,60.82149415525998,78.42201288271067,1.0,1.0,0.0,256,-5.414782931621937,0.0,0.0,0.37540420938649643,0.4685529520413971,1.0,0.054147829316219365
demo-cpc_squeeze-884000,cpc_squeeze,dynamic_hierarchy,119,continue_recent_trend,5592aef137a7aa56cf0525f09eac106dddd3b4174631e2e7b0d040a29160846d,established_a-b000,established_a,0,119,first,180,100,18.0,2.9424385075189674,0.08250685223676306,1.0868404994816685,1.4245994477198423,2.724271567076231,4.951712518098869,6.092378255098106,1.0,1.0,0.0,256,1.6134421428794912,1.0,1.0,0.006909549411622033,0.013289963646394762,0.0,
demo-cpc_squeeze-884000,cpc_squeeze,dynamic_hierarchy,119,continue_recent_trend,5592aef137a7aa56cf0525f09eac106dddd3b4174631e2e7b0d040a29160846d,established_a-b112,established_a,112,7,newest,180,100,18.0,-6.3299686730480005,0.5571296562162464,-16.50236096076616,-14.237672193069804,-8.22600634318771,2.781523687794154,14.271160742462127,0.140625,0.1640625,0.8359375,256,-6.78156858355358,1.0,1.0,0.015734898679660977,0.004515999105055793,0.019775390625,
demo-cpc_squeeze-884000,cpc_squeeze,dynamic_hierarchy,119,continue_recent_trend,5592aef137a7aa56cf0525f09eac106dddd3b4174631e2e7b0d040a29160846d,established_a-b126,established_a,126,-7,next_purchase,180,100,18.0,-5.366984513389671,0.5716564195386713,-16.77096186269365,-14.135364102775915,-7.210153330735671,6.134681582689359,19.18862374275892,0.1796875,0.20703125,0.79296875,256,-11.633850497896265,1.0,1.0,0.02856989374611957,0.06266865984506595,0.03228759765625,0.0
demo-cpc_squeeze-884000,cpc_squeeze,dynamic_hierarchy,119,continue_recent_trend,5592aef137a7aa56cf0525f09eac106dddd3b4174631e2e7b0d040a29160846d,established_b-b000,established_b,0,119,first,180,100,24.0,37.88506519693901,0.18621923235946522,33.48466177465011,34.55718111380976,37.628052655065645,41.48262919185424,45.08108777745821,1.0,1.0,0.0,256,36.21392675813992,1.0,1.0,0.008832841279825586,0.016711384387990903,0.0,
demo-cpc_squeeze-884000,cpc_squeeze,dynamic_hierarchy,119,continue_recent_trend,5592aef137a7aa56cf0525f09eac106dddd3b4174631e2e7b0d040a29160846d,established_b-b112,established_b,112,7,newest,180,100,24.0,4.351972511017324,0.9373653872609121,-16.946739282740054,-10.293781526746727,1.143517852883468,24.537746987122695,40.59423608592371,0.55859375,0.5625,0.4375,256,6.584413678418947,1.0,1.0,0.03862871126135383,0.02232441167401623,0.1948394775390625,
demo-cpc_squeeze-884000,cpc_squeeze,dynamic_hierarchy,119,continue_recent_trend,5592aef137a7aa56cf0525f09eac106dddd3b4174631e2e7b0d040a29160846d,established_b-b126,established_b,126,-7,next_purchase,180,100,24.0,11.177383897788713,1.4472156664089673,-15.564518572159745,-8.86913495176577,6.39649054593365,31.640615343799176,62.704001556255335,0.67578125,0.68359375,0.31640625,256,-5.414782931621937,1.0,1.0,0.07651295771810716,0.1659216682941065,0.4566802978515625,0.054147829316219365
demo-rising_cpl-884000,rising_cpl,static_hierarchy,35,hold_current,b8b180477309e6a8ea557a04fcd75631cd80b839d0d51f27f9b180400754f4c4,established_a-b000,established_a,0,35,first,180,100,18.0,8.361123529416016,0.3423487746028406,-0.05510564634733939,2.103482352504205,7.653554777107882,15.787788544336717,21.58460596903651,0.97265625,0.98828125,0.01171875,256,1.6134421428794912,1.0,0.0,0.039801127727847586,0.06747681386536525,0.0007476806640625,
demo-rising_cpl-884000,rising_cpl,static_hierarchy,35,hold_current,b8b180477309e6a8ea557a04fcd75631cd80b839d0d51f27f9b180400754f4c4,established_a-b028,established_a,28,7,newest,180,100,18.0,5.498000392811424,0.640578148533687,-7.95321308863525,-4.873061526976582,3.9212779967451272,15.757051414951551,28.11071874803138,0.671875,0.734375,0.265625,256,0.06314042797193178,1.0,1.0,0.028009592907359666,0.05434859964839492,0.107666015625,
demo-rising_cpl-884000,rising_cpl,static_hierarchy,35,hold_current,b8b180477309e6a8ea557a04fcd75631cd80b839d0d51f27f9b180400754f4c4,established_a-b042,established_a,42,-7,next_purchase,180,100,18.0,8.018661823562143,0.7764204796911227,-8.977516578862454,-3.7992875852057812,5.481380331653629,22.506506606105813,38.35837993545397,0.765625,0.8046875,0.1953125,256,3.093525168072812,1.0,1.0,0.024730789118064075,0.0492513665548933,0.054931640625,0.0
demo-rising_cpl-884000,rising_cpl,static_hierarchy,35,hold_current,b8b180477309e6a8ea557a04fcd75631cd80b839d0d51f27f9b180400754f4c4,established_b-b000,established_b,0,35,first,180,100,24.0,46.09738541168908,0.5801145444059376,32.0993761681362,35.68861337453505,44.529131328363704,58.42446734071385,69.06345842970303,1.0,1.0,0.0,256,36.21392675813992,1.0,1.0,0.05426682599859431,0.09883458653549163,0.0,
demo-rising_cpl-884000,rising_cpl,static_hierarchy,35,hold_current,b8b180477309e6a8ea557a04fcd75631cd80b839d0d51f27f9b180400754f4c4,established_b-b028,established_b,28,7,newest,180,100,24.0,36.46428765397803,1.11188429912888,10.086712919354724,17.093588610640232,33.82298063283051,61.02179278991527,75.5471419940878,0.99609375,0.99609375,0.00390625,256,20.69287305611698,1.0,1.0,0.0815820707766814,0.15771414597861053,1.52587890625e-05,
demo-rising_cpl-884000,rising_cpl,static_hierarchy,35,hold_current,b8b180477309e6a8ea557a04fcd75631cd80b839d0d51f27f9b180400754f4c4,established_b-b042,established_b,42,-7,next_purchase,180,100,24.0,40.72701708913323,1.3861817253701099,8.093935382372674,16.60740181311881,38.17781539211841,65.18727434968409,97.70375604256945,0.99609375,0.99609375,0.00390625,256,13.888809206014894,1.0,0.0,0.15935980802281302,0.2683820788311833,1.52587890625e-05,0.0
demo-rising_cpl-884000,rising_cpl,dynamic_hierarchy,35,hold_current,b8b180477309e6a8ea557a04fcd75631cd80b839d0d51f27f9b180400754f4c4,established_a-b000,established_a,0,35,first,180,100,18.0,9.030313259988308,0.3860759264229157,-0.457233183929862,1.847428254680441,8.246539576998519,16.70396289090782,24.19240054342191,0.96875,0.9765625,0.0234375,256,1.6134421428794912,1.0,0.0,0.04322331196389425,0.07416871117108817,0.0009765625,
demo-rising_cpl-884000,rising_cpl,dynamic_hierarchy,35,hold_current,b8b180477309e6a8ea557a04fcd75631cd80b839d0d51f27f9b180400754f4c4,established_a-b028,established_a,28,7,newest,180,100,18.0,8.201320163954687,0.692629535578993,-7.693142198690922,-3.460732765846884,5.74193607072827,24.540132718335574,34.877852950879664,0.75390625,0.8125,0.1875,256,0.06314042797193178,1.0,1.0,0.03928804243263596,0.08138179735982755,0.0605621337890625,
demo-rising_cpl-884000,rising_cpl,dynamic_hierarchy,35,hold_current,b8b180477309e6a8ea557a04fcd75631cd80b839d0d51f27f9b180400754f4c4,established_a-b042,established_a,42,-7,next_purchase,180,100,18.0,10.328179658671846,0.8325854868452072,-7.608647777410775,-3.630235320122388,8.508602670591355,26.31907598302794,39.67758695812028,0.79296875,0.82421875,0.17578125,256,3.093525168072812,1.0,1.0,0.03581819754162649,0.07234654490599034,0.0428619384765625,0.0
demo-rising_cpl-884000,rising_cpl,dynamic_hierarchy,35,hold_current,b8b180477309e6a8ea557a04fcd75631cd80b839d0d51f27f9b180400754f4c4,established_b-b000,established_b,0,35,first,180,100,24.0,44.84885986804578,0.719178476384168,25.861787242679817,32.04995593986805,43.85949909035643,59.18781360781772,72.95038720084735,1.0,1.0,0.0,256,36.21392675813992,1.0,1.0,0.045732008966016945,0.08634933109905858,0.0,
demo-rising_cpl-884000,rising_cpl,dynamic_hierarchy,35,hold_current,b8b180477309e6a8ea557a04fcd75631cd80b839d0d51f27f9b180400754f4c4,established_b-b028,established_b,28,7,newest,180,100,24.0,38.53804403584452,1.3911869338915939,4.411171949191162,15.066396682615174,35.066759853323376,69.04857576097055,91.27157207655726,0.98828125,0.9921875,0.0078125,256,20.69287305611698,1.0,1.0,0.09188598773709165,0.17845170979727543,0.0001373291015625,
demo-rising_cpl-884000,rising_cpl,dynamic_hierarchy,35,hold_current,b8b180477309e6a8ea557a04fcd75631cd80b839d0d51f27f9b180400754f4c4,established_b-b042,established_b,42,-7,next_purchase,180,100,24.0,44.01678066987955,1.7075975098946634,8.28308758425157,15.666875276916688,39.288131580433365,79.24009799079823,109.61241453670787,0.9765625,0.98046875,0.01953125,256,13.888809206014894,1.0,0.0,0.16909891395799742,0.30127971463864656,0.00054931640625,0.0
demo-rising_cpl-884000,rising_cpl,static_hierarchy,63,hold_current,74ecba7486b6658eee2daa08118f41a5d9bce0f2cd18333f8ca11d9507f1550b,established_a-b000,established_a,0,63,first,180,100,18.0,6.598660927444768,0.19122517431713465,0.870424480575243,2.881829107041682,6.494332489924133,10.596029994567163,13.146152070498774,0.9921875,0.99609375,0.00390625,256,1.6134421428794912,1.0,0.0,0.033557275849533136,0.04985218784565276,6.103515625e-05,
demo-rising_cpl-884000,rising_cpl,static_hierarchy,63,hold_current,74ecba7486b6658eee2daa08118f41a5d9bce0f2cd18333f8ca11d9507f1550b,established_a-b056,established_a,56,7,newest,180,100,20.016000000000002,0.38820058513666633,0.38358927249810887,-9.811409504919123,-6.210379105250665,-0.561965153149405,8.527281555654827,14.912834650029332,0.46484375,0.53515625,0.46484375,256,-12.748036212022122,0.0,0.0,0.09744505924068995,0.13136236797158787,0.2160797119140625,
demo-rising_cpl-884000,rising_cpl,static_hierarchy,63,hold_current,74ecba7486b6658eee2daa08118f41a5d9bce0f2cd18333f8ca11d9507f1550b,established_a-b070,established_a,70,-7,next_purchase,180,100,21.023999999999997,3.0605428944159723,0.4288443599184412,-8.528804045644582,-5.0415858152724455,2.567693659420163,11.258750960128335,17.878977553271106,0.65234375,0.703125,0.296875,256,-13.95049944872105,0.0,0.0,0.13221762703514311,0.1701104234313702,0.4255523681640625,0.13950499448721052
demo-rising_cpl-884000,rising_cpl,static_hierarchy,63,hold_current,74ecba7486b6658eee2daa08118f41a5d9bce0f2cd18333f8ca11d9507f1550b,established_b-b000,established_b,0,63,first,180,100,24.0,44.35806923059475,0.3607308774477208,34.611178416472406,36.98138841021645,44.23865574006755,52.18389106100965,56.31286039776168,1.0,1.0,0.0,256,36.21392675813992,1.0,0.0,0.05148118052662813,0.08144142472454831,0.0,
demo-rising_cpl-884000,rising_cpl,static_hierarchy,63,hold_current,74ecba7486b6658eee2daa08118f41a5d9bce0f2cd18333f8ca11d9507f1550b,established_b-b056,established_b,56,7,newest,180,100,26.688000000000002,32.00549914381345,0.7724481761603192,9.299492489371694,17.50315932636975,31.833699428466907,47.685776840815336,57.79690798193997,1.0,1.0,0.0,256,19.609572151574852,1.0,1.0,0.0711487048295848,0.123959269922386,0.0,
demo-rising_cpl-884000,rising_cpl,static_hierarchy,63,hold_current,74ecba7486b6658eee2daa08118f41a5d9bce0f2cd18333f8ca11d9507f1550b,established_b-b070,established_b,70,-7,next_purchase,180,100,28.031999999999996,36.03227839366093,0.8589247993120617,13.530980373252252,18.485650525170158,35.91377558643988,54.27803557570952,67.80841273407516,1.0,1.0,0.0,256,6.314023700536313,0.0,0.0,0.22130215330128483,0.2971825469312462,0.0,0.0
demo-rising_cpl-884000,rising_cpl,dynamic_hierarchy,63,hold_current,74ecba7486b6658eee2daa08118f41a5d9bce0f2cd18333f8ca11d9507f1550b,established_a-b000,established_a,0,63,first,180,100,18.0,6.585959344925872,0.24053006541738278,0.12813242914191925,2.1000038486885497,6.307909525163094,11.876616222198932,15.047642620755656,0.97265625,0.98828125,0.01171875,256,1.6134421428794912,1.0,0.0,0.030041998399124997,0.0497251720204638,0.0007476806640625,
demo-rising_cpl-884000,rising_cpl,dynamic_hierarchy,63,hold_current,74ecba7486b6658eee2daa08118f41a5d9bce0f2cd18333f8ca11d9507f1550b,established_a-b056,established_a,56,7,newest,180,100,20.016000000000002,-0.421793830885476,0.4074001290028719,-11.047045812845724,-8.255654560435504,-1.3460181734735865,7.663030930362922,12.605669444775021,0.421875,0.4921875,0.5078125,256,-12.748036212022122,0.0,0.0,0.08772282605402296,0.12326242381136647,0.177978515625,
demo-rising_cpl-884000,rising_cpl,dynamic_hierarchy,63,hold_current,74ecba7486b6658eee2daa08118f41a5d9bce0f2cd18333f8ca11d9507f1550b,established_a-b070,established_a,70,-7,next_purchase,180,100,21.023999999999997,2.0047876612769926,0.5034964961254917,-10.796098561018807,-7.267874868011126,1.0993824827704213,13.173266614380033,17.97710758694344,0.54296875,0.60546875,0.39453125,256,-13.95049944872105,0.0,0.0,0.11549417230004239,0.15955287109998043,0.2948150634765625,0.13950499448721052
demo-rising_cpl-884000,rising_cpl,dynamic_hierarchy,63,hold_current,74ecba7486b6658eee2daa08118f41a5d9bce0f2cd18333f8ca11d9507f1550b,established_b-b000,established_b,0,63,first,180,100,24.0,44.91396650530192,0.4548929874316849,33.958739908196634,36.45482349528136,44.3969419142819,53.190385343055205,61.61359917945835,1.0,1.0,0.0,256,36.21392675813992,1.0,0.0,0.05211164047230648,0.08700039747162001,0.0,
demo-rising_cpl-884000,rising_cpl,dynamic_hierarchy,63,hold_current,74ecba7486b6658eee2daa08118f41a5d9bce0f2cd18333f8ca11d9507f1550b,established_b-b056,established_b,56,7,newest,180,100,26.688000000000002,31.035427165976323,0.905722555632559,7.805227580335078,14.813789373703727,29.843770289092472,49.50370758363347,64.26602710080522,0.99609375,0.99609375,0.00390625,256,19.609572151574852,1.0,1.0,0.060193473237096846,0.1142585501440147,1.52587890625e-05,
demo-rising_cpl-884000,rising_cpl,dynamic_hierarchy,63,hold_current,74ecba7486b6658eee2daa08118f41a5d9bce0f2cd18333f8ca11d9507f1550b,established_b-b070,established_b,70,-7,next_purchase,180,100,28.031999999999996,35.94724753523677,1.0351696534073975,5.971438272444623,15.46167240748959,35.78551324169477,56.475358357948835,69.74850573254902,1.0,1.0,0.0,256,6.314023700536313,1.0,0.0,0.20464897684471076,0.29633223834700456,0.0,0.0
demo-rising_cpl-884000,rising_cpl,static_hierarchy,91,hold_current,1448eca5b77c4647a74ec1b94d71022829f50827a73f70376e0bfe95f3ea4e2d,established_a-b000,established_a,0,91,first,180,100,18.0,5.1943216864103405,0.1464627259812703,1.5300258081893157,2.2802818870579866,4.892622708940317,8.254563229197295,10.52331552017661,1.0,1.0,0.0,256,1.6134421428794912,1.0,0.0,0.023098630183336365,0.03580879543530849,0.0,
demo-rising_cpl-884000,rising_cpl,static_hierarchy,91,hold_current,1448eca5b77c4647a74ec1b94d71022829f50827a73f70376e0bfe95f3ea4e2d,established_a-b084,established_a,84,7,newest,180,100,24.048000000000002,-5.249913542171582,0.32352317434423905,-13.62268419067251,-11.883702726717086,-5.851545006953508,1.8276136566506374,4.928707990817093,0.15625,0.21875,0.78125,256,-18.8095785063561,0.0,0.0,0.10658431030358032,0.13559664964184517,0.0244140625,
demo-rising_cpl-884000,rising_cpl,static_hierarchy,91,hold_current,1448eca5b77c4647a74ec1b94d71022829f50827a73f70376e0bfe95f3ea4e2d,established_a-b098,established_a,98,-7,next_purchase,180,100,25.055999999999994,-1.5837873057386966,0.3808099571445348,-12.985194892996484,-9.249348515417381,-1.3361055163348006,6.092849719230333,9.674095385337175,0.40234375,0.48046875,0.51953125,256,-12.543996673459768,1.0,0.0,0.07603106266127872,0.1096020936772107,0.1618804931640625,0.0
demo-rising_cpl-884000,rising_cpl,static_hierarchy,91,hold_current,1448eca5b77c4647a74ec1b94d71022829f50827a73f70376e0bfe95f3ea4e2d,established_b-b000,established_b,0,91,first,180,100,24.0,44.55505448802394,0.23356972079519772,37.802421437878344,40.03595507039805,44.220813422673544,49.31568014541249,52.60755520869323,1.0,1.0,0.0,256,36.21392675813992,0.0,0.0,0.06246567280252286,0.08341127729884022,0.0,
demo-rising_cpl-884000,rising_cpl,static_hierarchy,91,hold_current,1448eca5b77c4647a74ec1b94d71022829f50827a73f70376e0bfe95f3ea4e2d,established_b-b084,established_b,84,7,newest,180,100,32.064,22.362492850422875,0.6111996725811254,5.692376092207692,10.238948908108878,21.951133263230226,34.023008688180106,45.22410216520051,0.99609375,0.99609375,0.00390625,256,15.36036790966869,1.0,1.0,0.039017226243385626,0.07002124940754184,1.52587890625e-05,
demo-rising_cpl-884000,rising_cpl,static_hierarchy,91,hold_current,1448eca5b77c4647a74ec1b94d71022829f50827a73f70376e0bfe95f3ea4e2d,established_b-b098,established_b,98,-7,next_purchase,180,100,33.408,25.249397043934934,0.6979860131721857,5.8223576551304355,9.949573648405696,24.59265468638574,40.12956635512286,47.89737697465348,0.99609375,1.0,0.0,256,-0.26134486597795026,0.0,0.0,0.19165943776336505,0.2551074190991288,0.9922027587890625,0.0026134486597795027
demo-rising_cpl-884000,rising_cpl,dynamic_hierarchy,91,hold_current,1448eca5b77c4647a74ec1b94d71022829f50827a73f70376e0bfe95f3ea4e2d,established_a-b000,established_a,0,91,first,180,100,18.0,5.019185145661467,0.15882509790921023,0.8395501550880073,1.8746339110698074,4.6498456969934825,8.21268630078233,10.075499935191964,0.99609375,1.0,0.0,256,1.6134421428794912,1.0,0.0,0.020945071838231924,0.03405743002781976,1.52587890625e-05,
demo-rising_cpl-884000,rising_cpl,dynamic_hierarchy,91,hold_current,1448eca5b77c4647a74ec1b94d71022829f50827a73f70376e0bfe95f3ea4e2d,established_a-b084,established_a,84,7,newest,180,100,24.048000000000002,-6.095649360488897,0.3900008392959616,-17.151591814244064,-14.135434929023809,-5.931839664994502,1.6099275598287015,7.004056168766226,0.14453125,0.21875,0.78125,256,-18.8095785063561,0.0,0.0,0.09251553500193051,0.12713929145867203,0.0208892822265625,
demo-rising_cpl-884000,rising_cpl,dynamic_hierarchy,91,hold_current,1448eca5b77c4647a74ec1b94d71022829f50827a73f70376e0bfe95f3ea4e2d,established_a-b098,established_a,98,-7,next_purchase,180,100,25.055999999999994,-3.3839805543723864,0.4704798638771405,-14.649914109265882,-12.20283627776478,-3.6280148435618234,4.6575740393176925,13.896251137487155,0.30078125,0.36328125,0.63671875,256,-12.543996673459768,1.0,0.0,0.053737466918942066,0.0916001611908738,0.0904693603515625,0.0
demo-rising_cpl-884000,rising_cpl,dynamic_hierarchy,91,hold_current,1448eca5b77c4647a74ec1b94d71022829f50827a73f70376e0bfe95f3ea4e2d,established_b-b000,established_b,0,91,first,180,100,24.0,43.09713761682071,0.3102293677778222,34.993986099378816,37.40540483974705,42.39516201888934,49.056512401831064,53.76414600180578,1.0,1.0,0.0,256,36.21392675813992,1.0,0.0,0.04335604044848689,0.06883210858680791,0.0,
demo-rising_cpl-884000,rising_cpl,dynamic_hierarchy,91,hold_current,1448eca5b77c4647a74ec1b94d71022829f50827a73f70376e0bfe95f3ea4e2d,established_b-b084,established_b,84,7,newest,180,100,32.064,19.147394385615826,0.7672908893814305,-1.491057914480089,5.285079725547639,18.113204265732914,33.75427695584296,45.212576781117455,0.94921875,0.9609375,0.0390625,256,15.36036790966869,1.0,1.0,0.03240287142902743,0.03787026475947135,0.0025787353515625,
demo-rising_cpl-884000,rising_cpl,dynamic_hierarchy,91,hold_current,1448eca5b77c4647a74ec1b94d71022829f50827a73f70376e0bfe95f3ea4e2d,established_b-b098,established_b,98,-7,next_purchase,180,100,33.408,22.193624262424354,1.130881490761495,-5.357019764137487,0.7596847688941075,20.665625218759576,41.55817527055643,62.08027615902287,0.9140625,0.94140625,0.05859375,256,-0.26134486597795026,1.0,0.0,0.13615910026125905,0.22454969128402305,0.83551025390625,0.0026134486597795027
demo-rising_cpl-884000,rising_cpl,static_hierarchy,119,hold_current,5592aef137a7aa56cf0525f09eac106dddd3b4174631e2e7b0d040a29160846d,established_a-b000,established_a,0,119,first,180,100,18.0,4.296002485940257,0.10357930594375202,1.5600930219707587,2.327088726447199,4.176748069283411,6.379949620515223,8.05549959054554,1.0,1.0,0.0,256,1.6134421428794912,1.0,0.0,0.01778114467557235,0.02682560343060765,0.0,
demo-rising_cpl-884000,rising_cpl,static_hierarchy,119,hold_current,5592aef137a7aa56cf0525f09eac106dddd3b4174631e2e7b0d040a29160846d,established_a-b112,established_a,112,7,newest,180,100,28.080000000000002,-9.65182309968925,0.30254628572293907,-18.30353259077682,-15.744111823212883,-10.281163799336214,-3.4489125392520172,1.6526544009545678,0.0390625,0.05859375,0.94140625,256,-16.861568583553417,1.0,0.0,0.04657565588389815,0.07209745483864168,0.00152587890625,
demo-rising_cpl-884000,rising_cpl,static_hierarchy,119,hold_current,5592aef137a7aa56cf0525f09eac106dddd3b4174631e2e7b0d040a29160846d,established_a-b126,established_a,126,-7,next_purchase,180,100,29.088,-9.512687847492654,0.33242585241566386,-18.31557814495338,-16.288412864908317,-10.415774693585806,-2.547239831580903,1.8134294173187206,0.05859375,0.08203125,0.91796875,256,-22.721850497896103,0.0,0.0,0.10252014261234187,0.1320916265040345,0.0034332275390625,0.0
demo-rising_cpl-884000,rising_cpl,static_hierarchy,119,hold_current,5592aef137a7aa56cf0525f09eac106dddd3b4174631e2e7b0d040a29160846d,established_b-b000,established_b,0,119,first,180,100,24.0,41.52536905290166,0.16990690464377972,36.914665357495394,38.35023981108399,41.33288053239161,44.874802401279865,47.800480395413125,1.0,1.0,0.0,256,36.21392675813992,0.0,0.0,0.03841592745895543,0.053114422947617396,0.0,
demo-rising_cpl-884000,rising_cpl,static_hierarchy,119,hold_current,5592aef137a7aa56cf0525f09eac106dddd3b4174631e2e7b0d040a29160846d,established_b-b112,established_b,112,7,newest,180,100,37.44,6.242099300446257,0.6056679275813258,-9.41105621560125,-5.688014343513657,5.198925139031811,19.489482657109637,26.45019118101765,0.71875,0.79296875,0.20703125,256,-6.855586321581067,1.0,0.0,0.08014380985644458,0.13097685622027325,0.5166015625,
demo-rising_cpl-884000,rising_cpl,static_hierarchy,119,hold_current,5592aef137a7aa56cf0525f09eac106dddd3b4174631e2e7b0d040a29160846d,established_b-b126,established_b,126,-7,next_purchase,180,100,38.784,12.75839543263346,0.7575258686083417,-9.751280263338769,-2.469854092302139,12.18895752424335,25.947374029649588,43.385180031751524,0.87109375,0.90625,0.09375,256,-20.198782931621782,0.0,0.0,0.2635350071143019,0.3295717836425524,0.7588043212890625,0.2019878293162178
demo-rising_cpl-884000,rising_cpl,dynamic_hierarchy,119,hold_current,5592aef137a7aa56cf0525f09eac106dddd3b4174631e2e7b0d040a29160846d,established_a-b000,established_a,0,119,first,180,100,18.0,3.218852114481442,0.08159638846361356,1.245242691427063,1.6992256534697656,3.028473242018908,5.11010547370695,6.222452709725719,1.0,1.0,0.0,256,1.6134421428794912,1.0,0.0,0.009445261894374888,0.01605409971601951,0.0,
demo-rising_cpl-884000,rising_cpl,dynamic_hierarchy,119,hold_current,5592aef137a7aa56cf0525f09eac106dddd3b4174631e2e7b0d040a29160846d,established_a-b112,established_a,112,7,newest,180,100,28.080000000000002,-13.684650393648251,0.3628803771207797,-22.978913421287064,-21.008601938021318,-14.365335645935735,-5.692528301122929,-1.0386744727536539,0.0234375,0.03515625,0.96484375,256,-16.861568583553417,1.0,1.0,0.018146483354245343,0.03176918189905166,0.00054931640625,
demo-rising_cpl-884000,rising_cpl,dynamic_hierarchy,119,hold_current,5592aef137a7aa56cf0525f09eac106dddd3b4174631e2e7b0d040a29160846d,established_a-b126,established_a,126,-7,next_purchase,180,100,29.088,-12.97886224321587,0.4384791862806268,-23.387563168497604,-20.696435464885123,-13.598198953293448,-4.305280748989944,6.543579354146281,0.05859375,0.07421875,0.92578125,256,-22.721850497896103,1.0,0.0,0.06053707752716619,0.09742988254680233,0.0034332275390625,0.0
demo-rising_cpl-884000,rising_cpl,dynamic_hierarchy,119,hold_current,5592aef137a7aa56cf0525f09eac106dddd3b4174631e2e7b0d040a29160846d,established_b-b000,established_b,0,119,first,180,100,24.0,38.44856091707263,0.16789520450177883,34.677398359079106,35.31086760380347,38.14320907587819,42.01528208237434,45.431265202458974,1.0,1.0,0.0,256,36.21392675813992,1.0,1.0,0.011406885480592743,0.022346341589327138,0.0,
demo-rising_cpl-884000,rising_cpl,dynamic_hierarchy,119,hold_current,5592aef137a7aa56cf0525f09eac106dddd3b4174631e2e7b0d040a29160846d,established_b-b112,established_b,112,7,newest,180,100,37.44,-3.635277219956292,0.6415013991552323,-21.29952760447499,-14.654185701302376,-4.971289507983126,7.106455079866187,22.930179604135883,0.3125,0.421875,0.578125,256,-6.855586321581067,1.0,1.0,0.022943726318119913,0.03220309101624775,0.09765625,
demo-rising_cpl-884000,rising_cpl,dynamic_hierarchy,119,hold_current,5592aef137a7aa56cf0525f09eac106dddd3b4174631e2e7b0d040a29160846d,established_b-b126,established_b,126,-7,next_purchase,180,100,38.784,3.437309095954716,0.8824077934768634,-19.405784189030243,-12.309103837963855,1.2110598776585881,20.739970180050687,37.15415486387812,0.5390625,0.625,0.375,256,-20.198782931621782,0.0,0.0,0.16213061491656794,0.236360920275765,0.29058837890625,0.2019878293162178
demo-rising_cpl-884000,rising_cpl,dynamic_hierarchy,119,fixed_price,5592aef137a7aa56cf0525f09eac106dddd3b4174631e2e7b0d040a29160846d,established_a-b000,established_a,0,119,first,180,100,18.0,4.57551734802711,0.1096528342932001,1.7275854508661346,2.4286330743000466,4.3329385516022985,7.056010930665041,8.250167709025623,1.0,1.0,0.0,256,1.6134421428794912,0.0,0.0,0.019996475442961917,0.029620752051476185,0.0,
demo-rising_cpl-884000,rising_cpl,dynamic_hierarchy,119,fixed_price,5592aef137a7aa56cf0525f09eac106dddd3b4174631e2e7b0d040a29160846d,established_a-b112,established_a,112,7,newest,180,100,28.080000000000002,-5.751312163373561,0.4408436926699307,-18.383847914103498,-13.520622520826723,-6.38583587919884,3.2804898223768912,9.860809801005356,0.16796875,0.22265625,0.77734375,256,-16.861568583553417,1.0,0.0,0.0747318806552876,0.11110256420179855,0.0282135009765625,
demo-rising_cpl-884000,rising_cpl,dynamic_hierarchy,119,fixed_price,5592aef137a7aa56cf0525f09eac106dddd3b4174631e2e7b0d040a29160846d,established_a-b126,established_a,126,-7,next_purchase,180,100,29.088,-2.84508751284274,0.5138234174801692,-15.720284044993306,-12.776491126344977,-3.0747898891959107,6.194020730786196,14.221565936933347,0.34375,0.39453125,0.60546875,256,-22.721850497896103,0.0,0.0,0.1536832572104693,0.19876762985053362,0.1181640625,0.0
demo-rising_cpl-884000,rising_cpl,dynamic_hierarchy,119,fixed_price,5592aef137a7aa56cf0525f09eac106dddd3b4174631e2e7b0d040a29160846d,established_b-b000,established_b,0,119,first,180,100,24.0,41.785848356931616,0.20742298170831935,36.61552172392662,38.04727382704293,41.20572326079436,45.95171296346566,48.89941811572354,1.0,1.0,0.0,256,36.21392675813992,0.0,0.0,0.037502732444769864,0.055719215987916966,0.0,
demo-rising_cpl-884000,rising_cpl,dynamic_hierarchy,119,fixed_price,5592aef137a7aa56cf0525f09eac106dddd3b4174631e2e7b0d040a29160846d,established_b-b112,established_b,112,7,newest,180,100,37.44,13.228391982235948,0.7339055078060057,-7.638730579920653,-0.8518487886434869,11.976806035891158,29.340624907870627,37.902467090327086,0.88671875,0.91796875,0.08203125,256,-6.855586321581067,1.0,0.0,0.13612478524084964,0.20083978303817016,0.7862701416015625,
demo-rising_cpl-884000,rising_cpl,dynamic_hierarchy,119,fixed_price,5592aef137a7aa56cf0525f09eac106dddd3b4174631e2e7b0d040a29160846d,established_b-b126,established_b,126,-7,next_purchase,180,100,38.784,26.656512272517773,1.0485554788258844,-1.417735201798684,7.350404596899427,25.52724522099149,46.03749415525998,63.638012882710676,0.95703125,0.9765625,0.0234375,256,-20.198782931621782,0.0,0.0,0.3754042093864949,0.4685529520413955,0.9159088134765625,0.2019878293162178
demo-rising_cpl-884000,rising_cpl,dynamic_hierarchy,119,continue_recent_trend,5592aef137a7aa56cf0525f09eac106dddd3b4174631e2e7b0d040a29160846d,established_a-b000,established_a,0,119,first,180,100,18.0,2.9424385075189674,0.08250685223676306,1.0868404994816685,1.4245994477198423,2.724271567076231,4.951712518098869,6.092378255098106,1.0,1.0,0.0,256,1.6134421428794912,1.0,1.0,0.006909549411622033,0.013289963646394762,0.0,
demo-rising_cpl-884000,rising_cpl,dynamic_hierarchy,119,continue_recent_trend,5592aef137a7aa56cf0525f09eac106dddd3b4174631e2e7b0d040a29160846d,established_a-b112,established_a,112,7,newest,180,100,28.080000000000002,-16.409968673048002,0.5571296562162464,-26.582360960766163,-24.317672193069804,-18.30600634318771,-7.298476312205848,4.1911607424621256,0.03515625,0.06640625,0.93359375,256,-16.861568583553417,1.0,1.0,0.015734898679661338,0.004515999105054149,0.0012359619140625,
demo-rising_cpl-884000,rising_cpl,dynamic_hierarchy,119,continue_recent_trend,5592aef137a7aa56cf0525f09eac106dddd3b4174631e2e7b0d040a29160846d,established_a-b126,established_a,126,-7,next_purchase,180,100,29.088,-16.454984513389668,0.5716564195386712,-27.85896186269365,-25.223364102775918,-18.298153330735673,-4.953318417310642,8.100623742758922,0.0546875,0.06640625,0.93359375,256,-22.721850497896103,1.0,1.0,0.028569893746118798,0.06266865984506435,0.00299072265625,0.0
demo-rising_cpl-884000,rising_cpl,dynamic_hierarchy,119,continue_recent_trend,5592aef137a7aa56cf0525f09eac106dddd3b4174631e2e7b0d040a29160846d,established_b-b000,established_b,0,119,first,180,100,24.0,37.88506519693901,0.18621923235946522,33.48466177465011,34.55718111380976,37.628052655065645,41.48262919185424,45.08108777745821,1.0,1.0,0.0,256,36.21392675813992,1.0,1.0,0.008832841279825586,0.016711384387990903,0.0,
demo-rising_cpl-884000,rising_cpl,dynamic_hierarchy,119,continue_recent_trend,5592aef137a7aa56cf0525f09eac106dddd3b4174631e2e7b0d040a29160846d,established_b-b112,established_b,112,7,newest,180,100,37.44,-9.088027488982672,0.9373653872609121,-30.386739282740052,-23.733781526746725,-12.29648214711653,11.097746987122697,27.15423608592371,0.19921875,0.2265625,0.7734375,256,-6.855586321581067,1.0,1.0,0.03862871126135379,0.022324411674016043,0.0396881103515625,
demo-rising_cpl-884000,rising_cpl,dynamic_hierarchy,119,continue_recent_trend,5592aef137a7aa56cf0525f09eac106dddd3b4174631e2e7b0d040a29160846d,established_b-b126,established_b,126,-7,next_purchase,180,100,38.784,-3.6066161022112855,1.4472156664089673,-30.348518572159747,-23.653134951765768,-8.387509454066349,16.856615343799177,47.92000155625533,0.3203125,0.3359375,0.6640625,256,-20.198782931621782,1.0,1.0,0.0765129577181062,0.16592166829410496,0.10260009765625,0.0
demo-human_decline_bot_rise-884000,human_decline_bot_rise,static_hierarchy,35,hold_current,104bab93ab56e8abf184985ead4999118118686c53d55b1f4189672ae3a6f1db,established_a-b000,established_a,0,35,first,180,100,18.0,14.90177130208411,0.4285144074598563,3.356439238376922,6.9248382893953995,14.622933089932012,23.927346763818896,29.13833405408848,1.0,1.0,0.0,256,0.08634594287793948,0.0,0.0,0.10998569685404863,0.14815425359206172,0.0,
demo-human_decline_bot_rise-884000,human_decline_bot_rise,static_hierarchy,35,hold_current,104bab93ab56e8abf184985ead4999118118686c53d55b1f4189672ae3a6f1db,established_a-b028,established_a,28,7,newest,180,100,18.0,15.303012539930837,0.8174560707856633,-3.4404054921985394,1.8614698831579943,13.645378851096838,29.959059867568655,45.491600075524374,0.9296875,0.94921875,0.05078125,256,-1.285763591153626,1.0,0.0,0.09975640888407461,0.16588776131084462,0.86431884765625,
demo-human_decline_bot_rise-884000,human_decline_bot_rise,static_hierarchy,35,hold_current,104bab93ab56e8abf184985ead4999118118686c53d55b1f4189672ae3a6f1db,established_a-b042,established_a,42,-7,next_purchase,180,100,18.0,16.44587717560477,1.2507140565949593,-9.797663512580192,-2.009316147358419,12.899053308752887,41.11192081960188,61.82872153707226,0.84765625,0.8671875,0.1328125,256,-7.1258352343073295,1.0,0.0,0.13886419124656219,0.23571712409912102,0.7185211181640625,0.07125835234307329
demo-human_decline_bot_rise-884000,human_decline_bot_rise,static_hierarchy,35,hold_current,104bab93ab56e8abf184985ead4999118118686c53d55b1f4189672ae3a6f1db,established_b-b000,established_b,0,35,first,180,100,24.0,43.018735285832086,0.5908688519798551,26.089053436214577,31.642991183182286,42.93251244339412,54.330384424166546,60.5176559900603,1.0,1.0,0.0,256,20.253836944723584,0.0,0.0,0.17528890173585046,0.22764898341108503,0.0,
demo-human_decline_bot_rise-884000,human_decline_bot_rise,static_hierarchy,35,hold_current,104bab93ab56e8abf184985ead4999118118686c53d55b1f4189672ae3a6f1db,established_b-b028,established_b,28,7,newest,180,100,24.0,36.98563973455967,1.3054119640236392,7.2329609781567425,14.98728364998248,35.59660917128518,60.37898268075422,78.29421995114,0.99609375,1.0,0.0,256,16.22920401773897,1.0,1.0,0.11655408117761974,0.207564357168207,1.52587890625e-05,
demo-human_decline_bot_rise-884000,human_decline_bot_rise,static_hierarchy,35,hold_current,104bab93ab56e8abf184985ead4999118118686c53d55b1f4189672ae3a6f1db,established_b-b042,established_b,42,-7,next_purchase,180,100,24.0,41.278679598053316,2.2763181267317707,-0.6759524622566491,8.338090505181349,37.05854316384753,77.69321138282542,110.00012122134146,0.97265625,0.9765625,0.0234375,256,13.284382936582958,1.0,1.0,0.13993278601579334,0.2799429666147036,0.0007476806640625,0.0
demo-human_decline_bot_rise-884000,human_decline_bot_rise,dynamic_hierarchy,35,hold_current,104bab93ab56e8abf184985ead4999118118686c53d55b1f4189672ae3a6f1db,established_a-b000,established_a,0,35,first,180,100,18.0,15.1718847120628,0.4920160251791721,3.5422101492633016,6.4982377401381655,13.6598230129243,24.896360793675278,34.60614243851515,0.99609375,0.99609375,0.00390625,256,0.08634594287793948,0.0,0.0,0.10834789204380123,0.1508553876918486,1.52587890625e-05,
demo-human_decline_bot_rise-884000,human_decline_bot_rise,dynamic_hierarchy,35,hold_current,104bab93ab56e8abf184985ead4999118118686c53d55b1f4189672ae3a6f1db,established_a-b028,established_a,28,7,newest,180,100,18.0,17.702504676458766,0.8934706898525742,-4.810714870487914,1.5509247172635376,15.421427863590832,37.43594612900226,51.883933373906885,0.92578125,0.9453125,0.0546875,256,-1.285763591153626,1.0,0.0,0.11568969092047904,0.1898826826761239,0.8570709228515625,
demo-human_decline_bot_rise-884000,human_decline_bot_rise,dynamic_hierarchy,35,hold_current,104bab93ab56e8abf184985ead4999118118686c53d55b1f4189672ae3a6f1db,established_a-b042,established_a,42,-7,next_purchase,180,100,18.0,16.42248224807845,0.9954556616892566,-7.495666833427279,0.11770737751289495,14.31922219686954,34.599574363776924,58.43973253122344,0.90234375,0.9140625,0.0859375,256,-7.1258352343073295,1.0,0.0,0.15201714961302845,0.23548317482385778,0.8142242431640625,0.07125835234307329
demo-human_decline_bot_rise-884000,human_decline_bot_rise,dynamic_hierarchy,35,hold_current,104bab93ab56e8abf184985ead4999118118686c53d55b1f4189672ae3a6f1db,established_b-b000,established_b,0,35,first,180,100,24.0,43.27708898830598,0.71171669398551,26.287789028258782,30.150726179698683,41.734110238423455,58.01642889535084,71.13574770519338,1.0,1.0,0.0,256,20.253836944723584,0.0,0.0,0.16769967482168863,0.23023252043582393,0.0,
demo-human_decline_bot_rise-884000,human_decline_bot_rise,dynamic_hierarchy,35,hold_current,104bab93ab56e8abf184985ead4999118118686c53d55b1f4189672ae3a6f1db,established_b-b028,established_b,28,7,newest,180,100,24.0,39.8289590362931,1.52675650557876,6.767179671281106,14.779501582065738,37.582271404079364,66.14284634534076,90.13518383735881,0.99609375,0.99609375,0.00390625,256,16.22920401773897,1.0,1.0,0.12924512443521463,0.2359975501855413,1.52587890625e-05,
demo-human_decline_bot_rise-884000,human_decline_bot_rise,dynamic_hierarchy,35,hold_current,104bab93ab56e8abf184985ead4999118118686c53d55b1f4189672ae3a6f1db,established_b-b042,established_b,42,-7,next_purchase,180,100,24.0,42.84791460675705,1.8880653871966555,1.2481162899551141,10.735723748842283,37.459227288954565,81.04340667865496,122.0376013035459,0.98046875,0.98046875,0.01953125,256,13.284382936582958,1.0,1.0,0.1531754103782643,0.2956353167017409,0.0003814697265625,0.0
demo-human_decline_bot_rise-884000,human_decline_bot_rise,static_hierarchy,63,hold_current,02e6cd37831727e0ff958a5c146d09f990ad451ecaf4f25409f26d3a5f7cc04d,established_a-b000,established_a,0,63,first,180,100,18.0,9.041168405467268,0.2391245512508641,2.4266943005373287,4.205189712623085,8.732225105988748,14.243146185217693,16.79002714847153,1.0,1.0,0.0,256,0.08634594287793948,0.0,0.0,0.068002822534733,0.08954822462589329,0.0,
demo-human_decline_bot_rise-884000,human_decline_bot_rise,static_hierarchy,63,hold_current,02e6cd37831727e0ff958a5c146d09f990ad451ecaf4f25409f26d3a5f7cc04d,established_a-b056,established_a,56,7,newest,180,100,20.016000000000002,8.318130928619876,0.49506417657040797,-5.375430061852804,-1.4050436098876062,7.818103098928404,18.57015360644482,26.538212806999706,0.85546875,0.87890625,0.12109375,256,-8.325607905420874,0.0,0.0,0.12270820480061972,0.1664373883404075,0.7318267822265625,
demo-human_decline_bot_rise-884000,human_decline_bot_rise,static_hierarchy,63,hold_current,02e6cd37831727e0ff958a5c146d09f990ad451ecaf4f25409f26d3a5f7cc04d,established_a-b070,established_a,70,-7,next_purchase,180,100,21.023999999999997,9.90560528618453,0.641079998469163,-6.631183284820568,-2.1112332914333702,8.882426147523786,23.486061268193005,35.1617197192417,0.859375,0.875,0.125,256,-14.805262562871253,0.0,0.0,0.19150343251396038,0.24710867849055781,0.738525390625,0.14805262562871252
demo-human_decline_bot_rise-884000,human_decline_bot_rise,static_hierarchy,63,hold_current,02e6cd37831727e0ff958a5c146d09f990ad451ecaf4f25409f26d3a5f7cc04d,established_b-b000,established_b,0,63,first,180,100,24.0,38.180755408240564,0.3375358281465026,29.405677963210536,31.587871630778416,37.90319713310087,45.64184278433206,49.93857933683381,1.0,1.0,0.0,256,20.253836944723584,0.0,0.0,0.1489407324946864,0.1792691846351698,0.0,
demo-human_decline_bot_rise-884000,human_decline_bot_rise,static_hierarchy,63,hold_current,02e6cd37831727e0ff958a5c146d09f990ad451ecaf4f25409f26d3a5f7cc04d,established_b-b056,established_b,56,7,newest,180,100,26.688000000000002,29.36456773268482,0.8936857259457909,1.1651133046924556,10.86072585698204,28.762201035194103,46.87240912255379,55.76248967930046,0.98828125,0.99609375,0.00390625,256,5.192927765541413,1.0,0.0,0.16597248579835416,0.24171639967143407,0.0001373291015625,
demo-human_decline_bot_rise-884000,human_decline_bot_rise,static_hierarchy,63,hold_current,02e6cd37831727e0ff958a5c146d09f990ad451ecaf4f25409f26d3a5f7cc04d,established_b-b070,established_b,70,-7,next_purchase,180,100,28.031999999999996,34.961006237460424,1.0961861216527204,5.555236331825777,15.764787141135486,33.21477979797315,56.53369116569582,78.88502632684535,0.98828125,0.9921875,0.0078125,256,0.2145164782537603,0.0,0.0,0.25498425844189604,0.3474648975920666,0.0001373291015625,0.0
demo-human_decline_bot_rise-884000,human_decline_bot_rise,dynamic_hierarchy,63,hold_current,02e6cd37831727e0ff958a5c146d09f990ad451ecaf4f25409f26d3a5f7cc04d,established_a-b000,established_a,0,63,first,180,100,18.0,8.984333055492243,0.2766468564344182,2.4826275017269333,4.145543403184007,8.3857854954939,14.421425365959848,18.65404731721896,0.99609375,1.0,0.0,256,0.08634594287793948,0.0,0.0,0.06487363226067881,0.08897987112614304,1.52587890625e-05,
demo-human_decline_bot_rise-884000,human_decline_bot_rise,dynamic_hierarchy,63,hold_current,02e6cd37831727e0ff958a5c146d09f990ad451ecaf4f25409f26d3a5f7cc04d,established_a-b056,established_a,56,7,newest,180,100,20.016000000000002,7.660934457388681,0.5692937798591674,-5.815649401003915,-2.0863583861233934,5.921696459676724,19.101661009388284,28.114147001735432,0.79296875,0.8359375,0.1640625,256,-8.325607905420874,0.0,0.0,0.11030157745504975,0.15986542362809555,0.6287994384765625,
demo-human_decline_bot_rise-884000,human_decline_bot_rise,dynamic_hierarchy,63,hold_current,02e6cd37831727e0ff958a5c146d09f990ad451ecaf4f25409f26d3a5f7cc04d,established_a-b070,established_a,70,-7,next_purchase,180,100,21.023999999999997,8.806325981170925,0.6858892085136992,-6.614332224330389,-2.6222578235363105,7.465333047765849,23.61138485433123,34.17728233131949,0.7890625,0.83984375,0.16015625,256,-14.805262562871253,0.0,0.0,0.17714144516118555,0.23611588544042178,0.62261962890625,0.14805262562871252
demo-human_decline_bot_rise-884000,human_decline_bot_rise,dynamic_hierarchy,63,hold_current,02e6cd37831727e0ff958a5c146d09f990ad451ecaf4f25409f26d3a5f7cc04d,established_b-b000,established_b,0,63,first,180,100,24.0,38.59810923543324,0.41949413632633015,26.617686681166496,30.589351990303367,38.091065370130536,47.433237503919415,52.96541053285964,1.0,1.0,0.0,256,20.253836944723584,0.0,0.0,0.14626596721608842,0.18344272290709657,0.0,
demo-human_decline_bot_rise-884000,human_decline_bot_rise,dynamic_hierarchy,63,hold_current,02e6cd37831727e0ff958a5c146d09f990ad451ecaf4f25409f26d3a5f7cc04d,established_b-b056,established_b,56,7,newest,180,100,26.688000000000002,28.248654522144253,0.9607891858940202,2.0775470591510854,10.70800749764707,26.885923920169187,47.59412341641327,62.90861926380625,0.98828125,0.98828125,0.01171875,256,5.192927765541413,1.0,0.0,0.15054895894747777,0.2305572675660284,0.0001373291015625,
demo-human_decline_bot_rise-884000,human_decline_bot_rise,dynamic_hierarchy,63,hold_current,02e6cd37831727e0ff958a5c146d09f990ad451ecaf4f25409f26d3a5f7cc04d,established_b-b070,established_b,70,-7,next_purchase,180,100,28.031999999999996,38.43366558350335,1.297888310939854,6.274183339019952,17.685416088652993,36.31898758521506,63.22024969517531,93.72208620087845,0.98828125,0.9921875,0.0078125,256,0.2145164782537603,0.0,0.0,0.272715152593606,0.38219149105249584,0.0001373291015625,0.0
demo-human_decline_bot_rise-884000,human_decline_bot_rise,static_hierarchy,91,hold_current,169ff3403f5a2d8321ad8c1b6c16e9e47558ff350c1b505961d6c45ff1deb0c7,established_a-b000,established_a,0,91,first,180,100,18.0,9.938110359379685,0.19068193939194522,4.534971988351366,6.2317266403884535,9.611310111924755,13.874482836392236,16.3895471743446,1.0,1.0,0.0,256,0.08634594287793948,0.0,0.0,0.08146228422767689,0.09851764416501746,0.0,
demo-human_decline_bot_rise-884000,human_decline_bot_rise,static_hierarchy,91,hold_current,169ff3403f5a2d8321ad8c1b6c16e9e47558ff350c1b505961d6c45ff1deb0c7,established_a-b084,established_a,84,7,newest,180,100,24.048000000000002,1.9403409607362818,0.42230969035085963,-9.75581656880229,-6.067145821636416,1.5646475580941246,11.027160680603131,15.32124028770697,0.6015625,0.62890625,0.37109375,256,-17.260912353998936,0.0,0.0,0.15403539509547642,0.1920125331473522,0.36187744140625,
demo-human_decline_bot_rise-884000,human_decline_bot_rise,static_hierarchy,91,hold_current,169ff3403f5a2d8321ad8c1b6c16e9e47558ff350c1b505961d6c45ff1deb0c7,established_a-b098,established_a,98,-7,next_purchase,180,100,25.055999999999994,4.732892369984347,0.4673751179104349,-8.931421997937134,-4.576417833965909,4.474637546641905,14.717321352985508,21.258936514928024,0.72265625,0.796875,0.203125,256,-19.121373561258633,0.0,0.0,0.19699234119069445,0.23854265931242977,0.5222320556640625,0.19121373561258634
demo-human_decline_bot_rise-884000,human_decline_bot_rise,static_hierarchy,91,hold_current,169ff3403f5a2d8321ad8c1b6c16e9e47558ff350c1b505961d6c45ff1deb0c7,established_b-b000,established_b,0,91,first,180,100,24.0,35.76676506560899,0.2699411191714776,28.01240992098313,30.07404074608274,35.9030837083301,41.33077307574097,44.32280281670307,1.0,1.0,0.0,256,20.253836944723584,0.0,0.0,0.13059664445895622,0.15512928120885408,0.0,
demo-human_decline_bot_rise-884000,human_decline_bot_rise,static_hierarchy,91,hold_current,169ff3403f5a2d8321ad8c1b6c16e9e47558ff350c1b505961d6c45ff1deb0c7,established_b-b084,established_b,84,7,newest,180,100,32.064,21.46992501650359,0.6782193522492102,2.4202188238932134,9.335976365618343,20.069518971086953,35.349645913621416,47.33442117401461,0.98828125,0.9921875,0.0078125,256,-3.1940328753737894,0.0,0.0,0.18637130934905904,0.2466395789187738,0.9766998291015625,
demo-human_decline_bot_rise-884000,human_decline_bot_rise,static_hierarchy,91,hold_current,169ff3403f5a2d8321ad8c1b6c16e9e47558ff350c1b505961d6c45ff1deb0c7,established_b-b098,established_b,98,-7,next_purchase,180,100,33.408,24.130503739599487,0.7630524663910518,3.023325679386101,9.414766612030988,22.89184974834051,40.104799292557956,50.083783998352665,0.9765625,0.984375,0.015625,256,-19.948062433890875,0.0,0.0,0.37226964658212547,0.4407856617349036,0.95367431640625,0.19948062433890876
demo-human_decline_bot_rise-884000,human_decline_bot_rise,dynamic_hierarchy,91,hold_current,169ff3403f5a2d8321ad8c1b6c16e9e47558ff350c1b505961d6c45ff1deb0c7,established_a-b000,established_a,0,91,first,180,100,18.0,10.93264837552874,0.27477527044188405,4.031539083412572,6.140741618534758,10.248676779069374,17.33092309522645,21.06448078550938,1.0,1.0,0.0,256,0.08634594287793948,0.0,0.0,0.08435081395977956,0.108463024326508,0.0,
demo-human_decline_bot_rise-884000,human_decline_bot_rise,dynamic_hierarchy,91,hold_current,169ff3403f5a2d8321ad8c1b6c16e9e47558ff350c1b505961d6c45ff1deb0c7,established_a-b084,established_a,84,7,newest,180,100,24.048000000000002,6.406892027399159,0.7992445873702464,-11.470191509396335,-7.501127998992235,4.66508106692315,22.429833318465548,32.21482985143464,0.6796875,0.7109375,0.2890625,256,-17.260912353998936,0.0,0.0,0.17033977920581767,0.23667804381398094,0.46197509765625,
demo-human_decline_bot_rise-884000,human_decline_bot_rise,dynamic_hierarchy,91,hold_current,169ff3403f5a2d8321ad8c1b6c16e9e47558ff350c1b505961d6c45ff1deb0c7,established_a-b098,established_a,98,-7,next_purchase,180,100,25.055999999999994,11.295864680607602,1.1934678668143004,-11.99118685647581,-5.956048356580448,8.54788231055883,28.097568782454942,48.16196743374214,0.7578125,0.8046875,0.1953125,256,-19.121373561258633,0.0,0.0,0.21584439417452342,0.30417238241866235,0.57427978515625,0.19121373561258634
demo-human_decline_bot_rise-884000,human_decline_bot_rise,dynamic_hierarchy,91,hold_current,169ff3403f5a2d8321ad8c1b6c16e9e47558ff350c1b505961d6c45ff1deb0c7,established_b-b000,established_b,0,91,first,180,100,24.0,38.320361257889516,0.4159831049701973,27.54622124317739,30.79954274950606,37.65811271240017,46.745653613841604,53.79791145744814,1.0,1.0,0.0,256,20.253836944723584,0.0,0.0,0.14431954592633822,0.18066524313165933,0.0,
demo-human_decline_bot_rise-884000,human_decline_bot_rise,dynamic_hierarchy,91,hold_current,169ff3403f5a2d8321ad8c1b6c16e9e47558ff350c1b505961d6c45ff1deb0c7,established_b-b084,established_b,84,7,newest,180,100,32.064,28.822651358399497,1.3315428686405608,-2.114434135694854,6.014592990430824,25.175895188840915,53.88722049571049,80.44157153799372,0.953125,0.9609375,0.0390625,256,-3.1940328753737894,0.0,0.0,0.2081599098886299,0.3201668423377329,0.908447265625,
demo-human_decline_bot_rise-884000,human_decline_bot_rise,dynamic_hierarchy,91,hold_current,169ff3403f5a2d8321ad8c1b6c16e9e47558ff350c1b505961d6c45ff1deb0c7,established_b-b098,established_b,98,-7,next_purchase,180,100,33.408,36.226200537135185,1.8335405963326,-2.375217105162059,6.857965999320665,32.78564366047061,67.9345803526584,110.4418049115296,0.9609375,0.96875,0.03125,256,-19.948062433890875,0.0,0.0,0.41094128115884276,0.5617426297102606,0.92340087890625,0.19948062433890876
demo-human_decline_bot_rise-884000,human_decline_bot_rise,static_hierarchy,119,hold_current,9d018b9de9fdf567d73f5985050e16b27d8e3d3b4c30531233e5677558244647,established_a-b000,established_a,0,119,first,180,100,18.0,7.079867702609512,0.15264617428931013,2.9178932524066457,4.497536006611645,6.839098437411112,10.223404407498249,12.487594955718654,1.0,1.0,0.0,256,0.08634594287793948,0.0,0.0,0.05650958239345515,0.06993521759731572,0.0,
demo-human_decline_bot_rise-884000,human_decline_bot_rise,static_hierarchy,119,hold_current,9d018b9de9fdf567d73f5985050e16b27d8e3d3b4c30531233e5677558244647,established_a-b112,established_a,112,7,newest,180,100,28.080000000000002,-2.4873974810096056,0.3989752724342468,-13.469868294418614,-10.348616458287948,-2.679808116752614,5.669260490692771,10.71563610601759,0.3359375,0.40625,0.59375,256,-19.97897467337865,0.0,0.0,0.13914654131995843,0.17491577192369046,0.11285400390625,
demo-human_decline_bot_rise-884000,human_decline_bot_rise,static_hierarchy,119,hold_current,9d018b9de9fdf567d73f5985050e16b27d8e3d3b4c30531233e5677558244647,established_a-b126,established_a,126,-7,next_purchase,180,100,29.088,-3.4913497132364997,0.40186700534544306,-13.368049341722612,-11.421896780325943,-4.147622466971251,5.27216332436215,9.14393440004518,0.28125,0.3359375,0.6640625,256,-24.54473458603748,0.0,0.0,0.1741787708814686,0.21053384872800984,0.0791015625,0.0
demo-human_decline_bot_rise-884000,human_decline_bot_rise,static_hierarchy,119,hold_current,9d018b9de9fdf567d73f5985050e16b27d8e3d3b4c30531233e5677558244647,established_b-b000,established_b,0,119,first,180,100,24.0,29.274165236603466,0.19095897503036882,24.076019535295302,25.609664189474415,29.13088333777966,32.98012720566754,35.338770653426415,1.0,1.0,0.0,256,20.253836944723584,0.0,0.0,0.07305050483427891,0.09020328291879881,0.0,
demo-human_decline_bot_rise-884000,human_decline_bot_rise,static_hierarchy,119,hold_current,9d018b9de9fdf567d73f5985050e16b27d8e3d3b4c30531233e5677558244647,established_b-b112,established_b,112,7,newest,180,100,37.44,8.091510916886618,0.5377840603344818,-6.862869346095577,-2.4830663953226733,7.4758802710518815,19.896204357060693,25.073935191377295,0.8359375,0.89453125,0.10546875,256,-22.457238470014644,0.0,0.0,0.2578937868070556,0.30548749386901264,0.69879150390625,
demo-human_decline_bot_rise-884000,human_decline_bot_rise,static_hierarchy,119,hold_current,9d018b9de9fdf567d73f5985050e16b27d8e3d3b4c30531233e5677558244647,established_b-b126,established_b,126,-7,next_purchase,180,100,38.784,8.641133826232748,0.6372547912604064,-9.134220540614823,-3.221688019653911,7.525808817255463,21.842438875357914,30.934490193909365,0.78515625,0.859375,0.140625,256,-20.905171548805995,0.0,0.0,0.23852595922015304,0.2954630537503874,0.6164703369140625,0.20905171548805995
demo-human_decline_bot_rise-884000,human_decline_bot_rise,dynamic_hierarchy,119,hold_current,9d018b9de9fdf567d73f5985050e16b27d8e3d3b4c30531233e5677558244647,established_a-b000,established_a,0,119,first,180,100,18.0,5.1998389770913835,0.12087122773890026,2.1130437765590604,2.799143018155606,4.978124371861712,7.91321187493253,9.537975640422019,1.0,1.0,0.0,256,0.08634594287793948,0.0,0.0,0.040335366060179505,0.051134930342134434,0.0,
demo-human_decline_bot_rise-884000,human_decline_bot_rise,dynamic_hierarchy,119,hold_current,9d018b9de9fdf567d73f5985050e16b27d8e3d3b4c30531233e5677558244647,established_a-b112,established_a,112,7,newest,180,100,28.080000000000002,-6.026166605394966,0.5641954761086259,-20.24182805728106,-15.809419546656187,-6.896245078772822,5.19147638625472,14.416607958528555,0.203125,0.26171875,0.73828125,256,-19.97897467337865,1.0,0.0,0.09133046368041824,0.13952808067983685,0.041259765625,
demo-human_decline_bot_rise-884000,human_decline_bot_rise,dynamic_hierarchy,119,hold_current,9d018b9de9fdf567d73f5985050e16b27d8e3d3b4c30531233e5677558244647,established_a-b126,established_a,126,-7,next_purchase,180,100,29.088,-6.730791713685723,0.6067341572692228,-20.63270228463302,-17.030736963498946,-8.757375085410072,6.959176576570748,14.812578054552683,0.1875,0.2421875,0.7578125,256,-24.54473458603748,0.0,0.0,0.12599444394948997,0.1781394287235176,0.03515625,0.0
demo-human_decline_bot_rise-884000,human_decline_bot_rise,dynamic_hierarchy,119,hold_current,9d018b9de9fdf567d73f5985050e16b27d8e3d3b4c30531233e5677558244647,established_b-b000,established_b,0,119,first,180,100,24.0,26.517959274086316,0.1873561051627821,22.09092066765455,23.137344623570215,26.086594543099153,29.940157362383584,33.07990020677375,1.0,1.0,0.0,256,20.253836944723584,0.0,0.0,0.047095811728811894,0.06264122329362731,0.0,
demo-human_decline_bot_rise-884000,human_decline_bot_rise,dynamic_hierarchy,119,hold_current,9d018b9de9fdf567d73f5985050e16b27d8e3d3b4c30531233e5677558244647,established_b-b112,established_b,112,7,newest,180,100,37.44,0.3793787221237341,0.7891596261652527,-17.310779838608894,-13.588289399579716,-1.5244613261571978,14.81023935870072,30.47913351938358,0.453125,0.53515625,0.46484375,256,-22.457238470014644,0.0,0.0,0.16059048058023748,0.22836617192138375,0.205322265625,
demo-human_decline_bot_rise-884000,human_decline_bot_rise,dynamic_hierarchy,119,hold_current,9d018b9de9fdf567d73f5985050e16b27d8e3d3b4c30531233e5677558244647,established_b-b126,established_b,126,-7,next_purchase,180,100,38.784,3.251495667587738,0.9525509009448161,-20.205177634624118,-14.327584649163843,0.19143760509015806,22.403740445773487,35.251717337706324,0.5078125,0.578125,0.421875,256,-20.905171548805995,0.0,0.0,0.1594000379516677,0.24156667216393732,0.25787353515625,0.20905171548805995
demo-human_decline_bot_rise-884000,human_decline_bot_rise,dynamic_hierarchy,119,fixed_price,9d018b9de9fdf567d73f5985050e16b27d8e3d3b4c30531233e5677558244647,established_a-b000,established_a,0,119,first,180,100,18.0,7.227512082620873,0.15249016819324418,3.355991909827209,4.132896794421724,6.92138748979227,10.466887591118018,12.978179190387742,1.0,1.0,0.0,256,0.08634594287793948,0.0,0.0,0.05795223472101155,0.07141166139742933,0.0,
demo-human_decline_bot_rise-884000,human_decline_bot_rise,dynamic_hierarchy,119,fixed_price,9d018b9de9fdf567d73f5985050e16b27d8e3d3b4c30531233e5677558244647,established_a-b112,established_a,112,7,newest,180,100,28.080000000000002,6.9584606712546275,0.7223496302582433,-8.962281079082604,-6.65715205774697,4.904148233775292,21.22924059079407,36.2904138522896,0.6953125,0.76171875,0.23828125,256,-19.97897467337865,0.0,0.0,0.2067111660208998,0.2693743534463328,0.48345947265625,
demo-human_decline_bot_rise-884000,human_decline_bot_rise,dynamic_hierarchy,119,fixed_price,9d018b9de9fdf567d73f5985050e16b27d8e3d3b4c30531233e5677558244647,established_a-b126,established_a,126,-7,next_purchase,180,100,29.088,9.174952448856585,0.8443364741676704,-9.276307921504632,-5.04049249357017,6.62758134264282,25.920920322595617,47.000949594931235,0.7265625,0.78515625,0.21484375,256,-24.54473458603748,0.0,0.0,0.2648240293080956,0.33719687034894064,0.52789306640625,0.2454473458603748
demo-human_decline_bot_rise-884000,human_decline_bot_rise,dynamic_hierarchy,119,fixed_price,9d018b9de9fdf567d73f5985050e16b27d8e3d3b4c30531233e5677558244647,established_b-b000,established_b,0,119,first,180,100,24.0,30.194556824598095,0.229367264225972,24.38388372175629,26.05492516823055,29.66659855007945,34.62799366256519,38.863849753355254,1.0,1.0,0.0,256,20.253836944723584,0.0,0.0,0.07939739217608227,0.0994071987987451,0.0,
demo-human_decline_bot_rise-884000,human_decline_bot_rise,dynamic_hierarchy,119,fixed_price,9d018b9de9fdf567d73f5985050e16b27d8e3d3b4c30531233e5677558244647,established_b-b112,established_b,112,7,newest,180,100,37.44,21.375916334841303,0.96106695198761,-2.960265127579091,3.2249579939732556,19.150929050837796,40.11382213041872,56.79554626465901,0.9453125,0.96484375,0.03515625,256,-22.457238470014644,0.0,0.0,0.35341672524128903,0.4383315480485595,0.89361572265625,
demo-human_decline_bot_rise-884000,human_decline_bot_rise,dynamic_hierarchy,119,fixed_price,9d018b9de9fdf567d73f5985050e16b27d8e3d3b4c30531233e5677558244647,established_b-b126,established_b,126,-7,next_purchase,180,100,38.784,30.57202310628669,1.2156039081718772,0.6221205596337551,8.331810349831304,27.60967685157096,57.1216543944039,76.49594127530486,0.98046875,0.984375,0.015625,256,-20.905171548805995,0.0,0.0,0.40782933830251467,0.5147719465509268,0.9613189697265625,0.20905171548805995
demo-human_decline_bot_rise-884000,human_decline_bot_rise,dynamic_hierarchy,119,continue_recent_trend,9d018b9de9fdf567d73f5985050e16b27d8e3d3b4c30531233e5677558244647,established_a-b000,established_a,0,119,first,180,100,18.0,5.839178609366751,0.16394699764818538,1.904553161373125,2.9200393758411476,5.5189481049555855,9.16208070125053,11.942394758045555,1.0,1.0,0.0,256,0.08634594287793948,0.0,0.0,0.043257214246186615,0.057528326664888114,0.0,
demo-human_decline_bot_rise-884000,human_decline_bot_rise,dynamic_hierarchy,119,continue_recent_trend,9d018b9de9fdf567d73f5985050e16b27d8e3d3b4c30531233e5677558244647,established_a-b112,established_a,112,7,newest,180,100,28.080000000000002,2.9389911772658905,2.0967729827242256,-22.802319297560338,-19.617756431051678,-5.511045169558329,33.06569776389422,89.19885177833545,0.34375,0.421875,0.578125,256,-19.97897467337865,1.0,0.0,0.10216652366462252,0.22917965850644542,0.1181640625,
demo-human_decline_bot_rise-884000,human_decline_bot_rise,dynamic_hierarchy,119,continue_recent_trend,9d018b9de9fdf567d73f5985050e16b27d8e3d3b4c30531233e5677558244647,established_a-b126,established_a,126,-7,next_purchase,180,100,29.088,7.805167844291044,2.974711554520079,-25.395408876196132,-20.835886909899227,-5.56578169142117,49.68454502206492,131.46021784184373,0.375,0.44140625,0.55859375,256,-24.54473458603748,1.0,0.0,0.14254695490514713,0.32349902430328525,0.140625,0.2454473458603748
demo-human_decline_bot_rise-884000,human_decline_bot_rise,dynamic_hierarchy,119,continue_recent_trend,9d018b9de9fdf567d73f5985050e16b27d8e3d3b4c30531233e5677558244647,established_b-b000,established_b,0,119,first,180,100,24.0,27.228548244442877,0.2571185471630095,22.100180009256952,22.876198397126448,26.580135201039276,32.264000801631425,36.232321500555095,1.0,1.0,0.0,256,20.253836944723584,0.0,0.0,0.0483044074676348,0.06974711299719293,0.0,
demo-human_decline_bot_rise-884000,human_decline_bot_rise,dynamic_hierarchy,119,continue_recent_trend,9d018b9de9fdf567d73f5985050e16b27d8e3d3b4c30531233e5677558244647,established_b-b112,established_b,112,7,newest,180,100,37.44,17.260720957830067,3.460396661137094,-25.13451127390504,-19.531315736029086,3.114670718653862,68.01192466936675,156.67790226501006,0.56640625,0.59765625,0.40234375,256,-22.457238470014644,1.0,0.0,0.17981110216888163,0.3971795942784471,0.3208160400390625,
demo-human_decline_bot_rise-884000,human_decline_bot_rise,dynamic_hierarchy,119,continue_recent_trend,9d018b9de9fdf567d73f5985050e16b27d8e3d3b4c30531233e5677558244647,established_b-b126,established_b,126,-7,next_purchase,180,100,38.784,25.712310600752488,4.339009934604565,-29.33103856059155,-21.268629456019,6.1549900040386945,98.72647463456367,212.06472377773667,0.58203125,0.609375,0.390625,256,-20.905171548805995,1.0,1.0,0.18768610644852854,0.4661748214955848,0.3387603759765625,0.20905171548805995
demo-cheap_good-884000,cheap_good,static_hierarchy,35,hold_current,104bab93ab56e8abf184985ead4999118118686c53d55b1f4189672ae3a6f1db,established_a-b000,established_a,0,35,first,180,100,18.0,14.90177130208411,0.4285144074598563,3.356439238376922,6.9248382893953995,14.622933089932012,23.927346763818896,29.13833405408848,1.0,1.0,0.0,256,0.08634594287793948,0.0,0.0,0.10998569685404863,0.14815425359206172,0.0,
demo-cheap_good-884000,cheap_good,static_hierarchy,35,hold_current,104bab93ab56e8abf184985ead4999118118686c53d55b1f4189672ae3a6f1db,established_a-b028,established_a,28,7,newest,180,100,18.0,15.303012539930837,0.8174560707856633,-3.4404054921985394,1.8614698831579943,13.645378851096838,29.959059867568655,45.491600075524374,0.9296875,0.94921875,0.05078125,256,-1.285763591153626,1.0,0.0,0.09975640888407461,0.16588776131084462,0.86431884765625,
demo-cheap_good-884000,cheap_good,static_hierarchy,35,hold_current,104bab93ab56e8abf184985ead4999118118686c53d55b1f4189672ae3a6f1db,established_a-b042,established_a,42,-7,next_purchase,180,100,18.0,16.44587717560477,1.2507140565949593,-9.797663512580192,-2.009316147358419,12.899053308752887,41.11192081960188,61.82872153707226,0.84765625,0.8671875,0.1328125,256,-7.1258352343073295,1.0,0.0,0.13886419124656219,0.23571712409912102,0.7185211181640625,0.07125835234307329
demo-cheap_good-884000,cheap_good,static_hierarchy,35,hold_current,104bab93ab56e8abf184985ead4999118118686c53d55b1f4189672ae3a6f1db,established_b-b000,established_b,0,35,first,180,100,24.0,43.018735285832086,0.5908688519798551,26.089053436214577,31.642991183182286,42.93251244339412,54.330384424166546,60.5176559900603,1.0,1.0,0.0,256,20.253836944723584,0.0,0.0,0.17528890173585046,0.22764898341108503,0.0,
demo-cheap_good-884000,cheap_good,static_hierarchy,35,hold_current,104bab93ab56e8abf184985ead4999118118686c53d55b1f4189672ae3a6f1db,established_b-b028,established_b,28,7,newest,180,100,24.0,36.98563973455967,1.3054119640236392,7.2329609781567425,14.98728364998248,35.59660917128518,60.37898268075422,78.29421995114,0.99609375,1.0,0.0,256,16.22920401773897,1.0,1.0,0.11655408117761974,0.207564357168207,1.52587890625e-05,
demo-cheap_good-884000,cheap_good,static_hierarchy,35,hold_current,104bab93ab56e8abf184985ead4999118118686c53d55b1f4189672ae3a6f1db,established_b-b042,established_b,42,-7,next_purchase,180,100,24.0,41.278679598053316,2.2763181267317707,-0.6759524622566491,8.338090505181349,37.05854316384753,77.69321138282542,110.00012122134146,0.97265625,0.9765625,0.0234375,256,13.284382936582958,1.0,1.0,0.13993278601579334,0.2799429666147036,0.0007476806640625,0.0
demo-cheap_good-884000,cheap_good,dynamic_hierarchy,35,hold_current,104bab93ab56e8abf184985ead4999118118686c53d55b1f4189672ae3a6f1db,established_a-b000,established_a,0,35,first,180,100,18.0,15.1718847120628,0.4920160251791721,3.5422101492633016,6.4982377401381655,13.6598230129243,24.896360793675278,34.60614243851515,0.99609375,0.99609375,0.00390625,256,0.08634594287793948,0.0,0.0,0.10834789204380123,0.1508553876918486,1.52587890625e-05,
demo-cheap_good-884000,cheap_good,dynamic_hierarchy,35,hold_current,104bab93ab56e8abf184985ead4999118118686c53d55b1f4189672ae3a6f1db,established_a-b028,established_a,28,7,newest,180,100,18.0,17.702504676458766,0.8934706898525742,-4.810714870487914,1.5509247172635376,15.421427863590832,37.43594612900226,51.883933373906885,0.92578125,0.9453125,0.0546875,256,-1.285763591153626,1.0,0.0,0.11568969092047904,0.1898826826761239,0.8570709228515625,
demo-cheap_good-884000,cheap_good,dynamic_hierarchy,35,hold_current,104bab93ab56e8abf184985ead4999118118686c53d55b1f4189672ae3a6f1db,established_a-b042,established_a,42,-7,next_purchase,180,100,18.0,16.42248224807845,0.9954556616892566,-7.495666833427279,0.11770737751289495,14.31922219686954,34.599574363776924,58.43973253122344,0.90234375,0.9140625,0.0859375,256,-7.1258352343073295,1.0,0.0,0.15201714961302845,0.23548317482385778,0.8142242431640625,0.07125835234307329
demo-cheap_good-884000,cheap_good,dynamic_hierarchy,35,hold_current,104bab93ab56e8abf184985ead4999118118686c53d55b1f4189672ae3a6f1db,established_b-b000,established_b,0,35,first,180,100,24.0,43.27708898830598,0.71171669398551,26.287789028258782,30.150726179698683,41.734110238423455,58.01642889535084,71.13574770519338,1.0,1.0,0.0,256,20.253836944723584,0.0,0.0,0.16769967482168863,0.23023252043582393,0.0,
demo-cheap_good-884000,cheap_good,dynamic_hierarchy,35,hold_current,104bab93ab56e8abf184985ead4999118118686c53d55b1f4189672ae3a6f1db,established_b-b028,established_b,28,7,newest,180,100,24.0,39.8289590362931,1.52675650557876,6.767179671281106,14.779501582065738,37.582271404079364,66.14284634534076,90.13518383735881,0.99609375,0.99609375,0.00390625,256,16.22920401773897,1.0,1.0,0.12924512443521463,0.2359975501855413,1.52587890625e-05,
demo-cheap_good-884000,cheap_good,dynamic_hierarchy,35,hold_current,104bab93ab56e8abf184985ead4999118118686c53d55b1f4189672ae3a6f1db,established_b-b042,established_b,42,-7,next_purchase,180,100,24.0,42.84791460675705,1.8880653871966555,1.2481162899551141,10.735723748842283,37.459227288954565,81.04340667865496,122.0376013035459,0.98046875,0.98046875,0.01953125,256,13.284382936582958,1.0,1.0,0.1531754103782643,0.2956353167017409,0.0003814697265625,0.0
demo-cheap_good-884000,cheap_good,static_hierarchy,63,hold_current,02e6cd37831727e0ff958a5c146d09f990ad451ecaf4f25409f26d3a5f7cc04d,established_a-b000,established_a,0,63,first,180,100,18.0,9.041168405467268,0.2391245512508641,2.4266943005373287,4.205189712623085,8.732225105988748,14.243146185217693,16.79002714847153,1.0,1.0,0.0,256,0.08634594287793948,0.0,0.0,0.068002822534733,0.08954822462589329,0.0,
demo-cheap_good-884000,cheap_good,static_hierarchy,63,hold_current,02e6cd37831727e0ff958a5c146d09f990ad451ecaf4f25409f26d3a5f7cc04d,established_a-b056,established_a,56,7,newest,180,100,20.016000000000002,8.318130928619876,0.49506417657040797,-5.375430061852804,-1.4050436098876062,7.818103098928404,18.57015360644482,26.538212806999706,0.85546875,0.87890625,0.12109375,256,-8.325607905420874,0.0,0.0,0.12270820480061972,0.1664373883404075,0.7318267822265625,
demo-cheap_good-884000,cheap_good,static_hierarchy,63,hold_current,02e6cd37831727e0ff958a5c146d09f990ad451ecaf4f25409f26d3a5f7cc04d,established_a-b070,established_a,70,-7,next_purchase,180,100,21.023999999999997,9.90560528618453,0.641079998469163,-6.631183284820568,-2.1112332914333702,8.882426147523786,23.486061268193005,35.1617197192417,0.859375,0.875,0.125,256,-14.805262562871253,0.0,0.0,0.19150343251396038,0.24710867849055781,0.738525390625,0.14805262562871252
demo-cheap_good-884000,cheap_good,static_hierarchy,63,hold_current,02e6cd37831727e0ff958a5c146d09f990ad451ecaf4f25409f26d3a5f7cc04d,established_b-b000,established_b,0,63,first,180,100,24.0,38.180755408240564,0.3375358281465026,29.405677963210536,31.587871630778416,37.90319713310087,45.64184278433206,49.93857933683381,1.0,1.0,0.0,256,20.253836944723584,0.0,0.0,0.1489407324946864,0.1792691846351698,0.0,
demo-cheap_good-884000,cheap_good,static_hierarchy,63,hold_current,02e6cd37831727e0ff958a5c146d09f990ad451ecaf4f25409f26d3a5f7cc04d,established_b-b056,established_b,56,7,newest,180,100,26.688000000000002,29.36456773268482,0.8936857259457909,1.1651133046924556,10.86072585698204,28.762201035194103,46.87240912255379,55.76248967930046,0.98828125,0.99609375,0.00390625,256,5.192927765541413,1.0,0.0,0.16597248579835416,0.24171639967143407,0.0001373291015625,
demo-cheap_good-884000,cheap_good,static_hierarchy,63,hold_current,02e6cd37831727e0ff958a5c146d09f990ad451ecaf4f25409f26d3a5f7cc04d,established_b-b070,established_b,70,-7,next_purchase,180,100,28.031999999999996,34.961006237460424,1.0961861216527204,5.555236331825777,15.764787141135486,33.21477979797315,56.53369116569582,78.88502632684535,0.98828125,0.9921875,0.0078125,256,0.2145164782537603,0.0,0.0,0.25498425844189604,0.3474648975920666,0.0001373291015625,0.0
demo-cheap_good-884000,cheap_good,dynamic_hierarchy,63,hold_current,02e6cd37831727e0ff958a5c146d09f990ad451ecaf4f25409f26d3a5f7cc04d,established_a-b000,established_a,0,63,first,180,100,18.0,8.984333055492243,0.2766468564344182,2.4826275017269333,4.145543403184007,8.3857854954939,14.421425365959848,18.65404731721896,0.99609375,1.0,0.0,256,0.08634594287793948,0.0,0.0,0.06487363226067881,0.08897987112614304,1.52587890625e-05,
demo-cheap_good-884000,cheap_good,dynamic_hierarchy,63,hold_current,02e6cd37831727e0ff958a5c146d09f990ad451ecaf4f25409f26d3a5f7cc04d,established_a-b056,established_a,56,7,newest,180,100,20.016000000000002,7.660934457388681,0.5692937798591674,-5.815649401003915,-2.0863583861233934,5.921696459676724,19.101661009388284,28.114147001735432,0.79296875,0.8359375,0.1640625,256,-8.325607905420874,0.0,0.0,0.11030157745504975,0.15986542362809555,0.6287994384765625,
demo-cheap_good-884000,cheap_good,dynamic_hierarchy,63,hold_current,02e6cd37831727e0ff958a5c146d09f990ad451ecaf4f25409f26d3a5f7cc04d,established_a-b070,established_a,70,-7,next_purchase,180,100,21.023999999999997,8.806325981170925,0.6858892085136992,-6.614332224330389,-2.6222578235363105,7.465333047765849,23.61138485433123,34.17728233131949,0.7890625,0.83984375,0.16015625,256,-14.805262562871253,0.0,0.0,0.17714144516118555,0.23611588544042178,0.62261962890625,0.14805262562871252
demo-cheap_good-884000,cheap_good,dynamic_hierarchy,63,hold_current,02e6cd37831727e0ff958a5c146d09f990ad451ecaf4f25409f26d3a5f7cc04d,established_b-b000,established_b,0,63,first,180,100,24.0,38.59810923543324,0.41949413632633015,26.617686681166496,30.589351990303367,38.091065370130536,47.433237503919415,52.96541053285964,1.0,1.0,0.0,256,20.253836944723584,0.0,0.0,0.14626596721608842,0.18344272290709657,0.0,
demo-cheap_good-884000,cheap_good,dynamic_hierarchy,63,hold_current,02e6cd37831727e0ff958a5c146d09f990ad451ecaf4f25409f26d3a5f7cc04d,established_b-b056,established_b,56,7,newest,180,100,26.688000000000002,28.248654522144253,0.9607891858940202,2.0775470591510854,10.70800749764707,26.885923920169187,47.59412341641327,62.90861926380625,0.98828125,0.98828125,0.01171875,256,5.192927765541413,1.0,0.0,0.15054895894747777,0.2305572675660284,0.0001373291015625,
demo-cheap_good-884000,cheap_good,dynamic_hierarchy,63,hold_current,02e6cd37831727e0ff958a5c146d09f990ad451ecaf4f25409f26d3a5f7cc04d,established_b-b070,established_b,70,-7,next_purchase,180,100,28.031999999999996,38.43366558350335,1.297888310939854,6.274183339019952,17.685416088652993,36.31898758521506,63.22024969517531,93.72208620087845,0.98828125,0.9921875,0.0078125,256,0.2145164782537603,0.0,0.0,0.272715152593606,0.38219149105249584,0.0001373291015625,0.0
demo-cheap_good-884000,cheap_good,static_hierarchy,91,hold_current,8e5ecee7e8f207471a2beba4929837a55ea9af34d7cffc81fea78b2f1e30e15d,established_a-b000,established_a,0,91,first,180,100,18.0,10.26746568784574,0.19270193725939727,4.844426743458861,6.547352825540338,10.155006803983877,14.531538895374787,16.577916303158048,1.0,1.0,0.0,256,0.08634594287793948,0.0,0.0,0.0843943220829205,0.10181119744967802,0.0,
demo-cheap_good-884000,cheap_good,static_hierarchy,91,hold_current,8e5ecee7e8f207471a2beba4929837a55ea9af34d7cffc81fea78b2f1e30e15d,established_a-b084,established_a,84,7,newest,180,100,24.048000000000002,1.7207027106855082,0.4082043319099851,-8.855351131413578,-6.049047083175198,1.4103559125360192,10.011015384176659,16.314186810788684,0.578125,0.65625,0.34375,256,-17.260912353998936,0.0,0.0,0.1532944870270372,0.18981615064684443,0.334228515625,
demo-cheap_good-884000,cheap_good,static_hierarchy,91,hold_current,8e5ecee7e8f207471a2beba4929837a55ea9af34d7cffc81fea78b2f1e30e15d,established_a-b098,established_a,98,-7,next_purchase,180,100,25.055999999999994,4.6479923105005945,0.46460402161322994,-8.69705190295714,-4.222028089127054,4.201015604593737,15.61137199134911,20.006128077189473,0.6953125,0.76953125,0.23046875,256,-19.121373561258633,0.0,0.0,0.19586386876354706,0.23769365871759227,0.48345947265625,0.19121373561258634
demo-cheap_good-884000,cheap_good,static_hierarchy,91,hold_current,8e5ecee7e8f207471a2beba4929837a55ea9af34d7cffc81fea78b2f1e30e15d,established_b-b000,established_b,0,91,first,180,100,24.0,36.33704109423587,0.29588623803810754,29.01358206282499,30.985646738770406,35.64149848785459,42.66010623539184,46.673981622809634,1.0,1.0,0.0,256,20.253836944723584,0.0,0.0,0.1345731769089453,0.16083204149512287,0.0,
demo-cheap_good-884000,cheap_good,static_hierarchy,91,hold_current,8e5ecee7e8f207471a2beba4929837a55ea9af34d7cffc81fea78b2f1e30e15d,established_b-b084,established_b,84,7,newest,180,100,32.064,21.566735309132838,0.7136523673014655,3.380422262525,7.9233903504387015,19.86947502758143,36.27378144806987,46.63148174855549,0.9921875,0.99609375,0.00390625,256,-3.1940328753737894,0.0,0.0,0.18540943081442535,0.24760768184506626,0.98443603515625,
demo-cheap_good-884000,cheap_good,static_hierarchy,91,hold_current,8e5ecee7e8f207471a2beba4929837a55ea9af34d7cffc81fea78b2f1e30e15d,established_b-b098,established_b,98,-7,next_purchase,180,100,33.408,23.624185383088566,0.6805070077870315,4.944521467812791,10.548903461870612,22.467270678862004,37.79527744222505,47.226818931863505,0.984375,0.99609375,0.00390625,256,-19.948062433890875,0.0,0.0,0.37428056008003757,0.4357224781697944,0.968994140625,0.19948062433890876
demo-cheap_good-884000,cheap_good,static_hierarchy,91,hold_current,8e5ecee7e8f207471a2beba4929837a55ea9af34d7cffc81fea78b2f1e30e15d,new_cheap-b070,new_cheap,70,21,first,180,100,9.728,20.73451830761735,0.43151510314816605,9.54474671876774,12.49775441339085,20.11169571442171,29.88835824722809,39.026573293016114,1.0,1.0,0.0,256,6.431508834852735,0.0,0.0,0.10504470262485281,0.14303009472764613,0.0,
demo-cheap_good-884000,cheap_good,static_hierarchy,91,hold_current,8e5ecee7e8f207471a2beba4929837a55ea9af34d7cffc81fea78b2f1e30e15d,new_cheap-b084,new_cheap,84,7,newest,180,100,10.688,17.466085233735765,0.5844440387569512,2.832929219544712,5.659926002904257,17.28889795000565,30.310456433299397,37.36368010817844,1.0,1.0,0.0,256,1.1200746214135686,0.0,0.0,0.11078878440871565,0.16346010612322195,0.0,
demo-cheap_good-884000,cheap_good,static_hierarchy,91,hold_current,8e5ecee7e8f207471a2beba4929837a55ea9af34d7cffc81fea78b2f1e30e15d,new_cheap-b098,new_cheap,98,-7,next_purchase,180,100,11.136,20.010976208554677,0.6968875868826528,2.002134468682933,7.4986709532796265,18.417760404438148,36.976558869602165,46.26544392936739,0.9921875,0.99609375,0.00390625,256,8.363335019329828,1.0,1.0,0.06395440204451618,0.1164764118922485,6.103515625e-05,0.0
demo-cheap_good-884000,cheap_good,dynamic_hierarchy,91,hold_current,8e5ecee7e8f207471a2beba4929837a55ea9af34d7cffc81fea78b2f1e30e15d,established_a-b000,established_a,0,91,first,180,100,18.0,10.353193840925204,0.2619204790361041,4.540269318293117,5.675320449636462,9.837856249651942,15.616457251162693,20.08306382421774,1.0,1.0,0.0,256,0.08634594287793948,0.0,0.0,0.08008174789488381,0.10266847898047265,0.0,
demo-cheap_good-884000,cheap_good,dynamic_hierarchy,91,hold_current,8e5ecee7e8f207471a2beba4929837a55ea9af34d7cffc81fea78b2f1e30e15d,established_a-b084,established_a,84,7,newest,180,100,24.048000000000002,5.36724191357184,0.7648677123748658,-11.3559322018014,-7.393115444672938,3.543572272635501,20.056402935295267,35.604254950111645,0.65625,0.71484375,0.28515625,256,-17.260912353998936,0.0,0.0,0.163674089926063,0.22628154267570777,0.4306640625,
demo-cheap_good-884000,cheap_good,dynamic_hierarchy,91,hold_current,8e5ecee7e8f207471a2beba4929837a55ea9af34d7cffc81fea78b2f1e30e15d,established_a-b098,established_a,98,-7,next_purchase,180,100,25.055999999999994,8.449140501681455,0.9493834623251557,-13.538544023370964,-6.778395969163771,6.269210834294059,26.529440684797223,48.2124176056766,0.69921875,0.734375,0.265625,256,-19.121373561258633,0.0,0.0,0.19662535141443843,0.2757051406294009,0.4889068603515625,0.19121373561258634
demo-cheap_good-884000,cheap_good,dynamic_hierarchy,91,hold_current,8e5ecee7e8f207471a2beba4929837a55ea9af34d7cffc81fea78b2f1e30e15d,established_b-b000,established_b,0,91,first,180,100,24.0,37.019281504332085,0.4219463089027704,27.557870323873875,29.155711166073843,36.59534530863161,46.044144070450535,53.133868667538295,1.0,1.0,0.0,256,20.253836944723584,0.0,0.0,0.13059096122709574,0.167654445596085,0.0,
demo-cheap_good-884000,cheap_good,dynamic_hierarchy,91,hold_current,8e5ecee7e8f207471a2beba4929837a55ea9af34d7cffc81fea78b2f1e30e15d,established_b-b084,established_b,84,7,newest,180,100,32.064,25.992256198202277,1.3955334976141107,-1.8250655309400035,4.450395042634259,21.444327130353955,50.97525438438911,82.16159285553131,0.96875,0.98046875,0.01953125,256,-3.1940328753737894,0.0,0.0,0.1808900291356171,0.29186289073576066,0.9384765625,
demo-cheap_good-884000,cheap_good,dynamic_hierarchy,91,hold_current,8e5ecee7e8f207471a2beba4929837a55ea9af34d7cffc81fea78b2f1e30e15d,established_b-b098,established_b,98,-7,next_purchase,180,100,33.408,34.47682568736626,1.80925803610569,-3.0699029348198534,4.804466710500474,30.178521200458885,65.3720778257719,118.21383731903356,0.953125,0.96875,0.03125,256,-19.948062433890875,0.0,0.0,0.3981227344118322,0.5442488812125713,0.908447265625,0.19948062433890876
demo-cheap_good-884000,cheap_good,dynamic_hierarchy,91,hold_current,8e5ecee7e8f207471a2beba4929837a55ea9af34d7cffc81fea78b2f1e30e15d,new_cheap-b070,new_cheap,70,21,first,180,100,9.728,25.09927684321619,0.7267166973783743,10.213585383188349,12.914349098281646,22.45416722893087,39.48747743199364,52.18777759880817,1.0,1.0,0.0,256,6.431508834852735,0.0,0.0,0.12550116816715742,0.18667768008363456,0.0,
demo-cheap_good-884000,cheap_good,dynamic_hierarchy,91,hold_current,8e5ecee7e8f207471a2beba4929837a55ea9af34d7cffc81fea78b2f1e30e15d,new_cheap-b084,new_cheap,84,7,newest,180,100,10.688,22.45048952037702,0.9990516491212701,2.2482666545815633,6.085636407084268,19.48134088077813,43.78886195010957,58.219942136116565,0.9921875,0.99609375,0.00390625,256,1.1200746214135686,0.0,0.0,0.13214614177800224,0.2133041489896345,6.103515625e-05,
demo-cheap_good-884000,cheap_good,dynamic_hierarchy,91,hold_current,8e5ecee7e8f207471a2beba4929837a55ea9af34d7cffc81fea78b2f1e30e15d,new_cheap-b098,new_cheap,98,-7,next_purchase,180,100,11.136,26.34316280511988,1.2760964549756226,1.3352797144659774,5.728127034227374,22.21227036672002,46.178011367783284,82.06427812451922,0.98046875,0.984375,0.015625,256,8.363335019329828,1.0,1.0,0.09063451865614106,0.17979827785790053,0.0003814697265625,0.0
demo-cheap_good-884000,cheap_good,static_hierarchy,119,hold_current,9931ce56e3f66e40c979190100421e055ce6219609c3c746516dfd626a420d99,established_a-b000,established_a,0,119,first,180,100,18.0,7.127099510558036,0.1501014341267074,2.959699669525754,4.362519143274895,6.769299354773459,10.686136024708842,11.859413563070179,1.0,1.0,0.0,256,0.08634594287793948,0.0,0.0,0.056805413380575626,0.07040753567680097,0.0,
demo-cheap_good-884000,cheap_good,static_hierarchy,119,hold_current,9931ce56e3f66e40c979190100421e055ce6219609c3c746516dfd626a420d99,established_a-b112,established_a,112,7,newest,180,100,28.080000000000002,-2.6363931585593843,0.39774945929070893,-13.677987335983254,-10.185148847090202,-2.928553857805147,4.608148762416796,10.247412188345505,0.3125,0.39453125,0.60546875,256,-19.97897467337865,0.0,0.0,0.1385595689356559,0.17342581514819266,0.09765625,
demo-cheap_good-884000,cheap_good,static_hierarchy,119,hold_current,9931ce56e3f66e40c979190100421e055ce6219609c3c746516dfd626a420d99,established_a-b126,established_a,126,-7,next_purchase,180,100,29.088,-3.617277903389233,0.397259465951098,-14.025916989458926,-11.004903004040084,-3.9237453699190112,4.728659783587755,10.599281555032679,0.2265625,0.328125,0.671875,256,-24.54473458603748,0.0,0.0,0.1743297045398516,0.2092745668264825,0.05133056640625,0.0
demo-cheap_good-884000,cheap_good,static_hierarchy,119,hold_current,9931ce56e3f66e40c979190100421e055ce6219609c3c746516dfd626a420d99,established_b-b000,established_b,0,119,first,180,100,24.0,29.048058615574753,0.17839169825571516,24.359480701281235,25.435026217593204,28.854877570952308,33.07915300436588,35.06781456861411,1.0,1.0,0.0,256,20.253836944723584,0.0,0.0,0.07180990615026178,0.08794221670851168,0.0,
demo-cheap_good-884000,cheap_good,static_hierarchy,119,hold_current,9931ce56e3f66e40c979190100421e055ce6219609c3c746516dfd626a420d99,established_b-b112,established_b,112,7,newest,180,100,37.44,7.448208971290408,0.5904879798700471,-8.653680433040421,-3.9391050312865588,6.817240567397921,20.294747619387323,28.059813490469338,0.77734375,0.84765625,0.15234375,256,-22.457238470014644,0.0,0.0,0.24680270873800864,0.29905447441305055,0.6042633056640625,
demo-cheap_good-884000,cheap_good,static_hierarchy,119,hold_current,9931ce56e3f66e40c979190100421e055ce6219609c3c746516dfd626a420d99,established_b-b126,established_b,126,-7,next_purchase,180,100,38.784,7.563829476145919,0.6212982881931753,-10.225367762076601,-4.497276930682858,7.405353658734764,21.61045924645231,27.286876349083965,0.765625,0.84375,0.15625,256,-20.905171548805995,0.0,0.0,0.22926328952583916,0.2846900102495191,0.586181640625,0.20905171548805995
demo-cheap_good-884000,cheap_good,static_hierarchy,119,hold_current,9931ce56e3f66e40c979190100421e055ce6219609c3c746516dfd626a420d99,new_cheap-b070,new_cheap,70,49,first,180,100,9.728,16.767229063080087,0.21032911151271264,10.816253311394243,12.62036945853614,16.574638332860026,20.976229793702267,23.592410428566453,1.0,1.0,0.0,256,6.431508834852735,0.0,0.0,0.08441825809960331,0.10335720228227352,0.0,
demo-cheap_good-884000,cheap_good,static_hierarchy,119,hold_current,9931ce56e3f66e40c979190100421e055ce6219609c3c746516dfd626a420d99,new_cheap-b112,new_cheap,112,7,newest,180,100,12.48,11.906337097235982,0.36104025378484594,2.5955581547283804,5.5139019500175745,11.176531683704953,19.114627261404088,25.815230199821144,0.9921875,0.99609375,0.00390625,256,-1.3626071211965392,0.0,0.0,0.10080556280317093,0.1326894421843252,0.98443603515625,
demo-cheap_good-884000,cheap_good,static_hierarchy,119,hold_current,9931ce56e3f66e40c979190100421e055ce6219609c3c746516dfd626a420d99,new_cheap-b126,new_cheap,126,-7,next_purchase,180,100,12.928,12.42557357954973,0.4138928469971771,2.42930318472116,4.705587833119672,11.805954887979892,20.60323959692721,28.251403467829025,0.98828125,0.98828125,0.01171875,256,0.6859286086497216,0.0,0.0,0.08169860549162059,0.1173964497090001,0.0001373291015625,0.0
demo-cheap_good-884000,cheap_good,dynamic_hierarchy,119,hold_current,9931ce56e3f66e40c979190100421e055ce6219609c3c746516dfd626a420d99,established_a-b000,established_a,0,119,first,180,100,18.0,6.100944897170628,0.14758565406766902,2.6074295772458655,3.2488580854289424,5.8215226777392886,9.227679405898431,11.524374083154617,1.0,1.0,0.0,256,0.08634594287793948,0.0,0.0,0.04707475970266635,0.06014598954292688,0.0,
demo-cheap_good-884000,cheap_good,dynamic_hierarchy,119,hold_current,9931ce56e3f66e40c979190100421e055ce6219609c3c746516dfd626a420d99,established_a-b112,established_a,112,7,newest,180,100,28.080000000000002,-3.2717440902336916,0.5939875061355314,-18.24895420426822,-13.817275841453002,-4.168354582348995,9.273887006187778,16.529956257047424,0.33984375,0.421875,0.578125,256,-19.97897467337865,0.0,0.0,0.11395857552560704,0.16707230583144958,0.1154937744140625,
demo-cheap_good-884000,cheap_good,dynamic_hierarchy,119,hold_current,9931ce56e3f66e40c979190100421e055ce6219609c3c746516dfd626a420d99,established_a-b126,established_a,126,-7,next_purchase,180,100,29.088,-3.6254942616369625,0.6581030665875861,-20.247384369518873,-17.04307825212451,-4.739708892808675,10.207896898049714,20.22106448303392,0.2890625,0.34375,0.65625,256,-24.54473458603748,0.0,0.0,0.1518706025199487,0.2091924032440052,0.08355712890625,0.0
demo-cheap_good-884000,cheap_good,dynamic_hierarchy,119,hold_current,9931ce56e3f66e40c979190100421e055ce6219609c3c746516dfd626a420d99,established_b-b000,established_b,0,119,first,180,100,24.0,27.388309152630207,0.19207442119418397,22.713724911898034,23.907897503071915,26.97370731583485,31.865452530395466,34.20878095416527,1.0,1.0,0.0,256,20.253836944723584,0.0,0.0,0.054226669364101934,0.07134472207906623,0.0,
demo-cheap_good-884000,cheap_good,dynamic_hierarchy,119,hold_current,9931ce56e3f66e40c979190100421e055ce6219609c3c746516dfd626a420d99,established_b-b112,established_b,112,7,newest,180,100,37.44,6.340885163230266,1.037195302942954,-16.29799881198207,-11.24986848519306,3.4904844972288487,25.80610913915182,46.18940515836897,0.59765625,0.69140625,0.30859375,256,-22.457238470014644,0.0,0.0,0.19987248198957513,0.2879812363324491,0.3571929931640625,
demo-cheap_good-884000,cheap_good,dynamic_hierarchy,119,hold_current,9931ce56e3f66e40c979190100421e055ce6219609c3c746516dfd626a420d99,established_b-b126,established_b,126,-7,next_purchase,180,100,38.784,9.792625761185155,1.2684922502271272,-20.32024692445531,-13.332965004093493,6.062492421530951,34.1473370365908,60.73039594745623,0.65625,0.69140625,0.30859375,256,-20.905171548805995,0.0,0.0,0.19816811868482945,0.30697797309991154,0.4306640625,0.20905171548805995
demo-cheap_good-884000,cheap_good,dynamic_hierarchy,119,hold_current,9931ce56e3f66e40c979190100421e055ce6219609c3c746516dfd626a420d99,new_cheap-b070,new_cheap,70,49,first,180,100,9.728,19.052575545971685,0.39360017067025327,10.587395863728167,11.936099720578952,17.98096991036984,26.750576383301798,35.387258131353036,1.0,1.0,0.0,256,6.431508834852735,0.0,0.0,0.09201060243870117,0.1262106671111895,0.0,
demo-cheap_good-884000,cheap_good,dynamic_hierarchy,119,hold_current,9931ce56e3f66e40c979190100421e055ce6219609c3c746516dfd626a420d99,new_cheap-b112,new_cheap,112,7,newest,180,100,12.48,16.24362989923786,0.7315181804612298,-0.5677482285059399,2.7126786335582125,13.918015476571881,32.279477933666016,42.65961815472265,0.96875,0.97265625,0.02734375,256,-1.3626071211965392,0.0,0.0,0.11290168851366308,0.17606237020434398,0.9384765625,
demo-cheap_good-884000,cheap_good,dynamic_hierarchy,119,hold_current,9931ce56e3f66e40c979190100421e055ce6219609c3c746516dfd626a420d99,new_cheap-b126,new_cheap,126,-7,next_purchase,180,100,12.928,20.332627049620623,0.9207699047242816,-0.9044335093596245,5.012386379915219,18.385379111214124,39.84414210365139,54.33129458215528,0.9609375,0.97265625,0.02734375,256,0.6859286086497216,1.0,0.0,0.12073719110417418,0.196466984409709,0.00152587890625,0.0
demo-cheap_good-884000,cheap_good,dynamic_hierarchy,119,fixed_price,9931ce56e3f66e40c979190100421e055ce6219609c3c746516dfd626a420d99,established_a-b000,established_a,0,119,first,180,100,18.0,8.622536630597825,0.18851972360612326,3.886590252514228,5.0927614065176705,8.061244324465717,12.423338442720928,14.714581461363768,1.0,1.0,0.0,256,0.08634594287793948,0.0,0.0,0.06855407290960297,0.08536190687719886,0.0,
demo-cheap_good-884000,cheap_good,dynamic_hierarchy,119,fixed_price,9931ce56e3f66e40c979190100421e055ce6219609c3c746516dfd626a420d99,established_a-b112,established_a,112,7,newest,180,100,28.080000000000002,11.541465381598837,0.8062358457431016,-7.2501746222241135,-2.1406627234382736,8.610273143395911,30.803730583338776,37.57477773145746,0.83203125,0.87109375,0.12890625,256,-19.97897467337865,0.0,0.0,0.24422806832191887,0.3152044005497749,0.6922760009765625,
demo-cheap_good-884000,cheap_good,dynamic_hierarchy,119,fixed_price,9931ce56e3f66e40c979190100421e055ce6219609c3c746516dfd626a420d99,established_a-b126,established_a,126,-7,next_purchase,180,100,29.088,14.637969472822355,0.965958281351576,-10.049264297959029,-3.939518102597937,12.448449138305108,36.01890481567759,49.53523270991578,0.828125,0.85546875,0.14453125,256,-24.54473458603748,0.0,0.0,0.3065416263270987,0.3918270405885984,0.685791015625,0.2454473458603748
demo-cheap_good-884000,cheap_good,dynamic_hierarchy,119,fixed_price,9931ce56e3f66e40c979190100421e055ce6219609c3c746516dfd626a420d99,established_b-b000,established_b,0,119,first,180,100,24.0,31.566289646554686,0.2515069088744566,25.134478106123037,26.891817778449802,31.117871630927652,36.587974310703544,40.79348460852944,1.0,1.0,0.0,256,20.253836944723584,0.0,0.0,0.09083335674873565,0.11312452701831102,0.0,
demo-cheap_good-884000,cheap_good,dynamic_hierarchy,119,fixed_price,9931ce56e3f66e40c979190100421e055ce6219609c3c746516dfd626a420d99,established_b-b112,established_b,112,7,newest,180,100,37.44,31.435825991391965,1.471502987053529,-0.11893968527739851,6.401304686893287,26.90218425747485,58.81329602449351,85.86107216657686,0.97265625,0.98828125,0.01171875,256,-22.457238470014644,0.0,0.0,0.4188043186363062,0.5389306446140661,0.9460601806640625,
demo-cheap_good-884000,cheap_good,dynamic_hierarchy,119,fixed_price,9931ce56e3f66e40c979190100421e055ce6219609c3c746516dfd626a420d99,established_b-b126,established_b,126,-7,next_purchase,180,100,38.784,41.313954097874564,1.7318157873390367,3.5767915897851106,12.852025383334926,36.94004455385548,78.12085986475554,109.9324665436111,0.98046875,0.98828125,0.01171875,256,-20.905171548805995,0.0,0.0,0.47348345869196146,0.6221912564668056,0.9613189697265625,0.20905171548805995
demo-cheap_good-884000,cheap_good,dynamic_hierarchy,119,fixed_price,9931ce56e3f66e40c979190100421e055ce6219609c3c746516dfd626a420d99,new_cheap-b070,new_cheap,70,49,first,180,100,9.728,29.0136251742989,0.525411372635454,17.042704006015192,19.435051888859643,27.474786420102642,40.52022507842562,50.04190028132626,1.0,1.0,0.0,256,6.431508834852735,0.0,0.0,0.1792210668096336,0.22582116339446168,0.0,
demo-cheap_good-884000,cheap_good,dynamic_hierarchy,119,fixed_price,9931ce56e3f66e40c979190100421e055ce6219609c3c746516dfd626a420d99,new_cheap-b112,new_cheap,112,7,newest,180,100,12.48,33.7300246063335,1.0061990070412745,10.347126613201887,15.505495880074927,31.04394692407287,55.51133477941827,73.11545484474551,1.0,1.0,0.0,256,-1.3626071211965392,0.0,0.0,0.26326141958364957,0.3509263172753004,1.0,
demo-cheap_good-884000,cheap_good,dynamic_hierarchy,119,fixed_price,9931ce56e3f66e40c979190100421e055ce6219609c3c746516dfd626a420d99,new_cheap-b126,new_cheap,126,-7,next_purchase,180,100,12.928,42.77933615877602,1.2125447116866306,14.498980630232968,22.463709426464625,38.742188066094954,67.82109561661832,90.6812964712648,1.0,1.0,0.0,256,0.6859286086497216,0.0,0.0,0.31549367508914467,0.42093407550126294,0.0,0.0
demo-cheap_good-884000,cheap_good,dynamic_hierarchy,119,continue_recent_trend,9931ce56e3f66e40c979190100421e055ce6219609c3c746516dfd626a420d99,established_a-b000,established_a,0,119,first,180,100,18.0,7.182304447195023,0.21601446587542764,2.5198570977271597,3.247330948580357,6.74681354876761,11.765425964133023,14.655859617669389,1.0,1.0,0.0,256,0.08634594287793948,0.0,0.0,0.051983051457697105,0.07095958504317083,0.0,
demo-cheap_good-884000,cheap_good,dynamic_hierarchy,119,continue_recent_trend,9931ce56e3f66e40c979190100421e055ce6219609c3c746516dfd626a420d99,established_a-b112,established_a,112,7,newest,180,100,28.080000000000002,28.67228423041565,4.010893271867517,-19.540794382264423,-14.76262105283394,7.960579596710442,96.65360555275767,219.31205895826076,0.58203125,0.65625,0.34375,256,-19.97897467337865,0.0,0.0,0.20706568862338023,0.486512589037943,0.3387603759765625,
demo-cheap_good-884000,cheap_good,dynamic_hierarchy,119,continue_recent_trend,9931ce56e3f66e40c979190100421e055ce6219609c3c746516dfd626a420d99,established_a-b126,established_a,126,-7,next_purchase,180,100,29.088,39.34336588819484,5.593682667579882,-24.187140077221443,-17.12668480049084,7.192276427867881,129.14585087669673,337.56629938212586,0.60546875,0.63671875,0.36328125,256,-24.54473458603748,0.0,0.0,0.2680851675619734,0.6388810047423231,0.3665924072265625,0.2454473458603748
demo-cheap_good-884000,cheap_good,dynamic_hierarchy,119,continue_recent_trend,9931ce56e3f66e40c979190100421e055ce6219609c3c746516dfd626a420d99,established_b-b000,established_b,0,119,first,180,100,24.0,29.50272168084055,0.3162539332785055,22.390953015093583,24.14639487799157,28.86715243810729,36.22275161690844,40.73233663185415,1.0,1.0,0.0,256,20.253836944723584,0.0,0.0,0.0655214282045595,0.09248884736116966,0.0,
demo-cheap_good-884000,cheap_good,dynamic_hierarchy,119,continue_recent_trend,9931ce56e3f66e40c979190100421e055ce6219609c3c746516dfd626a420d99,established_b-b112,established_b,112,7,newest,180,100,37.44,59.497684750178735,6.618551388961752,-20.859927904137916,-11.215175736051627,21.157778560119773,181.2259005246164,420.9463881182877,0.73046875,0.76953125,0.23046875,256,-22.457238470014644,0.0,0.0,0.3579150665205979,0.8195492322019338,0.5335845947265625,
demo-cheap_good-884000,cheap_good,dynamic_hierarchy,119,continue_recent_trend,9931ce56e3f66e40c979190100421e055ce6219609c3c746516dfd626a420d99,established_b-b126,established_b,126,-7,next_purchase,180,100,38.784,86.13567888085853,9.85341369801899,-23.210837125287394,-13.797479097088836,27.17895184654315,266.99767979331904,556.2316487168076,0.7578125,0.79296875,0.20703125,256,-20.905171548805995,1.0,0.0,0.41358198838255933,1.0704085042966454,0.57427978515625,0.20905171548805995
demo-cheap_good-884000,cheap_good,dynamic_hierarchy,119,continue_recent_trend,9931ce56e3f66e40c979190100421e055ce6219609c3c746516dfd626a420d99,new_cheap-b070,new_cheap,70,49,first,180,100,9.728,32.865632584752746,1.7067757562138801,8.567382151066365,11.813796037719657,23.302813177570417,62.37119328753761,105.94961487605346,1.0,1.0,0.0,256,6.431508834852735,0.0,0.0,0.13760767640952598,0.2643412374990001,0.0,
demo-cheap_good-884000,cheap_good,dynamic_hierarchy,119,continue_recent_trend,9931ce56e3f66e40c979190100421e055ce6219609c3c746516dfd626a420d99,new_cheap-b112,new_cheap,112,7,newest,180,100,12.48,54.26152539963677,5.139819622076331,-3.724708482265829,1.7956596338782784,26.91557918003134,126.22402598500105,283.7247277445132,0.93359375,0.9375,0.0625,256,-1.3626071211965392,1.0,0.0,0.2220657385260246,0.556241325208333,0.8715972900390625,
demo-cheap_good-884000,cheap_good,dynamic_hierarchy,119,continue_recent_trend,9931ce56e3f66e40c979190100421e055ce6219609c3c746516dfd626a420d99,new_cheap-b126,new_cheap,126,-7,next_purchase,180,100,12.928,75.56526842481131,7.820352373422889,-5.051228863522593,2.5991909846053085,35.431613923733586,172.64297587497202,432.5510718855595,0.9375,0.94140625,0.05859375,256,0.6859286086497216,1.0,0.0,0.26959547730324135,0.7487933981616159,0.00390625,0.0
demo-cheap_bad-884000,cheap_bad,static_hierarchy,35,hold_current,104bab93ab56e8abf184985ead4999118118686c53d55b1f4189672ae3a6f1db,established_a-b000,established_a,0,35,first,180,100,18.0,14.90177130208411,0.4285144074598563,3.356439238376922,6.9248382893953995,14.622933089932012,23.927346763818896,29.13833405408848,1.0,1.0,0.0,256,0.08634594287793948,0.0,0.0,0.10998569685404863,0.14815425359206172,0.0,
demo-cheap_bad-884000,cheap_bad,static_hierarchy,35,hold_current,104bab93ab56e8abf184985ead4999118118686c53d55b1f4189672ae3a6f1db,established_a-b028,established_a,28,7,newest,180,100,18.0,15.303012539930837,0.8174560707856633,-3.4404054921985394,1.8614698831579943,13.645378851096838,29.959059867568655,45.491600075524374,0.9296875,0.94921875,0.05078125,256,-1.285763591153626,1.0,0.0,0.09975640888407461,0.16588776131084462,0.86431884765625,
demo-cheap_bad-884000,cheap_bad,static_hierarchy,35,hold_current,104bab93ab56e8abf184985ead4999118118686c53d55b1f4189672ae3a6f1db,established_a-b042,established_a,42,-7,next_purchase,180,100,18.0,16.44587717560477,1.2507140565949593,-9.797663512580192,-2.009316147358419,12.899053308752887,41.11192081960188,61.82872153707226,0.84765625,0.8671875,0.1328125,256,-7.1258352343073295,1.0,0.0,0.13886419124656219,0.23571712409912102,0.7185211181640625,0.07125835234307329
demo-cheap_bad-884000,cheap_bad,static_hierarchy,35,hold_current,104bab93ab56e8abf184985ead4999118118686c53d55b1f4189672ae3a6f1db,established_b-b000,established_b,0,35,first,180,100,24.0,43.018735285832086,0.5908688519798551,26.089053436214577,31.642991183182286,42.93251244339412,54.330384424166546,60.5176559900603,1.0,1.0,0.0,256,20.253836944723584,0.0,0.0,0.17528890173585046,0.22764898341108503,0.0,
demo-cheap_bad-884000,cheap_bad,static_hierarchy,35,hold_current,104bab93ab56e8abf184985ead4999118118686c53d55b1f4189672ae3a6f1db,established_b-b028,established_b,28,7,newest,180,100,24.0,36.98563973455967,1.3054119640236392,7.2329609781567425,14.98728364998248,35.59660917128518,60.37898268075422,78.29421995114,0.99609375,1.0,0.0,256,16.22920401773897,1.0,1.0,0.11655408117761974,0.207564357168207,1.52587890625e-05,
demo-cheap_bad-884000,cheap_bad,static_hierarchy,35,hold_current,104bab93ab56e8abf184985ead4999118118686c53d55b1f4189672ae3a6f1db,established_b-b042,established_b,42,-7,next_purchase,180,100,24.0,41.278679598053316,2.2763181267317707,-0.6759524622566491,8.338090505181349,37.05854316384753,77.69321138282542,110.00012122134146,0.97265625,0.9765625,0.0234375,256,13.284382936582958,1.0,1.0,0.13993278601579334,0.2799429666147036,0.0007476806640625,0.0
demo-cheap_bad-884000,cheap_bad,dynamic_hierarchy,35,hold_current,104bab93ab56e8abf184985ead4999118118686c53d55b1f4189672ae3a6f1db,established_a-b000,established_a,0,35,first,180,100,18.0,15.1718847120628,0.4920160251791721,3.5422101492633016,6.4982377401381655,13.6598230129243,24.896360793675278,34.60614243851515,0.99609375,0.99609375,0.00390625,256,0.08634594287793948,0.0,0.0,0.10834789204380123,0.1508553876918486,1.52587890625e-05,
demo-cheap_bad-884000,cheap_bad,dynamic_hierarchy,35,hold_current,104bab93ab56e8abf184985ead4999118118686c53d55b1f4189672ae3a6f1db,established_a-b028,established_a,28,7,newest,180,100,18.0,17.702504676458766,0.8934706898525742,-4.810714870487914,1.5509247172635376,15.421427863590832,37.43594612900226,51.883933373906885,0.92578125,0.9453125,0.0546875,256,-1.285763591153626,1.0,0.0,0.11568969092047904,0.1898826826761239,0.8570709228515625,
demo-cheap_bad-884000,cheap_bad,dynamic_hierarchy,35,hold_current,104bab93ab56e8abf184985ead4999118118686c53d55b1f4189672ae3a6f1db,established_a-b042,established_a,42,-7,next_purchase,180,100,18.0,16.42248224807845,0.9954556616892566,-7.495666833427279,0.11770737751289495,14.31922219686954,34.599574363776924,58.43973253122344,0.90234375,0.9140625,0.0859375,256,-7.1258352343073295,1.0,0.0,0.15201714961302845,0.23548317482385778,0.8142242431640625,0.07125835234307329
demo-cheap_bad-884000,cheap_bad,dynamic_hierarchy,35,hold_current,104bab93ab56e8abf184985ead4999118118686c53d55b1f4189672ae3a6f1db,established_b-b000,established_b,0,35,first,180,100,24.0,43.27708898830598,0.71171669398551,26.287789028258782,30.150726179698683,41.734110238423455,58.01642889535084,71.13574770519338,1.0,1.0,0.0,256,20.253836944723584,0.0,0.0,0.16769967482168863,0.23023252043582393,0.0,
demo-cheap_bad-884000,cheap_bad,dynamic_hierarchy,35,hold_current,104bab93ab56e8abf184985ead4999118118686c53d55b1f4189672ae3a6f1db,established_b-b028,established_b,28,7,newest,180,100,24.0,39.8289590362931,1.52675650557876,6.767179671281106,14.779501582065738,37.582271404079364,66.14284634534076,90.13518383735881,0.99609375,0.99609375,0.00390625,256,16.22920401773897,1.0,1.0,0.12924512443521463,0.2359975501855413,1.52587890625e-05,
demo-cheap_bad-884000,cheap_bad,dynamic_hierarchy,35,hold_current,104bab93ab56e8abf184985ead4999118118686c53d55b1f4189672ae3a6f1db,established_b-b042,established_b,42,-7,next_purchase,180,100,24.0,42.84791460675705,1.8880653871966555,1.2481162899551141,10.735723748842283,37.459227288954565,81.04340667865496,122.0376013035459,0.98046875,0.98046875,0.01953125,256,13.284382936582958,1.0,1.0,0.1531754103782643,0.2956353167017409,0.0003814697265625,0.0
demo-cheap_bad-884000,cheap_bad,static_hierarchy,63,hold_current,02e6cd37831727e0ff958a5c146d09f990ad451ecaf4f25409f26d3a5f7cc04d,established_a-b000,established_a,0,63,first,180,100,18.0,9.041168405467268,0.2391245512508641,2.4266943005373287,4.205189712623085,8.732225105988748,14.243146185217693,16.79002714847153,1.0,1.0,0.0,256,0.08634594287793948,0.0,0.0,0.068002822534733,0.08954822462589329,0.0,
demo-cheap_bad-884000,cheap_bad,static_hierarchy,63,hold_current,02e6cd37831727e0ff958a5c146d09f990ad451ecaf4f25409f26d3a5f7cc04d,established_a-b056,established_a,56,7,newest,180,100,20.016000000000002,8.318130928619876,0.49506417657040797,-5.375430061852804,-1.4050436098876062,7.818103098928404,18.57015360644482,26.538212806999706,0.85546875,0.87890625,0.12109375,256,-8.325607905420874,0.0,0.0,0.12270820480061972,0.1664373883404075,0.7318267822265625,
demo-cheap_bad-884000,cheap_bad,static_hierarchy,63,hold_current,02e6cd37831727e0ff958a5c146d09f990ad451ecaf4f25409f26d3a5f7cc04d,established_a-b070,established_a,70,-7,next_purchase,180,100,21.023999999999997,9.90560528618453,0.641079998469163,-6.631183284820568,-2.1112332914333702,8.882426147523786,23.486061268193005,35.1617197192417,0.859375,0.875,0.125,256,-14.805262562871253,0.0,0.0,0.19150343251396038,0.24710867849055781,0.738525390625,0.14805262562871252
demo-cheap_bad-884000,cheap_bad,static_hierarchy,63,hold_current,02e6cd37831727e0ff958a5c146d09f990ad451ecaf4f25409f26d3a5f7cc04d,established_b-b000,established_b,0,63,first,180,100,24.0,38.180755408240564,0.3375358281465026,29.405677963210536,31.587871630778416,37.90319713310087,45.64184278433206,49.93857933683381,1.0,1.0,0.0,256,20.253836944723584,0.0,0.0,0.1489407324946864,0.1792691846351698,0.0,
demo-cheap_bad-884000,cheap_bad,static_hierarchy,63,hold_current,02e6cd37831727e0ff958a5c146d09f990ad451ecaf4f25409f26d3a5f7cc04d,established_b-b056,established_b,56,7,newest,180,100,26.688000000000002,29.36456773268482,0.8936857259457909,1.1651133046924556,10.86072585698204,28.762201035194103,46.87240912255379,55.76248967930046,0.98828125,0.99609375,0.00390625,256,5.192927765541413,1.0,0.0,0.16597248579835416,0.24171639967143407,0.0001373291015625,
demo-cheap_bad-884000,cheap_bad,static_hierarchy,63,hold_current,02e6cd37831727e0ff958a5c146d09f990ad451ecaf4f25409f26d3a5f7cc04d,established_b-b070,established_b,70,-7,next_purchase,180,100,28.031999999999996,34.961006237460424,1.0961861216527204,5.555236331825777,15.764787141135486,33.21477979797315,56.53369116569582,78.88502632684535,0.98828125,0.9921875,0.0078125,256,0.2145164782537603,0.0,0.0,0.25498425844189604,0.3474648975920666,0.0001373291015625,0.0
demo-cheap_bad-884000,cheap_bad,dynamic_hierarchy,63,hold_current,02e6cd37831727e0ff958a5c146d09f990ad451ecaf4f25409f26d3a5f7cc04d,established_a-b000,established_a,0,63,first,180,100,18.0,8.984333055492243,0.2766468564344182,2.4826275017269333,4.145543403184007,8.3857854954939,14.421425365959848,18.65404731721896,0.99609375,1.0,0.0,256,0.08634594287793948,0.0,0.0,0.06487363226067881,0.08897987112614304,1.52587890625e-05,
demo-cheap_bad-884000,cheap_bad,dynamic_hierarchy,63,hold_current,02e6cd37831727e0ff958a5c146d09f990ad451ecaf4f25409f26d3a5f7cc04d,established_a-b056,established_a,56,7,newest,180,100,20.016000000000002,7.660934457388681,0.5692937798591674,-5.815649401003915,-2.0863583861233934,5.921696459676724,19.101661009388284,28.114147001735432,0.79296875,0.8359375,0.1640625,256,-8.325607905420874,0.0,0.0,0.11030157745504975,0.15986542362809555,0.6287994384765625,
demo-cheap_bad-884000,cheap_bad,dynamic_hierarchy,63,hold_current,02e6cd37831727e0ff958a5c146d09f990ad451ecaf4f25409f26d3a5f7cc04d,established_a-b070,established_a,70,-7,next_purchase,180,100,21.023999999999997,8.806325981170925,0.6858892085136992,-6.614332224330389,-2.6222578235363105,7.465333047765849,23.61138485433123,34.17728233131949,0.7890625,0.83984375,0.16015625,256,-14.805262562871253,0.0,0.0,0.17714144516118555,0.23611588544042178,0.62261962890625,0.14805262562871252
demo-cheap_bad-884000,cheap_bad,dynamic_hierarchy,63,hold_current,02e6cd37831727e0ff958a5c146d09f990ad451ecaf4f25409f26d3a5f7cc04d,established_b-b000,established_b,0,63,first,180,100,24.0,38.59810923543324,0.41949413632633015,26.617686681166496,30.589351990303367,38.091065370130536,47.433237503919415,52.96541053285964,1.0,1.0,0.0,256,20.253836944723584,0.0,0.0,0.14626596721608842,0.18344272290709657,0.0,
demo-cheap_bad-884000,cheap_bad,dynamic_hierarchy,63,hold_current,02e6cd37831727e0ff958a5c146d09f990ad451ecaf4f25409f26d3a5f7cc04d,established_b-b056,established_b,56,7,newest,180,100,26.688000000000002,28.248654522144253,0.9607891858940202,2.0775470591510854,10.70800749764707,26.885923920169187,47.59412341641327,62.90861926380625,0.98828125,0.98828125,0.01171875,256,5.192927765541413,1.0,0.0,0.15054895894747777,0.2305572675660284,0.0001373291015625,
demo-cheap_bad-884000,cheap_bad,dynamic_hierarchy,63,hold_current,02e6cd37831727e0ff958a5c146d09f990ad451ecaf4f25409f26d3a5f7cc04d,established_b-b070,established_b,70,-7,next_purchase,180,100,28.031999999999996,38.43366558350335,1.297888310939854,6.274183339019952,17.685416088652993,36.31898758521506,63.22024969517531,93.72208620087845,0.98828125,0.9921875,0.0078125,256,0.2145164782537603,0.0,0.0,0.272715152593606,0.38219149105249584,0.0001373291015625,0.0
demo-cheap_bad-884000,cheap_bad,static_hierarchy,91,hold_current,8a10e8ae1b76179381994d346801f3c3c53e941c3c9ad6b36f895d9096791c45,established_a-b000,established_a,0,91,first,180,100,18.0,10.070006203599494,0.20940838250415267,4.652752494212887,6.03080326360967,9.91722188232054,14.389711188395065,16.545893923063463,1.0,1.0,0.0,256,0.08634594287793948,0.0,0.0,0.08113505614507631,0.09983660260721555,0.0,
demo-cheap_bad-884000,cheap_bad,static_hierarchy,91,hold_current,8a10e8ae1b76179381994d346801f3c3c53e941c3c9ad6b36f895d9096791c45,established_a-b084,established_a,84,7,newest,180,100,24.048000000000002,2.05455739824272,0.4104056773040118,-9.248004872009503,-5.797168183022372,1.707608696551258,9.383643748969423,16.08382785337517,0.59765625,0.68359375,0.31640625,256,-17.260912353998936,0.0,0.0,0.1565681532624833,0.19315469752241657,0.3571929931640625,
demo-cheap_bad-884000,cheap_bad,static_hierarchy,91,hold_current,8a10e8ae1b76179381994d346801f3c3c53e941c3c9ad6b36f895d9096791c45,established_a-b098,established_a,98,-7,next_purchase,180,100,25.055999999999994,4.826506001309729,0.4948193449263319,-8.5691821456704,-4.384708940996754,3.8195207355091796,15.033698772158637,19.884183430017284,0.71484375,0.765625,0.234375,256,-19.121373561258633,0.0,0.0,0.19553167905852284,0.2394787956256836,0.5110015869140625,0.19121373561258634
demo-cheap_bad-884000,cheap_bad,static_hierarchy,91,hold_current,8a10e8ae1b76179381994d346801f3c3c53e941c3c9ad6b36f895d9096791c45,established_b-b000,established_b,0,91,first,180,100,24.0,36.530870649603365,0.2976751123929629,27.889577479287603,30.55366897794706,36.31774476487554,42.82287843609734,46.4393370452299,1.0,1.0,0.0,256,20.253836944723584,0.0,0.0,0.135977522896866,0.16277033704879781,0.0,
demo-cheap_bad-884000,cheap_bad,static_hierarchy,91,hold_current,8a10e8ae1b76179381994d346801f3c3c53e941c3c9ad6b36f895d9096791c45,established_b-b084,established_b,84,7,newest,180,100,32.064,20.658078185211004,0.6612881963537484,2.449180051431889,8.801310513479564,20.142072247425208,33.917329647533826,44.754549622225525,0.98828125,0.9921875,0.0078125,256,-3.1940328753737894,0.0,0.0,0.18083348234186175,0.23852111060584794,0.9766998291015625,
demo-cheap_bad-884000,cheap_bad,static_hierarchy,91,hold_current,8a10e8ae1b76179381994d346801f3c3c53e941c3c9ad6b36f895d9096791c45,established_b-b098,established_b,98,-7,next_purchase,180,100,33.408,23.442944423420325,0.7083698453266697,4.30682925409298,9.369563784973696,22.64533291979961,38.03219388405734,47.534040950593095,0.9921875,0.99609375,0.00390625,256,-19.948062433890875,0.0,0.0,0.3699543393054674,0.433910068573112,0.98443603515625,0.19948062433890876
demo-cheap_bad-884000,cheap_bad,static_hierarchy,91,hold_current,8a10e8ae1b76179381994d346801f3c3c53e941c3c9ad6b36f895d9096791c45,new_cheap-b070,new_cheap,70,21,first,180,100,9.728,-3.4260461019439123,0.2776667832519899,-9.92498054786904,-8.174641867419918,-4.134805269164712,1.8086524568859987,7.1847779044532665,0.20703125,0.234375,0.765625,256,-11.075722971820666,0.0,0.0,0.05268056365102586,0.07649676869876754,0.0428619384765625,
demo-cheap_bad-884000,cheap_bad,static_hierarchy,91,hold_current,8a10e8ae1b76179381994d346801f3c3c53e941c3c9ad6b36f895d9096791c45,new_cheap-b084,new_cheap,84,7,newest,180,100,10.688,-4.3600763660193795,0.30798831311773833,-11.493603911039347,-9.761475904996235,-5.12462979370728,2.0643047100702683,8.146453940230456,0.17578125,0.19140625,0.80859375,256,-13.260317506459455,0.0,0.0,0.062307232833184845,0.08900241140440075,0.0308990478515625,
demo-cheap_bad-884000,cheap_bad,static_hierarchy,91,hold_current,8a10e8ae1b76179381994d346801f3c3c53e941c3c9ad6b36f895d9096791c45,new_cheap-b098,new_cheap,98,-7,next_purchase,180,100,11.136,-4.514097856308304,0.36418889475520105,-11.951688285629743,-10.654290089538922,-5.5718175896382975,2.344907577844146,8.303768501130588,0.18359375,0.2109375,0.7890625,256,-12.368702373898763,0.0,0.0,0.04800862419063737,0.07854604517590459,0.0337066650390625,0.0
demo-cheap_bad-884000,cheap_bad,dynamic_hierarchy,91,hold_current,8a10e8ae1b76179381994d346801f3c3c53e941c3c9ad6b36f895d9096791c45,established_a-b000,established_a,0,91,first,180,100,18.0,11.48463226206847,0.2725426617063588,4.763783770984776,6.246712905439885,11.053663807928558,17.395648772098593,20.65657248155456,1.0,1.0,0.0,256,0.08634594287793948,0.0,0.0,0.08939478161796657,0.1139828631919053,0.0,
demo-cheap_bad-884000,cheap_bad,dynamic_hierarchy,91,hold_current,8a10e8ae1b76179381994d346801f3c3c53e941c3c9ad6b36f895d9096791c45,established_a-b084,established_a,84,7,newest,180,100,24.048000000000002,7.087967591649527,0.939868060445164,-12.132471872908646,-7.800673280496852,4.353058200493654,24.782015677200278,45.47448949019679,0.67578125,0.7109375,0.2890625,256,-17.260912353998936,0.0,0.0,0.16776438897892632,0.24348879945648463,0.4566802978515625,
demo-cheap_bad-884000,cheap_bad,dynamic_hierarchy,91,hold_current,8a10e8ae1b76179381994d346801f3c3c53e941c3c9ad6b36f895d9096791c45,established_a-b098,established_a,98,-7,next_purchase,180,100,25.055999999999994,11.199537514114763,1.0188414729935347,-11.321964258609306,-6.104186767494895,7.683462823214011,32.87330074345007,52.28221893339773,0.75,0.76953125,0.23046875,256,-19.121373561258633,0.0,0.0,0.21527964596633098,0.30320911075373397,0.5625,0.19121373561258634
demo-cheap_bad-884000,cheap_bad,dynamic_hierarchy,91,hold_current,8a10e8ae1b76179381994d346801f3c3c53e941c3c9ad6b36f895d9096791c45,established_b-b000,established_b,0,91,first,180,100,24.0,38.80618592376727,0.4467892678842192,27.79655779317632,29.8963604180714,38.10144783248165,47.73368479035643,56.23560961899885,1.0,1.0,0.0,256,20.253836944723584,0.0,0.0,0.14580811071289912,0.1855234897904369,0.0,
demo-cheap_bad-884000,cheap_bad,dynamic_hierarchy,91,hold_current,8a10e8ae1b76179381994d346801f3c3c53e941c3c9ad6b36f895d9096791c45,established_b-b084,established_b,84,7,newest,180,100,32.064,31.6221807275447,1.7170960619339273,-2.513439140823578,6.529264490272485,24.497881104783644,65.6509907379723,109.93923267342429,0.953125,0.9609375,0.0390625,256,-3.1940328753737894,0.0,0.0,0.2093032366588951,0.3481621360291849,0.908447265625,
demo-cheap_bad-884000,cheap_bad,dynamic_hierarchy,91,hold_current,8a10e8ae1b76179381994d346801f3c3c53e941c3c9ad6b36f895d9096791c45,established_b-b098,established_b,98,-7,next_purchase,180,100,33.408,39.75639344035025,2.0495740674804375,-3.4115803874658557,9.44264358468859,33.58096734005609,74.50701999789347,123.13070346067127,0.9609375,0.96875,0.03125,256,-19.948062433890875,0.0,0.0,0.43447600188786945,0.5970445587424112,0.92340087890625,0.19948062433890876
demo-cheap_bad-884000,cheap_bad,dynamic_hierarchy,91,hold_current,8a10e8ae1b76179381994d346801f3c3c53e941c3c9ad6b36f895d9096791c45,new_cheap-b070,new_cheap,70,21,first,180,100,9.728,-2.30331002620317,0.3620405297033425,-9.530855602467758,-8.070334619639146,-3.8817526901217487,4.77763739087944,12.128743779845381,0.26171875,0.30078125,0.69921875,256,-11.075722971820666,0.0,0.0,0.05747987540932838,0.08772412945617497,0.0684967041015625,
demo-cheap_bad-884000,cheap_bad,dynamic_hierarchy,91,hold_current,8a10e8ae1b76179381994d346801f3c3c53e941c3c9ad6b36f895d9096791c45,new_cheap-b084,new_cheap,84,7,newest,180,100,10.688,-2.419755328976377,0.4402485159640053,-11.27826758772946,-9.789333642534181,-4.323908015270128,6.864349103977718,16.584469864479697,0.2890625,0.3125,0.6875,256,-13.260317506459455,0.0,0.0,0.07087394406583872,0.10840562177483078,0.08355712890625,
demo-cheap_bad-884000,cheap_bad,dynamic_hierarchy,91,hold_current,8a10e8ae1b76179381994d346801f3c3c53e941c3c9ad6b36f895d9096791c45,new_cheap-b098,new_cheap,98,-7,next_purchase,180,100,11.136,-2.296661265886476,0.5367795551630605,-12.737360715003724,-10.865899172428037,-4.986769310997664,9.686698226584172,18.460052631142624,0.2890625,0.34375,0.65625,256,-12.368702373898763,1.0,0.0,0.055874824247753835,0.10072041108012288,0.08355712890625,0.0
demo-cheap_bad-884000,cheap_bad,static_hierarchy,119,hold_current,82a7f19f98d637b7cc6c9d31ecb05f0544eb6a4206d2773c38a7475ece7ee263,established_a-b000,established_a,0,119,first,180,100,18.0,7.346941718685618,0.14886936918598767,3.450371194104218,4.334580568654671,7.20484753984571,10.467661001847768,12.630967215748315,1.0,1.0,0.0,256,0.08634594287793948,0.0,0.0,0.059216504470417215,0.07260595775807678,0.0,
demo-cheap_bad-884000,cheap_bad,static_hierarchy,119,hold_current,82a7f19f98d637b7cc6c9d31ecb05f0544eb6a4206d2773c38a7475ece7ee263,established_a-b112,established_a,112,7,newest,180,100,28.080000000000002,-2.648569140238677,0.3606117063509873,-12.867688560394939,-9.516203121428582,-3.3628702205807066,5.9189906191553625,9.140599363003465,0.30859375,0.37890625,0.62109375,256,-19.97897467337865,0.0,0.0,0.14093455894764986,0.17330405533139973,0.0952301025390625,
demo-cheap_bad-884000,cheap_bad,static_hierarchy,119,hold_current,82a7f19f98d637b7cc6c9d31ecb05f0544eb6a4206d2773c38a7475ece7ee263,established_a-b126,established_a,126,-7,next_purchase,180,100,29.088,-3.7675606609662156,0.42440406083910837,-14.447520764140087,-11.739793519445302,-4.991352749287159,5.962780091803868,11.579398458229576,0.26953125,0.328125,0.671875,256,-24.54473458603748,0.0,0.0,0.1697356949690855,0.20777173925071268,0.0726470947265625,0.0
demo-cheap_bad-884000,cheap_bad,static_hierarchy,119,hold_current,82a7f19f98d637b7cc6c9d31ecb05f0544eb6a4206d2773c38a7475ece7ee263,established_b-b000,established_b,0,119,first,180,100,24.0,28.93064754185704,0.1740872015384811,23.830011009012168,25.494260442586388,28.811511571538333,32.55463064371408,34.56364948655477,1.0,1.0,0.0,256,20.253836944723584,0.0,0.0,0.07107677658002659,0.08676810597133457,0.0,
demo-cheap_bad-884000,cheap_bad,static_hierarchy,119,hold_current,82a7f19f98d637b7cc6c9d31ecb05f0544eb6a4206d2773c38a7475ece7ee263,established_b-b112,established_b,112,7,newest,180,100,37.44,7.4642271243141245,0.5686117652978273,-8.421547736427023,-3.468823761262822,6.946439130217179,19.252566230830837,27.930201262529906,0.78515625,0.86328125,0.13671875,256,-22.457238470014644,0.0,0.0,0.24862138133517264,0.29921465594328767,0.6164703369140625,
demo-cheap_bad-884000,cheap_bad,static_hierarchy,119,hold_current,82a7f19f98d637b7cc6c9d31ecb05f0544eb6a4206d2773c38a7475ece7ee263,established_b-b126,established_b,126,-7,next_purchase,180,100,38.784,7.533777777543028,0.5861979896889257,-8.03998820791395,-4.453558286305729,6.516960297538127,19.60588274941489,24.795795851464593,0.75390625,0.8125,0.1875,256,-20.905171548805995,0.0,0.0,0.23117140385333435,0.2843894932634903,0.5683746337890625,0.20905171548805995
demo-cheap_bad-884000,cheap_bad,static_hierarchy,119,hold_current,82a7f19f98d637b7cc6c9d31ecb05f0544eb6a4206d2773c38a7475ece7ee263,new_cheap-b070,new_cheap,70,49,first,180,100,9.728,-3.3759734806632613,0.18860827259380794,-7.947443986189196,-6.753125672164588,-4.029704947726069,0.5337960033785363,3.2611637921847723,0.12890625,0.16796875,0.83203125,256,-11.075722971820666,0.0,0.0,0.06035574734789855,0.07699749491157404,0.0166168212890625,
demo-cheap_bad-884000,cheap_bad,static_hierarchy,119,hold_current,82a7f19f98d637b7cc6c9d31ecb05f0544eb6a4206d2773c38a7475ece7ee263,new_cheap-b112,new_cheap,112,7,newest,180,100,12.48,-4.313233652718873,0.2465678196032621,-10.981874433050788,-9.155156390216941,-4.9666105087184,0.793007482766936,2.611037985785283,0.14453125,0.2109375,0.7890625,256,-14.306505968702337,0.0,0.0,0.07789160892620192,0.09993272315983465,0.0208892822265625,
demo-cheap_bad-884000,cheap_bad,static_hierarchy,119,hold_current,82a7f19f98d637b7cc6c9d31ecb05f0544eb6a4206d2773c38a7475ece7ee263,new_cheap-b126,new_cheap,126,-7,next_purchase,180,100,12.928,-5.928530972637038,0.2311611211645492,-11.548963954878454,-10.191628413543093,-6.606423364616329,-0.9294010397141186,1.9410191579915128,0.0625,0.0703125,0.9296875,256,-15.210537999786304,0.0,0.0,0.07236409928664785,0.09282007027149267,0.00390625,0.0
demo-cheap_bad-884000,cheap_bad,dynamic_hierarchy,119,hold_current,82a7f19f98d637b7cc6c9d31ecb05f0544eb6a4206d2773c38a7475ece7ee263,established_a-b000,established_a,0,119,first,180,100,18.0,6.074406474125743,0.1487419047269455,2.5310786056905394,3.222488490021453,5.819483228202218,9.056966776601667,11.360920107652742,1.0,1.0,0.0,256,0.08634594287793948,0.0,0.0,0.04696560976333368,0.05988060531247803,0.0,
demo-cheap_bad-884000,cheap_bad,dynamic_hierarchy,119,hold_current,82a7f19f98d637b7cc6c9d31ecb05f0544eb6a4206d2773c38a7475ece7ee263,established_a-b112,established_a,112,7,newest,180,100,28.080000000000002,-2.248613687104986,0.7122955871873003,-17.813990143046794,-13.888773494163107,-4.897731209571578,11.79014468674367,26.287855229916378,0.3203125,0.3984375,0.6015625,256,-19.97897467337865,0.0,0.0,0.11704571952934673,0.17730360986273666,0.10260009765625,
demo-cheap_bad-884000,cheap_bad,dynamic_hierarchy,119,hold_current,82a7f19f98d637b7cc6c9d31ecb05f0544eb6a4206d2773c38a7475ece7ee263,established_a-b126,established_a,126,-7,next_purchase,180,100,29.088,-1.368088469467504,0.8102670276301327,-18.439882592019252,-15.093894904411542,-3.808527792849608,16.025094022627993,31.40117803541587,0.34765625,0.421875,0.578125,256,-24.54473458603748,0.0,0.0,0.16305824901720548,0.23176646116569977,0.1208648681640625,0.0
demo-cheap_bad-884000,cheap_bad,dynamic_hierarchy,119,hold_current,82a7f19f98d637b7cc6c9d31ecb05f0544eb6a4206d2773c38a7475ece7ee263,established_b-b000,established_b,0,119,first,180,100,24.0,27.73602994343435,0.20533201770798523,22.89477902194403,23.92543798715278,27.254910447660947,32.10461571136526,35.564807361631765,1.0,1.0,0.0,256,20.253836944723584,0.0,0.0,0.05708547914552176,0.07482192998710765,0.0,
demo-cheap_bad-884000,cheap_bad,dynamic_hierarchy,119,hold_current,82a7f19f98d637b7cc6c9d31ecb05f0544eb6a4206d2773c38a7475ece7ee263,established_b-b112,established_b,112,7,newest,180,100,37.44,8.5973031715017,1.138298518450648,-16.7310035375366,-9.789475907430248,5.19450829623867,32.90818621315889,54.31256263881192,0.61328125,0.7109375,0.2890625,256,-22.457238470014644,0.0,0.0,0.21333082060698408,0.3105454164151634,0.3761138916015625,
demo-cheap_bad-884000,cheap_bad,dynamic_hierarchy,119,hold_current,82a7f19f98d637b7cc6c9d31ecb05f0544eb6a4206d2773c38a7475ece7ee263,established_b-b126,established_b,126,-7,next_purchase,180,100,38.784,13.538675212696283,1.3801213786188282,-16.959918350930785,-10.142120008447765,7.8976445449936605,46.055170101517504,67.38028347338275,0.73046875,0.7734375,0.2265625,256,-20.905171548805995,0.0,0.0,0.22549543052055987,0.3444384676150228,0.5335845947265625,0.20905171548805995
demo-cheap_bad-884000,cheap_bad,dynamic_hierarchy,119,hold_current,82a7f19f98d637b7cc6c9d31ecb05f0544eb6a4206d2773c38a7475ece7ee263,new_cheap-b070,new_cheap,70,49,first,180,100,9.728,-2.6558716862081875,0.21803407910485545,-7.627383769208216,-6.582680977517163,-3.2180001054423353,2.0151461660519,5.87518699211326,0.1953125,0.25390625,0.74609375,256,-11.075722971820666,0.0,0.0,0.06506042094596338,0.08419851285612477,0.03814697265625,
demo-cheap_bad-884000,cheap_bad,dynamic_hierarchy,119,hold_current,82a7f19f98d637b7cc6c9d31ecb05f0544eb6a4206d2773c38a7475ece7ee263,new_cheap-b112,new_cheap,112,7,newest,180,100,12.48,-2.248767974208357,0.38083023718888903,-10.166653686063347,-8.347268905114886,-3.95851850263995,6.104780288218334,14.015442263450291,0.2734375,0.30859375,0.69140625,256,-14.306505968702337,0.0,0.0,0.08832683462547017,0.1205773799449398,0.07476806640625,
demo-cheap_bad-884000,cheap_bad,dynamic_hierarchy,119,hold_current,82a7f19f98d637b7cc6c9d31ecb05f0544eb6a4206d2773c38a7475ece7ee263,new_cheap-b126,new_cheap,126,-7,next_purchase,180,100,12.928,-2.842338520029762,0.40508747027044856,-11.404571624542399,-9.711835037043983,-4.244164621795009,5.970039110650376,13.963989005209974,0.2421875,0.28515625,0.71484375,256,-15.210537999786304,0.0,0.0,0.08943372456840543,0.1236819947975654,0.05865478515625,0.0
demo-cheap_bad-884000,cheap_bad,dynamic_hierarchy,119,fixed_price,82a7f19f98d637b7cc6c9d31ecb05f0544eb6a4206d2773c38a7475ece7ee263,established_a-b000,established_a,0,119,first,180,100,18.0,8.700500848091732,0.1957077362668848,3.837138423044973,5.126123001429754,8.500457994818133,12.363256342958678,15.079175981262031,1.0,1.0,0.0,256,0.08634594287793948,0.0,0.0,0.06926647750417082,0.08614154905213793,0.0,
demo-cheap_bad-884000,cheap_bad,dynamic_hierarchy,119,fixed_price,82a7f19f98d637b7cc6c9d31ecb05f0544eb6a4206d2773c38a7475ece7ee263,established_a-b112,established_a,112,7,newest,180,100,28.080000000000002,13.500726470611323,0.9442820352970989,-6.553556341090831,-3.0353327351875095,11.948272316894805,32.703994590940795,48.82426319349071,0.82421875,0.859375,0.140625,256,-19.97897467337865,0.0,0.0,0.25471249526578016,0.3347970114398997,0.6793365478515625,
demo-cheap_bad-884000,cheap_bad,dynamic_hierarchy,119,fixed_price,82a7f19f98d637b7cc6c9d31ecb05f0544eb6a4206d2773c38a7475ece7ee263,established_a-b126,established_a,126,-7,next_purchase,180,100,29.088,17.796017297122205,1.019437032490025,-5.620354830450857,0.08327466113471438,14.826377194591476,41.049474225517145,55.615000169411665,0.8984375,0.91796875,0.08203125,256,-24.54473458603748,0.0,0.0,0.3340032291728087,0.42340751883159683,0.80718994140625,0.2454473458603748
demo-cheap_bad-884000,cheap_bad,dynamic_hierarchy,119,fixed_price,82a7f19f98d637b7cc6c9d31ecb05f0544eb6a4206d2773c38a7475ece7ee263,established_b-b000,established_b,0,119,first,180,100,24.0,32.27194054021827,0.2682230340138862,25.06182720115121,27.179845509002835,31.854786009353386,37.866078431790555,42.2405749894575,1.0,1.0,0.0,256,20.253836944723584,0.0,0.0,0.09672581217719917,0.12018103595494684,0.0,
demo-cheap_bad-884000,cheap_bad,dynamic_hierarchy,119,fixed_price,82a7f19f98d637b7cc6c9d31ecb05f0544eb6a4206d2773c38a7475ece7ee263,established_b-b112,established_b,112,7,newest,180,100,37.44,34.57537951465783,1.3945141466550703,3.286921101693018,9.710376015992988,30.22298506841245,62.50769849758887,87.80137968335985,0.984375,0.98828125,0.01171875,256,-22.457238470014644,0.0,0.0,0.44862324131941017,0.5703261798467247,0.968994140625,
demo-cheap_bad-884000,cheap_bad,dynamic_hierarchy,119,fixed_price,82a7f19f98d637b7cc6c9d31ecb05f0544eb6a4206d2773c38a7475ece7ee263,established_b-b126,established_b,126,-7,next_purchase,180,100,38.784,47.56349396933186,1.7822184844990927,6.163531930996442,17.110413709857788,42.59442490962729,89.95162603034927,115.88103860103712,0.9921875,1.0,0.0,256,-20.905171548805995,0.0,0.0,0.5286143791719378,0.6846866551813785,0.98443603515625,0.20905171548805995
demo-cheap_bad-884000,cheap_bad,dynamic_hierarchy,119,fixed_price,82a7f19f98d637b7cc6c9d31ecb05f0544eb6a4206d2773c38a7475ece7ee263,new_cheap-b070,new_cheap,70,49,first,180,100,9.728,1.3863486952050892,0.315260952454946,-5.718919315447093,-4.243069749623846,0.5498290723442016,7.982540979313793,12.717454987888974,0.546875,0.61328125,0.38671875,256,-11.075722971820666,0.0,0.0,0.09721027159135918,0.12462071667025755,0.299072265625,
demo-cheap_bad-884000,cheap_bad,dynamic_hierarchy,119,fixed_price,82a7f19f98d637b7cc6c9d31ecb05f0544eb6a4206d2773c38a7475ece7ee263,new_cheap-b112,new_cheap,112,7,newest,180,100,12.48,4.938505026727048,0.5558029107101722,-7.379715196845878,-4.611131460385307,3.36265350987214,16.489499319641457,27.29036855712615,0.6875,0.73046875,0.26953125,256,-14.306505968702337,0.0,0.0,0.1456108977840639,0.19245010995429385,0.47265625,
demo-cheap_bad-884000,cheap_bad,dynamic_hierarchy,119,fixed_price,82a7f19f98d637b7cc6c9d31ecb05f0544eb6a4206d2773c38a7475ece7ee263,new_cheap-b126,new_cheap,126,-7,next_purchase,180,100,12.928,6.109274436019895,0.5873893048449358,-6.638732617324386,-4.2644670603899755,4.754209840373928,17.318982013712407,30.420813409856034,0.71484375,0.7421875,0.2578125,256,-15.210537999786304,0.0,0.0,0.16223731138136943,0.21319812435806199,0.5110015869140625,0.15210537999786303
demo-cheap_bad-884000,cheap_bad,dynamic_hierarchy,119,continue_recent_trend,82a7f19f98d637b7cc6c9d31ecb05f0544eb6a4206d2773c38a7475ece7ee263,established_a-b000,established_a,0,119,first,180,100,18.0,7.744745365611322,0.24929573899683938,2.3388038602332264,3.4017924892778293,7.061841987442872,12.776703437510212,16.12750554720764,1.0,1.0,0.0,256,0.08634594287793948,0.0,0.0,0.055621708444817376,0.07658399422733382,0.0,
demo-cheap_bad-884000,cheap_bad,dynamic_hierarchy,119,continue_recent_trend,82a7f19f98d637b7cc6c9d31ecb05f0544eb6a4206d2773c38a7475ece7ee263,established_a-b112,established_a,112,7,newest,180,100,28.080000000000002,42.46581522709027,5.726182197975287,-17.472572608317996,-11.997183928116176,16.651334786343515,114.95610388209849,242.01151707515274,0.69921875,0.7734375,0.2265625,256,-19.97897467337865,0.0,0.0,0.2773290732855305,0.6244478990046892,0.4889068603515625,
demo-cheap_bad-884000,cheap_bad,dynamic_hierarchy,119,continue_recent_trend,82a7f19f98d637b7cc6c9d31ecb05f0544eb6a4206d2773c38a7475ece7ee263,established_a-b126,established_a,126,-7,next_purchase,180,100,29.088,65.84186613116401,8.778983168067795,-19.792302606165094,-11.84866496569154,25.90863183390989,176.44743748540728,478.423352845887,0.7578125,0.79296875,0.20703125,256,-24.54473458603748,0.0,0.0,0.3830024550682726,0.9038660071720149,0.57427978515625,0.2454473458603748
demo-cheap_bad-884000,cheap_bad,dynamic_hierarchy,119,continue_recent_trend,82a7f19f98d637b7cc6c9d31ecb05f0544eb6a4206d2773c38a7475ece7ee263,established_b-b000,established_b,0,119,first,180,100,24.0,30.330267899065202,0.39067086767824877,22.724896688962996,24.55383219006542,28.846064852666586,38.078197614977576,47.273794933407416,1.0,1.0,0.0,256,20.253836944723584,0.0,0.0,0.06950946228942767,0.10076430954341617,0.0,
demo-cheap_bad-884000,cheap_bad,dynamic_hierarchy,119,continue_recent_trend,82a7f19f98d637b7cc6c9d31ecb05f0544eb6a4206d2773c38a7475ece7ee263,established_b-b112,established_b,112,7,newest,180,100,37.44,86.60091069651767,9.82450916142808,-17.803442685196686,-7.71237220544606,40.83427665142702,227.60857334359446,415.13869332910105,0.8046875,0.84375,0.15625,256,-22.457238470014644,0.0,0.0,0.48197588116334117,1.0905814916653231,0.64752197265625,
demo-cheap_bad-884000,cheap_bad,dynamic_hierarchy,119,continue_recent_trend,82a7f19f98d637b7cc6c9d31ecb05f0544eb6a4206d2773c38a7475ece7ee263,established_b-b126,established_b,126,-7,next_purchase,180,100,38.784,124.89963724176611,14.13987785043209,-20.65702573624381,-9.04630166874267,60.6997315136723,314.81881888167504,636.9789496013329,0.859375,0.875,0.125,256,-20.905171548805995,0.0,0.0,0.6127399414494299,1.4580480879057212,0.738525390625,0.20905171548805995
demo-cheap_bad-884000,cheap_bad,dynamic_hierarchy,119,continue_recent_trend,82a7f19f98d637b7cc6c9d31ecb05f0544eb6a4206d2773c38a7475ece7ee263,new_cheap-b070,new_cheap,70,49,first,180,100,9.728,4.054799499303804,0.7499640195471592,-7.467291373975415,-5.747504459944168,0.32296622837579214,16.756127573694776,42.10094820654056,0.51953125,0.65234375,0.34765625,256,-11.075722971820666,0.0,0.0,0.09538488210284964,0.1513052247112447,0.2699127197265625,
demo-cheap_bad-884000,cheap_bad,dynamic_hierarchy,119,continue_recent_trend,82a7f19f98d637b7cc6c9d31ecb05f0544eb6a4206d2773c38a7475ece7ee263,new_cheap-b112,new_cheap,112,7,newest,180,100,12.48,17.081598463291037,2.563191816839298,-10.18178940917256,-7.470705499798397,5.861875759807743,47.82917463919872,115.23793733913125,0.66796875,0.7265625,0.2734375,256,-14.306505968702337,0.0,0.0,0.15917704944799102,0.31388104431993374,0.4461822509765625,
demo-cheap_bad-884000,cheap_bad,dynamic_hierarchy,119,continue_recent_trend,82a7f19f98d637b7cc6c9d31ecb05f0544eb6a4206d2773c38a7475ece7ee263,new_cheap-b126,new_cheap,126,-7,next_purchase,180,100,12.928,25.70071046507542,3.677207361578565,-11.628979231571817,-8.453642309931727,7.2556947649879895,67.94473829156807,155.81430051939319,0.66796875,0.73828125,0.26171875,256,-15.210537999786304,0.0,0.0,0.1871908438376172,0.40911248464861727,0.4461822509765625,0.15210537999786303
