world,scenario,calendar_day,true_human_events,reported_events,audited_bot_fraction,audit_n,measurement_note
demo-fixed_price-884000,fixed_price,0,27,0,0.4838709677419355,0,Reported activity uses report date (2daylag); truth uses occurrence date. Audits use available trailing14day cells; knownSe95Sp98.
demo-fixed_price-884000,fixed_price,1,19,0,0.4838709677419355,0,Reported activity uses report date (2daylag); truth uses occurrence date. Audits use available trailing14day cells; knownSe95Sp98.
demo-fixed_price-884000,fixed_price,2,11,27,0.4838709677419355,0,Reported activity uses report date (2daylag); truth uses occurrence date. Audits use available trailing14day cells; knownSe95Sp98.
demo-fixed_price-884000,fixed_price,3,15,20,0.4838709677419355,0,Reported activity uses report date (2daylag); truth uses occurrence date. Audits use available trailing14day cells; knownSe95Sp98.
demo-fixed_price-884000,fixed_price,4,7,12,0.4838709677419355,0,Reported activity uses report date (2daylag); truth uses occurrence date. Audits use available trailing14day cells; knownSe95Sp98.
demo-fixed_price-884000,fixed_price,5,4,16,0.4838709677419355,0,Reported activity uses report date (2daylag); truth uses occurrence date. Audits use available trailing14day cells; knownSe95Sp98.
demo-fixed_price-884000,fixed_price,6,7,8,0.4838709677419355,0,Reported activity uses report date (2daylag); truth uses occurrence date. Audits use available trailing14day cells; knownSe95Sp98.
demo-fixed_price-884000,fixed_price,7,29,5,0.013440860215053863,14,Reported activity uses report date (2daylag); truth uses occurrence date. Audits use available trailing14day cells; knownSe95Sp98.
demo-fixed_price-884000,fixed_price,8,17,8,0.0,26,Reported activity uses report date (2daylag); truth uses occurrence date. Audits use available trailing14day cells; knownSe95Sp98.
demo-fixed_price-884000,fixed_price,9,15,30,0.03840245775729656,33,Reported activity uses report date (2daylag); truth uses occurrence date. Audits use available trailing14day cells; knownSe95Sp98.
demo-fixed_price-884000,fixed_price,10,26,17,0.06842619745845557,42,Reported activity uses report date (2daylag); truth uses occurrence date. Audits use available trailing14day cells; knownSe95Sp98.
demo-fixed_price-884000,fixed_price,11,15,17,0.08350491878288724,45,Reported activity uses report date (2daylag); truth uses occurrence date. Audits use available trailing14day cells; knownSe95Sp98.
demo-fixed_price-884000,fixed_price,12,13,27,0.08064516129032262,46,Reported activity uses report date (2daylag); truth uses occurrence date. Audits use available trailing14day cells; knownSe95Sp98.
demo-fixed_price-884000,fixed_price,13,9,16,0.09382247522664977,49,Reported activity uses report date (2daylag); truth uses occurrence date. Audits use available trailing14day cells; knownSe95Sp98.
demo-fixed_price-884000,fixed_price,14,36,18,0.0998463901689709,61,Reported activity uses report date (2daylag); truth uses occurrence date. Audits use available trailing14day cells; knownSe95Sp98.
demo-fixed_price-884000,fixed_price,15,27,12,0.1130886169818317,56,Reported activity uses report date (2daylag); truth uses occurrence date. Audits use available trailing14day cells; knownSe95Sp98.
demo-fixed_price-884000,fixed_price,16,16,39,0.12218963831867069,53,Reported activity uses report date (2daylag); truth uses occurrence date. Audits use available trailing14day cells; knownSe95Sp98.
demo-fixed_price-884000,fixed_price,17,19,30,0.0696280627533934,59,Reported activity uses report date (2daylag); truth uses occurrence date. Audits use available trailing14day cells; knownSe95Sp98.
demo-fixed_price-884000,fixed_price,18,19,21,0.04549214226633591,63,Reported activity uses report date (2daylag); truth uses occurrence date. Audits use available trailing14day cells; knownSe95Sp98.
demo-fixed_price-884000,fixed_price,19,18,21,0.03973819541841994,67,Reported activity uses report date (2daylag); truth uses occurrence date. Audits use available trailing14day cells; knownSe95Sp98.
demo-fixed_price-884000,fixed_price,20,16,23,0.047951176983435206,72,Reported activity uses report date (2daylag); truth uses occurrence date. Audits use available trailing14day cells; knownSe95Sp98.
demo-fixed_price-884000,fixed_price,21,34,19,0.03176930596285443,86,Reported activity uses report date (2daylag); truth uses occurrence date. Audits use available trailing14day cells; knownSe95Sp98.
demo-fixed_price-884000,fixed_price,22,26,18,0.03873280147993996,91,Reported activity uses report date (2daylag); truth uses occurrence date. Audits use available trailing14day cells; knownSe95Sp98.
demo-fixed_price-884000,fixed_price,23,22,39,0.059422750424448334,93,Reported activity uses report date (2daylag); truth uses occurrence date. Audits use available trailing14day cells; knownSe95Sp98.
demo-fixed_price-884000,fixed_price,24,22,27,0.07206588881262876,92,Reported activity uses report date (2daylag); truth uses occurrence date. Audits use available trailing14day cells; knownSe95Sp98.
demo-fixed_price-884000,fixed_price,25,24,26,0.09286412512218967,86,Reported activity uses report date (2daylag); truth uses occurrence date. Audits use available trailing14day cells; knownSe95Sp98.
demo-fixed_price-884000,fixed_price,26,15,24,0.09627406851712939,84,Reported activity uses report date (2daylag); truth uses occurrence date. Audits use available trailing14day cells; knownSe95Sp98.
demo-fixed_price-884000,fixed_price,27,21,26,0.10155316606929521,88,Reported activity uses report date (2daylag); truth uses occurrence date. Audits use available trailing14day cells; knownSe95Sp98.
demo-fixed_price-884000,fixed_price,28,40,19,0.12200165425971876,102,Reported activity uses report date (2daylag); truth uses occurrence date. Audits use available trailing14day cells; knownSe95Sp98.
demo-fixed_price-884000,fixed_price,29,33,27,0.1254480286738352,100,Reported activity uses report date (2daylag); truth uses occurrence date. Audits use available trailing14day cells; knownSe95Sp98.
demo-fixed_price-884000,fixed_price,30,22,43,0.10142999667442643,95,Reported activity uses report date (2daylag); truth uses occurrence date. Audits use available trailing14day cells; knownSe95Sp98.
demo-fixed_price-884000,fixed_price,31,28,36,0.09494394875314582,92,Reported activity uses report date (2daylag); truth uses occurrence date. Audits use available trailing14day cells; knownSe95Sp98.
demo-fixed_price-884000,fixed_price,32,26,25,0.08463749600766535,99,Reported activity uses report date (2daylag); truth uses occurrence date. Audits use available trailing14day cells; knownSe95Sp98.
demo-fixed_price-884000,fixed_price,33,23,32,0.09528372192057921,99,Reported activity uses report date (2daylag); truth uses occurrence date. Audits use available trailing14day cells; knownSe95Sp98.
demo-fixed_price-884000,fixed_price,34,17,32,0.13087867926577612,97,Reported activity uses report date (2daylag); truth uses occurrence date. Audits use available trailing14day cells; knownSe95Sp98.
demo-fixed_price-884000,fixed_price,35,45,29,0.11868533171028606,104,Reported activity uses report date (2daylag); truth uses occurrence date. Audits use available trailing14day cells; knownSe95Sp98.
demo-fixed_price-884000,fixed_price,36,31,22,0.09839724081963885,104,Reported activity uses report date (2daylag); truth uses occurrence date. Audits use available trailing14day cells; knownSe95Sp98.
demo-fixed_price-884000,fixed_price,37,36,48,0.11166253101736978,102,Reported activity uses report date (2daylag); truth uses occurrence date. Audits use available trailing14day cells; knownSe95Sp98.
demo-fixed_price-884000,fixed_price,38,40,35,0.12218963831867069,108,Reported activity uses report date (2daylag); truth uses occurrence date. Audits use available trailing14day cells; knownSe95Sp98.
demo-fixed_price-884000,fixed_price,39,26,40,0.135989879822897,117,Reported activity uses report date (2daylag); truth uses occurrence date. Audits use available trailing14day cells; knownSe95Sp98.
demo-fixed_price-884000,fixed_price,40,26,41,0.16309749706334142,117,Reported activity uses report date (2daylag); truth uses occurrence date. Audits use available trailing14day cells; knownSe95Sp98.
demo-fixed_price-884000,fixed_price,41,21,33,0.16129032258064513,123,Reported activity uses report date (2daylag); truth uses occurrence date. Audits use available trailing14day cells; knownSe95Sp98.
demo-fixed_price-884000,fixed_price,42,51,28,0.13291517323775404,142,Reported activity uses report date (2daylag); truth uses occurrence date. Audits use available trailing14day cells; knownSe95Sp98.
demo-fixed_price-884000,fixed_price,43,32,25,0.14645902855024107,143,Reported activity uses report date (2daylag); truth uses occurrence date. Audits use available trailing14day cells; knownSe95Sp98.
demo-fixed_price-884000,fixed_price,44,36,53,0.14373491332016686,145,Reported activity uses report date (2daylag); truth uses occurrence date. Audits use available trailing14day cells; knownSe95Sp98.
demo-fixed_price-884000,fixed_price,45,27,40,0.11966701352757547,153,Reported activity uses report date (2daylag); truth uses occurrence date. Audits use available trailing14day cells; knownSe95Sp98.
demo-fixed_price-884000,fixed_price,46,33,39,0.135989879822897,151,Reported activity uses report date (2daylag); truth uses occurrence date. Audits use available trailing14day cells; knownSe95Sp98.
demo-fixed_price-884000,fixed_price,47,35,34,0.11166253101736978,154,Reported activity uses report date (2daylag); truth uses occurrence date. Audits use available trailing14day cells; knownSe95Sp98.
demo-fixed_price-884000,fixed_price,48,34,37,0.10376001643723032,155,Reported activity uses report date (2daylag); truth uses occurrence date. Audits use available trailing14day cells; knownSe95Sp98.
demo-fixed_price-884000,fixed_price,49,60,39,0.09171410499683752,168,Reported activity uses report date (2daylag); truth uses occurrence date. Audits use available trailing14day cells; knownSe95Sp98.
demo-fixed_price-884000,fixed_price,50,49,41,0.10972772432874311,169,Reported activity uses report date (2daylag); truth uses occurrence date. Audits use available trailing14day cells; knownSe95Sp98.
demo-fixed_price-884000,fixed_price,51,41,63,0.0891913729877557,171,Reported activity uses report date (2daylag); truth uses occurrence date. Audits use available trailing14day cells; knownSe95Sp98.
demo-fixed_price-884000,fixed_price,52,30,54,0.08621238149774135,167,Reported activity uses report date (2daylag); truth uses occurrence date. Audits use available trailing14day cells; knownSe95Sp98.
demo-fixed_price-884000,fixed_price,53,33,48,0.10359297141358514,162,Reported activity uses report date (2daylag); truth uses occurrence date. Audits use available trailing14day cells; knownSe95Sp98.
demo-fixed_price-884000,fixed_price,54,30,36,0.08704557091653875,166,Reported activity uses report date (2daylag); truth uses occurrence date. Audits use available trailing14day cells; knownSe95Sp98.
demo-fixed_price-884000,fixed_price,55,42,39,0.10915607689801243,163,Reported activity uses report date (2daylag); truth uses occurrence date. Audits use available trailing14day cells; knownSe95Sp98.
demo-fixed_price-884000,fixed_price,56,43,40,0.09286412512218967,174,Reported activity uses report date (2daylag); truth uses occurrence date. Audits use available trailing14day cells; knownSe95Sp98.
demo-fixed_price-884000,fixed_price,57,37,48,0.10599078341013835,173,Reported activity uses report date (2daylag); truth uses occurrence date. Audits use available trailing14day cells; knownSe95Sp98.
demo-fixed_price-884000,fixed_price,58,43,50,0.09627406851712939,170,Reported activity uses report date (2daylag); truth uses occurrence date. Audits use available trailing14day cells; knownSe95Sp98.
demo-fixed_price-884000,fixed_price,59,41,43,0.12333965844402284,168,Reported activity uses report date (2daylag); truth uses occurrence date. Audits use available trailing14day cells; knownSe95Sp98.
demo-fixed_price-884000,fixed_price,60,38,51,0.1307501431570911,167,Reported activity uses report date (2daylag); truth uses occurrence date. Audits use available trailing14day cells; knownSe95Sp98.
demo-fixed_price-884000,fixed_price,61,27,49,0.15531660692951021,178,Reported activity uses report date (2daylag); truth uses occurrence date. Audits use available trailing14day cells; knownSe95Sp98.
demo-fixed_price-884000,fixed_price,62,34,47,0.16591513469765307,184,Reported activity uses report date (2daylag); truth uses occurrence date. Audits use available trailing14day cells; knownSe95Sp98.
demo-fixed_price-884000,fixed_price,63,63,33,0.15673892017978053,187,Reported activity uses report date (2daylag); truth uses occurrence date. Audits use available trailing14day cells; knownSe95Sp98.
demo-fixed_price-884000,fixed_price,64,58,42,0.17414679756895757,182,Reported activity uses report date (2daylag); truth uses occurrence date. Audits use available trailing14day cells; knownSe95Sp98.
demo-fixed_price-884000,fixed_price,65,43,72,0.17291485033420517,183,Reported activity uses report date (2daylag); truth uses occurrence date. Audits use available trailing14day cells; knownSe95Sp98.
demo-fixed_price-884000,fixed_price,66,53,65,0.18126799459427712,181,Reported activity uses report date (2daylag); truth uses occurrence date. Audits use available trailing14day cells; knownSe95Sp98.
demo-fixed_price-884000,fixed_price,67,34,49,0.18126799459427712,181,Reported activity uses report date (2daylag); truth uses occurrence date. Audits use available trailing14day cells; knownSe95Sp98.
demo-fixed_price-884000,fixed_price,68,34,64,0.1957464504247609,179,Reported activity uses report date (2daylag); truth uses occurrence date. Audits use available trailing14day cells; knownSe95Sp98.
demo-fixed_price-884000,fixed_price,69,32,47,0.18787000120816721,176,Reported activity uses report date (2daylag); truth uses occurrence date. Audits use available trailing14day cells; knownSe95Sp98.
demo-fixed_price-884000,fixed_price,70,38,38,0.15453470697517324,189,Reported activity uses report date (2daylag); truth uses occurrence date. Audits use available trailing14day cells; knownSe95Sp98.
demo-fixed_price-884000,fixed_price,71,48,39,0.16022040335954635,199,Reported activity uses report date (2daylag); truth uses occurrence date. Audits use available trailing14day cells; knownSe95Sp98.
demo-fixed_price-884000,fixed_price,72,41,46,0.16870596959584727,201,Reported activity uses report date (2daylag); truth uses occurrence date. Audits use available trailing14day cells; knownSe95Sp98.
demo-fixed_price-884000,fixed_price,73,40,61,0.1643335362142423,210,Reported activity uses report date (2daylag); truth uses occurrence date. Audits use available trailing14day cells; knownSe95Sp98.
demo-fixed_price-884000,fixed_price,74,43,47,0.16641065028161817,208,Reported activity uses report date (2daylag); truth uses occurrence date. Audits use available trailing14day cells; knownSe95Sp98.
demo-fixed_price-884000,fixed_price,75,35,51,0.14980686919302655,204,Reported activity uses report date (2daylag); truth uses occurrence date. Audits use available trailing14day cells; knownSe95Sp98.
demo-fixed_price-884000,fixed_price,76,26,50,0.14498292819650416,209,Reported activity uses report date (2daylag); truth uses occurrence date. Audits use available trailing14day cells; knownSe95Sp98.
demo-fixed_price-884000,fixed_price,77,63,47,0.1380685546973599,211,Reported activity uses report date (2daylag); truth uses occurrence date. Audits use available trailing14day cells; knownSe95Sp98.
demo-fixed_price-884000,fixed_price,78,50,42,0.1633096067444092,211,Reported activity uses report date (2daylag); truth uses occurrence date. Audits use available trailing14day cells; knownSe95Sp98.
demo-fixed_price-884000,fixed_price,79,41,77,0.15717446107938482,207,Reported activity uses report date (2daylag); truth uses occurrence date. Audits use available trailing14day cells; knownSe95Sp98.
demo-fixed_price-884000,fixed_price,80,61,66,0.15717446107938482,207,Reported activity uses report date (2daylag); truth uses occurrence date. Audits use available trailing14day cells; knownSe95Sp98.
demo-fixed_price-884000,fixed_price,81,61,51,0.15591397849462363,198,Reported activity uses report date (2daylag); truth uses occurrence date. Audits use available trailing14day cells; knownSe95Sp98.
demo-fixed_price-884000,fixed_price,82,49,67,0.16653553632310514,203,Reported activity uses report date (2daylag); truth uses occurrence date. Audits use available trailing14day cells; knownSe95Sp98.
demo-fixed_price-884000,fixed_price,83,42,68,0.1955742558828114,205,Reported activity uses report date (2daylag); truth uses occurrence date. Audits use available trailing14day cells; knownSe95Sp98.
demo-fixed_price-884000,fixed_price,84,75,57,0.2029448803642353,220,Reported activity uses report date (2daylag); truth uses occurrence date. Audits use available trailing14day cells; knownSe95Sp98.
demo-fixed_price-884000,fixed_price,85,55,53,0.2017937219730942,221,Reported activity uses report date (2daylag); truth uses occurrence date. Audits use available trailing14day cells; knownSe95Sp98.
demo-fixed_price-884000,fixed_price,86,50,87,0.20249221183800625,212,Reported activity uses report date (2daylag); truth uses occurrence date. Audits use available trailing14day cells; knownSe95Sp98.
demo-fixed_price-884000,fixed_price,87,49,65,0.21143738849510596,221,Reported activity uses report date (2daylag); truth uses occurrence date. Audits use available trailing14day cells; knownSe95Sp98.
demo-fixed_price-884000,fixed_price,88,43,59,0.1811692418903046,236,Reported activity uses report date (2daylag); truth uses occurrence date. Audits use available trailing14day cells; knownSe95Sp98.
demo-fixed_price-884000,fixed_price,89,48,54,0.18270646499799226,239,Reported activity uses report date (2daylag); truth uses occurrence date. Audits use available trailing14day cells; knownSe95Sp98.
demo-fixed_price-884000,fixed_price,90,56,50,0.16401252211787132,235,Reported activity uses report date (2daylag); truth uses occurrence date. Audits use available trailing14day cells; knownSe95Sp98.
demo-fixed_price-884000,fixed_price,91,67,58,0.14581296839361357,262,Reported activity uses report date (2daylag); truth uses occurrence date. Audits use available trailing14day cells; knownSe95Sp98.
demo-fixed_price-884000,fixed_price,92,49,64,0.1348098218584498,266,Reported activity uses report date (2daylag); truth uses occurrence date. Audits use available trailing14day cells; knownSe95Sp98.
demo-fixed_price-884000,fixed_price,93,40,75,0.13923352633030062,271,Reported activity uses report date (2daylag); truth uses occurrence date. Audits use available trailing14day cells; knownSe95Sp98.
demo-fixed_price-884000,fixed_price,94,57,67,0.132185301964589,264,Reported activity uses report date (2daylag); truth uses occurrence date. Audits use available trailing14day cells; knownSe95Sp98.
demo-fixed_price-884000,fixed_price,95,30,55,0.13177313936327228,253,Reported activity uses report date (2daylag); truth uses occurrence date. Audits use available trailing14day cells; knownSe95Sp98.
demo-fixed_price-884000,fixed_price,96,52,66,0.14919894632292618,247,Reported activity uses report date (2daylag); truth uses occurrence date. Audits use available trailing14day cells; knownSe95Sp98.
demo-fixed_price-884000,fixed_price,97,37,40,0.1528568416613958,253,Reported activity uses report date (2daylag); truth uses occurrence date. Audits use available trailing14day cells; knownSe95Sp98.
demo-fixed_price-884000,fixed_price,98,61,65,0.1461006515569414,267,Reported activity uses report date (2daylag); truth uses occurrence date. Audits use available trailing14day cells; knownSe95Sp98.
demo-fixed_price-884000,fixed_price,99,65,50,0.14733645243371918,260,Reported activity uses report date (2daylag); truth uses occurrence date. Audits use available trailing14day cells; knownSe95Sp98.
demo-fixed_price-884000,fixed_price,100,64,72,0.15868886576482844,246,Reported activity uses report date (2daylag); truth uses occurrence date. Audits use available trailing14day cells; knownSe95Sp98.
demo-fixed_price-884000,fixed_price,101,54,75,0.15251261795040605,243,Reported activity uses report date (2daylag); truth uses occurrence date. Audits use available trailing14day cells; knownSe95Sp98.
demo-fixed_price-884000,fixed_price,102,46,74,0.18036767256330222,246,Reported activity uses report date (2daylag); truth uses occurrence date. Audits use available trailing14day cells; knownSe95Sp98.
demo-fixed_price-884000,fixed_price,103,47,65,0.18837724698350167,260,Reported activity uses report date (2daylag); truth uses occurrence date. Audits use available trailing14day cells; knownSe95Sp98.
demo-fixed_price-884000,fixed_price,104,50,58,0.1982526881720431,254,Reported activity uses report date (2daylag); truth uses occurrence date. Audits use available trailing14day cells; knownSe95Sp98.
demo-fixed_price-884000,fixed_price,105,68,55,0.18565188172043012,254,Reported activity uses report date (2daylag); truth uses occurrence date. Audits use available trailing14day cells; knownSe95Sp98.
demo-fixed_price-884000,fixed_price,106,67,64,0.18849079858897544,251,Reported activity uses report date (2daylag); truth uses occurrence date. Audits use available trailing14day cells; knownSe95Sp98.
demo-fixed_price-884000,fixed_price,107,60,84,0.18903919528269175,246,Reported activity uses report date (2daylag); truth uses occurrence date. Audits use available trailing14day cells; knownSe95Sp98.
demo-fixed_price-884000,fixed_price,108,65,90,0.18613717174313504,249,Reported activity uses report date (2daylag); truth uses occurrence date. Audits use available trailing14day cells; knownSe95Sp98.
demo-fixed_price-884000,fixed_price,109,59,68,0.18237402487876875,253,Reported activity uses report date (2daylag); truth uses occurrence date. Audits use available trailing14day cells; knownSe95Sp98.
demo-fixed_price-884000,fixed_price,110,39,73,0.17305107526881724,254,Reported activity uses report date (2daylag); truth uses occurrence date. Audits use available trailing14day cells; knownSe95Sp98.
demo-fixed_price-884000,fixed_price,111,58,68,0.15958354668032093,250,Reported activity uses report date (2daylag); truth uses occurrence date. Audits use available trailing14day cells; knownSe95Sp98.
demo-fixed_price-884000,fixed_price,112,52,54,0.16608706079865698,267,Reported activity uses report date (2daylag); truth uses occurrence date. Audits use available trailing14day cells; knownSe95Sp98.
demo-fixed_price-884000,fixed_price,113,64,69,0.20737327188940102,278,Reported activity uses report date (2daylag); truth uses occurrence date. Audits use available trailing14day cells; knownSe95Sp98.
demo-fixed_price-884000,fixed_price,114,59,60,0.20475066501817096,285,Reported activity uses report date (2daylag); truth uses occurrence date. Audits use available trailing14day cells; knownSe95Sp98.
demo-fixed_price-884000,fixed_price,115,41,77,0.19924098671726764,287,Reported activity uses report date (2daylag); truth uses occurrence date. Audits use available trailing14day cells; knownSe95Sp98.
demo-fixed_price-884000,fixed_price,116,65,71,0.18927677124760645,290,Reported activity uses report date (2daylag); truth uses occurrence date. Audits use available trailing14day cells; knownSe95Sp98.
demo-fixed_price-884000,fixed_price,117,52,50,0.20189487931423422,284,Reported activity uses report date (2daylag); truth uses occurrence date. Audits use available trailing14day cells; knownSe95Sp98.
demo-fixed_price-884000,fixed_price,118,48,75,0.20849724626278532,285,Reported activity uses report date (2daylag); truth uses occurrence date. Audits use available trailing14day cells; knownSe95Sp98.
demo-fixed_price-884000,fixed_price,119,77,64,0.2131739228513423,284,Reported activity uses report date (2daylag); truth uses occurrence date. Audits use available trailing14day cells; knownSe95Sp98.
demo-fixed_price-884000,fixed_price,120,59,60,0.2036952900196881,282,Reported activity uses report date (2daylag); truth uses occurrence date. Audits use available trailing14day cells; knownSe95Sp98.
demo-fixed_price-884000,fixed_price,121,58,90,0.18518518518518523,268,Reported activity uses report date (2daylag); truth uses occurrence date. Audits use available trailing14day cells; knownSe95Sp98.
demo-fixed_price-884000,fixed_price,122,46,70,0.20327292978623146,249,Reported activity uses report date (2daylag); truth uses occurrence date. Audits use available trailing14day cells; knownSe95Sp98.
demo-fixed_price-884000,fixed_price,123,61,71,0.20880220055013754,256,Reported activity uses report date (2daylag); truth uses occurrence date. Audits use available trailing14day cells; knownSe95Sp98.
demo-fixed_price-884000,fixed_price,124,40,55,0.2287581699346405,253,Reported activity uses report date (2daylag); truth uses occurrence date. Audits use available trailing14day cells; knownSe95Sp98.
demo-fixed_price-884000,fixed_price,125,51,77,0.22008779348395158,265,Reported activity uses report date (2daylag); truth uses occurrence date. Audits use available trailing14day cells; knownSe95Sp98.
demo-fixed_price-884000,fixed_price,126,61,50,0.1902691985053001,280,Reported activity uses report date (2daylag); truth uses occurrence date. Audits use available trailing14day cells; knownSe95Sp98.
demo-cpc_squeeze-884000,cpc_squeeze,0,27,0,0.4838709677419355,0,Reported activity uses report date (2daylag); truth uses occurrence date. Audits use available trailing14day cells; knownSe95Sp98.
demo-cpc_squeeze-884000,cpc_squeeze,1,19,0,0.4838709677419355,0,Reported activity uses report date (2daylag); truth uses occurrence date. Audits use available trailing14day cells; knownSe95Sp98.
demo-cpc_squeeze-884000,cpc_squeeze,2,11,27,0.4838709677419355,0,Reported activity uses report date (2daylag); truth uses occurrence date. Audits use available trailing14day cells; knownSe95Sp98.
demo-cpc_squeeze-884000,cpc_squeeze,3,15,20,0.4838709677419355,0,Reported activity uses report date (2daylag); truth uses occurrence date. Audits use available trailing14day cells; knownSe95Sp98.
demo-cpc_squeeze-884000,cpc_squeeze,4,7,12,0.4838709677419355,0,Reported activity uses report date (2daylag); truth uses occurrence date. Audits use available trailing14day cells; knownSe95Sp98.
demo-cpc_squeeze-884000,cpc_squeeze,5,4,16,0.4838709677419355,0,Reported activity uses report date (2daylag); truth uses occurrence date. Audits use available trailing14day cells; knownSe95Sp98.
demo-cpc_squeeze-884000,cpc_squeeze,6,7,8,0.4838709677419355,0,Reported activity uses report date (2daylag); truth uses occurrence date. Audits use available trailing14day cells; knownSe95Sp98.
demo-cpc_squeeze-884000,cpc_squeeze,7,29,5,0.013440860215053863,14,Reported activity uses report date (2daylag); truth uses occurrence date. Audits use available trailing14day cells; knownSe95Sp98.
demo-cpc_squeeze-884000,cpc_squeeze,8,17,8,0.0,26,Reported activity uses report date (2daylag); truth uses occurrence date. Audits use available trailing14day cells; knownSe95Sp98.
demo-cpc_squeeze-884000,cpc_squeeze,9,15,30,0.03840245775729656,33,Reported activity uses report date (2daylag); truth uses occurrence date. Audits use available trailing14day cells; knownSe95Sp98.
demo-cpc_squeeze-884000,cpc_squeeze,10,26,17,0.06842619745845557,42,Reported activity uses report date (2daylag); truth uses occurrence date. Audits use available trailing14day cells; knownSe95Sp98.
demo-cpc_squeeze-884000,cpc_squeeze,11,15,17,0.08350491878288724,45,Reported activity uses report date (2daylag); truth uses occurrence date. Audits use available trailing14day cells; knownSe95Sp98.
demo-cpc_squeeze-884000,cpc_squeeze,12,13,27,0.08064516129032262,46,Reported activity uses report date (2daylag); truth uses occurrence date. Audits use available trailing14day cells; knownSe95Sp98.
demo-cpc_squeeze-884000,cpc_squeeze,13,9,16,0.09382247522664977,49,Reported activity uses report date (2daylag); truth uses occurrence date. Audits use available trailing14day cells; knownSe95Sp98.
demo-cpc_squeeze-884000,cpc_squeeze,14,36,18,0.0998463901689709,61,Reported activity uses report date (2daylag); truth uses occurrence date. Audits use available trailing14day cells; knownSe95Sp98.
demo-cpc_squeeze-884000,cpc_squeeze,15,27,12,0.1130886169818317,56,Reported activity uses report date (2daylag); truth uses occurrence date. Audits use available trailing14day cells; knownSe95Sp98.
demo-cpc_squeeze-884000,cpc_squeeze,16,16,39,0.12218963831867069,53,Reported activity uses report date (2daylag); truth uses occurrence date. Audits use available trailing14day cells; knownSe95Sp98.
demo-cpc_squeeze-884000,cpc_squeeze,17,19,30,0.0696280627533934,59,Reported activity uses report date (2daylag); truth uses occurrence date. Audits use available trailing14day cells; knownSe95Sp98.
demo-cpc_squeeze-884000,cpc_squeeze,18,19,21,0.04549214226633591,63,Reported activity uses report date (2daylag); truth uses occurrence date. Audits use available trailing14day cells; knownSe95Sp98.
demo-cpc_squeeze-884000,cpc_squeeze,19,18,21,0.03973819541841994,67,Reported activity uses report date (2daylag); truth uses occurrence date. Audits use available trailing14day cells; knownSe95Sp98.
demo-cpc_squeeze-884000,cpc_squeeze,20,16,23,0.047951176983435206,72,Reported activity uses report date (2daylag); truth uses occurrence date. Audits use available trailing14day cells; knownSe95Sp98.
demo-cpc_squeeze-884000,cpc_squeeze,21,34,19,0.03176930596285443,86,Reported activity uses report date (2daylag); truth uses occurrence date. Audits use available trailing14day cells; knownSe95Sp98.
demo-cpc_squeeze-884000,cpc_squeeze,22,26,18,0.03873280147993996,91,Reported activity uses report date (2daylag); truth uses occurrence date. Audits use available trailing14day cells; knownSe95Sp98.
demo-cpc_squeeze-884000,cpc_squeeze,23,22,39,0.059422750424448334,93,Reported activity uses report date (2daylag); truth uses occurrence date. Audits use available trailing14day cells; knownSe95Sp98.
demo-cpc_squeeze-884000,cpc_squeeze,24,22,27,0.07206588881262876,92,Reported activity uses report date (2daylag); truth uses occurrence date. Audits use available trailing14day cells; knownSe95Sp98.
demo-cpc_squeeze-884000,cpc_squeeze,25,24,26,0.09286412512218967,86,Reported activity uses report date (2daylag); truth uses occurrence date. Audits use available trailing14day cells; knownSe95Sp98.
demo-cpc_squeeze-884000,cpc_squeeze,26,15,24,0.09627406851712939,84,Reported activity uses report date (2daylag); truth uses occurrence date. Audits use available trailing14day cells; knownSe95Sp98.
demo-cpc_squeeze-884000,cpc_squeeze,27,21,26,0.10155316606929521,88,Reported activity uses report date (2daylag); truth uses occurrence date. Audits use available trailing14day cells; knownSe95Sp98.
demo-cpc_squeeze-884000,cpc_squeeze,28,40,19,0.12200165425971876,102,Reported activity uses report date (2daylag); truth uses occurrence date. Audits use available trailing14day cells; knownSe95Sp98.
demo-cpc_squeeze-884000,cpc_squeeze,29,33,27,0.1254480286738352,100,Reported activity uses report date (2daylag); truth uses occurrence date. Audits use available trailing14day cells; knownSe95Sp98.
demo-cpc_squeeze-884000,cpc_squeeze,30,22,43,0.10142999667442643,95,Reported activity uses report date (2daylag); truth uses occurrence date. Audits use available trailing14day cells; knownSe95Sp98.
demo-cpc_squeeze-884000,cpc_squeeze,31,28,36,0.09494394875314582,92,Reported activity uses report date (2daylag); truth uses occurrence date. Audits use available trailing14day cells; knownSe95Sp98.
demo-cpc_squeeze-884000,cpc_squeeze,32,26,25,0.08463749600766535,99,Reported activity uses report date (2daylag); truth uses occurrence date. Audits use available trailing14day cells; knownSe95Sp98.
demo-cpc_squeeze-884000,cpc_squeeze,33,23,32,0.09528372192057921,99,Reported activity uses report date (2daylag); truth uses occurrence date. Audits use available trailing14day cells; knownSe95Sp98.
demo-cpc_squeeze-884000,cpc_squeeze,34,17,32,0.13087867926577612,97,Reported activity uses report date (2daylag); truth uses occurrence date. Audits use available trailing14day cells; knownSe95Sp98.
demo-cpc_squeeze-884000,cpc_squeeze,35,45,29,0.11868533171028606,104,Reported activity uses report date (2daylag); truth uses occurrence date. Audits use available trailing14day cells; knownSe95Sp98.
demo-cpc_squeeze-884000,cpc_squeeze,36,31,22,0.09839724081963885,104,Reported activity uses report date (2daylag); truth uses occurrence date. Audits use available trailing14day cells; knownSe95Sp98.
demo-cpc_squeeze-884000,cpc_squeeze,37,36,48,0.11166253101736978,102,Reported activity uses report date (2daylag); truth uses occurrence date. Audits use available trailing14day cells; knownSe95Sp98.
demo-cpc_squeeze-884000,cpc_squeeze,38,40,35,0.12218963831867069,108,Reported activity uses report date (2daylag); truth uses occurrence date. Audits use available trailing14day cells; knownSe95Sp98.
demo-cpc_squeeze-884000,cpc_squeeze,39,26,40,0.135989879822897,117,Reported activity uses report date (2daylag); truth uses occurrence date. Audits use available trailing14day cells; knownSe95Sp98.
demo-cpc_squeeze-884000,cpc_squeeze,40,26,41,0.16309749706334142,117,Reported activity uses report date (2daylag); truth uses occurrence date. Audits use available trailing14day cells; knownSe95Sp98.
demo-cpc_squeeze-884000,cpc_squeeze,41,21,33,0.16129032258064513,123,Reported activity uses report date (2daylag); truth uses occurrence date. Audits use available trailing14day cells; knownSe95Sp98.
demo-cpc_squeeze-884000,cpc_squeeze,42,51,28,0.13291517323775404,142,Reported activity uses report date (2daylag); truth uses occurrence date. Audits use available trailing14day cells; knownSe95Sp98.
demo-cpc_squeeze-884000,cpc_squeeze,43,32,25,0.14645902855024107,143,Reported activity uses report date (2daylag); truth uses occurrence date. Audits use available trailing14day cells; knownSe95Sp98.
demo-cpc_squeeze-884000,cpc_squeeze,44,36,53,0.14373491332016686,145,Reported activity uses report date (2daylag); truth uses occurrence date. Audits use available trailing14day cells; knownSe95Sp98.
demo-cpc_squeeze-884000,cpc_squeeze,45,27,40,0.11966701352757547,153,Reported activity uses report date (2daylag); truth uses occurrence date. Audits use available trailing14day cells; knownSe95Sp98.
demo-cpc_squeeze-884000,cpc_squeeze,46,33,39,0.135989879822897,151,Reported activity uses report date (2daylag); truth uses occurrence date. Audits use available trailing14day cells; knownSe95Sp98.
demo-cpc_squeeze-884000,cpc_squeeze,47,35,34,0.11166253101736978,154,Reported activity uses report date (2daylag); truth uses occurrence date. Audits use available trailing14day cells; knownSe95Sp98.
demo-cpc_squeeze-884000,cpc_squeeze,48,34,37,0.10376001643723032,155,Reported activity uses report date (2daylag); truth uses occurrence date. Audits use available trailing14day cells; knownSe95Sp98.
demo-cpc_squeeze-884000,cpc_squeeze,49,60,39,0.09171410499683752,168,Reported activity uses report date (2daylag); truth uses occurrence date. Audits use available trailing14day cells; knownSe95Sp98.
demo-cpc_squeeze-884000,cpc_squeeze,50,49,41,0.10972772432874311,169,Reported activity uses report date (2daylag); truth uses occurrence date. Audits use available trailing14day cells; knownSe95Sp98.
demo-cpc_squeeze-884000,cpc_squeeze,51,41,63,0.0891913729877557,171,Reported activity uses report date (2daylag); truth uses occurrence date. Audits use available trailing14day cells; knownSe95Sp98.
demo-cpc_squeeze-884000,cpc_squeeze,52,30,54,0.08621238149774135,167,Reported activity uses report date (2daylag); truth uses occurrence date. Audits use available trailing14day cells; knownSe95Sp98.
demo-cpc_squeeze-884000,cpc_squeeze,53,33,48,0.10359297141358514,162,Reported activity uses report date (2daylag); truth uses occurrence date. Audits use available trailing14day cells; knownSe95Sp98.
demo-cpc_squeeze-884000,cpc_squeeze,54,30,36,0.08704557091653875,166,Reported activity uses report date (2daylag); truth uses occurrence date. Audits use available trailing14day cells; knownSe95Sp98.
demo-cpc_squeeze-884000,cpc_squeeze,55,42,39,0.10915607689801243,163,Reported activity uses report date (2daylag); truth uses occurrence date. Audits use available trailing14day cells; knownSe95Sp98.
demo-cpc_squeeze-884000,cpc_squeeze,56,43,40,0.09286412512218967,174,Reported activity uses report date (2daylag); truth uses occurrence date. Audits use available trailing14day cells; knownSe95Sp98.
demo-cpc_squeeze-884000,cpc_squeeze,57,37,48,0.10599078341013835,173,Reported activity uses report date (2daylag); truth uses occurrence date. Audits use available trailing14day cells; knownSe95Sp98.
demo-cpc_squeeze-884000,cpc_squeeze,58,43,50,0.09627406851712939,170,Reported activity uses report date (2daylag); truth uses occurrence date. Audits use available trailing14day cells; knownSe95Sp98.
demo-cpc_squeeze-884000,cpc_squeeze,59,41,43,0.12333965844402284,168,Reported activity uses report date (2daylag); truth uses occurrence date. Audits use available trailing14day cells; knownSe95Sp98.
demo-cpc_squeeze-884000,cpc_squeeze,60,38,51,0.1307501431570911,167,Reported activity uses report date (2daylag); truth uses occurrence date. Audits use available trailing14day cells; knownSe95Sp98.
demo-cpc_squeeze-884000,cpc_squeeze,61,27,49,0.15531660692951021,178,Reported activity uses report date (2daylag); truth uses occurrence date. Audits use available trailing14day cells; knownSe95Sp98.
demo-cpc_squeeze-884000,cpc_squeeze,62,34,47,0.16591513469765307,184,Reported activity uses report date (2daylag); truth uses occurrence date. Audits use available trailing14day cells; knownSe95Sp98.
demo-cpc_squeeze-884000,cpc_squeeze,63,63,33,0.15673892017978053,187,Reported activity uses report date (2daylag); truth uses occurrence date. Audits use available trailing14day cells; knownSe95Sp98.
demo-cpc_squeeze-884000,cpc_squeeze,64,58,42,0.17414679756895757,182,Reported activity uses report date (2daylag); truth uses occurrence date. Audits use available trailing14day cells; knownSe95Sp98.
demo-cpc_squeeze-884000,cpc_squeeze,65,43,72,0.17291485033420517,183,Reported activity uses report date (2daylag); truth uses occurrence date. Audits use available trailing14day cells; knownSe95Sp98.
demo-cpc_squeeze-884000,cpc_squeeze,66,53,65,0.18126799459427712,181,Reported activity uses report date (2daylag); truth uses occurrence date. Audits use available trailing14day cells; knownSe95Sp98.
demo-cpc_squeeze-884000,cpc_squeeze,67,34,49,0.18126799459427712,181,Reported activity uses report date (2daylag); truth uses occurrence date. Audits use available trailing14day cells; knownSe95Sp98.
demo-cpc_squeeze-884000,cpc_squeeze,68,34,64,0.1957464504247609,179,Reported activity uses report date (2daylag); truth uses occurrence date. Audits use available trailing14day cells; knownSe95Sp98.
demo-cpc_squeeze-884000,cpc_squeeze,69,32,47,0.18787000120816721,176,Reported activity uses report date (2daylag); truth uses occurrence date. Audits use available trailing14day cells; knownSe95Sp98.
demo-cpc_squeeze-884000,cpc_squeeze,70,38,38,0.15453470697517324,189,Reported activity uses report date (2daylag); truth uses occurrence date. Audits use available trailing14day cells; knownSe95Sp98.
demo-cpc_squeeze-884000,cpc_squeeze,71,48,39,0.16022040335954635,199,Reported activity uses report date (2daylag); truth uses occurrence date. Audits use available trailing14day cells; knownSe95Sp98.
demo-cpc_squeeze-884000,cpc_squeeze,72,41,46,0.16870596959584727,201,Reported activity uses report date (2daylag); truth uses occurrence date. Audits use available trailing14day cells; knownSe95Sp98.
demo-cpc_squeeze-884000,cpc_squeeze,73,40,61,0.1643335362142423,210,Reported activity uses report date (2daylag); truth uses occurrence date. Audits use available trailing14day cells; knownSe95Sp98.
demo-cpc_squeeze-884000,cpc_squeeze,74,43,47,0.16641065028161817,208,Reported activity uses report date (2daylag); truth uses occurrence date. Audits use available trailing14day cells; knownSe95Sp98.
demo-cpc_squeeze-884000,cpc_squeeze,75,35,51,0.14980686919302655,204,Reported activity uses report date (2daylag); truth uses occurrence date. Audits use available trailing14day cells; knownSe95Sp98.
demo-cpc_squeeze-884000,cpc_squeeze,76,26,50,0.14498292819650416,209,Reported activity uses report date (2daylag); truth uses occurrence date. Audits use available trailing14day cells; knownSe95Sp98.
demo-cpc_squeeze-884000,cpc_squeeze,77,63,47,0.1380685546973599,211,Reported activity uses report date (2daylag); truth uses occurrence date. Audits use available trailing14day cells; knownSe95Sp98.
demo-cpc_squeeze-884000,cpc_squeeze,78,50,42,0.1633096067444092,211,Reported activity uses report date (2daylag); truth uses occurrence date. Audits use available trailing14day cells; knownSe95Sp98.
demo-cpc_squeeze-884000,cpc_squeeze,79,41,77,0.15717446107938482,207,Reported activity uses report date (2daylag); truth uses occurrence date. Audits use available trailing14day cells; knownSe95Sp98.
demo-cpc_squeeze-884000,cpc_squeeze,80,61,66,0.15717446107938482,207,Reported activity uses report date (2daylag); truth uses occurrence date. Audits use available trailing14day cells; knownSe95Sp98.
demo-cpc_squeeze-884000,cpc_squeeze,81,61,51,0.15591397849462363,198,Reported activity uses report date (2daylag); truth uses occurrence date. Audits use available trailing14day cells; knownSe95Sp98.
demo-cpc_squeeze-884000,cpc_squeeze,82,49,67,0.16653553632310514,203,Reported activity uses report date (2daylag); truth uses occurrence date. Audits use available trailing14day cells; knownSe95Sp98.
demo-cpc_squeeze-884000,cpc_squeeze,83,42,68,0.1955742558828114,205,Reported activity uses report date (2daylag); truth uses occurrence date. Audits use available trailing14day cells; knownSe95Sp98.
demo-cpc_squeeze-884000,cpc_squeeze,84,75,57,0.2029448803642353,220,Reported activity uses report date (2daylag); truth uses occurrence date. Audits use available trailing14day cells; knownSe95Sp98.
demo-cpc_squeeze-884000,cpc_squeeze,85,55,53,0.2017937219730942,221,Reported activity uses report date (2daylag); truth uses occurrence date. Audits use available trailing14day cells; knownSe95Sp98.
demo-cpc_squeeze-884000,cpc_squeeze,86,50,87,0.20249221183800625,212,Reported activity uses report date (2daylag); truth uses occurrence date. Audits use available trailing14day cells; knownSe95Sp98.
demo-cpc_squeeze-884000,cpc_squeeze,87,49,65,0.21143738849510596,221,Reported activity uses report date (2daylag); truth uses occurrence date. Audits use available trailing14day cells; knownSe95Sp98.
demo-cpc_squeeze-884000,cpc_squeeze,88,43,59,0.1811692418903046,236,Reported activity uses report date (2daylag); truth uses occurrence date. Audits use available trailing14day cells; knownSe95Sp98.
demo-cpc_squeeze-884000,cpc_squeeze,89,48,54,0.18270646499799226,239,Reported activity uses report date (2daylag); truth uses occurrence date. Audits use available trailing14day cells; knownSe95Sp98.
demo-cpc_squeeze-884000,cpc_squeeze,90,56,50,0.16401252211787132,235,Reported activity uses report date (2daylag); truth uses occurrence date. Audits use available trailing14day cells; knownSe95Sp98.
demo-cpc_squeeze-884000,cpc_squeeze,91,67,58,0.14581296839361357,262,Reported activity uses report date (2daylag); truth uses occurrence date. Audits use available trailing14day cells; knownSe95Sp98.
demo-cpc_squeeze-884000,cpc_squeeze,92,49,64,0.1348098218584498,266,Reported activity uses report date (2daylag); truth uses occurrence date. Audits use available trailing14day cells; knownSe95Sp98.
demo-cpc_squeeze-884000,cpc_squeeze,93,40,75,0.13923352633030062,271,Reported activity uses report date (2daylag); truth uses occurrence date. Audits use available trailing14day cells; knownSe95Sp98.
demo-cpc_squeeze-884000,cpc_squeeze,94,57,67,0.132185301964589,264,Reported activity uses report date (2daylag); truth uses occurrence date. Audits use available trailing14day cells; knownSe95Sp98.
demo-cpc_squeeze-884000,cpc_squeeze,95,30,55,0.13177313936327228,253,Reported activity uses report date (2daylag); truth uses occurrence date. Audits use available trailing14day cells; knownSe95Sp98.
demo-cpc_squeeze-884000,cpc_squeeze,96,52,66,0.14919894632292618,247,Reported activity uses report date (2daylag); truth uses occurrence date. Audits use available trailing14day cells; knownSe95Sp98.
demo-cpc_squeeze-884000,cpc_squeeze,97,37,40,0.1528568416613958,253,Reported activity uses report date (2daylag); truth uses occurrence date. Audits use available trailing14day cells; knownSe95Sp98.
demo-cpc_squeeze-884000,cpc_squeeze,98,61,65,0.1461006515569414,267,Reported activity uses report date (2daylag); truth uses occurrence date. Audits use available trailing14day cells; knownSe95Sp98.
demo-cpc_squeeze-884000,cpc_squeeze,99,65,50,0.14733645243371918,260,Reported activity uses report date (2daylag); truth uses occurrence date. Audits use available trailing14day cells; knownSe95Sp98.
demo-cpc_squeeze-884000,cpc_squeeze,100,64,72,0.15868886576482844,246,Reported activity uses report date (2daylag); truth uses occurrence date. Audits use available trailing14day cells; knownSe95Sp98.
demo-cpc_squeeze-884000,cpc_squeeze,101,54,75,0.15251261795040605,243,Reported activity uses report date (2daylag); truth uses occurrence date. Audits use available trailing14day cells; knownSe95Sp98.
demo-cpc_squeeze-884000,cpc_squeeze,102,46,74,0.18036767256330222,246,Reported activity uses report date (2daylag); truth uses occurrence date. Audits use available trailing14day cells; knownSe95Sp98.
demo-cpc_squeeze-884000,cpc_squeeze,103,47,65,0.18837724698350167,260,Reported activity uses report date (2daylag); truth uses occurrence date. Audits use available trailing14day cells; knownSe95Sp98.
demo-cpc_squeeze-884000,cpc_squeeze,104,50,58,0.1982526881720431,254,Reported activity uses report date (2daylag); truth uses occurrence date. Audits use available trailing14day cells; knownSe95Sp98.
demo-cpc_squeeze-884000,cpc_squeeze,105,68,55,0.18565188172043012,254,Reported activity uses report date (2daylag); truth uses occurrence date. Audits use available trailing14day cells; knownSe95Sp98.
demo-cpc_squeeze-884000,cpc_squeeze,106,67,64,0.18849079858897544,251,Reported activity uses report date (2daylag); truth uses occurrence date. Audits use available trailing14day cells; knownSe95Sp98.
demo-cpc_squeeze-884000,cpc_squeeze,107,60,84,0.18903919528269175,246,Reported activity uses report date (2daylag); truth uses occurrence date. Audits use available trailing14day cells; knownSe95Sp98.
demo-cpc_squeeze-884000,cpc_squeeze,108,65,90,0.18613717174313504,249,Reported activity uses report date (2daylag); truth uses occurrence date. Audits use available trailing14day cells; knownSe95Sp98.
demo-cpc_squeeze-884000,cpc_squeeze,109,59,68,0.18237402487876875,253,Reported activity uses report date (2daylag); truth uses occurrence date. Audits use available trailing14day cells; knownSe95Sp98.
demo-cpc_squeeze-884000,cpc_squeeze,110,39,73,0.17305107526881724,254,Reported activity uses report date (2daylag); truth uses occurrence date. Audits use available trailing14day cells; knownSe95Sp98.
demo-cpc_squeeze-884000,cpc_squeeze,111,58,68,0.15958354668032093,250,Reported activity uses report date (2daylag); truth uses occurrence date. Audits use available trailing14day cells; knownSe95Sp98.
demo-cpc_squeeze-884000,cpc_squeeze,112,52,54,0.16608706079865698,267,Reported activity uses report date (2daylag); truth uses occurrence date. Audits use available trailing14day cells; knownSe95Sp98.
demo-cpc_squeeze-884000,cpc_squeeze,113,64,69,0.20737327188940102,278,Reported activity uses report date (2daylag); truth uses occurrence date. Audits use available trailing14day cells; knownSe95Sp98.
demo-cpc_squeeze-884000,cpc_squeeze,114,59,60,0.20475066501817096,285,Reported activity uses report date (2daylag); truth uses occurrence date. Audits use available trailing14day cells; knownSe95Sp98.
demo-cpc_squeeze-884000,cpc_squeeze,115,41,77,0.19924098671726764,287,Reported activity uses report date (2daylag); truth uses occurrence date. Audits use available trailing14day cells; knownSe95Sp98.
demo-cpc_squeeze-884000,cpc_squeeze,116,65,71,0.18927677124760645,290,Reported activity uses report date (2daylag); truth uses occurrence date. Audits use available trailing14day cells; knownSe95Sp98.
demo-cpc_squeeze-884000,cpc_squeeze,117,52,50,0.20189487931423422,284,Reported activity uses report date (2daylag); truth uses occurrence date. Audits use available trailing14day cells; knownSe95Sp98.
demo-cpc_squeeze-884000,cpc_squeeze,118,48,75,0.20849724626278532,285,Reported activity uses report date (2daylag); truth uses occurrence date. Audits use available trailing14day cells; knownSe95Sp98.
demo-cpc_squeeze-884000,cpc_squeeze,119,77,64,0.2131739228513423,284,Reported activity uses report date (2daylag); truth uses occurrence date. Audits use available trailing14day cells; knownSe95Sp98.
demo-cpc_squeeze-884000,cpc_squeeze,120,59,60,0.2036952900196881,282,Reported activity uses report date (2daylag); truth uses occurrence date. Audits use available trailing14day cells; knownSe95Sp98.
demo-cpc_squeeze-884000,cpc_squeeze,121,58,90,0.18518518518518523,268,Reported activity uses report date (2daylag); truth uses occurrence date. Audits use available trailing14day cells; knownSe95Sp98.
demo-cpc_squeeze-884000,cpc_squeeze,122,46,70,0.20327292978623146,249,Reported activity uses report date (2daylag); truth uses occurrence date. Audits use available trailing14day cells; knownSe95Sp98.
demo-cpc_squeeze-884000,cpc_squeeze,123,61,71,0.20880220055013754,256,Reported activity uses report date (2daylag); truth uses occurrence date. Audits use available trailing14day cells; knownSe95Sp98.
demo-cpc_squeeze-884000,cpc_squeeze,124,40,55,0.2287581699346405,253,Reported activity uses report date (2daylag); truth uses occurrence date. Audits use available trailing14day cells; knownSe95Sp98.
demo-cpc_squeeze-884000,cpc_squeeze,125,51,77,0.22008779348395158,265,Reported activity uses report date (2daylag); truth uses occurrence date. Audits use available trailing14day cells; knownSe95Sp98.
demo-cpc_squeeze-884000,cpc_squeeze,126,61,50,0.1902691985053001,280,Reported activity uses report date (2daylag); truth uses occurrence date. Audits use available trailing14day cells; knownSe95Sp98.
demo-rising_cpl-884000,rising_cpl,0,27,0,0.4838709677419355,0,Reported activity uses report date (2daylag); truth uses occurrence date. Audits use available trailing14day cells; knownSe95Sp98.
demo-rising_cpl-884000,rising_cpl,1,19,0,0.4838709677419355,0,Reported activity uses report date (2daylag); truth uses occurrence date. Audits use available trailing14day cells; knownSe95Sp98.
demo-rising_cpl-884000,rising_cpl,2,11,27,0.4838709677419355,0,Reported activity uses report date (2daylag); truth uses occurrence date. Audits use available trailing14day cells; knownSe95Sp98.
demo-rising_cpl-884000,rising_cpl,3,15,20,0.4838709677419355,0,Reported activity uses report date (2daylag); truth uses occurrence date. Audits use available trailing14day cells; knownSe95Sp98.
demo-rising_cpl-884000,rising_cpl,4,7,12,0.4838709677419355,0,Reported activity uses report date (2daylag); truth uses occurrence date. Audits use available trailing14day cells; knownSe95Sp98.
demo-rising_cpl-884000,rising_cpl,5,4,16,0.4838709677419355,0,Reported activity uses report date (2daylag); truth uses occurrence date. Audits use available trailing14day cells; knownSe95Sp98.
demo-rising_cpl-884000,rising_cpl,6,7,8,0.4838709677419355,0,Reported activity uses report date (2daylag); truth uses occurrence date. Audits use available trailing14day cells; knownSe95Sp98.
demo-rising_cpl-884000,rising_cpl,7,29,5,0.013440860215053863,14,Reported activity uses report date (2daylag); truth uses occurrence date. Audits use available trailing14day cells; knownSe95Sp98.
demo-rising_cpl-884000,rising_cpl,8,17,8,0.0,26,Reported activity uses report date (2daylag); truth uses occurrence date. Audits use available trailing14day cells; knownSe95Sp98.
demo-rising_cpl-884000,rising_cpl,9,15,30,0.03840245775729656,33,Reported activity uses report date (2daylag); truth uses occurrence date. Audits use available trailing14day cells; knownSe95Sp98.
demo-rising_cpl-884000,rising_cpl,10,26,17,0.06842619745845557,42,Reported activity uses report date (2daylag); truth uses occurrence date. Audits use available trailing14day cells; knownSe95Sp98.
demo-rising_cpl-884000,rising_cpl,11,15,17,0.08350491878288724,45,Reported activity uses report date (2daylag); truth uses occurrence date. Audits use available trailing14day cells; knownSe95Sp98.
demo-rising_cpl-884000,rising_cpl,12,13,27,0.08064516129032262,46,Reported activity uses report date (2daylag); truth uses occurrence date. Audits use available trailing14day cells; knownSe95Sp98.
demo-rising_cpl-884000,rising_cpl,13,9,16,0.09382247522664977,49,Reported activity uses report date (2daylag); truth uses occurrence date. Audits use available trailing14day cells; knownSe95Sp98.
demo-rising_cpl-884000,rising_cpl,14,36,18,0.0998463901689709,61,Reported activity uses report date (2daylag); truth uses occurrence date. Audits use available trailing14day cells; knownSe95Sp98.
demo-rising_cpl-884000,rising_cpl,15,27,12,0.1130886169818317,56,Reported activity uses report date (2daylag); truth uses occurrence date. Audits use available trailing14day cells; knownSe95Sp98.
demo-rising_cpl-884000,rising_cpl,16,16,39,0.12218963831867069,53,Reported activity uses report date (2daylag); truth uses occurrence date. Audits use available trailing14day cells; knownSe95Sp98.
demo-rising_cpl-884000,rising_cpl,17,19,30,0.0696280627533934,59,Reported activity uses report date (2daylag); truth uses occurrence date. Audits use available trailing14day cells; knownSe95Sp98.
demo-rising_cpl-884000,rising_cpl,18,19,21,0.04549214226633591,63,Reported activity uses report date (2daylag); truth uses occurrence date. Audits use available trailing14day cells; knownSe95Sp98.
demo-rising_cpl-884000,rising_cpl,19,18,21,0.03973819541841994,67,Reported activity uses report date (2daylag); truth uses occurrence date. Audits use available trailing14day cells; knownSe95Sp98.
demo-rising_cpl-884000,rising_cpl,20,16,23,0.047951176983435206,72,Reported activity uses report date (2daylag); truth uses occurrence date. Audits use available trailing14day cells; knownSe95Sp98.
demo-rising_cpl-884000,rising_cpl,21,34,19,0.03176930596285443,86,Reported activity uses report date (2daylag); truth uses occurrence date. Audits use available trailing14day cells; knownSe95Sp98.
demo-rising_cpl-884000,rising_cpl,22,26,18,0.03873280147993996,91,Reported activity uses report date (2daylag); truth uses occurrence date. Audits use available trailing14day cells; knownSe95Sp98.
demo-rising_cpl-884000,rising_cpl,23,22,39,0.059422750424448334,93,Reported activity uses report date (2daylag); truth uses occurrence date. Audits use available trailing14day cells; knownSe95Sp98.
demo-rising_cpl-884000,rising_cpl,24,22,27,0.07206588881262876,92,Reported activity uses report date (2daylag); truth uses occurrence date. Audits use available trailing14day cells; knownSe95Sp98.
demo-rising_cpl-884000,rising_cpl,25,24,26,0.09286412512218967,86,Reported activity uses report date (2daylag); truth uses occurrence date. Audits use available trailing14day cells; knownSe95Sp98.
demo-rising_cpl-884000,rising_cpl,26,15,24,0.09627406851712939,84,Reported activity uses report date (2daylag); truth uses occurrence date. Audits use available trailing14day cells; knownSe95Sp98.
demo-rising_cpl-884000,rising_cpl,27,21,26,0.10155316606929521,88,Reported activity uses report date (2daylag); truth uses occurrence date. Audits use available trailing14day cells; knownSe95Sp98.
demo-rising_cpl-884000,rising_cpl,28,40,19,0.12200165425971876,102,Reported activity uses report date (2daylag); truth uses occurrence date. Audits use available trailing14day cells; knownSe95Sp98.
demo-rising_cpl-884000,rising_cpl,29,33,27,0.1254480286738352,100,Reported activity uses report date (2daylag); truth uses occurrence date. Audits use available trailing14day cells; knownSe95Sp98.
demo-rising_cpl-884000,rising_cpl,30,22,43,0.10142999667442643,95,Reported activity uses report date (2daylag); truth uses occurrence date. Audits use available trailing14day cells; knownSe95Sp98.
demo-rising_cpl-884000,rising_cpl,31,28,36,0.09494394875314582,92,Reported activity uses report date (2daylag); truth uses occurrence date. Audits use available trailing14day cells; knownSe95Sp98.
demo-rising_cpl-884000,rising_cpl,32,26,25,0.08463749600766535,99,Reported activity uses report date (2daylag); truth uses occurrence date. Audits use available trailing14day cells; knownSe95Sp98.
demo-rising_cpl-884000,rising_cpl,33,23,32,0.09528372192057921,99,Reported activity uses report date (2daylag); truth uses occurrence date. Audits use available trailing14day cells; knownSe95Sp98.
demo-rising_cpl-884000,rising_cpl,34,17,32,0.13087867926577612,97,Reported activity uses report date (2daylag); truth uses occurrence date. Audits use available trailing14day cells; knownSe95Sp98.
demo-rising_cpl-884000,rising_cpl,35,45,29,0.11868533171028606,104,Reported activity uses report date (2daylag); truth uses occurrence date. Audits use available trailing14day cells; knownSe95Sp98.
demo-rising_cpl-884000,rising_cpl,36,31,22,0.09839724081963885,104,Reported activity uses report date (2daylag); truth uses occurrence date. Audits use available trailing14day cells; knownSe95Sp98.
demo-rising_cpl-884000,rising_cpl,37,36,48,0.11166253101736978,102,Reported activity uses report date (2daylag); truth uses occurrence date. Audits use available trailing14day cells; knownSe95Sp98.
demo-rising_cpl-884000,rising_cpl,38,40,35,0.12218963831867069,108,Reported activity uses report date (2daylag); truth uses occurrence date. Audits use available trailing14day cells; knownSe95Sp98.
demo-rising_cpl-884000,rising_cpl,39,26,40,0.135989879822897,117,Reported activity uses report date (2daylag); truth uses occurrence date. Audits use available trailing14day cells; knownSe95Sp98.
demo-rising_cpl-884000,rising_cpl,40,26,41,0.16309749706334142,117,Reported activity uses report date (2daylag); truth uses occurrence date. Audits use available trailing14day cells; knownSe95Sp98.
demo-rising_cpl-884000,rising_cpl,41,21,33,0.16129032258064513,123,Reported activity uses report date (2daylag); truth uses occurrence date. Audits use available trailing14day cells; knownSe95Sp98.
demo-rising_cpl-884000,rising_cpl,42,51,28,0.13291517323775404,142,Reported activity uses report date (2daylag); truth uses occurrence date. Audits use available trailing14day cells; knownSe95Sp98.
demo-rising_cpl-884000,rising_cpl,43,32,25,0.14645902855024107,143,Reported activity uses report date (2daylag); truth uses occurrence date. Audits use available trailing14day cells; knownSe95Sp98.
demo-rising_cpl-884000,rising_cpl,44,36,53,0.14373491332016686,145,Reported activity uses report date (2daylag); truth uses occurrence date. Audits use available trailing14day cells; knownSe95Sp98.
demo-rising_cpl-884000,rising_cpl,45,27,40,0.11966701352757547,153,Reported activity uses report date (2daylag); truth uses occurrence date. Audits use available trailing14day cells; knownSe95Sp98.
demo-rising_cpl-884000,rising_cpl,46,33,39,0.135989879822897,151,Reported activity uses report date (2daylag); truth uses occurrence date. Audits use available trailing14day cells; knownSe95Sp98.
demo-rising_cpl-884000,rising_cpl,47,35,34,0.11166253101736978,154,Reported activity uses report date (2daylag); truth uses occurrence date. Audits use available trailing14day cells; knownSe95Sp98.
demo-rising_cpl-884000,rising_cpl,48,34,37,0.10376001643723032,155,Reported activity uses report date (2daylag); truth uses occurrence date. Audits use available trailing14day cells; knownSe95Sp98.
demo-rising_cpl-884000,rising_cpl,49,60,39,0.09171410499683752,168,Reported activity uses report date (2daylag); truth uses occurrence date. Audits use available trailing14day cells; knownSe95Sp98.
demo-rising_cpl-884000,rising_cpl,50,49,41,0.10972772432874311,169,Reported activity uses report date (2daylag); truth uses occurrence date. Audits use available trailing14day cells; knownSe95Sp98.
demo-rising_cpl-884000,rising_cpl,51,41,63,0.0891913729877557,171,Reported activity uses report date (2daylag); truth uses occurrence date. Audits use available trailing14day cells; knownSe95Sp98.
demo-rising_cpl-884000,rising_cpl,52,30,54,0.08621238149774135,167,Reported activity uses report date (2daylag); truth uses occurrence date. Audits use available trailing14day cells; knownSe95Sp98.
demo-rising_cpl-884000,rising_cpl,53,33,48,0.10359297141358514,162,Reported activity uses report date (2daylag); truth uses occurrence date. Audits use available trailing14day cells; knownSe95Sp98.
demo-rising_cpl-884000,rising_cpl,54,30,36,0.08704557091653875,166,Reported activity uses report date (2daylag); truth uses occurrence date. Audits use available trailing14day cells; knownSe95Sp98.
demo-rising_cpl-884000,rising_cpl,55,42,39,0.10915607689801243,163,Reported activity uses report date (2daylag); truth uses occurrence date. Audits use available trailing14day cells; knownSe95Sp98.
demo-rising_cpl-884000,rising_cpl,56,43,40,0.09286412512218967,174,Reported activity uses report date (2daylag); truth uses occurrence date. Audits use available trailing14day cells; knownSe95Sp98.
demo-rising_cpl-884000,rising_cpl,57,37,48,0.10599078341013835,173,Reported activity uses report date (2daylag); truth uses occurrence date. Audits use available trailing14day cells; knownSe95Sp98.
demo-rising_cpl-884000,rising_cpl,58,43,50,0.09627406851712939,170,Reported activity uses report date (2daylag); truth uses occurrence date. Audits use available trailing14day cells; knownSe95Sp98.
demo-rising_cpl-884000,rising_cpl,59,41,43,0.12333965844402284,168,Reported activity uses report date (2daylag); truth uses occurrence date. Audits use available trailing14day cells; knownSe95Sp98.
demo-rising_cpl-884000,rising_cpl,60,38,51,0.1307501431570911,167,Reported activity uses report date (2daylag); truth uses occurrence date. Audits use available trailing14day cells; knownSe95Sp98.
demo-rising_cpl-884000,rising_cpl,61,27,49,0.15531660692951021,178,Reported activity uses report date (2daylag); truth uses occurrence date. Audits use available trailing14day cells; knownSe95Sp98.
demo-rising_cpl-884000,rising_cpl,62,34,47,0.16591513469765307,184,Reported activity uses report date (2daylag); truth uses occurrence date. Audits use available trailing14day cells; knownSe95Sp98.
demo-rising_cpl-884000,rising_cpl,63,63,33,0.15673892017978053,187,Reported activity uses report date (2daylag); truth uses occurrence date. Audits use available trailing14day cells; knownSe95Sp98.
demo-rising_cpl-884000,rising_cpl,64,58,42,0.17414679756895757,182,Reported activity uses report date (2daylag); truth uses occurrence date. Audits use available trailing14day cells; knownSe95Sp98.
demo-rising_cpl-884000,rising_cpl,65,43,72,0.17291485033420517,183,Reported activity uses report date (2daylag); truth uses occurrence date. Audits use available trailing14day cells; knownSe95Sp98.
demo-rising_cpl-884000,rising_cpl,66,53,65,0.18126799459427712,181,Reported activity uses report date (2daylag); truth uses occurrence date. Audits use available trailing14day cells; knownSe95Sp98.
demo-rising_cpl-884000,rising_cpl,67,34,49,0.18126799459427712,181,Reported activity uses report date (2daylag); truth uses occurrence date. Audits use available trailing14day cells; knownSe95Sp98.
demo-rising_cpl-884000,rising_cpl,68,34,64,0.1957464504247609,179,Reported activity uses report date (2daylag); truth uses occurrence date. Audits use available trailing14day cells; knownSe95Sp98.
demo-rising_cpl-884000,rising_cpl,69,32,47,0.18787000120816721,176,Reported activity uses report date (2daylag); truth uses occurrence date. Audits use available trailing14day cells; knownSe95Sp98.
demo-rising_cpl-884000,rising_cpl,70,38,38,0.15453470697517324,189,Reported activity uses report date (2daylag); truth uses occurrence date. Audits use available trailing14day cells; knownSe95Sp98.
demo-rising_cpl-884000,rising_cpl,71,48,39,0.16022040335954635,199,Reported activity uses report date (2daylag); truth uses occurrence date. Audits use available trailing14day cells; knownSe95Sp98.
demo-rising_cpl-884000,rising_cpl,72,41,46,0.16870596959584727,201,Reported activity uses report date (2daylag); truth uses occurrence date. Audits use available trailing14day cells; knownSe95Sp98.
demo-rising_cpl-884000,rising_cpl,73,40,61,0.1643335362142423,210,Reported activity uses report date (2daylag); truth uses occurrence date. Audits use available trailing14day cells; knownSe95Sp98.
demo-rising_cpl-884000,rising_cpl,74,43,47,0.16641065028161817,208,Reported activity uses report date (2daylag); truth uses occurrence date. Audits use available trailing14day cells; knownSe95Sp98.
demo-rising_cpl-884000,rising_cpl,75,35,51,0.14980686919302655,204,Reported activity uses report date (2daylag); truth uses occurrence date. Audits use available trailing14day cells; knownSe95Sp98.
demo-rising_cpl-884000,rising_cpl,76,26,50,0.14498292819650416,209,Reported activity uses report date (2daylag); truth uses occurrence date. Audits use available trailing14day cells; knownSe95Sp98.
demo-rising_cpl-884000,rising_cpl,77,63,47,0.1380685546973599,211,Reported activity uses report date (2daylag); truth uses occurrence date. Audits use available trailing14day cells; knownSe95Sp98.
demo-rising_cpl-884000,rising_cpl,78,50,42,0.1633096067444092,211,Reported activity uses report date (2daylag); truth uses occurrence date. Audits use available trailing14day cells; knownSe95Sp98.
demo-rising_cpl-884000,rising_cpl,79,41,77,0.15717446107938482,207,Reported activity uses report date (2daylag); truth uses occurrence date. Audits use available trailing14day cells; knownSe95Sp98.
demo-rising_cpl-884000,rising_cpl,80,61,66,0.15717446107938482,207,Reported activity uses report date (2daylag); truth uses occurrence date. Audits use available trailing14day cells; knownSe95Sp98.
demo-rising_cpl-884000,rising_cpl,81,61,51,0.15591397849462363,198,Reported activity uses report date (2daylag); truth uses occurrence date. Audits use available trailing14day cells; knownSe95Sp98.
demo-rising_cpl-884000,rising_cpl,82,49,67,0.16653553632310514,203,Reported activity uses report date (2daylag); truth uses occurrence date. Audits use available trailing14day cells; knownSe95Sp98.
demo-rising_cpl-884000,rising_cpl,83,42,68,0.1955742558828114,205,Reported activity uses report date (2daylag); truth uses occurrence date. Audits use available trailing14day cells; knownSe95Sp98.
demo-rising_cpl-884000,rising_cpl,84,75,57,0.2029448803642353,220,Reported activity uses report date (2daylag); truth uses occurrence date. Audits use available trailing14day cells; knownSe95Sp98.
demo-rising_cpl-884000,rising_cpl,85,55,53,0.2017937219730942,221,Reported activity uses report date (2daylag); truth uses occurrence date. Audits use available trailing14day cells; knownSe95Sp98.
demo-rising_cpl-884000,rising_cpl,86,50,87,0.20249221183800625,212,Reported activity uses report date (2daylag); truth uses occurrence date. Audits use available trailing14day cells; knownSe95Sp98.
demo-rising_cpl-884000,rising_cpl,87,49,65,0.21143738849510596,221,Reported activity uses report date (2daylag); truth uses occurrence date. Audits use available trailing14day cells; knownSe95Sp98.
demo-rising_cpl-884000,rising_cpl,88,43,59,0.1811692418903046,236,Reported activity uses report date (2daylag); truth uses occurrence date. Audits use available trailing14day cells; knownSe95Sp98.
demo-rising_cpl-884000,rising_cpl,89,48,54,0.18270646499799226,239,Reported activity uses report date (2daylag); truth uses occurrence date. Audits use available trailing14day cells; knownSe95Sp98.
demo-rising_cpl-884000,rising_cpl,90,56,50,0.16401252211787132,235,Reported activity uses report date (2daylag); truth uses occurrence date. Audits use available trailing14day cells; knownSe95Sp98.
demo-rising_cpl-884000,rising_cpl,91,67,58,0.14581296839361357,262,Reported activity uses report date (2daylag); truth uses occurrence date. Audits use available trailing14day cells; knownSe95Sp98.
demo-rising_cpl-884000,rising_cpl,92,49,64,0.1348098218584498,266,Reported activity uses report date (2daylag); truth uses occurrence date. Audits use available trailing14day cells; knownSe95Sp98.
demo-rising_cpl-884000,rising_cpl,93,40,75,0.13923352633030062,271,Reported activity uses report date (2daylag); truth uses occurrence date. Audits use available trailing14day cells; knownSe95Sp98.
demo-rising_cpl-884000,rising_cpl,94,57,67,0.132185301964589,264,Reported activity uses report date (2daylag); truth uses occurrence date. Audits use available trailing14day cells; knownSe95Sp98.
demo-rising_cpl-884000,rising_cpl,95,30,55,0.13177313936327228,253,Reported activity uses report date (2daylag); truth uses occurrence date. Audits use available trailing14day cells; knownSe95Sp98.
demo-rising_cpl-884000,rising_cpl,96,52,66,0.14919894632292618,247,Reported activity uses report date (2daylag); truth uses occurrence date. Audits use available trailing14day cells; knownSe95Sp98.
demo-rising_cpl-884000,rising_cpl,97,37,40,0.1528568416613958,253,Reported activity uses report date (2daylag); truth uses occurrence date. Audits use available trailing14day cells; knownSe95Sp98.
demo-rising_cpl-884000,rising_cpl,98,61,65,0.1461006515569414,267,Reported activity uses report date (2daylag); truth uses occurrence date. Audits use available trailing14day cells; knownSe95Sp98.
demo-rising_cpl-884000,rising_cpl,99,65,50,0.14733645243371918,260,Reported activity uses report date (2daylag); truth uses occurrence date. Audits use available trailing14day cells; knownSe95Sp98.
demo-rising_cpl-884000,rising_cpl,100,64,72,0.15868886576482844,246,Reported activity uses report date (2daylag); truth uses occurrence date. Audits use available trailing14day cells; knownSe95Sp98.
demo-rising_cpl-884000,rising_cpl,101,54,75,0.15251261795040605,243,Reported activity uses report date (2daylag); truth uses occurrence date. Audits use available trailing14day cells; knownSe95Sp98.
demo-rising_cpl-884000,rising_cpl,102,46,74,0.18036767256330222,246,Reported activity uses report date (2daylag); truth uses occurrence date. Audits use available trailing14day cells; knownSe95Sp98.
demo-rising_cpl-884000,rising_cpl,103,47,65,0.18837724698350167,260,Reported activity uses report date (2daylag); truth uses occurrence date. Audits use available trailing14day cells; knownSe95Sp98.
demo-rising_cpl-884000,rising_cpl,104,50,58,0.1982526881720431,254,Reported activity uses report date (2daylag); truth uses occurrence date. Audits use available trailing14day cells; knownSe95Sp98.
demo-rising_cpl-884000,rising_cpl,105,68,55,0.18565188172043012,254,Reported activity uses report date (2daylag); truth uses occurrence date. Audits use available trailing14day cells; knownSe95Sp98.
demo-rising_cpl-884000,rising_cpl,106,67,64,0.18849079858897544,251,Reported activity uses report date (2daylag); truth uses occurrence date. Audits use available trailing14day cells; knownSe95Sp98.
demo-rising_cpl-884000,rising_cpl,107,60,84,0.18903919528269175,246,Reported activity uses report date (2daylag); truth uses occurrence date. Audits use available trailing14day cells; knownSe95Sp98.
demo-rising_cpl-884000,rising_cpl,108,65,90,0.18613717174313504,249,Reported activity uses report date (2daylag); truth uses occurrence date. Audits use available trailing14day cells; knownSe95Sp98.
demo-rising_cpl-884000,rising_cpl,109,59,68,0.18237402487876875,253,Reported activity uses report date (2daylag); truth uses occurrence date. Audits use available trailing14day cells; knownSe95Sp98.
demo-rising_cpl-884000,rising_cpl,110,39,73,0.17305107526881724,254,Reported activity uses report date (2daylag); truth uses occurrence date. Audits use available trailing14day cells; knownSe95Sp98.
demo-rising_cpl-884000,rising_cpl,111,58,68,0.15958354668032093,250,Reported activity uses report date (2daylag); truth uses occurrence date. Audits use available trailing14day cells; knownSe95Sp98.
demo-rising_cpl-884000,rising_cpl,112,52,54,0.16608706079865698,267,Reported activity uses report date (2daylag); truth uses occurrence date. Audits use available trailing14day cells; knownSe95Sp98.
demo-rising_cpl-884000,rising_cpl,113,64,69,0.20737327188940102,278,Reported activity uses report date (2daylag); truth uses occurrence date. Audits use available trailing14day cells; knownSe95Sp98.
demo-rising_cpl-884000,rising_cpl,114,59,60,0.20475066501817096,285,Reported activity uses report date (2daylag); truth uses occurrence date. Audits use available trailing14day cells; knownSe95Sp98.
demo-rising_cpl-884000,rising_cpl,115,41,77,0.19924098671726764,287,Reported activity uses report date (2daylag); truth uses occurrence date. Audits use available trailing14day cells; knownSe95Sp98.
demo-rising_cpl-884000,rising_cpl,116,65,71,0.18927677124760645,290,Reported activity uses report date (2daylag); truth uses occurrence date. Audits use available trailing14day cells; knownSe95Sp98.
demo-rising_cpl-884000,rising_cpl,117,52,50,0.20189487931423422,284,Reported activity uses report date (2daylag); truth uses occurrence date. Audits use available trailing14day cells; knownSe95Sp98.
demo-rising_cpl-884000,rising_cpl,118,48,75,0.20849724626278532,285,Reported activity uses report date (2daylag); truth uses occurrence date. Audits use available trailing14day cells; knownSe95Sp98.
demo-rising_cpl-884000,rising_cpl,119,77,64,0.2131739228513423,284,Reported activity uses report date (2daylag); truth uses occurrence date. Audits use available trailing14day cells; knownSe95Sp98.
demo-rising_cpl-884000,rising_cpl,120,59,60,0.2036952900196881,282,Reported activity uses report date (2daylag); truth uses occurrence date. Audits use available trailing14day cells; knownSe95Sp98.
demo-rising_cpl-884000,rising_cpl,121,58,90,0.18518518518518523,268,Reported activity uses report date (2daylag); truth uses occurrence date. Audits use available trailing14day cells; knownSe95Sp98.
demo-rising_cpl-884000,rising_cpl,122,46,70,0.20327292978623146,249,Reported activity uses report date (2daylag); truth uses occurrence date. Audits use available trailing14day cells; knownSe95Sp98.
demo-rising_cpl-884000,rising_cpl,123,61,71,0.20880220055013754,256,Reported activity uses report date (2daylag); truth uses occurrence date. Audits use available trailing14day cells; knownSe95Sp98.
demo-rising_cpl-884000,rising_cpl,124,40,55,0.2287581699346405,253,Reported activity uses report date (2daylag); truth uses occurrence date. Audits use available trailing14day cells; knownSe95Sp98.
demo-rising_cpl-884000,rising_cpl,125,51,77,0.22008779348395158,265,Reported activity uses report date (2daylag); truth uses occurrence date. Audits use available trailing14day cells; knownSe95Sp98.
demo-rising_cpl-884000,rising_cpl,126,61,50,0.1902691985053001,280,Reported activity uses report date (2daylag); truth uses occurrence date. Audits use available trailing14day cells; knownSe95Sp98.
demo-human_decline_bot_rise-884000,human_decline_bot_rise,0,15,0,0.4838709677419355,0,Reported activity uses report date (2daylag); truth uses occurrence date. Audits use available trailing14day cells; knownSe95Sp98.
demo-human_decline_bot_rise-884000,human_decline_bot_rise,1,19,0,0.4838709677419355,0,Reported activity uses report date (2daylag); truth uses occurrence date. Audits use available trailing14day cells; knownSe95Sp98.
demo-human_decline_bot_rise-884000,human_decline_bot_rise,2,10,15,0.4838709677419355,0,Reported activity uses report date (2daylag); truth uses occurrence date. Audits use available trailing14day cells; knownSe95Sp98.
demo-human_decline_bot_rise-884000,human_decline_bot_rise,3,9,20,0.4838709677419355,0,Reported activity uses report date (2daylag); truth uses occurrence date. Audits use available trailing14day cells; knownSe95Sp98.
demo-human_decline_bot_rise-884000,human_decline_bot_rise,4,8,10,0.4838709677419355,0,Reported activity uses report date (2daylag); truth uses occurrence date. Audits use available trailing14day cells; knownSe95Sp98.
demo-human_decline_bot_rise-884000,human_decline_bot_rise,5,8,9,0.4838709677419355,0,Reported activity uses report date (2daylag); truth uses occurrence date. Audits use available trailing14day cells; knownSe95Sp98.
demo-human_decline_bot_rise-884000,human_decline_bot_rise,6,9,9,0.4838709677419355,0,Reported activity uses report date (2daylag); truth uses occurrence date. Audits use available trailing14day cells; knownSe95Sp98.
demo-human_decline_bot_rise-884000,human_decline_bot_rise,7,28,10,0.04398826979472148,9,Reported activity uses report date (2daylag); truth uses occurrence date. Audits use available trailing14day cells; knownSe95Sp98.
demo-human_decline_bot_rise-884000,human_decline_bot_rise,8,17,10,0.14173998044965785,20,Reported activity uses report date (2daylag); truth uses occurrence date. Audits use available trailing14day cells; knownSe95Sp98.
demo-human_decline_bot_rise-884000,human_decline_bot_rise,9,27,30,0.0998463901689709,26,Reported activity uses report date (2daylag); truth uses occurrence date. Audits use available trailing14day cells; knownSe95Sp98.
demo-human_decline_bot_rise-884000,human_decline_bot_rise,10,10,23,0.08960573476702516,28,Reported activity uses report date (2daylag); truth uses occurrence date. Audits use available trailing14day cells; knownSe95Sp98.
demo-human_decline_bot_rise-884000,human_decline_bot_rise,11,9,29,0.08064516129032262,30,Reported activity uses report date (2daylag); truth uses occurrence date. Audits use available trailing14day cells; knownSe95Sp98.
demo-human_decline_bot_rise-884000,human_decline_bot_rise,12,10,19,0.062481836675385094,35,Reported activity uses report date (2daylag); truth uses occurrence date. Audits use available trailing14day cells; knownSe95Sp98.
demo-human_decline_bot_rise-884000,human_decline_bot_rise,13,12,9,0.05114083398898506,39,Reported activity uses report date (2daylag); truth uses occurrence date. Audits use available trailing14day cells; knownSe95Sp98.
demo-human_decline_bot_rise-884000,human_decline_bot_rise,14,49,15,0.059422750424448334,55,Reported activity uses report date (2daylag); truth uses occurrence date. Audits use available trailing14day cells; knownSe95Sp98.
demo-human_decline_bot_rise-884000,human_decline_bot_rise,15,35,14,0.11966701352757547,60,Reported activity uses report date (2daylag); truth uses occurrence date. Audits use available trailing14day cells; knownSe95Sp98.
demo-human_decline_bot_rise-884000,human_decline_bot_rise,16,23,60,0.09286412512218967,64,Reported activity uses report date (2daylag); truth uses occurrence date. Audits use available trailing14day cells; knownSe95Sp98.
demo-human_decline_bot_rise-884000,human_decline_bot_rise,17,22,39,0.1644070437899331,67,Reported activity uses report date (2daylag); truth uses occurrence date. Audits use available trailing14day cells; knownSe95Sp98.
demo-human_decline_bot_rise-884000,human_decline_bot_rise,18,14,26,0.15531660692951021,70,Reported activity uses report date (2daylag); truth uses occurrence date. Audits use available trailing14day cells; knownSe95Sp98.
demo-human_decline_bot_rise-884000,human_decline_bot_rise,19,16,28,0.18227117755048516,80,Reported activity uses report date (2daylag); truth uses occurrence date. Audits use available trailing14day cells; knownSe95Sp98.
demo-human_decline_bot_rise-884000,human_decline_bot_rise,20,19,22,0.19924098671726764,83,Reported activity uses report date (2daylag); truth uses occurrence date. Audits use available trailing14day cells; knownSe95Sp98.
demo-human_decline_bot_rise-884000,human_decline_bot_rise,21,28,19,0.19983769527287487,104,Reported activity uses report date (2daylag); truth uses occurrence date. Audits use available trailing14day cells; knownSe95Sp98.
demo-human_decline_bot_rise-884000,human_decline_bot_rise,22,45,28,0.2077884335948852,109,Reported activity uses report date (2daylag); truth uses occurrence date. Audits use available trailing14day cells; knownSe95Sp98.
demo-human_decline_bot_rise-884000,human_decline_bot_rise,23,17,36,0.1981013271335853,109,Reported activity uses report date (2daylag); truth uses occurrence date. Audits use available trailing14day cells; knownSe95Sp98.
demo-human_decline_bot_rise-884000,human_decline_bot_rise,24,35,57,0.20751683247914787,105,Reported activity uses report date (2daylag); truth uses occurrence date. Audits use available trailing14day cells; knownSe95Sp98.
demo-human_decline_bot_rise-884000,human_decline_bot_rise,25,23,25,0.1690400077496852,109,Reported activity uses report date (2daylag); truth uses occurrence date. Audits use available trailing14day cells; knownSe95Sp98.
demo-human_decline_bot_rise-884000,human_decline_bot_rise,26,17,45,0.18724508713385246,114,Reported activity uses report date (2daylag); truth uses occurrence date. Audits use available trailing14day cells; knownSe95Sp98.
demo-human_decline_bot_rise-884000,human_decline_bot_rise,27,19,31,0.1792114695340502,118,Reported activity uses report date (2daylag); truth uses occurrence date. Audits use available trailing14day cells; knownSe95Sp98.
demo-human_decline_bot_rise-884000,human_decline_bot_rise,28,41,23,0.18330369994073337,125,Reported activity uses report date (2daylag); truth uses occurrence date. Audits use available trailing14day cells; knownSe95Sp98.
demo-human_decline_bot_rise-884000,human_decline_bot_rise,29,30,27,0.2022529441884282,124,Reported activity uses report date (2daylag); truth uses occurrence date. Audits use available trailing14day cells; knownSe95Sp98.
demo-human_decline_bot_rise-884000,human_decline_bot_rise,30,33,61,0.23170615662765248,111,Reported activity uses report date (2daylag); truth uses occurrence date. Audits use available trailing14day cells; knownSe95Sp98.
demo-human_decline_bot_rise-884000,human_decline_bot_rise,31,27,56,0.2522073607832853,121,Reported activity uses report date (2daylag); truth uses occurrence date. Audits use available trailing14day cells; knownSe95Sp98.
demo-human_decline_bot_rise-884000,human_decline_bot_rise,32,27,59,0.2738575268817205,126,Reported activity uses report date (2daylag); truth uses occurrence date. Audits use available trailing14day cells; knownSe95Sp98.
demo-human_decline_bot_rise-884000,human_decline_bot_rise,33,21,49,0.2764372195411058,125,Reported activity uses report date (2daylag); truth uses occurrence date. Audits use available trailing14day cells; knownSe95Sp98.
demo-human_decline_bot_rise-884000,human_decline_bot_rise,34,27,38,0.27523671962766816,132,Reported activity uses report date (2daylag); truth uses occurrence date. Audits use available trailing14day cells; knownSe95Sp98.
demo-human_decline_bot_rise-884000,human_decline_bot_rise,35,33,39,0.2997495949329798,144,Reported activity uses report date (2daylag); truth uses occurrence date. Audits use available trailing14day cells; knownSe95Sp98.
demo-human_decline_bot_rise-884000,human_decline_bot_rise,36,32,51,0.3396275898242854,162,Reported activity uses report date (2daylag); truth uses occurrence date. Audits use available trailing14day cells; knownSe95Sp98.
demo-human_decline_bot_rise-884000,human_decline_bot_rise,37,28,51,0.3788891009734682,167,Reported activity uses report date (2daylag); truth uses occurrence date. Audits use available trailing14day cells; knownSe95Sp98.
demo-human_decline_bot_rise-884000,human_decline_bot_rise,38,32,55,0.37874692136721333,177,Reported activity uses report date (2daylag); truth uses occurrence date. Audits use available trailing14day cells; knownSe95Sp98.
demo-human_decline_bot_rise-884000,human_decline_bot_rise,39,35,53,0.37874692136721333,177,Reported activity uses report date (2daylag); truth uses occurrence date. Audits use available trailing14day cells; knownSe95Sp98.
demo-human_decline_bot_rise-884000,human_decline_bot_rise,40,21,57,0.39773064813164627,179,Reported activity uses report date (2daylag); truth uses occurrence date. Audits use available trailing14day cells; knownSe95Sp98.
demo-human_decline_bot_rise-884000,human_decline_bot_rise,41,24,60,0.4349951124144673,196,Reported activity uses report date (2daylag); truth uses occurrence date. Audits use available trailing14day cells; knownSe95Sp98.
demo-human_decline_bot_rise-884000,human_decline_bot_rise,42,42,52,0.43217535153019027,206,Reported activity uses report date (2daylag); truth uses occurrence date. Audits use available trailing14day cells; knownSe95Sp98.
demo-human_decline_bot_rise-884000,human_decline_bot_rise,43,32,53,0.4377880184331798,208,Reported activity uses report date (2daylag); truth uses occurrence date. Audits use available trailing14day cells; knownSe95Sp98.
demo-human_decline_bot_rise-884000,human_decline_bot_rise,44,49,78,0.44251447477253936,206,Reported activity uses report date (2daylag); truth uses occurrence date. Audits use available trailing14day cells; knownSe95Sp98.
demo-human_decline_bot_rise-884000,human_decline_bot_rise,45,31,53,0.43822276323797926,210,Reported activity uses report date (2daylag); truth uses occurrence date. Audits use available trailing14day cells; knownSe95Sp98.
demo-human_decline_bot_rise-884000,human_decline_bot_rise,46,27,72,0.435867895545315,222,Reported activity uses report date (2daylag); truth uses occurrence date. Audits use available trailing14day cells; knownSe95Sp98.
demo-human_decline_bot_rise-884000,human_decline_bot_rise,47,37,74,0.4573508848064035,221,Reported activity uses report date (2daylag); truth uses occurrence date. Audits use available trailing14day cells; knownSe95Sp98.
demo-human_decline_bot_rise-884000,human_decline_bot_rise,48,26,62,0.4582693292370712,229,Reported activity uses report date (2daylag); truth uses occurrence date. Audits use available trailing14day cells; knownSe95Sp98.
demo-human_decline_bot_rise-884000,human_decline_bot_rise,49,75,78,0.4498434735266096,235,Reported activity uses report date (2daylag); truth uses occurrence date. Audits use available trailing14day cells; knownSe95Sp98.
demo-human_decline_bot_rise-884000,human_decline_bot_rise,50,48,58,0.46345447121273997,235,Reported activity uses report date (2daylag); truth uses occurrence date. Audits use available trailing14day cells; knownSe95Sp98.
demo-human_decline_bot_rise-884000,human_decline_bot_rise,51,35,115,0.4525089605734768,238,Reported activity uses report date (2daylag); truth uses occurrence date. Audits use available trailing14day cells; knownSe95Sp98.
demo-human_decline_bot_rise-884000,human_decline_bot_rise,52,36,87,0.4599277349701798,245,Reported activity uses report date (2daylag); truth uses occurrence date. Audits use available trailing14day cells; knownSe95Sp98.
demo-human_decline_bot_rise-884000,human_decline_bot_rise,53,27,75,0.47526881720430114,248,Reported activity uses report date (2daylag); truth uses occurrence date. Audits use available trailing14day cells; knownSe95Sp98.
demo-human_decline_bot_rise-884000,human_decline_bot_rise,54,31,79,0.4922715053763441,254,Reported activity uses report date (2daylag); truth uses occurrence date. Audits use available trailing14day cells; knownSe95Sp98.
demo-human_decline_bot_rise-884000,human_decline_bot_rise,55,40,65,0.5061878677216474,263,Reported activity uses report date (2daylag); truth uses occurrence date. Audits use available trailing14day cells; knownSe95Sp98.
demo-human_decline_bot_rise-884000,human_decline_bot_rise,56,45,80,0.4783661785753607,291,Reported activity uses report date (2daylag); truth uses occurrence date. Audits use available trailing14day cells; knownSe95Sp98.
demo-human_decline_bot_rise-884000,human_decline_bot_rise,57,43,97,0.4803104749697359,300,Reported activity uses report date (2daylag); truth uses occurrence date. Audits use available trailing14day cells; knownSe95Sp98.
demo-human_decline_bot_rise-884000,human_decline_bot_rise,58,45,96,0.49071981371138973,312,Reported activity uses report date (2daylag); truth uses occurrence date. Audits use available trailing14day cells; knownSe95Sp98.
demo-human_decline_bot_rise-884000,human_decline_bot_rise,59,24,90,0.5024100852799407,317,Reported activity uses report date (2daylag); truth uses occurrence date. Audits use available trailing14day cells; knownSe95Sp98.
demo-human_decline_bot_rise-884000,human_decline_bot_rise,60,38,101,0.504417505650298,312,Reported activity uses report date (2daylag); truth uses occurrence date. Audits use available trailing14day cells; knownSe95Sp98.
demo-human_decline_bot_rise-884000,human_decline_bot_rise,61,33,70,0.5024100852799407,317,Reported activity uses report date (2daylag); truth uses occurrence date. Audits use available trailing14day cells; knownSe95Sp98.
demo-human_decline_bot_rise-884000,human_decline_bot_rise,62,31,102,0.5160646449037409,332,Reported activity uses report date (2daylag); truth uses occurrence date. Audits use available trailing14day cells; knownSe95Sp98.
demo-human_decline_bot_rise-884000,human_decline_bot_rise,63,38,89,0.5221640167876728,349,Reported activity uses report date (2daylag); truth uses occurrence date. Audits use available trailing14day cells; knownSe95Sp98.
demo-human_decline_bot_rise-884000,human_decline_bot_rise,64,47,92,0.5471220746363061,338,Reported activity uses report date (2daylag); truth uses occurrence date. Audits use available trailing14day cells; knownSe95Sp98.
demo-human_decline_bot_rise-884000,human_decline_bot_rise,65,35,102,0.5602306373694874,343,Reported activity uses report date (2daylag); truth uses occurrence date. Audits use available trailing14day cells; knownSe95Sp98.
demo-human_decline_bot_rise-884000,human_decline_bot_rise,66,39,109,0.568598453338263,347,Reported activity uses report date (2daylag); truth uses occurrence date. Audits use available trailing14day cells; knownSe95Sp98.
demo-human_decline_bot_rise-884000,human_decline_bot_rise,67,48,119,0.5956264346985622,354,Reported activity uses report date (2daylag); truth uses occurrence date. Audits use available trailing14day cells; knownSe95Sp98.
demo-human_decline_bot_rise-884000,human_decline_bot_rise,68,26,102,0.6012520650378228,369,Reported activity uses report date (2daylag); truth uses occurrence date. Audits use available trailing14day cells; knownSe95Sp98.
demo-human_decline_bot_rise-884000,human_decline_bot_rise,69,33,127,0.6196943972835314,378,Reported activity uses report date (2daylag); truth uses occurrence date. Audits use available trailing14day cells; knownSe95Sp98.
demo-human_decline_bot_rise-884000,human_decline_bot_rise,70,53,102,0.6247484330975792,372,Reported activity uses report date (2daylag); truth uses occurrence date. Audits use available trailing14day cells; knownSe95Sp98.
demo-human_decline_bot_rise-884000,human_decline_bot_rise,71,35,85,0.617568413267338,376,Reported activity uses report date (2daylag); truth uses occurrence date. Audits use available trailing14day cells; knownSe95Sp98.
demo-human_decline_bot_rise-884000,human_decline_bot_rise,72,44,129,0.6429668641650208,390,Reported activity uses report date (2daylag); truth uses occurrence date. Audits use available trailing14day cells; knownSe95Sp98.
demo-human_decline_bot_rise-884000,human_decline_bot_rise,73,45,120,0.6486734749013887,396,Reported activity uses report date (2daylag); truth uses occurrence date. Audits use available trailing14day cells; knownSe95Sp98.
demo-human_decline_bot_rise-884000,human_decline_bot_rise,74,30,112,0.6391305463597403,417,Reported activity uses report date (2daylag); truth uses occurrence date. Audits use available trailing14day cells; knownSe95Sp98.
demo-human_decline_bot_rise-884000,human_decline_bot_rise,75,34,119,0.6520409723283902,420,Reported activity uses report date (2daylag); truth uses occurrence date. Audits use available trailing14day cells; knownSe95Sp98.
demo-human_decline_bot_rise-884000,human_decline_bot_rise,76,35,120,0.6456832654765634,410,Reported activity uses report date (2daylag); truth uses occurrence date. Audits use available trailing14day cells; knownSe95Sp98.
demo-human_decline_bot_rise-884000,human_decline_bot_rise,77,49,115,0.6345124928575139,412,Reported activity uses report date (2daylag); truth uses occurrence date. Audits use available trailing14day cells; knownSe95Sp98.
demo-human_decline_bot_rise-884000,human_decline_bot_rise,78,51,112,0.6300363506952389,421,Reported activity uses report date (2daylag); truth uses occurrence date. Audits use available trailing14day cells; knownSe95Sp98.
demo-human_decline_bot_rise-884000,human_decline_bot_rise,79,37,138,0.6282357626443649,430,Reported activity uses report date (2daylag); truth uses occurrence date. Audits use available trailing14day cells; knownSe95Sp98.
demo-human_decline_bot_rise-884000,human_decline_bot_rise,80,40,144,0.6239059764941235,428,Reported activity uses report date (2daylag); truth uses occurrence date. Audits use available trailing14day cells; knownSe95Sp98.
demo-human_decline_bot_rise-884000,human_decline_bot_rise,81,32,121,0.6345065765302373,437,Reported activity uses report date (2daylag); truth uses occurrence date. Audits use available trailing14day cells; knownSe95Sp98.
demo-human_decline_bot_rise-884000,human_decline_bot_rise,82,35,133,0.657301422129726,432,Reported activity uses report date (2daylag); truth uses occurrence date. Audits use available trailing14day cells; knownSe95Sp98.
demo-human_decline_bot_rise-884000,human_decline_bot_rise,83,22,137,0.6434428241763638,436,Reported activity uses report date (2daylag); truth uses occurrence date. Audits use available trailing14day cells; knownSe95Sp98.
demo-human_decline_bot_rise-884000,human_decline_bot_rise,84,53,141,0.6555047852872309,471,Reported activity uses report date (2daylag); truth uses occurrence date. Audits use available trailing14day cells; knownSe95Sp98.
demo-human_decline_bot_rise-884000,human_decline_bot_rise,85,54,118,0.6729992774873561,504,Reported activity uses report date (2daylag); truth uses occurrence date. Audits use available trailing14day cells; knownSe95Sp98.
demo-human_decline_bot_rise-884000,human_decline_bot_rise,86,39,161,0.6659383969498351,500,Reported activity uses report date (2daylag); truth uses occurrence date. Audits use available trailing14day cells; knownSe95Sp98.
demo-human_decline_bot_rise-884000,human_decline_bot_rise,87,33,161,0.691472373043756,503,Reported activity uses report date (2daylag); truth uses occurrence date. Audits use available trailing14day cells; knownSe95Sp98.
demo-human_decline_bot_rise-884000,human_decline_bot_rise,88,33,167,0.7062323833385531,513,Reported activity uses report date (2daylag); truth uses occurrence date. Audits use available trailing14day cells; knownSe95Sp98.
demo-human_decline_bot_rise-884000,human_decline_bot_rise,89,43,133,0.7157713025935402,515,Reported activity uses report date (2daylag); truth uses occurrence date. Audits use available trailing14day cells; knownSe95Sp98.
demo-human_decline_bot_rise-884000,human_decline_bot_rise,90,42,141,0.7158126509758653,501,Reported activity uses report date (2daylag); truth uses occurrence date. Audits use available trailing14day cells; knownSe95Sp98.
demo-human_decline_bot_rise-884000,human_decline_bot_rise,91,58,161,0.7101894521249361,523,Reported activity uses report date (2daylag); truth uses occurrence date. Audits use available trailing14day cells; knownSe95Sp98.
demo-human_decline_bot_rise-884000,human_decline_bot_rise,92,38,158,0.7145799859926667,520,Reported activity uses report date (2daylag); truth uses occurrence date. Audits use available trailing14day cells; knownSe95Sp98.
demo-human_decline_bot_rise-884000,human_decline_bot_rise,93,40,198,0.713691478962584,515,Reported activity uses report date (2daylag); truth uses occurrence date. Audits use available trailing14day cells; knownSe95Sp98.
demo-human_decline_bot_rise-884000,human_decline_bot_rise,94,33,178,0.7375860819137369,532,Reported activity uses report date (2daylag); truth uses occurrence date. Audits use available trailing14day cells; knownSe95Sp98.
demo-human_decline_bot_rise-884000,human_decline_bot_rise,95,37,139,0.7467144563918757,538,Reported activity uses report date (2daylag); truth uses occurrence date. Audits use available trailing14day cells; knownSe95Sp98.
demo-human_decline_bot_rise-884000,human_decline_bot_rise,96,34,169,0.741856709598645,544,Reported activity uses report date (2daylag); truth uses occurrence date. Audits use available trailing14day cells; knownSe95Sp98.
demo-human_decline_bot_rise-884000,human_decline_bot_rise,97,30,178,0.7425894935272279,557,Reported activity uses report date (2daylag); truth uses occurrence date. Audits use available trailing14day cells; knownSe95Sp98.
demo-human_decline_bot_rise-884000,human_decline_bot_rise,98,49,186,0.7306113968105554,619,Reported activity uses report date (2daylag); truth uses occurrence date. Audits use available trailing14day cells; knownSe95Sp98.
demo-human_decline_bot_rise-884000,human_decline_bot_rise,99,45,158,0.7565345231379387,627,Reported activity uses report date (2daylag); truth uses occurrence date. Audits use available trailing14day cells; knownSe95Sp98.
demo-human_decline_bot_rise-884000,human_decline_bot_rise,100,35,199,0.7637822153951186,628,Reported activity uses report date (2daylag); truth uses occurrence date. Audits use available trailing14day cells; knownSe95Sp98.
demo-human_decline_bot_rise-884000,human_decline_bot_rise,101,40,184,0.7755842746175503,632,Reported activity uses report date (2daylag); truth uses occurrence date. Audits use available trailing14day cells; knownSe95Sp98.
demo-human_decline_bot_rise-884000,human_decline_bot_rise,102,37,187,0.776383305552832,656,Reported activity uses report date (2daylag); truth uses occurrence date. Audits use available trailing14day cells; knownSe95Sp98.
demo-human_decline_bot_rise-884000,human_decline_bot_rise,103,33,203,0.7694393924890719,672,Reported activity uses report date (2daylag); truth uses occurrence date. Audits use available trailing14day cells; knownSe95Sp98.
demo-human_decline_bot_rise-884000,human_decline_bot_rise,104,36,193,0.7680379099167178,681,Reported activity uses report date (2daylag); truth uses occurrence date. Audits use available trailing14day cells; knownSe95Sp98.
demo-human_decline_bot_rise-884000,human_decline_bot_rise,105,50,186,0.7650475837350142,694,Reported activity uses report date (2daylag); truth uses occurrence date. Audits use available trailing14day cells; knownSe95Sp98.
demo-human_decline_bot_rise-884000,human_decline_bot_rise,106,32,193,0.7781383215626392,674,Reported activity uses report date (2daylag); truth uses occurrence date. Audits use available trailing14day cells; knownSe95Sp98.
demo-human_decline_bot_rise-884000,human_decline_bot_rise,107,29,219,0.7709724102516222,689,Reported activity uses report date (2daylag); truth uses occurrence date. Audits use available trailing14day cells; knownSe95Sp98.
demo-human_decline_bot_rise-884000,human_decline_bot_rise,108,38,190,0.7766567842234907,727,Reported activity uses report date (2daylag); truth uses occurrence date. Audits use available trailing14day cells; knownSe95Sp98.
demo-human_decline_bot_rise-884000,human_decline_bot_rise,109,25,181,0.7825567502986858,736,Reported activity uses report date (2daylag); truth uses occurrence date. Audits use available trailing14day cells; knownSe95Sp98.
demo-human_decline_bot_rise-884000,human_decline_bot_rise,110,34,171,0.7810817587798871,727,Reported activity uses report date (2daylag); truth uses occurrence date. Audits use available trailing14day cells; knownSe95Sp98.
demo-human_decline_bot_rise-884000,human_decline_bot_rise,111,25,195,0.7840137541160358,736,Reported activity uses report date (2daylag); truth uses occurrence date. Audits use available trailing14day cells; knownSe95Sp98.
demo-human_decline_bot_rise-884000,human_decline_bot_rise,112,49,188,0.785639958376691,773,Reported activity uses report date (2daylag); truth uses occurrence date. Audits use available trailing14day cells; knownSe95Sp98.
demo-human_decline_bot_rise-884000,human_decline_bot_rise,113,38,195,0.7877512856474989,780,Reported activity uses report date (2daylag); truth uses occurrence date. Audits use available trailing14day cells; knownSe95Sp98.
demo-human_decline_bot_rise-884000,human_decline_bot_rise,114,56,255,0.7970894772348657,779,Reported activity uses report date (2daylag); truth uses occurrence date. Audits use available trailing14day cells; knownSe95Sp98.
demo-human_decline_bot_rise-884000,human_decline_bot_rise,115,36,225,0.7923723549629385,777,Reported activity uses report date (2daylag); truth uses occurrence date. Audits use available trailing14day cells; knownSe95Sp98.
demo-human_decline_bot_rise-884000,human_decline_bot_rise,116,47,226,0.8000445707281743,770,Reported activity uses report date (2daylag); truth uses occurrence date. Audits use available trailing14day cells; knownSe95Sp98.
demo-human_decline_bot_rise-884000,human_decline_bot_rise,117,30,217,0.7995588640749931,778,Reported activity uses report date (2daylag); truth uses occurrence date. Audits use available trailing14day cells; knownSe95Sp98.
demo-human_decline_bot_rise-884000,human_decline_bot_rise,118,34,246,0.813829569209329,785,Reported activity uses report date (2daylag); truth uses occurrence date. Audits use available trailing14day cells; knownSe95Sp98.
demo-human_decline_bot_rise-884000,human_decline_bot_rise,119,56,226,0.8088005010961479,822,Reported activity uses report date (2daylag); truth uses occurrence date. Audits use available trailing14day cells; knownSe95Sp98.
demo-human_decline_bot_rise-884000,human_decline_bot_rise,120,45,222,0.8163212300659706,826,Reported activity uses report date (2daylag); truth uses occurrence date. Audits use available trailing14day cells; knownSe95Sp98.
demo-human_decline_bot_rise-884000,human_decline_bot_rise,121,30,257,0.8186966670493246,841,Reported activity uses report date (2daylag); truth uses occurrence date. Audits use available trailing14day cells; knownSe95Sp98.
demo-human_decline_bot_rise-884000,human_decline_bot_rise,122,37,247,0.8181772821395604,860,Reported activity uses report date (2daylag); truth uses occurrence date. Audits use available trailing14day cells; knownSe95Sp98.
demo-human_decline_bot_rise-884000,human_decline_bot_rise,123,37,221,0.8248098610018358,900,Reported activity uses report date (2daylag); truth uses occurrence date. Audits use available trailing14day cells; knownSe95Sp98.
demo-human_decline_bot_rise-884000,human_decline_bot_rise,124,33,254,0.8218125960061444,908,Reported activity uses report date (2daylag); truth uses occurrence date. Audits use available trailing14day cells; knownSe95Sp98.
demo-human_decline_bot_rise-884000,human_decline_bot_rise,125,36,237,0.8157512351060738,923,Reported activity uses report date (2daylag); truth uses occurrence date. Audits use available trailing14day cells; knownSe95Sp98.
demo-human_decline_bot_rise-884000,human_decline_bot_rise,126,47,246,0.8093102007608242,976,Reported activity uses report date (2daylag); truth uses occurrence date. Audits use available trailing14day cells; knownSe95Sp98.
demo-cheap_good-884000,cheap_good,0,15,0,0.4838709677419355,0,Reported activity uses report date (2daylag); truth uses occurrence date. Audits use available trailing14day cells; knownSe95Sp98.
demo-cheap_good-884000,cheap_good,1,19,0,0.4838709677419355,0,Reported activity uses report date (2daylag); truth uses occurrence date. Audits use available trailing14day cells; knownSe95Sp98.
demo-cheap_good-884000,cheap_good,2,10,15,0.4838709677419355,0,Reported activity uses report date (2daylag); truth uses occurrence date. Audits use available trailing14day cells; knownSe95Sp98.
demo-cheap_good-884000,cheap_good,3,9,20,0.4838709677419355,0,Reported activity uses report date (2daylag); truth uses occurrence date. Audits use available trailing14day cells; knownSe95Sp98.
demo-cheap_good-884000,cheap_good,4,8,10,0.4838709677419355,0,Reported activity uses report date (2daylag); truth uses occurrence date. Audits use available trailing14day cells; knownSe95Sp98.
demo-cheap_good-884000,cheap_good,5,8,9,0.4838709677419355,0,Reported activity uses report date (2daylag); truth uses occurrence date. Audits use available trailing14day cells; knownSe95Sp98.
demo-cheap_good-884000,cheap_good,6,9,9,0.4838709677419355,0,Reported activity uses report date (2daylag); truth uses occurrence date. Audits use available trailing14day cells; knownSe95Sp98.
demo-cheap_good-884000,cheap_good,7,28,10,0.04398826979472148,9,Reported activity uses report date (2daylag); truth uses occurrence date. Audits use available trailing14day cells; knownSe95Sp98.
demo-cheap_good-884000,cheap_good,8,17,10,0.14173998044965785,20,Reported activity uses report date (2daylag); truth uses occurrence date. Audits use available trailing14day cells; knownSe95Sp98.
demo-cheap_good-884000,cheap_good,9,27,30,0.0998463901689709,26,Reported activity uses report date (2daylag); truth uses occurrence date. Audits use available trailing14day cells; knownSe95Sp98.
demo-cheap_good-884000,cheap_good,10,10,23,0.08960573476702516,28,Reported activity uses report date (2daylag); truth uses occurrence date. Audits use available trailing14day cells; knownSe95Sp98.
demo-cheap_good-884000,cheap_good,11,9,29,0.08064516129032262,30,Reported activity uses report date (2daylag); truth uses occurrence date. Audits use available trailing14day cells; knownSe95Sp98.
demo-cheap_good-884000,cheap_good,12,10,19,0.062481836675385094,35,Reported activity uses report date (2daylag); truth uses occurrence date. Audits use available trailing14day cells; knownSe95Sp98.
demo-cheap_good-884000,cheap_good,13,12,9,0.05114083398898506,39,Reported activity uses report date (2daylag); truth uses occurrence date. Audits use available trailing14day cells; knownSe95Sp98.
demo-cheap_good-884000,cheap_good,14,49,15,0.059422750424448334,55,Reported activity uses report date (2daylag); truth uses occurrence date. Audits use available trailing14day cells; knownSe95Sp98.
demo-cheap_good-884000,cheap_good,15,35,14,0.11966701352757547,60,Reported activity uses report date (2daylag); truth uses occurrence date. Audits use available trailing14day cells; knownSe95Sp98.
demo-cheap_good-884000,cheap_good,16,23,60,0.09286412512218967,64,Reported activity uses report date (2daylag); truth uses occurrence date. Audits use available trailing14day cells; knownSe95Sp98.
demo-cheap_good-884000,cheap_good,17,22,39,0.1644070437899331,67,Reported activity uses report date (2daylag); truth uses occurrence date. Audits use available trailing14day cells; knownSe95Sp98.
demo-cheap_good-884000,cheap_good,18,14,26,0.15531660692951021,70,Reported activity uses report date (2daylag); truth uses occurrence date. Audits use available trailing14day cells; knownSe95Sp98.
demo-cheap_good-884000,cheap_good,19,16,28,0.18227117755048516,80,Reported activity uses report date (2daylag); truth uses occurrence date. Audits use available trailing14day cells; knownSe95Sp98.
demo-cheap_good-884000,cheap_good,20,19,22,0.19924098671726764,83,Reported activity uses report date (2daylag); truth uses occurrence date. Audits use available trailing14day cells; knownSe95Sp98.
demo-cheap_good-884000,cheap_good,21,28,19,0.19983769527287487,104,Reported activity uses report date (2daylag); truth uses occurrence date. Audits use available trailing14day cells; knownSe95Sp98.
demo-cheap_good-884000,cheap_good,22,45,28,0.2077884335948852,109,Reported activity uses report date (2daylag); truth uses occurrence date. Audits use available trailing14day cells; knownSe95Sp98.
demo-cheap_good-884000,cheap_good,23,17,36,0.1981013271335853,109,Reported activity uses report date (2daylag); truth uses occurrence date. Audits use available trailing14day cells; knownSe95Sp98.
demo-cheap_good-884000,cheap_good,24,35,57,0.20751683247914787,105,Reported activity uses report date (2daylag); truth uses occurrence date. Audits use available trailing14day cells; knownSe95Sp98.
demo-cheap_good-884000,cheap_good,25,23,25,0.1690400077496852,109,Reported activity uses report date (2daylag); truth uses occurrence date. Audits use available trailing14day cells; knownSe95Sp98.
demo-cheap_good-884000,cheap_good,26,17,45,0.18724508713385246,114,Reported activity uses report date (2daylag); truth uses occurrence date. Audits use available trailing14day cells; knownSe95Sp98.
demo-cheap_good-884000,cheap_good,27,19,31,0.1792114695340502,118,Reported activity uses report date (2daylag); truth uses occurrence date. Audits use available trailing14day cells; knownSe95Sp98.
demo-cheap_good-884000,cheap_good,28,41,23,0.18330369994073337,125,Reported activity uses report date (2daylag); truth uses occurrence date. Audits use available trailing14day cells; knownSe95Sp98.
demo-cheap_good-884000,cheap_good,29,30,27,0.2022529441884282,124,Reported activity uses report date (2daylag); truth uses occurrence date. Audits use available trailing14day cells; knownSe95Sp98.
demo-cheap_good-884000,cheap_good,30,33,61,0.23170615662765248,111,Reported activity uses report date (2daylag); truth uses occurrence date. Audits use available trailing14day cells; knownSe95Sp98.
demo-cheap_good-884000,cheap_good,31,27,56,0.2522073607832853,121,Reported activity uses report date (2daylag); truth uses occurrence date. Audits use available trailing14day cells; knownSe95Sp98.
demo-cheap_good-884000,cheap_good,32,27,59,0.2738575268817205,126,Reported activity uses report date (2daylag); truth uses occurrence date. Audits use available trailing14day cells; knownSe95Sp98.
demo-cheap_good-884000,cheap_good,33,21,49,0.2764372195411058,125,Reported activity uses report date (2daylag); truth uses occurrence date. Audits use available trailing14day cells; knownSe95Sp98.
demo-cheap_good-884000,cheap_good,34,27,38,0.27523671962766816,132,Reported activity uses report date (2daylag); truth uses occurrence date. Audits use available trailing14day cells; knownSe95Sp98.
demo-cheap_good-884000,cheap_good,35,33,39,0.2997495949329798,144,Reported activity uses report date (2daylag); truth uses occurrence date. Audits use available trailing14day cells; knownSe95Sp98.
demo-cheap_good-884000,cheap_good,36,32,51,0.3396275898242854,162,Reported activity uses report date (2daylag); truth uses occurrence date. Audits use available trailing14day cells; knownSe95Sp98.
demo-cheap_good-884000,cheap_good,37,28,51,0.3788891009734682,167,Reported activity uses report date (2daylag); truth uses occurrence date. Audits use available trailing14day cells; knownSe95Sp98.
demo-cheap_good-884000,cheap_good,38,32,55,0.37874692136721333,177,Reported activity uses report date (2daylag); truth uses occurrence date. Audits use available trailing14day cells; knownSe95Sp98.
demo-cheap_good-884000,cheap_good,39,35,53,0.37874692136721333,177,Reported activity uses report date (2daylag); truth uses occurrence date. Audits use available trailing14day cells; knownSe95Sp98.
demo-cheap_good-884000,cheap_good,40,21,57,0.39773064813164627,179,Reported activity uses report date (2daylag); truth uses occurrence date. Audits use available trailing14day cells; knownSe95Sp98.
demo-cheap_good-884000,cheap_good,41,24,60,0.4349951124144673,196,Reported activity uses report date (2daylag); truth uses occurrence date. Audits use available trailing14day cells; knownSe95Sp98.
demo-cheap_good-884000,cheap_good,42,42,52,0.43217535153019027,206,Reported activity uses report date (2daylag); truth uses occurrence date. Audits use available trailing14day cells; knownSe95Sp98.
demo-cheap_good-884000,cheap_good,43,32,53,0.4377880184331798,208,Reported activity uses report date (2daylag); truth uses occurrence date. Audits use available trailing14day cells; knownSe95Sp98.
demo-cheap_good-884000,cheap_good,44,49,78,0.44251447477253936,206,Reported activity uses report date (2daylag); truth uses occurrence date. Audits use available trailing14day cells; knownSe95Sp98.
demo-cheap_good-884000,cheap_good,45,31,53,0.43822276323797926,210,Reported activity uses report date (2daylag); truth uses occurrence date. Audits use available trailing14day cells; knownSe95Sp98.
demo-cheap_good-884000,cheap_good,46,27,72,0.435867895545315,222,Reported activity uses report date (2daylag); truth uses occurrence date. Audits use available trailing14day cells; knownSe95Sp98.
demo-cheap_good-884000,cheap_good,47,37,74,0.4573508848064035,221,Reported activity uses report date (2daylag); truth uses occurrence date. Audits use available trailing14day cells; knownSe95Sp98.
demo-cheap_good-884000,cheap_good,48,26,62,0.4582693292370712,229,Reported activity uses report date (2daylag); truth uses occurrence date. Audits use available trailing14day cells; knownSe95Sp98.
demo-cheap_good-884000,cheap_good,49,75,78,0.4498434735266096,235,Reported activity uses report date (2daylag); truth uses occurrence date. Audits use available trailing14day cells; knownSe95Sp98.
demo-cheap_good-884000,cheap_good,50,48,58,0.46345447121273997,235,Reported activity uses report date (2daylag); truth uses occurrence date. Audits use available trailing14day cells; knownSe95Sp98.
demo-cheap_good-884000,cheap_good,51,35,115,0.4525089605734768,238,Reported activity uses report date (2daylag); truth uses occurrence date. Audits use available trailing14day cells; knownSe95Sp98.
demo-cheap_good-884000,cheap_good,52,36,87,0.4599277349701798,245,Reported activity uses report date (2daylag); truth uses occurrence date. Audits use available trailing14day cells; knownSe95Sp98.
demo-cheap_good-884000,cheap_good,53,27,75,0.47526881720430114,248,Reported activity uses report date (2daylag); truth uses occurrence date. Audits use available trailing14day cells; knownSe95Sp98.
demo-cheap_good-884000,cheap_good,54,31,79,0.4922715053763441,254,Reported activity uses report date (2daylag); truth uses occurrence date. Audits use available trailing14day cells; knownSe95Sp98.
demo-cheap_good-884000,cheap_good,55,40,65,0.5061878677216474,263,Reported activity uses report date (2daylag); truth uses occurrence date. Audits use available trailing14day cells; knownSe95Sp98.
demo-cheap_good-884000,cheap_good,56,45,80,0.4783661785753607,291,Reported activity uses report date (2daylag); truth uses occurrence date. Audits use available trailing14day cells; knownSe95Sp98.
demo-cheap_good-884000,cheap_good,57,43,97,0.4803104749697359,300,Reported activity uses report date (2daylag); truth uses occurrence date. Audits use available trailing14day cells; knownSe95Sp98.
demo-cheap_good-884000,cheap_good,58,45,96,0.49071981371138973,312,Reported activity uses report date (2daylag); truth uses occurrence date. Audits use available trailing14day cells; knownSe95Sp98.
demo-cheap_good-884000,cheap_good,59,24,90,0.5024100852799407,317,Reported activity uses report date (2daylag); truth uses occurrence date. Audits use available trailing14day cells; knownSe95Sp98.
demo-cheap_good-884000,cheap_good,60,38,101,0.504417505650298,312,Reported activity uses report date (2daylag); truth uses occurrence date. Audits use available trailing14day cells; knownSe95Sp98.
demo-cheap_good-884000,cheap_good,61,33,70,0.5024100852799407,317,Reported activity uses report date (2daylag); truth uses occurrence date. Audits use available trailing14day cells; knownSe95Sp98.
demo-cheap_good-884000,cheap_good,62,31,102,0.5160646449037409,332,Reported activity uses report date (2daylag); truth uses occurrence date. Audits use available trailing14day cells; knownSe95Sp98.
demo-cheap_good-884000,cheap_good,63,38,89,0.5221640167876728,349,Reported activity uses report date (2daylag); truth uses occurrence date. Audits use available trailing14day cells; knownSe95Sp98.
demo-cheap_good-884000,cheap_good,64,47,92,0.5471220746363061,338,Reported activity uses report date (2daylag); truth uses occurrence date. Audits use available trailing14day cells; knownSe95Sp98.
demo-cheap_good-884000,cheap_good,65,35,102,0.5602306373694874,343,Reported activity uses report date (2daylag); truth uses occurrence date. Audits use available trailing14day cells; knownSe95Sp98.
demo-cheap_good-884000,cheap_good,66,39,109,0.568598453338263,347,Reported activity uses report date (2daylag); truth uses occurrence date. Audits use available trailing14day cells; knownSe95Sp98.
demo-cheap_good-884000,cheap_good,67,48,119,0.5956264346985622,354,Reported activity uses report date (2daylag); truth uses occurrence date. Audits use available trailing14day cells; knownSe95Sp98.
demo-cheap_good-884000,cheap_good,68,26,102,0.6012520650378228,369,Reported activity uses report date (2daylag); truth uses occurrence date. Audits use available trailing14day cells; knownSe95Sp98.
demo-cheap_good-884000,cheap_good,69,33,127,0.6196943972835314,378,Reported activity uses report date (2daylag); truth uses occurrence date. Audits use available trailing14day cells; knownSe95Sp98.
demo-cheap_good-884000,cheap_good,70,67,102,0.6247484330975792,372,Reported activity uses report date (2daylag); truth uses occurrence date. Audits use available trailing14day cells; knownSe95Sp98.
demo-cheap_good-884000,cheap_good,71,44,85,0.617568413267338,376,Reported activity uses report date (2daylag); truth uses occurrence date. Audits use available trailing14day cells; knownSe95Sp98.
demo-cheap_good-884000,cheap_good,72,55,149,0.6429668641650208,390,Reported activity uses report date (2daylag); truth uses occurrence date. Audits use available trailing14day cells; knownSe95Sp98.
demo-cheap_good-884000,cheap_good,73,50,131,0.6486734749013887,396,Reported activity uses report date (2daylag); truth uses occurrence date. Audits use available trailing14day cells; knownSe95Sp98.
demo-cheap_good-884000,cheap_good,74,36,127,0.6391305463597403,417,Reported activity uses report date (2daylag); truth uses occurrence date. Audits use available trailing14day cells; knownSe95Sp98.
demo-cheap_good-884000,cheap_good,75,39,127,0.6520409723283902,420,Reported activity uses report date (2daylag); truth uses occurrence date. Audits use available trailing14day cells; knownSe95Sp98.
demo-cheap_good-884000,cheap_good,76,41,127,0.6456832654765634,410,Reported activity uses report date (2daylag); truth uses occurrence date. Audits use available trailing14day cells; knownSe95Sp98.
demo-cheap_good-884000,cheap_good,77,61,120,0.633070947162628,416,Reported activity uses report date (2daylag); truth uses occurrence date. Audits use available trailing14day cells; knownSe95Sp98.
demo-cheap_good-884000,cheap_good,78,58,120,0.6223336576603549,429,Reported activity uses report date (2daylag); truth uses occurrence date. Audits use available trailing14day cells; knownSe95Sp98.
demo-cheap_good-884000,cheap_good,79,47,159,0.6140604657890931,444,Reported activity uses report date (2daylag); truth uses occurrence date. Audits use available trailing14day cells; knownSe95Sp98.
demo-cheap_good-884000,cheap_good,80,45,158,0.607203582632852,447,Reported activity uses report date (2daylag); truth uses occurrence date. Audits use available trailing14day cells; knownSe95Sp98.
demo-cheap_good-884000,cheap_good,81,40,136,0.6133230704639284,459,Reported activity uses report date (2daylag); truth uses occurrence date. Audits use available trailing14day cells; knownSe95Sp98.
demo-cheap_good-884000,cheap_good,82,45,143,0.633279216959601,455,Reported activity uses report date (2daylag); truth uses occurrence date. Audits use available trailing14day cells; knownSe95Sp98.
demo-cheap_good-884000,cheap_good,83,30,158,0.6188614253130382,460,Reported activity uses report date (2daylag); truth uses occurrence date. Audits use available trailing14day cells; knownSe95Sp98.
demo-cheap_good-884000,cheap_good,84,65,168,0.6332138590203107,502,Reported activity uses report date (2daylag); truth uses occurrence date. Audits use available trailing14day cells; knownSe95Sp98.
demo-cheap_good-884000,cheap_good,85,68,146,0.6531812511138835,541,Reported activity uses report date (2daylag); truth uses occurrence date. Audits use available trailing14day cells; knownSe95Sp98.
demo-cheap_good-884000,cheap_good,86,45,191,0.6466410180526783,543,Reported activity uses report date (2daylag); truth uses occurrence date. Audits use available trailing14day cells; knownSe95Sp98.
demo-cheap_good-884000,cheap_good,87,38,183,0.6755322285781683,545,Reported activity uses report date (2daylag); truth uses occurrence date. Audits use available trailing14day cells; knownSe95Sp98.
demo-cheap_good-884000,cheap_good,88,40,189,0.6922637739080788,563,Reported activity uses report date (2daylag); truth uses occurrence date. Audits use available trailing14day cells; knownSe95Sp98.
demo-cheap_good-884000,cheap_good,89,52,149,0.7089704952189605,576,Reported activity uses report date (2daylag); truth uses occurrence date. Audits use available trailing14day cells; knownSe95Sp98.
demo-cheap_good-884000,cheap_good,90,52,160,0.7076531654502572,577,Reported activity uses report date (2daylag); truth uses occurrence date. Audits use available trailing14day cells; knownSe95Sp98.
demo-cheap_good-884000,cheap_good,91,74,195,0.7010262337571364,612,Reported activity uses report date (2daylag); truth uses occurrence date. Audits use available trailing14day cells; knownSe95Sp98.
demo-cheap_good-884000,cheap_good,92,57,182,0.6985756179304567,614,Reported activity uses report date (2daylag); truth uses occurrence date. Audits use available trailing14day cells; knownSe95Sp98.
demo-cheap_good-884000,cheap_good,93,53,225,0.6982219411061916,610,Reported activity uses report date (2daylag); truth uses occurrence date. Audits use available trailing14day cells; knownSe95Sp98.
demo-cheap_good-884000,cheap_good,94,38,214,0.7223447356274681,627,Reported activity uses report date (2daylag); truth uses occurrence date. Audits use available trailing14day cells; knownSe95Sp98.
demo-cheap_good-884000,cheap_good,95,49,170,0.7294778953765129,635,Reported activity uses report date (2daylag); truth uses occurrence date. Audits use available trailing14day cells; knownSe95Sp98.
demo-cheap_good-884000,cheap_good,96,42,197,0.7232798184137714,647,Reported activity uses report date (2daylag); truth uses occurrence date. Audits use available trailing14day cells; knownSe95Sp98.
demo-cheap_good-884000,cheap_good,97,39,215,0.7177662995809375,660,Reported activity uses report date (2daylag); truth uses occurrence date. Audits use available trailing14day cells; knownSe95Sp98.
demo-cheap_good-884000,cheap_good,98,73,211,0.7053375687888686,719,Reported activity uses report date (2daylag); truth uses occurrence date. Audits use available trailing14day cells; knownSe95Sp98.
demo-cheap_good-884000,cheap_good,99,61,183,0.7210192959198705,728,Reported activity uses report date (2daylag); truth uses occurrence date. Audits use available trailing14day cells; knownSe95Sp98.
demo-cheap_good-884000,cheap_good,100,60,235,0.7287851374608358,729,Reported activity uses report date (2daylag); truth uses occurrence date. Audits use available trailing14day cells; knownSe95Sp98.
demo-cheap_good-884000,cheap_good,101,54,219,0.7410636442894507,738,Reported activity uses report date (2daylag); truth uses occurrence date. Audits use available trailing14day cells; knownSe95Sp98.
demo-cheap_good-884000,cheap_good,102,49,239,0.7456877240143369,766,Reported activity uses report date (2daylag); truth uses occurrence date. Audits use available trailing14day cells; knownSe95Sp98.
demo-cheap_good-884000,cheap_good,103,42,246,0.7398228650361582,792,Reported activity uses report date (2daylag); truth uses occurrence date. Audits use available trailing14day cells; knownSe95Sp98.
demo-cheap_good-884000,cheap_good,104,45,238,0.7411771078789848,792,Reported activity uses report date (2daylag); truth uses occurrence date. Audits use available trailing14day cells; knownSe95Sp98.
demo-cheap_good-884000,cheap_good,105,83,210,0.735033510546162,805,Reported activity uses report date (2daylag); truth uses occurrence date. Audits use available trailing14day cells; knownSe95Sp98.
demo-cheap_good-884000,cheap_good,106,52,229,0.7486151840990551,790,Reported activity uses report date (2daylag); truth uses occurrence date. Audits use available trailing14day cells; knownSe95Sp98.
demo-cheap_good-884000,cheap_good,107,47,284,0.7409437310784006,822,Reported activity uses report date (2daylag); truth uses occurrence date. Audits use available trailing14day cells; knownSe95Sp98.
demo-cheap_good-884000,cheap_good,108,52,239,0.7492854226214781,867,Reported activity uses report date (2daylag); truth uses occurrence date. Audits use available trailing14day cells; knownSe95Sp98.
demo-cheap_good-884000,cheap_good,109,47,237,0.7532949828879342,884,Reported activity uses report date (2daylag); truth uses occurrence date. Audits use available trailing14day cells; knownSe95Sp98.
demo-cheap_good-884000,cheap_good,110,44,209,0.7499231950844854,873,Reported activity uses report date (2daylag); truth uses occurrence date. Audits use available trailing14day cells; knownSe95Sp98.
demo-cheap_good-884000,cheap_good,111,48,252,0.7542069133102485,883,Reported activity uses report date (2daylag); truth uses occurrence date. Audits use available trailing14day cells; knownSe95Sp98.
demo-cheap_good-884000,cheap_good,112,72,235,0.7512567705291605,937,Reported activity uses report date (2daylag); truth uses occurrence date. Audits use available trailing14day cells; knownSe95Sp98.
demo-cheap_good-884000,cheap_good,113,63,257,0.7557844958621854,953,Reported activity uses report date (2daylag); truth uses occurrence date. Audits use available trailing14day cells; knownSe95Sp98.
demo-cheap_good-884000,cheap_good,114,67,310,0.7633067310486665,960,Reported activity uses report date (2daylag); truth uses occurrence date. Audits use available trailing14day cells; knownSe95Sp98.
demo-cheap_good-884000,cheap_good,115,43,295,0.7648942330619614,945,Reported activity uses report date (2daylag); truth uses occurrence date. Audits use available trailing14day cells; knownSe95Sp98.
demo-cheap_good-884000,cheap_good,116,63,269,0.7694360232085476,945,Reported activity uses report date (2daylag); truth uses occurrence date. Audits use available trailing14day cells; knownSe95Sp98.
demo-cheap_good-884000,cheap_good,117,40,262,0.7716269235552842,949,Reported activity uses report date (2daylag); truth uses occurrence date. Audits use available trailing14day cells; knownSe95Sp98.
demo-cheap_good-884000,cheap_good,118,46,296,0.7782767083787323,975,Reported activity uses report date (2daylag); truth uses occurrence date. Audits use available trailing14day cells; knownSe95Sp98.
demo-cheap_good-884000,cheap_good,119,74,264,0.7698019019936179,1019,Reported activity uses report date (2daylag); truth uses occurrence date. Audits use available trailing14day cells; knownSe95Sp98.
demo-cheap_good-884000,cheap_good,120,70,272,0.7773622149498727,1033,Reported activity uses report date (2daylag); truth uses occurrence date. Audits use available trailing14day cells; knownSe95Sp98.
demo-cheap_good-884000,cheap_good,121,45,316,0.7834687679553476,1046,Reported activity uses report date (2daylag); truth uses occurrence date. Audits use available trailing14day cells; knownSe95Sp98.
demo-cheap_good-884000,cheap_good,122,64,312,0.7884122302960284,1059,Reported activity uses report date (2daylag); truth uses occurrence date. Audits use available trailing14day cells; knownSe95Sp98.
demo-cheap_good-884000,cheap_good,123,56,279,0.7971267884721858,1105,Reported activity uses report date (2daylag); truth uses occurrence date. Audits use available trailing14day cells; knownSe95Sp98.
demo-cheap_good-884000,cheap_good,124,57,345,0.7978961286433723,1104,Reported activity uses report date (2daylag); truth uses occurrence date. Audits use available trailing14day cells; knownSe95Sp98.
demo-cheap_good-884000,cheap_good,125,41,314,0.7911589008363202,1123,Reported activity uses report date (2daylag); truth uses occurrence date. Audits use available trailing14day cells; knownSe95Sp98.
demo-cheap_good-884000,cheap_good,126,70,314,0.7916140023080728,1172,Reported activity uses report date (2daylag); truth uses occurrence date. Audits use available trailing14day cells; knownSe95Sp98.
demo-cheap_bad-884000,cheap_bad,0,15,0,0.4838709677419355,0,Reported activity uses report date (2daylag); truth uses occurrence date. Audits use available trailing14day cells; knownSe95Sp98.
demo-cheap_bad-884000,cheap_bad,1,19,0,0.4838709677419355,0,Reported activity uses report date (2daylag); truth uses occurrence date. Audits use available trailing14day cells; knownSe95Sp98.
demo-cheap_bad-884000,cheap_bad,2,10,15,0.4838709677419355,0,Reported activity uses report date (2daylag); truth uses occurrence date. Audits use available trailing14day cells; knownSe95Sp98.
demo-cheap_bad-884000,cheap_bad,3,9,20,0.4838709677419355,0,Reported activity uses report date (2daylag); truth uses occurrence date. Audits use available trailing14day cells; knownSe95Sp98.
demo-cheap_bad-884000,cheap_bad,4,8,10,0.4838709677419355,0,Reported activity uses report date (2daylag); truth uses occurrence date. Audits use available trailing14day cells; knownSe95Sp98.
demo-cheap_bad-884000,cheap_bad,5,8,9,0.4838709677419355,0,Reported activity uses report date (2daylag); truth uses occurrence date. Audits use available trailing14day cells; knownSe95Sp98.
demo-cheap_bad-884000,cheap_bad,6,9,9,0.4838709677419355,0,Reported activity uses report date (2daylag); truth uses occurrence date. Audits use available trailing14day cells; knownSe95Sp98.
demo-cheap_bad-884000,cheap_bad,7,28,10,0.04398826979472148,9,Reported activity uses report date (2daylag); truth uses occurrence date. Audits use available trailing14day cells; knownSe95Sp98.
demo-cheap_bad-884000,cheap_bad,8,17,10,0.14173998044965785,20,Reported activity uses report date (2daylag); truth uses occurrence date. Audits use available trailing14day cells; knownSe95Sp98.
demo-cheap_bad-884000,cheap_bad,9,27,30,0.0998463901689709,26,Reported activity uses report date (2daylag); truth uses occurrence date. Audits use available trailing14day cells; knownSe95Sp98.
demo-cheap_bad-884000,cheap_bad,10,10,23,0.08960573476702516,28,Reported activity uses report date (2daylag); truth uses occurrence date. Audits use available trailing14day cells; knownSe95Sp98.
demo-cheap_bad-884000,cheap_bad,11,9,29,0.08064516129032262,30,Reported activity uses report date (2daylag); truth uses occurrence date. Audits use available trailing14day cells; knownSe95Sp98.
demo-cheap_bad-884000,cheap_bad,12,10,19,0.062481836675385094,35,Reported activity uses report date (2daylag); truth uses occurrence date. Audits use available trailing14day cells; knownSe95Sp98.
demo-cheap_bad-884000,cheap_bad,13,12,9,0.05114083398898506,39,Reported activity uses report date (2daylag); truth uses occurrence date. Audits use available trailing14day cells; knownSe95Sp98.
demo-cheap_bad-884000,cheap_bad,14,49,15,0.059422750424448334,55,Reported activity uses report date (2daylag); truth uses occurrence date. Audits use available trailing14day cells; knownSe95Sp98.
demo-cheap_bad-884000,cheap_bad,15,35,14,0.11966701352757547,60,Reported activity uses report date (2daylag); truth uses occurrence date. Audits use available trailing14day cells; knownSe95Sp98.
demo-cheap_bad-884000,cheap_bad,16,23,60,0.09286412512218967,64,Reported activity uses report date (2daylag); truth uses occurrence date. Audits use available trailing14day cells; knownSe95Sp98.
demo-cheap_bad-884000,cheap_bad,17,22,39,0.1644070437899331,67,Reported activity uses report date (2daylag); truth uses occurrence date. Audits use available trailing14day cells; knownSe95Sp98.
demo-cheap_bad-884000,cheap_bad,18,14,26,0.15531660692951021,70,Reported activity uses report date (2daylag); truth uses occurrence date. Audits use available trailing14day cells; knownSe95Sp98.
demo-cheap_bad-884000,cheap_bad,19,16,28,0.18227117755048516,80,Reported activity uses report date (2daylag); truth uses occurrence date. Audits use available trailing14day cells; knownSe95Sp98.
demo-cheap_bad-884000,cheap_bad,20,19,22,0.19924098671726764,83,Reported activity uses report date (2daylag); truth uses occurrence date. Audits use available trailing14day cells; knownSe95Sp98.
demo-cheap_bad-884000,cheap_bad,21,28,19,0.19983769527287487,104,Reported activity uses report date (2daylag); truth uses occurrence date. Audits use available trailing14day cells; knownSe95Sp98.
demo-cheap_bad-884000,cheap_bad,22,45,28,0.2077884335948852,109,Reported activity uses report date (2daylag); truth uses occurrence date. Audits use available trailing14day cells; knownSe95Sp98.
demo-cheap_bad-884000,cheap_bad,23,17,36,0.1981013271335853,109,Reported activity uses report date (2daylag); truth uses occurrence date. Audits use available trailing14day cells; knownSe95Sp98.
demo-cheap_bad-884000,cheap_bad,24,35,57,0.20751683247914787,105,Reported activity uses report date (2daylag); truth uses occurrence date. Audits use available trailing14day cells; knownSe95Sp98.
demo-cheap_bad-884000,cheap_bad,25,23,25,0.1690400077496852,109,Reported activity uses report date (2daylag); truth uses occurrence date. Audits use available trailing14day cells; knownSe95Sp98.
demo-cheap_bad-884000,cheap_bad,26,17,45,0.18724508713385246,114,Reported activity uses report date (2daylag); truth uses occurrence date. Audits use available trailing14day cells; knownSe95Sp98.
demo-cheap_bad-884000,cheap_bad,27,19,31,0.1792114695340502,118,Reported activity uses report date (2daylag); truth uses occurrence date. Audits use available trailing14day cells; knownSe95Sp98.
demo-cheap_bad-884000,cheap_bad,28,41,23,0.18330369994073337,125,Reported activity uses report date (2daylag); truth uses occurrence date. Audits use available trailing14day cells; knownSe95Sp98.
demo-cheap_bad-884000,cheap_bad,29,30,27,0.2022529441884282,124,Reported activity uses report date (2daylag); truth uses occurrence date. Audits use available trailing14day cells; knownSe95Sp98.
demo-cheap_bad-884000,cheap_bad,30,33,61,0.23170615662765248,111,Reported activity uses report date (2daylag); truth uses occurrence date. Audits use available trailing14day cells; knownSe95Sp98.
demo-cheap_bad-884000,cheap_bad,31,27,56,0.2522073607832853,121,Reported activity uses report date (2daylag); truth uses occurrence date. Audits use available trailing14day cells; knownSe95Sp98.
demo-cheap_bad-884000,cheap_bad,32,27,59,0.2738575268817205,126,Reported activity uses report date (2daylag); truth uses occurrence date. Audits use available trailing14day cells; knownSe95Sp98.
demo-cheap_bad-884000,cheap_bad,33,21,49,0.2764372195411058,125,Reported activity uses report date (2daylag); truth uses occurrence date. Audits use available trailing14day cells; knownSe95Sp98.
demo-cheap_bad-884000,cheap_bad,34,27,38,0.27523671962766816,132,Reported activity uses report date (2daylag); truth uses occurrence date. Audits use available trailing14day cells; knownSe95Sp98.
demo-cheap_bad-884000,cheap_bad,35,33,39,0.2997495949329798,144,Reported activity uses report date (2daylag); truth uses occurrence date. Audits use available trailing14day cells; knownSe95Sp98.
demo-cheap_bad-884000,cheap_bad,36,32,51,0.3396275898242854,162,Reported activity uses report date (2daylag); truth uses occurrence date. Audits use available trailing14day cells; knownSe95Sp98.
demo-cheap_bad-884000,cheap_bad,37,28,51,0.3788891009734682,167,Reported activity uses report date (2daylag); truth uses occurrence date. Audits use available trailing14day cells; knownSe95Sp98.
demo-cheap_bad-884000,cheap_bad,38,32,55,0.37874692136721333,177,Reported activity uses report date (2daylag); truth uses occurrence date. Audits use available trailing14day cells; knownSe95Sp98.
demo-cheap_bad-884000,cheap_bad,39,35,53,0.37874692136721333,177,Reported activity uses report date (2daylag); truth uses occurrence date. Audits use available trailing14day cells; knownSe95Sp98.
demo-cheap_bad-884000,cheap_bad,40,21,57,0.39773064813164627,179,Reported activity uses report date (2daylag); truth uses occurrence date. Audits use available trailing14day cells; knownSe95Sp98.
demo-cheap_bad-884000,cheap_bad,41,24,60,0.4349951124144673,196,Reported activity uses report date (2daylag); truth uses occurrence date. Audits use available trailing14day cells; knownSe95Sp98.
demo-cheap_bad-884000,cheap_bad,42,42,52,0.43217535153019027,206,Reported activity uses report date (2daylag); truth uses occurrence date. Audits use available trailing14day cells; knownSe95Sp98.
demo-cheap_bad-884000,cheap_bad,43,32,53,0.4377880184331798,208,Reported activity uses report date (2daylag); truth uses occurrence date. Audits use available trailing14day cells; knownSe95Sp98.
demo-cheap_bad-884000,cheap_bad,44,49,78,0.44251447477253936,206,Reported activity uses report date (2daylag); truth uses occurrence date. Audits use available trailing14day cells; knownSe95Sp98.
demo-cheap_bad-884000,cheap_bad,45,31,53,0.43822276323797926,210,Reported activity uses report date (2daylag); truth uses occurrence date. Audits use available trailing14day cells; knownSe95Sp98.
demo-cheap_bad-884000,cheap_bad,46,27,72,0.435867895545315,222,Reported activity uses report date (2daylag); truth uses occurrence date. Audits use available trailing14day cells; knownSe95Sp98.
demo-cheap_bad-884000,cheap_bad,47,37,74,0.4573508848064035,221,Reported activity uses report date (2daylag); truth uses occurrence date. Audits use available trailing14day cells; knownSe95Sp98.
demo-cheap_bad-884000,cheap_bad,48,26,62,0.4582693292370712,229,Reported activity uses report date (2daylag); truth uses occurrence date. Audits use available trailing14day cells; knownSe95Sp98.
demo-cheap_bad-884000,cheap_bad,49,75,78,0.4498434735266096,235,Reported activity uses report date (2daylag); truth uses occurrence date. Audits use available trailing14day cells; knownSe95Sp98.
demo-cheap_bad-884000,cheap_bad,50,48,58,0.46345447121273997,235,Reported activity uses report date (2daylag); truth uses occurrence date. Audits use available trailing14day cells; knownSe95Sp98.
demo-cheap_bad-884000,cheap_bad,51,35,115,0.4525089605734768,238,Reported activity uses report date (2daylag); truth uses occurrence date. Audits use available trailing14day cells; knownSe95Sp98.
demo-cheap_bad-884000,cheap_bad,52,36,87,0.4599277349701798,245,Reported activity uses report date (2daylag); truth uses occurrence date. Audits use available trailing14day cells; knownSe95Sp98.
demo-cheap_bad-884000,cheap_bad,53,27,75,0.47526881720430114,248,Reported activity uses report date (2daylag); truth uses occurrence date. Audits use available trailing14day cells; knownSe95Sp98.
demo-cheap_bad-884000,cheap_bad,54,31,79,0.4922715053763441,254,Reported activity uses report date (2daylag); truth uses occurrence date. Audits use available trailing14day cells; knownSe95Sp98.
demo-cheap_bad-884000,cheap_bad,55,40,65,0.5061878677216474,263,Reported activity uses report date (2daylag); truth uses occurrence date. Audits use available trailing14day cells; knownSe95Sp98.
demo-cheap_bad-884000,cheap_bad,56,45,80,0.4783661785753607,291,Reported activity uses report date (2daylag); truth uses occurrence date. Audits use available trailing14day cells; knownSe95Sp98.
demo-cheap_bad-884000,cheap_bad,57,43,97,0.4803104749697359,300,Reported activity uses report date (2daylag); truth uses occurrence date. Audits use available trailing14day cells; knownSe95Sp98.
demo-cheap_bad-884000,cheap_bad,58,45,96,0.49071981371138973,312,Reported activity uses report date (2daylag); truth uses occurrence date. Audits use available trailing14day cells; knownSe95Sp98.
demo-cheap_bad-884000,cheap_bad,59,24,90,0.5024100852799407,317,Reported activity uses report date (2daylag); truth uses occurrence date. Audits use available trailing14day cells; knownSe95Sp98.
demo-cheap_bad-884000,cheap_bad,60,38,101,0.504417505650298,312,Reported activity uses report date (2daylag); truth uses occurrence date. Audits use available trailing14day cells; knownSe95Sp98.
demo-cheap_bad-884000,cheap_bad,61,33,70,0.5024100852799407,317,Reported activity uses report date (2daylag); truth uses occurrence date. Audits use available trailing14day cells; knownSe95Sp98.
demo-cheap_bad-884000,cheap_bad,62,31,102,0.5160646449037409,332,Reported activity uses report date (2daylag); truth uses occurrence date. Audits use available trailing14day cells; knownSe95Sp98.
demo-cheap_bad-884000,cheap_bad,63,38,89,0.5221640167876728,349,Reported activity uses report date (2daylag); truth uses occurrence date. Audits use available trailing14day cells; knownSe95Sp98.
demo-cheap_bad-884000,cheap_bad,64,47,92,0.5471220746363061,338,Reported activity uses report date (2daylag); truth uses occurrence date. Audits use available trailing14day cells; knownSe95Sp98.
demo-cheap_bad-884000,cheap_bad,65,35,102,0.5602306373694874,343,Reported activity uses report date (2daylag); truth uses occurrence date. Audits use available trailing14day cells; knownSe95Sp98.
demo-cheap_bad-884000,cheap_bad,66,39,109,0.568598453338263,347,Reported activity uses report date (2daylag); truth uses occurrence date. Audits use available trailing14day cells; knownSe95Sp98.
demo-cheap_bad-884000,cheap_bad,67,48,119,0.5956264346985622,354,Reported activity uses report date (2daylag); truth uses occurrence date. Audits use available trailing14day cells; knownSe95Sp98.
demo-cheap_bad-884000,cheap_bad,68,26,102,0.6012520650378228,369,Reported activity uses report date (2daylag); truth uses occurrence date. Audits use available trailing14day cells; knownSe95Sp98.
demo-cheap_bad-884000,cheap_bad,69,33,127,0.6196943972835314,378,Reported activity uses report date (2daylag); truth uses occurrence date. Audits use available trailing14day cells; knownSe95Sp98.
demo-cheap_bad-884000,cheap_bad,70,57,102,0.6247484330975792,372,Reported activity uses report date (2daylag); truth uses occurrence date. Audits use available trailing14day cells; knownSe95Sp98.
demo-cheap_bad-884000,cheap_bad,71,37,85,0.617568413267338,376,Reported activity uses report date (2daylag); truth uses occurrence date. Audits use available trailing14day cells; knownSe95Sp98.
demo-cheap_bad-884000,cheap_bad,72,44,138,0.6429668641650208,390,Reported activity uses report date (2daylag); truth uses occurrence date. Audits use available trailing14day cells; knownSe95Sp98.
demo-cheap_bad-884000,cheap_bad,73,45,125,0.6486734749013887,396,Reported activity uses report date (2daylag); truth uses occurrence date. Audits use available trailing14day cells; knownSe95Sp98.
demo-cheap_bad-884000,cheap_bad,74,31,113,0.6391305463597403,417,Reported activity uses report date (2daylag); truth uses occurrence date. Audits use available trailing14day cells; knownSe95Sp98.
demo-cheap_bad-884000,cheap_bad,75,36,125,0.6520409723283902,420,Reported activity uses report date (2daylag); truth uses occurrence date. Audits use available trailing14day cells; knownSe95Sp98.
demo-cheap_bad-884000,cheap_bad,76,35,129,0.6456832654765634,410,Reported activity uses report date (2daylag); truth uses occurrence date. Audits use available trailing14day cells; knownSe95Sp98.
demo-cheap_bad-884000,cheap_bad,77,51,123,0.6349206349206349,418,Reported activity uses report date (2daylag); truth uses occurrence date. Audits use available trailing14day cells; knownSe95Sp98.
demo-cheap_bad-884000,cheap_bad,78,51,118,0.6304985337243403,427,Reported activity uses report date (2daylag); truth uses occurrence date. Audits use available trailing14day cells; knownSe95Sp98.
demo-cheap_bad-884000,cheap_bad,79,38,146,0.6287131143516473,436,Reported activity uses report date (2daylag); truth uses occurrence date. Audits use available trailing14day cells; knownSe95Sp98.
demo-cheap_bad-884000,cheap_bad,80,40,149,0.6271584980527591,437,Reported activity uses report date (2daylag); truth uses occurrence date. Audits use available trailing14day cells; knownSe95Sp98.
demo-cheap_bad-884000,cheap_bad,81,35,126,0.6417194806427876,451,Reported activity uses report date (2daylag); truth uses occurrence date. Audits use available trailing14day cells; knownSe95Sp98.
demo-cheap_bad-884000,cheap_bad,82,36,143,0.6654560991241187,451,Reported activity uses report date (2daylag); truth uses occurrence date. Audits use available trailing14day cells; knownSe95Sp98.
demo-cheap_bad-884000,cheap_bad,83,22,150,0.6561001722292046,460,Reported activity uses report date (2daylag); truth uses occurrence date. Audits use available trailing14day cells; knownSe95Sp98.
demo-cheap_bad-884000,cheap_bad,84,56,150,0.6652286824201061,499,Reported activity uses report date (2daylag); truth uses occurrence date. Audits use available trailing14day cells; knownSe95Sp98.
demo-cheap_bad-884000,cheap_bad,85,55,124,0.682694258470278,528,Reported activity uses report date (2daylag); truth uses occurrence date. Audits use available trailing14day cells; knownSe95Sp98.
demo-cheap_bad-884000,cheap_bad,86,41,178,0.6773378950798306,526,Reported activity uses report date (2daylag); truth uses occurrence date. Audits use available trailing14day cells; knownSe95Sp98.
demo-cheap_bad-884000,cheap_bad,87,35,172,0.7039493518239374,533,Reported activity uses report date (2daylag); truth uses occurrence date. Audits use available trailing14day cells; knownSe95Sp98.
demo-cheap_bad-884000,cheap_bad,88,34,176,0.718475073313783,548,Reported activity uses report date (2daylag); truth uses occurrence date. Audits use available trailing14day cells; knownSe95Sp98.
demo-cheap_bad-884000,cheap_bad,89,44,150,0.724879495736003,549,Reported activity uses report date (2daylag); truth uses occurrence date. Audits use available trailing14day cells; knownSe95Sp98.
demo-cheap_bad-884000,cheap_bad,90,42,154,0.7260576826449603,533,Reported activity uses report date (2daylag); truth uses occurrence date. Audits use available trailing14day cells; knownSe95Sp98.
demo-cheap_bad-884000,cheap_bad,91,61,171,0.7195067997768674,557,Reported activity uses report date (2daylag); truth uses occurrence date. Audits use available trailing14day cells; knownSe95Sp98.
demo-cheap_bad-884000,cheap_bad,92,39,164,0.7280747475917453,555,Reported activity uses report date (2daylag); truth uses occurrence date. Audits use available trailing14day cells; knownSe95Sp98.
demo-cheap_bad-884000,cheap_bad,93,42,217,0.726144282928901,555,Reported activity uses report date (2daylag); truth uses occurrence date. Audits use available trailing14day cells; knownSe95Sp98.
demo-cheap_bad-884000,cheap_bad,94,34,202,0.7508469583149212,582,Reported activity uses report date (2daylag); truth uses occurrence date. Audits use available trailing14day cells; knownSe95Sp98.
demo-cheap_bad-884000,cheap_bad,95,40,157,0.7603945674445594,591,Reported activity uses report date (2daylag); truth uses occurrence date. Audits use available trailing14day cells; knownSe95Sp98.
demo-cheap_bad-884000,cheap_bad,96,37,193,0.7554034973389812,592,Reported activity uses report date (2daylag); truth uses occurrence date. Audits use available trailing14day cells; knownSe95Sp98.
demo-cheap_bad-884000,cheap_bad,97,31,201,0.7566871056607127,603,Reported activity uses report date (2daylag); truth uses occurrence date. Audits use available trailing14day cells; knownSe95Sp98.
demo-cheap_bad-884000,cheap_bad,98,53,202,0.7435012542139993,671,Reported activity uses report date (2daylag); truth uses occurrence date. Audits use available trailing14day cells; knownSe95Sp98.
demo-cheap_bad-884000,cheap_bad,99,45,184,0.7702451737753016,687,Reported activity uses report date (2daylag); truth uses occurrence date. Audits use available trailing14day cells; knownSe95Sp98.
demo-cheap_bad-884000,cheap_bad,100,37,229,0.7756407263899912,689,Reported activity uses report date (2daylag); truth uses occurrence date. Audits use available trailing14day cells; knownSe95Sp98.
demo-cheap_bad-884000,cheap_bad,101,42,197,0.7900988877061446,695,Reported activity uses report date (2daylag); truth uses occurrence date. Audits use available trailing14day cells; knownSe95Sp98.
demo-cheap_bad-884000,cheap_bad,102,38,212,0.7890553530990837,715,Reported activity uses report date (2daylag); truth uses occurrence date. Audits use available trailing14day cells; knownSe95Sp98.
demo-cheap_bad-884000,cheap_bad,103,33,227,0.7804464703132304,734,Reported activity uses report date (2daylag); truth uses occurrence date. Audits use available trailing14day cells; knownSe95Sp98.
demo-cheap_bad-884000,cheap_bad,104,37,224,0.782872402380648,755,Reported activity uses report date (2daylag); truth uses occurrence date. Audits use available trailing14day cells; knownSe95Sp98.
demo-cheap_bad-884000,cheap_bad,105,59,209,0.7793646885003693,784,Reported activity uses report date (2daylag); truth uses occurrence date. Audits use available trailing14day cells; knownSe95Sp98.
demo-cheap_bad-884000,cheap_bad,106,33,227,0.7932045265575896,761,Reported activity uses report date (2daylag); truth uses occurrence date. Audits use available trailing14day cells; knownSe95Sp98.
demo-cheap_bad-884000,cheap_bad,107,30,271,0.7870274020117932,773,Reported activity uses report date (2daylag); truth uses occurrence date. Audits use available trailing14day cells; knownSe95Sp98.
demo-cheap_bad-884000,cheap_bad,108,41,214,0.7936164918208846,819,Reported activity uses report date (2daylag); truth uses occurrence date. Audits use available trailing14day cells; knownSe95Sp98.
demo-cheap_bad-884000,cheap_bad,109,27,209,0.7976527826300739,829,Reported activity uses report date (2daylag); truth uses occurrence date. Audits use available trailing14day cells; knownSe95Sp98.
demo-cheap_bad-884000,cheap_bad,110,35,215,0.7991704697637529,825,Reported activity uses report date (2daylag); truth uses occurrence date. Audits use available trailing14day cells; knownSe95Sp98.
demo-cheap_bad-884000,cheap_bad,111,28,215,0.8046658758402531,841,Reported activity uses report date (2daylag); truth uses occurrence date. Audits use available trailing14day cells; knownSe95Sp98.
demo-cheap_bad-884000,cheap_bad,112,52,230,0.8001972528926415,892,Reported activity uses report date (2daylag); truth uses occurrence date. Audits use available trailing14day cells; knownSe95Sp98.
demo-cheap_bad-884000,cheap_bad,113,41,225,0.8045336306205871,895,Reported activity uses report date (2daylag); truth uses occurrence date. Audits use available trailing14day cells; knownSe95Sp98.
demo-cheap_bad-884000,cheap_bad,114,60,297,0.8145399181653821,902,Reported activity uses report date (2daylag); truth uses occurrence date. Audits use available trailing14day cells; knownSe95Sp98.
demo-cheap_bad-884000,cheap_bad,115,40,266,0.8095305764767183,906,Reported activity uses report date (2daylag); truth uses occurrence date. Audits use available trailing14day cells; knownSe95Sp98.
demo-cheap_bad-884000,cheap_bad,116,48,277,0.8160629542860576,893,Reported activity uses report date (2daylag); truth uses occurrence date. Audits use available trailing14day cells; knownSe95Sp98.
demo-cheap_bad-884000,cheap_bad,117,31,263,0.8163014035951736,915,Reported activity uses report date (2daylag); truth uses occurrence date. Audits use available trailing14day cells; knownSe95Sp98.
demo-cheap_bad-884000,cheap_bad,118,39,287,0.8280033370411568,926,Reported activity uses report date (2daylag); truth uses occurrence date. Audits use available trailing14day cells; knownSe95Sp98.
demo-cheap_bad-884000,cheap_bad,119,58,266,0.8227903998586916,972,Reported activity uses report date (2daylag); truth uses occurrence date. Audits use available trailing14day cells; knownSe95Sp98.
demo-cheap_bad-884000,cheap_bad,120,51,256,0.8322758743516107,964,Reported activity uses report date (2daylag); truth uses occurrence date. Audits use available trailing14day cells; knownSe95Sp98.
demo-cheap_bad-884000,cheap_bad,121,30,302,0.8339836975372875,990,Reported activity uses report date (2daylag); truth uses occurrence date. Audits use available trailing14day cells; knownSe95Sp98.
demo-cheap_bad-884000,cheap_bad,122,42,296,0.8338604258907865,1018,Reported activity uses report date (2daylag); truth uses occurrence date. Audits use available trailing14day cells; knownSe95Sp98.
demo-cheap_bad-884000,cheap_bad,123,38,277,0.8402689184537189,1060,Reported activity uses report date (2daylag); truth uses occurrence date. Audits use available trailing14day cells; knownSe95Sp98.
demo-cheap_bad-884000,cheap_bad,124,34,313,0.8388188921653312,1081,Reported activity uses report date (2daylag); truth uses occurrence date. Audits use available trailing14day cells; knownSe95Sp98.
demo-cheap_bad-884000,cheap_bad,125,38,285,0.8323286382215427,1095,Reported activity uses report date (2daylag); truth uses occurrence date. Audits use available trailing14day cells; knownSe95Sp98.
demo-cheap_bad-884000,cheap_bad,126,50,312,0.8261710756408825,1154,Reported activity uses report date (2daylag); truth uses occurrence date. Audits use available trailing14day cells; knownSe95Sp98.
