world,scenario,origin_day,calendar_day,state,true_value,median,q025,q975,interval_kind,state_scale
demo-human_decline_bot_rise-884000,human_decline_bot_rise,119,0,response,0.0,0.0,0.0,0.0,parameter_state,log_ratio_reference_day0
demo-human_decline_bot_rise-884000,human_decline_bot_rise,119,1,response,0.0,0.0004606727233935,-0.013051446726156,0.0239556295877788,parameter_state,log_ratio_reference_day0
demo-human_decline_bot_rise-884000,human_decline_bot_rise,119,2,response,0.0,0.000921345446787,-0.026102893452312,0.0479112591755577,parameter_state,log_ratio_reference_day0
demo-human_decline_bot_rise-884000,human_decline_bot_rise,119,3,response,0.0,0.0013820181701805,-0.039154340178468,0.0718668887633366,parameter_state,log_ratio_reference_day0
demo-human_decline_bot_rise-884000,human_decline_bot_rise,119,4,response,0.0,0.001842690893574,-0.052205786904624,0.0958225183511155,parameter_state,log_ratio_reference_day0
demo-human_decline_bot_rise-884000,human_decline_bot_rise,119,5,response,0.0,0.0023033636169675,-0.06525723363078,0.1197781479388944,parameter_state,log_ratio_reference_day0
demo-human_decline_bot_rise-884000,human_decline_bot_rise,119,6,response,0.0,0.002764036340361,-0.078308680356936,0.1437337775266733,parameter_state,log_ratio_reference_day0
demo-human_decline_bot_rise-884000,human_decline_bot_rise,119,7,response,0.0656407788679064,0.0032247090637545,-0.091360127083092,0.1676894071144522,parameter_state,log_ratio_reference_day0
demo-human_decline_bot_rise-884000,human_decline_bot_rise,119,8,response,0.0656407788679064,0.0060546270891356,-0.0866849769740424,0.1703609225644377,parameter_state,log_ratio_reference_day0
demo-human_decline_bot_rise-884000,human_decline_bot_rise,119,9,response,0.0656407788679064,0.0082596000366158,-0.0810645239856129,0.1832831808504043,parameter_state,log_ratio_reference_day0
demo-human_decline_bot_rise-884000,human_decline_bot_rise,119,10,response,0.0656407788679064,0.0086627962126567,-0.0786486031947147,0.1913334648629108,parameter_state,log_ratio_reference_day0
demo-human_decline_bot_rise-884000,human_decline_bot_rise,119,11,response,0.0656407788679064,0.0102912785533898,-0.0799182527369726,0.2094285494873015,parameter_state,log_ratio_reference_day0
demo-human_decline_bot_rise-884000,human_decline_bot_rise,119,12,response,0.0656407788679064,0.0102124965876846,-0.079141188063685,0.215362952470708,parameter_state,log_ratio_reference_day0
demo-human_decline_bot_rise-884000,human_decline_bot_rise,119,13,response,0.0656407788679064,0.0109540820246183,-0.0783641233903975,0.2162684644262215,parameter_state,log_ratio_reference_day0
demo-human_decline_bot_rise-884000,human_decline_bot_rise,119,14,response,0.0553894448627713,0.0130346408717301,-0.0804432798615378,0.2247704739825134,parameter_state,log_ratio_reference_day0
demo-human_decline_bot_rise-884000,human_decline_bot_rise,119,15,response,0.0553894448627713,0.0142396740537528,-0.0801716073113493,0.2312327346332214,parameter_state,log_ratio_reference_day0
demo-human_decline_bot_rise-884000,human_decline_bot_rise,119,16,response,0.0553894448627713,0.0144473006649624,-0.0780313738697913,0.238892042493323,parameter_state,log_ratio_reference_day0
demo-human_decline_bot_rise-884000,human_decline_bot_rise,119,17,response,0.0553894448627713,0.0150166353398961,-0.07677637462394,0.2465513503534246,parameter_state,log_ratio_reference_day0
demo-human_decline_bot_rise-884000,human_decline_bot_rise,119,18,response,0.0553894448627713,0.0146878332070889,-0.0848244802290262,0.2499166909192182,parameter_state,log_ratio_reference_day0
demo-human_decline_bot_rise-884000,human_decline_bot_rise,119,19,response,0.0553894448627713,0.013637176223039,-0.0885946714847704,0.2466554234754138,parameter_state,log_ratio_reference_day0
demo-human_decline_bot_rise-884000,human_decline_bot_rise,119,20,response,0.0553894448627713,0.0140930360666125,-0.0853778718331884,0.2461804168182203,parameter_state,log_ratio_reference_day0
demo-human_decline_bot_rise-884000,human_decline_bot_rise,119,21,response,0.031937606922418,0.0156470871681505,-0.0884482482143929,0.2470381720283068,parameter_state,log_ratio_reference_day0
demo-human_decline_bot_rise-884000,human_decline_bot_rise,119,22,response,0.031937606922418,0.0131561029093825,-0.0910737810470186,0.2348597331668511,parameter_state,log_ratio_reference_day0
demo-human_decline_bot_rise-884000,human_decline_bot_rise,119,23,response,0.031937606922418,0.0122013259463418,-0.0995542287082346,0.2262084703253894,parameter_state,log_ratio_reference_day0
demo-human_decline_bot_rise-884000,human_decline_bot_rise,119,24,response,0.031937606922418,0.0121727353783795,-0.1089630084699587,0.2106137497218427,parameter_state,log_ratio_reference_day0
demo-human_decline_bot_rise-884000,human_decline_bot_rise,119,25,response,0.031937606922418,0.0119854229701858,-0.1183606571899769,0.2104473047855845,parameter_state,log_ratio_reference_day0
demo-human_decline_bot_rise-884000,human_decline_bot_rise,119,26,response,0.031937606922418,0.0113919146445713,-0.1225796611386983,0.2084329226507041,parameter_state,log_ratio_reference_day0
demo-human_decline_bot_rise-884000,human_decline_bot_rise,119,27,response,0.031937606922418,0.0106528863243013,-0.1310744901121611,0.2001799746054937,parameter_state,log_ratio_reference_day0
demo-human_decline_bot_rise-884000,human_decline_bot_rise,119,28,response,0.035296547672951,0.0114740244458752,-0.1366432490844855,0.1933105593934065,parameter_state,log_ratio_reference_day0
demo-human_decline_bot_rise-884000,human_decline_bot_rise,119,29,response,0.035296547672951,0.0097492369964551,-0.1271274510403126,0.1906374967928205,parameter_state,log_ratio_reference_day0
demo-human_decline_bot_rise-884000,human_decline_bot_rise,119,30,response,0.035296547672951,0.0110890781884602,-0.1236056889584578,0.1905331733503643,parameter_state,log_ratio_reference_day0
demo-human_decline_bot_rise-884000,human_decline_bot_rise,119,31,response,0.035296547672951,0.0108350421650475,-0.1285691689937513,0.1983508346474753,parameter_state,log_ratio_reference_day0
demo-human_decline_bot_rise-884000,human_decline_bot_rise,119,32,response,0.035296547672951,0.0096604764718881,-0.1316243305980788,0.2041378946119449,parameter_state,log_ratio_reference_day0
demo-human_decline_bot_rise-884000,human_decline_bot_rise,119,33,response,0.035296547672951,0.0092043168204572,-0.1338832463868145,0.2077963492641246,parameter_state,log_ratio_reference_day0
demo-human_decline_bot_rise-884000,human_decline_bot_rise,119,34,response,0.035296547672951,0.0081163024823763,-0.1423525530589956,0.2079070541584919,parameter_state,log_ratio_reference_day0
demo-human_decline_bot_rise-884000,human_decline_bot_rise,119,35,response,-0.0100685165780709,0.0092106761205843,-0.15136206248644,0.2080906101236361,parameter_state,log_ratio_reference_day0
demo-human_decline_bot_rise-884000,human_decline_bot_rise,119,36,response,-0.0100685165780709,0.0095755480005132,-0.1483619670740401,0.2005402482515907,parameter_state,log_ratio_reference_day0
demo-human_decline_bot_rise-884000,human_decline_bot_rise,119,37,response,-0.0100685165780709,0.0113954783457058,-0.15189811697774,0.1946476893993554,parameter_state,log_ratio_reference_day0
demo-human_decline_bot_rise-884000,human_decline_bot_rise,119,38,response,-0.0100685165780709,0.0116266945259041,-0.1464343732616395,0.20236957714881,parameter_state,log_ratio_reference_day0
demo-human_decline_bot_rise-884000,human_decline_bot_rise,119,39,response,-0.0100685165780709,0.0119373158663486,-0.1412629934860066,0.2019183278672799,parameter_state,log_ratio_reference_day0
demo-human_decline_bot_rise-884000,human_decline_bot_rise,119,40,response,-0.0100685165780709,0.0109968654810435,-0.1380311185765673,0.2018935726232487,parameter_state,log_ratio_reference_day0
demo-human_decline_bot_rise-884000,human_decline_bot_rise,119,41,response,-0.0100685165780709,0.0102025417942452,-0.1354408118600615,0.2046834559426731,parameter_state,log_ratio_reference_day0
demo-human_decline_bot_rise-884000,human_decline_bot_rise,119,42,response,-0.0270869593025055,0.0105297962987109,-0.1246271274044869,0.2097034232740835,parameter_state,log_ratio_reference_day0
demo-human_decline_bot_rise-884000,human_decline_bot_rise,119,43,response,-0.0330869593025055,0.0113114762453817,-0.1203216132114818,0.2180348302540647,parameter_state,log_ratio_reference_day0
demo-human_decline_bot_rise-884000,human_decline_bot_rise,119,44,response,-0.0390869593025054,0.0121082012532551,-0.1189778058436476,0.2248451821742619,parameter_state,log_ratio_reference_day0
demo-human_decline_bot_rise-884000,human_decline_bot_rise,119,45,response,-0.0450869593025054,0.0124109247552615,-0.1167680410693883,0.2256750641835119,parameter_state,log_ratio_reference_day0
demo-human_decline_bot_rise-884000,human_decline_bot_rise,119,46,response,-0.0510869593025055,0.0142475815958857,-0.1152543496046707,0.2265049461927618,parameter_state,log_ratio_reference_day0
demo-human_decline_bot_rise-884000,human_decline_bot_rise,119,47,response,-0.0570869593025056,0.0159033163225287,-0.1153588516454096,0.2331190965640142,parameter_state,log_ratio_reference_day0
demo-human_decline_bot_rise-884000,human_decline_bot_rise,119,48,response,-0.0630869593025055,0.0169883324772604,-0.1110621325258277,0.2417969198861172,parameter_state,log_ratio_reference_day0
demo-human_decline_bot_rise-884000,human_decline_bot_rise,119,49,response,0.0283793727003629,0.0183158102586395,-0.1102272115617035,0.2504747432082202,parameter_state,log_ratio_reference_day0
demo-human_decline_bot_rise-884000,human_decline_bot_rise,119,50,response,0.0223793727003628,0.017832252389259,-0.1118534654867736,0.2570288368982236,parameter_state,log_ratio_reference_day0
demo-human_decline_bot_rise-884000,human_decline_bot_rise,119,51,response,0.016379372700363,0.0159150767516242,-0.1093672319366283,0.263582930588227,parameter_state,log_ratio_reference_day0
demo-human_decline_bot_rise-884000,human_decline_bot_rise,119,52,response,0.0103793727003631,0.0145156628902472,-0.1084360575556007,0.2710494002763665,parameter_state,log_ratio_reference_day0
demo-human_decline_bot_rise-884000,human_decline_bot_rise,119,53,response,0.0043793727003629,0.0151002703679288,-0.1075703410779769,0.2708582534155884,parameter_state,log_ratio_reference_day0
demo-human_decline_bot_rise-884000,human_decline_bot_rise,119,54,response,-0.0016206272996369,0.0150473262003931,-0.1128238364796855,0.266230965990585,parameter_state,log_ratio_reference_day0
demo-human_decline_bot_rise-884000,human_decline_bot_rise,119,55,response,-0.0076206272996371,0.0122320837436807,-0.1126870304110454,0.2648573074889828,parameter_state,log_ratio_reference_day0
demo-human_decline_bot_rise-884000,human_decline_bot_rise,119,56,response,-0.0609525904686934,0.0126408877445307,-0.1143748469511132,0.2638675064309551,parameter_state,log_ratio_reference_day0
demo-human_decline_bot_rise-884000,human_decline_bot_rise,119,57,response,-0.0669525904686933,0.0119744643657363,-0.1205335508409775,0.2553660964745508,parameter_state,log_ratio_reference_day0
demo-human_decline_bot_rise-884000,human_decline_bot_rise,119,58,response,-0.0729525904686933,0.0093981815481126,-0.1245819399166069,0.2468646865181465,parameter_state,log_ratio_reference_day0
demo-human_decline_bot_rise-884000,human_decline_bot_rise,119,59,response,-0.0789525904686935,0.0071126432832667,-0.1316609246741217,0.2383632765617422,parameter_state,log_ratio_reference_day0
demo-human_decline_bot_rise-884000,human_decline_bot_rise,119,60,response,-0.0849525904686934,0.0065020899965667,-0.1348625249965516,0.2298618666053379,parameter_state,log_ratio_reference_day0
demo-human_decline_bot_rise-884000,human_decline_bot_rise,119,61,response,-0.0909525904686933,0.0063423687544628,-0.1333681434910765,0.2219974654807394,parameter_state,log_ratio_reference_day0
demo-human_decline_bot_rise-884000,human_decline_bot_rise,119,62,response,-0.0969525904686935,0.0058037996244574,-0.1393429949688838,0.2142937847268319,parameter_state,log_ratio_reference_day0
demo-human_decline_bot_rise-884000,human_decline_bot_rise,119,63,response,-0.0639236384593533,0.0063095280090104,-0.1465624554178074,0.2088515779245872,parameter_state,log_ratio_reference_day0
demo-human_decline_bot_rise-884000,human_decline_bot_rise,119,64,response,-0.0699236384593532,0.0057190994821622,-0.1450454160954395,0.1900070234968294,parameter_state,log_ratio_reference_day0
demo-human_decline_bot_rise-884000,human_decline_bot_rise,119,65,response,-0.0759236384593533,0.0047710335837111,-0.139814894117672,0.1812087277937695,parameter_state,log_ratio_reference_day0
demo-human_decline_bot_rise-884000,human_decline_bot_rise,119,66,response,-0.0819236384593533,0.0014069932775826,-0.1328468104914281,0.180279237831039,parameter_state,log_ratio_reference_day0
demo-human_decline_bot_rise-884000,human_decline_bot_rise,119,67,response,-0.0879236384593533,0.0003955742707304,-0.1328783894598118,0.1815282848426393,parameter_state,log_ratio_reference_day0
demo-human_decline_bot_rise-884000,human_decline_bot_rise,119,68,response,-0.0939236384593534,-0.0011999512985414,-0.1349646696080145,0.1872220226528711,parameter_state,log_ratio_reference_day0
demo-human_decline_bot_rise-884000,human_decline_bot_rise,119,69,response,-0.0999236384593534,-0.0015633392487224,-0.1377495984802802,0.1893707675562042,parameter_state,log_ratio_reference_day0
demo-human_decline_bot_rise-884000,human_decline_bot_rise,119,70,response,-0.1611192218564751,-0.0027852949974664,-0.1358714920481067,0.1795454369456974,parameter_state,log_ratio_reference_day0
demo-human_decline_bot_rise-884000,human_decline_bot_rise,119,71,response,-0.167119221856475,-0.0045573316858689,-0.1456062940552953,0.1760620153259857,parameter_state,log_ratio_reference_day0
demo-human_decline_bot_rise-884000,human_decline_bot_rise,119,72,response,-0.1731192218564751,-0.0046624049377651,-0.1518233871209898,0.1736968286135239,parameter_state,log_ratio_reference_day0
demo-human_decline_bot_rise-884000,human_decline_bot_rise,119,73,response,-0.1791192218564751,-0.0054740910643452,-0.156410131446126,0.1713590373758549,parameter_state,log_ratio_reference_day0
demo-human_decline_bot_rise-884000,human_decline_bot_rise,119,74,response,-0.1851192218564752,-0.0066947234458661,-0.1605947999101649,0.169021246138186,parameter_state,log_ratio_reference_day0
demo-human_decline_bot_rise-884000,human_decline_bot_rise,119,75,response,-0.1911192218564751,-0.0076706682711926,-0.1739153851291391,0.1647724048986978,parameter_state,log_ratio_reference_day0
demo-human_decline_bot_rise-884000,human_decline_bot_rise,119,76,response,-0.197119221856475,-0.0089234736241069,-0.1779229980729408,0.1610024474360107,parameter_state,log_ratio_reference_day0
demo-human_decline_bot_rise-884000,human_decline_bot_rise,119,77,response,-0.1648990201312619,-0.0083911914515448,-0.1817385336913007,0.1575709431804567,parameter_state,log_ratio_reference_day0
demo-human_decline_bot_rise-884000,human_decline_bot_rise,119,78,response,-0.1708990201312619,-0.0109745835789451,-0.1793736994025933,0.155741626518852,parameter_state,log_ratio_reference_day0
demo-human_decline_bot_rise-884000,human_decline_bot_rise,119,79,response,-0.1768990201312619,-0.0117519217441255,-0.1760642759531617,0.1582637232634678,parameter_state,log_ratio_reference_day0
demo-human_decline_bot_rise-884000,human_decline_bot_rise,119,80,response,-0.1828990201312619,-0.0122091419067185,-0.1767920823689234,0.1607349901862923,parameter_state,log_ratio_reference_day0
demo-human_decline_bot_rise-884000,human_decline_bot_rise,119,81,response,-0.1888990201312618,-0.0117814710171526,-0.1760401020663148,0.1622666629308748,parameter_state,log_ratio_reference_day0
demo-human_decline_bot_rise-884000,human_decline_bot_rise,119,82,response,-0.1948990201312618,-0.0114872252627403,-0.1766067914443371,0.1648246475562808,parameter_state,log_ratio_reference_day0
demo-human_decline_bot_rise-884000,human_decline_bot_rise,119,83,response,-0.2008990201312619,-0.0139155905709725,-0.1774987316110972,0.1673411152933999,parameter_state,log_ratio_reference_day0
demo-human_decline_bot_rise-884000,human_decline_bot_rise,119,84,response,-0.1651472315023264,-0.012806268060274,-0.1832919850053036,0.1698575830305191,parameter_state,log_ratio_reference_day0
demo-human_decline_bot_rise-884000,human_decline_bot_rise,119,85,response,-0.1711472315023263,-0.0143699731110447,-0.1800539080102494,0.1711263747090405,parameter_state,log_ratio_reference_day0
demo-human_decline_bot_rise-884000,human_decline_bot_rise,119,86,response,-0.1771472315023265,-0.0147656982926302,-0.1781514976295231,0.1680556179145192,parameter_state,log_ratio_reference_day0
demo-human_decline_bot_rise-884000,human_decline_bot_rise,119,87,response,-0.1831472315023265,-0.0152026625394176,-0.1704056612717032,0.1713107029018154,parameter_state,log_ratio_reference_day0
demo-human_decline_bot_rise-884000,human_decline_bot_rise,119,88,response,-0.1891472315023264,-0.0157593372592544,-0.1649501868557888,0.1750036956385121,parameter_state,log_ratio_reference_day0
demo-human_decline_bot_rise-884000,human_decline_bot_rise,119,89,response,-0.1951472315023265,-0.0145776933243794,-0.164906586437886,0.1802806971313136,parameter_state,log_ratio_reference_day0
demo-human_decline_bot_rise-884000,human_decline_bot_rise,119,90,response,-0.2011472315023264,-0.0155450336224258,-0.1715725392170501,0.1854178961481346,parameter_state,log_ratio_reference_day0
demo-human_decline_bot_rise-884000,human_decline_bot_rise,119,91,response,-0.2581237550114461,-0.0164060231964168,-0.1767792548330999,0.1849086812705024,parameter_state,log_ratio_reference_day0
demo-human_decline_bot_rise-884000,human_decline_bot_rise,119,92,response,-0.2641237550114462,-0.0177064744132045,-0.164283574683066,0.1886470312878388,parameter_state,log_ratio_reference_day0
demo-human_decline_bot_rise-884000,human_decline_bot_rise,119,93,response,-0.2701237550114463,-0.0174045897951441,-0.1616099600871192,0.1905937906850906,parameter_state,log_ratio_reference_day0
demo-human_decline_bot_rise-884000,human_decline_bot_rise,119,94,response,-0.2761237550114463,-0.0150772648625665,-0.1706157242903772,0.1886447322762555,parameter_state,log_ratio_reference_day0
demo-human_decline_bot_rise-884000,human_decline_bot_rise,119,95,response,-0.2821237550114461,-0.0152792450595221,-0.1762596710427791,0.1855427431667556,parameter_state,log_ratio_reference_day0
demo-human_decline_bot_rise-884000,human_decline_bot_rise,119,96,response,-0.2881237550114464,-0.0128891041732795,-0.1799775371587825,0.1870505453047278,parameter_state,log_ratio_reference_day0
demo-human_decline_bot_rise-884000,human_decline_bot_rise,119,97,response,-0.2941237550114462,-0.0123728360554884,-0.1826008961946956,0.1827975570497506,parameter_state,log_ratio_reference_day0
demo-human_decline_bot_rise-884000,human_decline_bot_rise,119,98,response,-0.2802631644325361,-0.0122995859039022,-0.1829654206635639,0.1811306444447544,parameter_state,log_ratio_reference_day0
demo-human_decline_bot_rise-884000,human_decline_bot_rise,119,99,response,-0.286263164432536,-0.0100977597031185,-0.1896546247604447,0.1896622699460818,parameter_state,log_ratio_reference_day0
demo-human_decline_bot_rise-884000,human_decline_bot_rise,119,100,response,-0.2922631644325359,-0.0075044007126677,-0.1884963549000953,0.1947358514053238,parameter_state,log_ratio_reference_day0
demo-human_decline_bot_rise-884000,human_decline_bot_rise,119,101,response,-0.2982631644325361,-0.0054781214486073,-0.1795893027327416,0.1884874656448182,parameter_state,log_ratio_reference_day0
demo-human_decline_bot_rise-884000,human_decline_bot_rise,119,102,response,-0.304263164432536,-0.0041765273985111,-0.1726116810374258,0.1857016261916411,parameter_state,log_ratio_reference_day0
demo-human_decline_bot_rise-884000,human_decline_bot_rise,119,103,response,-0.310263164432536,-0.0044040774803354,-0.1703486655569839,0.1916395205193741,parameter_state,log_ratio_reference_day0
demo-human_decline_bot_rise-884000,human_decline_bot_rise,119,104,response,-0.316263164432536,-0.0038875231596242,-0.1884025432269597,0.1942836331916976,parameter_state,log_ratio_reference_day0
demo-human_decline_bot_rise-884000,human_decline_bot_rise,119,105,response,-0.3297476658549041,-0.0028224356527822,-0.1860330048954049,0.1923963657811001,parameter_state,log_ratio_reference_day0
demo-human_decline_bot_rise-884000,human_decline_bot_rise,119,106,response,-0.3357476658549042,0.0037927557887773,-0.161812005083254,0.2087628584099848,parameter_state,log_ratio_reference_day0
demo-human_decline_bot_rise-884000,human_decline_bot_rise,119,107,response,-0.3417476658549041,0.0139832289571468,-0.1391702394919627,0.2347811787651385,parameter_state,log_ratio_reference_day0
demo-human_decline_bot_rise-884000,human_decline_bot_rise,119,108,response,-0.3477476658549042,0.0197745612812377,-0.1212133347765676,0.2529540005863789,parameter_state,log_ratio_reference_day0
demo-human_decline_bot_rise-884000,human_decline_bot_rise,119,109,response,-0.3537476658549042,0.0289024654946398,-0.0989976032587383,0.2702755465184185,parameter_state,log_ratio_reference_day0
demo-human_decline_bot_rise-884000,human_decline_bot_rise,119,110,response,-0.3597476658549042,0.0358288131834961,-0.0868115626579256,0.2825714657456765,parameter_state,log_ratio_reference_day0
demo-human_decline_bot_rise-884000,human_decline_bot_rise,119,111,response,-0.3657476658549042,0.0439828448042708,-0.078678160638757,0.3025061138059048,parameter_state,log_ratio_reference_day0
demo-human_decline_bot_rise-884000,human_decline_bot_rise,119,112,response,-0.39804914205111,0.0497896929057916,-0.0739877141183004,0.3131533960398426,parameter_state,log_ratio_reference_day0
demo-human_decline_bot_rise-884000,human_decline_bot_rise,119,113,response,-0.40404914205111,0.0526290016454354,-0.0722253550749916,0.3305904049032027,parameter_state,log_ratio_reference_day0
demo-human_decline_bot_rise-884000,human_decline_bot_rise,119,114,response,-0.4100491420511097,0.0585706130253075,-0.073150038776861,0.3451261760176644,parameter_state,log_ratio_reference_day0
demo-human_decline_bot_rise-884000,human_decline_bot_rise,119,115,response,-0.4160491420511097,0.0632191289374644,-0.0740747224787304,0.3695711624453345,parameter_state,log_ratio_reference_day0
demo-human_decline_bot_rise-884000,human_decline_bot_rise,119,116,response,-0.4220491420511101,0.0657675262011227,-0.0732452849957854,0.3928361431066805,parameter_state,log_ratio_reference_day0
demo-human_decline_bot_rise-884000,human_decline_bot_rise,119,117,response,-0.4280491420511099,0.07361579036435,-0.0741727778037361,0.4199036613887234,parameter_state,log_ratio_reference_day0
demo-human_decline_bot_rise-884000,human_decline_bot_rise,119,118,response,-0.43404914205111,0.0793886836448811,-0.0768487735843384,0.4479007265626391,parameter_state,log_ratio_reference_day0
demo-human_decline_bot_rise-884000,human_decline_bot_rise,119,119,response,-0.3873063084757758,0.0828073184064611,-0.0777734572862078,0.4772933085759957,parameter_state,log_ratio_reference_day0
demo-human_decline_bot_rise-884000,human_decline_bot_rise,119,120,response,-0.3933063084757759,0.0827441762417525,-0.0755308791349936,0.4626017585829714,parameter_state,log_ratio_reference_day0
demo-human_decline_bot_rise-884000,human_decline_bot_rise,119,121,response,-0.399306308475776,0.0803031246318642,-0.073315967712436,0.4611145621720219,parameter_state,log_ratio_reference_day0
demo-human_decline_bot_rise-884000,human_decline_bot_rise,119,122,response,-0.405306308475776,0.0811822280741813,-0.0789421002772408,0.4728507483984959,parameter_state,log_ratio_reference_day0
demo-human_decline_bot_rise-884000,human_decline_bot_rise,119,123,response,-0.4113063084757758,0.0805495887010041,-0.0795062320132907,0.4905038562879364,parameter_state,log_ratio_reference_day0
demo-human_decline_bot_rise-884000,human_decline_bot_rise,119,124,response,-0.4173063084757756,0.0792960465855634,-0.0786891380384338,0.4923337289281836,parameter_state,log_ratio_reference_day0
demo-human_decline_bot_rise-884000,human_decline_bot_rise,119,125,response,-0.4233063084757759,0.078522065244086,-0.0786328191763228,0.4871757004225817,parameter_state,log_ratio_reference_day0
demo-human_decline_bot_rise-884000,human_decline_bot_rise,119,126,response,-0.461894227285305,0.0757274751715536,-0.0813401922171638,0.4888198438013882,parameter_state,log_ratio_reference_day0
demo-human_decline_bot_rise-884000,human_decline_bot_rise,119,127,response,-0.461894227285305,0.0801663092184295,-0.0810893097571705,0.4940775684346669,parameter_state,log_ratio_reference_day0
demo-human_decline_bot_rise-884000,human_decline_bot_rise,119,128,response,-0.461894227285305,0.0776503812242904,-0.092988517653865,0.503889748441715,parameter_state,log_ratio_reference_day0
demo-human_decline_bot_rise-884000,human_decline_bot_rise,119,129,response,-0.461894227285305,0.0727745993428619,-0.1049579464454674,0.5087107520870826,parameter_state,log_ratio_reference_day0
demo-human_decline_bot_rise-884000,human_decline_bot_rise,119,130,response,-0.461894227285305,0.0736563702728134,-0.1144610647197413,0.5199917769247991,parameter_state,log_ratio_reference_day0
demo-human_decline_bot_rise-884000,human_decline_bot_rise,119,131,response,-0.461894227285305,0.0715545872919181,-0.1240045477994986,0.5290729667039221,parameter_state,log_ratio_reference_day0
demo-human_decline_bot_rise-884000,human_decline_bot_rise,119,132,response,-0.461894227285305,0.0712036412494296,-0.1335480308792558,0.538154156483045,parameter_state,log_ratio_reference_day0
demo-human_decline_bot_rise-884000,human_decline_bot_rise,119,133,response,-0.4960871231583079,0.0733462635342963,-0.1395135053530663,0.5496159607060438,parameter_state,log_ratio_reference_day0
demo-human_decline_bot_rise-884000,human_decline_bot_rise,119,134,response,-0.4960871231583079,0.0735475461397052,-0.1398350374444312,0.5507532725500566,parameter_state,log_ratio_reference_day0
demo-human_decline_bot_rise-884000,human_decline_bot_rise,119,135,response,-0.4960871231583079,0.0740840180192013,-0.1391933218358085,0.5491427237136143,parameter_state,log_ratio_reference_day0
demo-human_decline_bot_rise-884000,human_decline_bot_rise,119,136,response,-0.4960871231583079,0.0723878783431046,-0.1380464167663537,0.5456634893302736,parameter_state,log_ratio_reference_day0
demo-human_decline_bot_rise-884000,human_decline_bot_rise,119,137,response,-0.4960871231583079,0.0737151094735753,-0.1365159386397129,0.5343553456382641,parameter_state,log_ratio_reference_day0
demo-human_decline_bot_rise-884000,human_decline_bot_rise,119,138,response,-0.4960871231583079,0.0705933312992302,-0.1340753258990238,0.529108772865134,parameter_state,log_ratio_reference_day0
demo-human_decline_bot_rise-884000,human_decline_bot_rise,119,139,response,-0.4960871231583079,0.0690553163041026,-0.1321759555652712,0.537234533719485,parameter_state,log_ratio_reference_day0
demo-human_decline_bot_rise-884000,human_decline_bot_rise,119,140,response,-0.4723414985098912,0.0692739408396311,-0.1360386126716926,0.5528308578151339,parameter_state,log_ratio_reference_day0
demo-human_decline_bot_rise-884000,human_decline_bot_rise,119,141,response,-0.4723414985098912,0.0704333155887788,-0.132059758562926,0.5350640268403567,parameter_state,log_ratio_reference_day0
demo-human_decline_bot_rise-884000,human_decline_bot_rise,119,142,response,-0.4723414985098912,0.0687854126601634,-0.1298510597916186,0.5304027487193749,parameter_state,log_ratio_reference_day0
demo-human_decline_bot_rise-884000,human_decline_bot_rise,119,143,response,-0.4723414985098912,0.0674507353255211,-0.1319007737255573,0.5379211902383996,parameter_state,log_ratio_reference_day0
demo-human_decline_bot_rise-884000,human_decline_bot_rise,119,144,response,-0.4723414985098912,0.0666824885661617,-0.1349169975632242,0.5497319433153034,parameter_state,log_ratio_reference_day0
demo-human_decline_bot_rise-884000,human_decline_bot_rise,119,145,response,-0.4723414985098912,0.0667841032672011,-0.1379332214008911,0.5528321359324112,parameter_state,log_ratio_reference_day0
demo-human_decline_bot_rise-884000,human_decline_bot_rise,119,146,response,-0.4723414985098912,0.0660326799452563,-0.1409494452385579,0.5524159549517659,parameter_state,log_ratio_reference_day0
demo-human_decline_bot_rise-884000,human_decline_bot_rise,119,147,response,-0.4470364843093048,0.0662833348870258,-0.1439656690762248,0.5536889992251506,parameter_state,log_ratio_reference_day0
demo-human_decline_bot_rise-884000,human_decline_bot_rise,119,148,response,-0.4470364843093048,0.0636732020637345,-0.145249514361753,0.5493978869572361,parameter_state,log_ratio_reference_day0
demo-human_decline_bot_rise-884000,human_decline_bot_rise,119,149,response,-0.4470364843093048,0.0651508593865173,-0.141997205008239,0.5571788411284753,parameter_state,log_ratio_reference_day0
demo-human_decline_bot_rise-884000,human_decline_bot_rise,119,150,response,-0.4470364843093048,0.0644536544149337,-0.1387448956547251,0.5518789149384443,parameter_state,log_ratio_reference_day0
demo-human_decline_bot_rise-884000,human_decline_bot_rise,119,151,response,-0.4470364843093048,0.0635998485977233,-0.1450472829629154,0.5412369555190282,parameter_state,log_ratio_reference_day0
demo-human_decline_bot_rise-884000,human_decline_bot_rise,119,152,response,-0.4470364843093048,0.0650250252105048,-0.1561990251381744,0.5308323191523179,parameter_state,log_ratio_reference_day0
demo-human_decline_bot_rise-884000,human_decline_bot_rise,119,153,response,-0.4470364843093048,0.0654770038126712,-0.1663771467999334,0.5169419568521034,parameter_state,log_ratio_reference_day0
demo-human_decline_bot_rise-884000,human_decline_bot_rise,119,154,response,-0.4742367835451812,0.066931710923458,-0.1693105371956942,0.5150040338933616,parameter_state,log_ratio_reference_day0
demo-human_decline_bot_rise-884000,human_decline_bot_rise,119,155,response,-0.4742367835451812,0.0671237605650219,-0.1645706827831881,0.5110433570685131,parameter_state,log_ratio_reference_day0
demo-human_decline_bot_rise-884000,human_decline_bot_rise,119,156,response,-0.4742367835451812,0.067033725160506,-0.1604962928332091,0.5128297366214352,parameter_state,log_ratio_reference_day0
demo-human_decline_bot_rise-884000,human_decline_bot_rise,119,157,response,-0.4742367835451812,0.0653845156868045,-0.1564219028832301,0.5219535540142742,parameter_state,log_ratio_reference_day0
demo-human_decline_bot_rise-884000,human_decline_bot_rise,119,158,response,-0.4742367835451812,0.0649270815918187,-0.1544828869471049,0.5239606630010457,parameter_state,log_ratio_reference_day0
demo-human_decline_bot_rise-884000,human_decline_bot_rise,119,159,response,-0.4742367835451812,0.0662636482666821,-0.1552998283960919,0.5119374534746748,parameter_state,log_ratio_reference_day0
demo-human_decline_bot_rise-884000,human_decline_bot_rise,119,160,response,-0.4742367835451812,0.0684789537556685,-0.1561167698450788,0.5167798433361198,parameter_state,log_ratio_reference_day0
demo-human_decline_bot_rise-884000,human_decline_bot_rise,119,161,response,-0.4884775420403833,0.0680198785936879,-0.1597405603592986,0.5156331333678909,parameter_state,log_ratio_reference_day0
demo-human_decline_bot_rise-884000,human_decline_bot_rise,119,162,response,-0.4884775420403833,0.0682875259059863,-0.1586393040016771,0.5289191370548494,parameter_state,log_ratio_reference_day0
demo-human_decline_bot_rise-884000,human_decline_bot_rise,119,163,response,-0.4884775420403833,0.068992180138897,-0.1571430671111977,0.5403441175299306,parameter_state,log_ratio_reference_day0
demo-human_decline_bot_rise-884000,human_decline_bot_rise,119,164,response,-0.4884775420403833,0.0708700540659317,-0.1556468302207183,0.5495146833710608,parameter_state,log_ratio_reference_day0
demo-human_decline_bot_rise-884000,human_decline_bot_rise,119,165,response,-0.4884775420403833,0.0725939388326587,-0.1541505933302388,0.5657672590823408,parameter_state,log_ratio_reference_day0
demo-human_decline_bot_rise-884000,human_decline_bot_rise,119,166,response,-0.4884775420403833,0.0732697369182739,-0.160457199906819,0.5820198347936208,parameter_state,log_ratio_reference_day0
demo-human_decline_bot_rise-884000,human_decline_bot_rise,119,167,response,-0.4884775420403833,0.0731059806511499,-0.1565465646250611,0.597281914086807,parameter_state,log_ratio_reference_day0
demo-human_decline_bot_rise-884000,human_decline_bot_rise,119,168,response,-0.4847299445390876,0.0719998203671713,-0.1529595784090063,0.6030599597869448,parameter_state,log_ratio_reference_day0
demo-human_decline_bot_rise-884000,human_decline_bot_rise,119,169,response,-0.4847299445390876,0.0701574213826581,-0.158900016513985,0.6099482408763117,parameter_state,log_ratio_reference_day0
demo-human_decline_bot_rise-884000,human_decline_bot_rise,119,170,response,-0.4847299445390876,0.0679172524360748,-0.1658244853863735,0.6168365219656787,parameter_state,log_ratio_reference_day0
demo-human_decline_bot_rise-884000,human_decline_bot_rise,119,171,response,-0.4847299445390876,0.0687725626844698,-0.1727489542587619,0.6265456084876688,parameter_state,log_ratio_reference_day0
demo-human_decline_bot_rise-884000,human_decline_bot_rise,119,172,response,-0.4847299445390876,0.0653691236733727,-0.1796734231311504,0.6295326343418162,parameter_state,log_ratio_reference_day0
demo-human_decline_bot_rise-884000,human_decline_bot_rise,119,173,response,-0.4847299445390876,0.0654147474601461,-0.1757645527655204,0.636217259325924,parameter_state,log_ratio_reference_day0
demo-human_decline_bot_rise-884000,human_decline_bot_rise,119,174,response,-0.4847299445390876,0.0679998333564086,-0.1816282488822584,0.6459366815750773,parameter_state,log_ratio_reference_day0
demo-human_decline_bot_rise-884000,human_decline_bot_rise,119,175,response,-0.5066045665743814,0.0703059891399118,-0.189171471512182,0.6545999717120862,parameter_state,log_ratio_reference_day0
demo-human_decline_bot_rise-884000,human_decline_bot_rise,119,176,response,-0.5066045665743814,0.0671219410658064,-0.1886259147834509,0.6468558743101139,parameter_state,log_ratio_reference_day0
demo-human_decline_bot_rise-884000,human_decline_bot_rise,119,177,response,-0.5066045665743814,0.0654012265474046,-0.1873786285800419,0.6401307075547055,parameter_state,log_ratio_reference_day0
demo-human_decline_bot_rise-884000,human_decline_bot_rise,119,178,response,-0.5066045665743814,0.0650483108966982,-0.1914347956488078,0.6446396691495847,parameter_state,log_ratio_reference_day0
demo-human_decline_bot_rise-884000,human_decline_bot_rise,119,179,response,-0.5066045665743814,0.0656403134396403,-0.1954909627175736,0.6491486307444639,parameter_state,log_ratio_reference_day0
demo-human_decline_bot_rise-884000,human_decline_bot_rise,119,180,response,-0.5066045665743814,0.0646765798637948,-0.1995471297863395,0.6482592760946637,parameter_state,log_ratio_reference_day0
demo-human_decline_bot_rise-884000,human_decline_bot_rise,119,181,response,-0.5066045665743814,0.0601134210550022,-0.2036032968551054,0.637286934746522,parameter_state,log_ratio_reference_day0
demo-human_decline_bot_rise-884000,human_decline_bot_rise,119,182,response,-0.4764578507697155,0.0591160139666559,-0.2076594639238712,0.6263145933983802,parameter_state,log_ratio_reference_day0
demo-human_decline_bot_rise-884000,human_decline_bot_rise,119,183,response,-0.4764578507697155,0.0606098820034382,-0.2089778932047803,0.6196693000452139,parameter_state,log_ratio_reference_day0
demo-human_decline_bot_rise-884000,human_decline_bot_rise,119,184,response,-0.4764578507697155,0.0616256149209703,-0.2014923658547081,0.6189538096386115,parameter_state,log_ratio_reference_day0
demo-human_decline_bot_rise-884000,human_decline_bot_rise,119,185,response,-0.4764578507697155,0.0618879132773789,-0.1940068385046358,0.618238319232009,parameter_state,log_ratio_reference_day0
demo-human_decline_bot_rise-884000,human_decline_bot_rise,119,186,response,-0.4764578507697155,0.0634261017299508,-0.1918793546627942,0.6075428846678681,parameter_state,log_ratio_reference_day0
demo-human_decline_bot_rise-884000,human_decline_bot_rise,119,187,response,-0.4764578507697155,0.0630124564319666,-0.1900522769193568,0.6068695451844327,parameter_state,log_ratio_reference_day0
demo-human_decline_bot_rise-884000,human_decline_bot_rise,119,188,response,-0.4764578507697155,0.06386617503966,-0.1876324187737646,0.611639045112872,parameter_state,log_ratio_reference_day0
demo-human_decline_bot_rise-884000,human_decline_bot_rise,119,189,response,-0.4860392893298469,0.0658846967706208,-0.1843353865329238,0.6211926701120758,parameter_state,log_ratio_reference_day0
demo-human_decline_bot_rise-884000,human_decline_bot_rise,119,190,response,-0.4860392893298469,0.0624523847037704,-0.1784608634072946,0.620051946577977,parameter_state,log_ratio_reference_day0
demo-human_decline_bot_rise-884000,human_decline_bot_rise,119,191,response,-0.4860392893298469,0.0610025397129892,-0.1778982397567184,0.6211508204484433,parameter_state,log_ratio_reference_day0
demo-human_decline_bot_rise-884000,human_decline_bot_rise,119,192,response,-0.4860392893298469,0.0596402543427365,-0.1807391305207883,0.6198350097663008,parameter_state,log_ratio_reference_day0
demo-human_decline_bot_rise-884000,human_decline_bot_rise,119,193,response,-0.4860392893298469,0.058451844188155,-0.1867033505349883,0.6086885258590274,parameter_state,log_ratio_reference_day0
demo-human_decline_bot_rise-884000,human_decline_bot_rise,119,194,response,-0.4860392893298469,0.0545050911423034,-0.1997499885627475,0.6142375155854316,parameter_state,log_ratio_reference_day0
demo-human_decline_bot_rise-884000,human_decline_bot_rise,119,195,response,-0.4860392893298469,0.0545546714244111,-0.2061931427821708,0.6088901083293875,parameter_state,log_ratio_reference_day0
demo-human_decline_bot_rise-884000,human_decline_bot_rise,119,196,response,-0.4673040444904112,0.056930227549084,-0.2122079490530021,0.6066503552560636,parameter_state,log_ratio_reference_day0
demo-human_decline_bot_rise-884000,human_decline_bot_rise,119,197,response,-0.4673040444904112,0.0568568346309531,-0.2124183065016751,0.6055011009771217,parameter_state,log_ratio_reference_day0
demo-human_decline_bot_rise-884000,human_decline_bot_rise,119,198,response,-0.4673040444904112,0.0567798529993111,-0.212628663950348,0.6051217787189705,parameter_state,log_ratio_reference_day0
demo-human_decline_bot_rise-884000,human_decline_bot_rise,119,199,response,-0.4673040444904112,0.0567028713676691,-0.2156377536449868,0.6119021423608405,parameter_state,log_ratio_reference_day0
demo-human_decline_bot_rise-884000,human_decline_bot_rise,119,200,response,-0.4673040444904112,0.055464688919037,-0.2071039041551287,0.6176815949843811,parameter_state,log_ratio_reference_day0
demo-human_decline_bot_rise-884000,human_decline_bot_rise,119,201,response,-0.4673040444904112,0.0567135327854405,-0.2074632746879425,0.6242651061991021,parameter_state,log_ratio_reference_day0
demo-human_decline_bot_rise-884000,human_decline_bot_rise,119,202,response,-0.4673040444904112,0.0583455665736701,-0.2144800280360204,0.6419057800784245,parameter_state,log_ratio_reference_day0
demo-human_decline_bot_rise-884000,human_decline_bot_rise,119,203,response,-0.4804802303014815,0.0583636451374577,-0.2228828281567411,0.646692922231326,parameter_state,log_ratio_reference_day0
demo-human_decline_bot_rise-884000,human_decline_bot_rise,119,204,response,-0.4804802303014815,0.0594291941223891,-0.219678746161386,0.6386300023137804,parameter_state,log_ratio_reference_day0
demo-human_decline_bot_rise-884000,human_decline_bot_rise,119,205,response,-0.4804802303014815,0.0588112795446297,-0.233529971171198,0.6305670823962348,parameter_state,log_ratio_reference_day0
demo-human_decline_bot_rise-884000,human_decline_bot_rise,119,206,response,-0.4804802303014815,0.0594034201451789,-0.2424454946829036,0.6135264381717296,parameter_state,log_ratio_reference_day0
demo-human_decline_bot_rise-884000,human_decline_bot_rise,119,207,response,-0.4804802303014815,0.058198462189275,-0.2445204878395407,0.6028443537354408,parameter_state,log_ratio_reference_day0
demo-human_decline_bot_rise-884000,human_decline_bot_rise,119,208,response,-0.4804802303014815,0.057106200392645,-0.2416444510306072,0.6116200590166117,parameter_state,log_ratio_reference_day0
demo-human_decline_bot_rise-884000,human_decline_bot_rise,119,209,response,-0.4804802303014815,0.058977488119576,-0.2403713621834906,0.6192691318202341,parameter_state,log_ratio_reference_day0
demo-human_decline_bot_rise-884000,human_decline_bot_rise,119,210,response,-0.5267698304225075,0.0599402433767531,-0.239098273336374,0.6220561784278402,parameter_state,log_ratio_reference_day0
demo-human_decline_bot_rise-884000,human_decline_bot_rise,119,211,response,-0.5267698304225075,0.0577220948386903,-0.2411569832855937,0.6152177968213954,parameter_state,log_ratio_reference_day0
demo-human_decline_bot_rise-884000,human_decline_bot_rise,119,212,response,-0.5267698304225075,0.0540727391530588,-0.2482650050740055,0.5998576686962179,parameter_state,log_ratio_reference_day0
demo-human_decline_bot_rise-884000,human_decline_bot_rise,119,213,response,-0.5267698304225075,0.0532940956481572,-0.2592067718578328,0.5989611787990363,parameter_state,log_ratio_reference_day0
demo-human_decline_bot_rise-884000,human_decline_bot_rise,119,214,response,-0.5267698304225075,0.0529510110255657,-0.2701485386416601,0.6003822327182712,parameter_state,log_ratio_reference_day0
demo-human_decline_bot_rise-884000,human_decline_bot_rise,119,215,response,-0.5267698304225075,0.0544679166060832,-0.2838574364422068,0.5992951717673107,parameter_state,log_ratio_reference_day0
demo-human_decline_bot_rise-884000,human_decline_bot_rise,119,216,response,-0.5267698304225075,0.0541227657576898,-0.298432208669816,0.6056779606914864,parameter_state,log_ratio_reference_day0
demo-human_decline_bot_rise-884000,human_decline_bot_rise,119,217,response,-0.4570406911160155,0.053027547516358,-0.3130069808974252,0.6120607496156621,parameter_state,log_ratio_reference_day0
demo-human_decline_bot_rise-884000,human_decline_bot_rise,119,218,response,-0.4570406911160155,0.0556825698069986,-0.3134663507981008,0.6190737549465981,parameter_state,log_ratio_reference_day0
demo-human_decline_bot_rise-884000,human_decline_bot_rise,119,219,response,-0.4570406911160155,0.0562178698835978,-0.3139257206987764,0.6260867602775341,parameter_state,log_ratio_reference_day0
demo-human_decline_bot_rise-884000,human_decline_bot_rise,119,220,response,-0.4570406911160155,0.0560698886361866,-0.316267947388697,0.63309976560847,parameter_state,log_ratio_reference_day0
demo-human_decline_bot_rise-884000,human_decline_bot_rise,119,221,response,-0.4570406911160155,0.0554702783928483,-0.3176509191437363,0.6399440916675491,parameter_state,log_ratio_reference_day0
demo-human_decline_bot_rise-884000,human_decline_bot_rise,119,222,response,-0.4570406911160155,0.0541019968052989,-0.3168507247714378,0.6397134232733123,parameter_state,log_ratio_reference_day0
demo-human_decline_bot_rise-884000,human_decline_bot_rise,119,223,response,-0.4570406911160155,0.0492158466105142,-0.3191172434679589,0.6441167490318196,parameter_state,log_ratio_reference_day0
demo-human_decline_bot_rise-884000,human_decline_bot_rise,119,224,response,-0.499347745962703,0.0484925765024304,-0.3244700683098936,0.6584828535191826,parameter_state,log_ratio_reference_day0
demo-human_decline_bot_rise-884000,human_decline_bot_rise,119,225,response,-0.499347745962703,0.0490960326590607,-0.3240360482813191,0.6776252613204735,parameter_state,log_ratio_reference_day0
demo-human_decline_bot_rise-884000,human_decline_bot_rise,119,226,response,-0.499347745962703,0.053876362373904,-0.3236020282527445,0.6872988939074256,parameter_state,log_ratio_reference_day0
demo-human_decline_bot_rise-884000,human_decline_bot_rise,119,227,response,-0.499347745962703,0.0532996614340912,-0.3231680082241699,0.6943012487366629,parameter_state,log_ratio_reference_day0
demo-human_decline_bot_rise-884000,human_decline_bot_rise,119,228,response,-0.499347745962703,0.0562138245529123,-0.3227339881955953,0.6998113195208869,parameter_state,log_ratio_reference_day0
demo-human_decline_bot_rise-884000,human_decline_bot_rise,119,229,response,-0.499347745962703,0.059535463065923,-0.3222999681670206,0.70551477179414,parameter_state,log_ratio_reference_day0
demo-human_decline_bot_rise-884000,human_decline_bot_rise,119,230,response,-0.499347745962703,0.0602034996642058,-0.3266818999490686,0.7085386482249827,parameter_state,log_ratio_reference_day0
demo-human_decline_bot_rise-884000,human_decline_bot_rise,119,231,response,-0.492213367792186,0.059331954342625,-0.3412358237647729,0.7115625246558254,parameter_state,log_ratio_reference_day0
demo-human_decline_bot_rise-884000,human_decline_bot_rise,119,232,response,-0.492213367792186,0.0579272093541031,-0.3452770849086313,0.7121245914021848,parameter_state,log_ratio_reference_day0
demo-human_decline_bot_rise-884000,human_decline_bot_rise,119,233,response,-0.492213367792186,0.0568884168596344,-0.3493183460524897,0.7009671844081949,parameter_state,log_ratio_reference_day0
demo-human_decline_bot_rise-884000,human_decline_bot_rise,119,234,response,-0.492213367792186,0.0549268356401696,-0.353359607196348,0.6929095707156976,parameter_state,log_ratio_reference_day0
demo-human_decline_bot_rise-884000,human_decline_bot_rise,119,235,response,-0.492213367792186,0.0542834088313208,-0.3538994674609792,0.6947134021734956,parameter_state,log_ratio_reference_day0
demo-human_decline_bot_rise-884000,human_decline_bot_rise,119,236,response,-0.492213367792186,0.0558215296063623,-0.352052444050328,0.6992157802781077,parameter_state,log_ratio_reference_day0
demo-human_decline_bot_rise-884000,human_decline_bot_rise,119,237,response,-0.492213367792186,0.0565199910346145,-0.3597309723729855,0.7037181583827198,parameter_state,log_ratio_reference_day0
demo-human_decline_bot_rise-884000,human_decline_bot_rise,119,238,response,-0.4648131964293301,0.0558918720566878,-0.3688752885487827,0.7115888689617708,parameter_state,log_ratio_reference_day0
demo-human_decline_bot_rise-884000,human_decline_bot_rise,119,239,response,-0.4648131964293301,0.0563267135745869,-0.3757250222772544,0.7071020931872225,parameter_state,log_ratio_reference_day0
demo-human_decline_bot_rise-884000,human_decline_bot_rise,119,240,response,-0.4648131964293301,0.055093474832771,-0.3825747560057262,0.7059836498871132,parameter_state,log_ratio_reference_day0
demo-human_decline_bot_rise-884000,human_decline_bot_rise,119,241,response,-0.4648131964293301,0.052531209217515,-0.3894244897341981,0.7063958337612628,parameter_state,log_ratio_reference_day0
demo-human_decline_bot_rise-884000,human_decline_bot_rise,119,242,response,-0.4648131964293301,0.0539175025667166,-0.3962742234626698,0.7216128961859912,parameter_state,log_ratio_reference_day0
demo-human_decline_bot_rise-884000,human_decline_bot_rise,119,243,response,-0.4648131964293301,0.0543902315083049,-0.3919866764118741,0.7232100836260204,parameter_state,log_ratio_reference_day0
demo-human_decline_bot_rise-884000,human_decline_bot_rise,119,244,response,-0.4648131964293301,0.0565038049280472,-0.39805920756858,0.7166699629215745,parameter_state,log_ratio_reference_day0
demo-human_decline_bot_rise-884000,human_decline_bot_rise,119,245,response,-0.4715245136623158,0.0570313805235786,-0.4168234246480852,0.719879915969771,parameter_state,log_ratio_reference_day0
demo-human_decline_bot_rise-884000,human_decline_bot_rise,119,246,response,-0.4715245136623158,0.0577819186935471,-0.4095837186752733,0.7345430520265959,parameter_state,log_ratio_reference_day0
demo-human_decline_bot_rise-884000,human_decline_bot_rise,119,247,response,-0.4715245136623158,0.0606261758776271,-0.4023440127024614,0.7492061880834207,parameter_state,log_ratio_reference_day0
demo-human_decline_bot_rise-884000,human_decline_bot_rise,119,248,response,-0.4715245136623158,0.0612482304063155,-0.3951043067296495,0.7641654812584812,parameter_state,log_ratio_reference_day0
demo-human_decline_bot_rise-884000,human_decline_bot_rise,119,249,response,-0.4715245136623158,0.060771129023082,-0.3981116351692076,0.7755874203168738,parameter_state,log_ratio_reference_day0
demo-human_decline_bot_rise-884000,human_decline_bot_rise,119,250,response,-0.4715245136623158,0.0597990532364921,-0.4044337129703269,0.7808580896450591,parameter_state,log_ratio_reference_day0
demo-human_decline_bot_rise-884000,human_decline_bot_rise,119,251,response,-0.4715245136623158,0.0591068462375459,-0.4007046831590154,0.7861287589732444,parameter_state,log_ratio_reference_day0
demo-human_decline_bot_rise-884000,human_decline_bot_rise,119,252,response,-0.4525663535315561,0.0589449111852952,-0.3996835259316083,0.7913994283014297,parameter_state,log_ratio_reference_day0
demo-human_decline_bot_rise-884000,human_decline_bot_rise,119,253,response,-0.4525663535315561,0.0614715837178114,-0.4071161352632984,0.8115743671575653,parameter_state,log_ratio_reference_day0
demo-human_decline_bot_rise-884000,human_decline_bot_rise,119,254,response,-0.4525663535315561,0.0646509588075596,-0.4145487445949883,0.8317493060137007,parameter_state,log_ratio_reference_day0
demo-human_decline_bot_rise-884000,human_decline_bot_rise,119,255,response,-0.4525663535315561,0.0654522817294111,-0.4219813539266784,0.839766981301419,parameter_state,log_ratio_reference_day0
demo-human_decline_bot_rise-884000,human_decline_bot_rise,119,256,response,-0.4525663535315561,0.0667589516883877,-0.4294139632583685,0.8273521918877539,parameter_state,log_ratio_reference_day0
demo-human_decline_bot_rise-884000,human_decline_bot_rise,119,257,response,-0.4525663535315561,0.0687477527534103,-0.4339317703246352,0.8140621132817735,parameter_state,log_ratio_reference_day0
demo-human_decline_bot_rise-884000,human_decline_bot_rise,119,258,response,-0.4525663535315561,0.0694464165384862,-0.4367188248289522,0.8013070157374718,parameter_state,log_ratio_reference_day0
demo-human_decline_bot_rise-884000,human_decline_bot_rise,119,259,response,-0.4529913262902665,0.0696929410160387,-0.4503519157680221,0.8079037050763096,parameter_state,log_ratio_reference_day0
demo-human_decline_bot_rise-884000,human_decline_bot_rise,119,260,response,-0.4529913262902665,0.0715918146479534,-0.4433245550427151,0.8097705814401749,parameter_state,log_ratio_reference_day0
demo-human_decline_bot_rise-884000,human_decline_bot_rise,119,261,response,-0.4529913262902665,0.0729453784889525,-0.4396794756480783,0.8175272966499698,parameter_state,log_ratio_reference_day0
demo-human_decline_bot_rise-884000,human_decline_bot_rise,119,262,response,-0.4529913262902665,0.0729221222832615,-0.4372088600007067,0.8252974818471304,parameter_state,log_ratio_reference_day0
demo-human_decline_bot_rise-884000,human_decline_bot_rise,119,263,response,-0.4529913262902665,0.074548088865998,-0.4408219766085318,0.8272817747350201,parameter_state,log_ratio_reference_day0
demo-human_decline_bot_rise-884000,human_decline_bot_rise,119,264,response,-0.4529913262902665,0.0754866696128662,-0.4437074999047984,0.8282371778465137,parameter_state,log_ratio_reference_day0
demo-human_decline_bot_rise-884000,human_decline_bot_rise,119,265,response,-0.4529913262902665,0.0777783553427757,-0.4511236105041547,0.8281181556512124,parameter_state,log_ratio_reference_day0
demo-human_decline_bot_rise-884000,human_decline_bot_rise,119,266,response,-0.4889290329356492,0.0732955945967475,-0.4562744274519661,0.8211359952705353,parameter_state,log_ratio_reference_day0
demo-human_decline_bot_rise-884000,human_decline_bot_rise,119,267,response,-0.4889290329356492,0.0760375471962401,-0.4532811986263123,0.8358073265682351,parameter_state,log_ratio_reference_day0
demo-human_decline_bot_rise-884000,human_decline_bot_rise,119,268,response,-0.4889290329356492,0.0785066157375293,-0.4502879698006585,0.8484312100865203,parameter_state,log_ratio_reference_day0
demo-human_decline_bot_rise-884000,human_decline_bot_rise,119,269,response,-0.4889290329356492,0.0774858726085401,-0.4472947409750047,0.8486856382366249,parameter_state,log_ratio_reference_day0
demo-human_decline_bot_rise-884000,human_decline_bot_rise,119,270,response,-0.4889290329356492,0.0760992847913031,-0.4443015121493509,0.8489400663867296,parameter_state,log_ratio_reference_day0
demo-human_decline_bot_rise-884000,human_decline_bot_rise,119,271,response,-0.4889290329356492,0.0750304114862033,-0.4415808531335621,0.8491944945368342,parameter_state,log_ratio_reference_day0
demo-human_decline_bot_rise-884000,human_decline_bot_rise,119,272,response,-0.4889290329356492,0.0738436909262501,-0.4493414422703087,0.8494489226869387,parameter_state,log_ratio_reference_day0
demo-human_decline_bot_rise-884000,human_decline_bot_rise,119,273,response,-0.4875178995592013,0.0740222889340063,-0.4517871900345541,0.8497033508370433,parameter_state,log_ratio_reference_day0
demo-human_decline_bot_rise-884000,human_decline_bot_rise,119,274,response,-0.4875178995592013,0.0743717273547863,-0.4497590182992947,0.8447464123939359,parameter_state,log_ratio_reference_day0
demo-human_decline_bot_rise-884000,human_decline_bot_rise,119,275,response,-0.4875178995592013,0.0713571540504621,-0.4509772584772401,0.8370303917771628,parameter_state,log_ratio_reference_day0
demo-human_decline_bot_rise-884000,human_decline_bot_rise,119,276,response,-0.4875178995592013,0.0733522744343605,-0.4562817085969776,0.8293143711603896,parameter_state,log_ratio_reference_day0
demo-human_decline_bot_rise-884000,human_decline_bot_rise,119,277,response,-0.4875178995592013,0.0733114250120673,-0.4617262153537244,0.8215983505436165,parameter_state,log_ratio_reference_day0
demo-human_decline_bot_rise-884000,human_decline_bot_rise,119,278,response,-0.4875178995592013,0.0730659474570039,-0.460299671324283,0.8138823299268434,parameter_state,log_ratio_reference_day0
demo-human_decline_bot_rise-884000,human_decline_bot_rise,119,279,response,-0.4875178995592013,0.0700691584443734,-0.4637928121752025,0.8061663093100703,parameter_state,log_ratio_reference_day0
demo-human_decline_bot_rise-884000,human_decline_bot_rise,119,280,response,-0.4705536057849405,0.0646999345804544,-0.461865583729365,0.7984502886932971,parameter_state,log_ratio_reference_day0
demo-human_decline_bot_rise-884000,human_decline_bot_rise,119,281,response,-0.4705536057849405,0.0608396439623873,-0.4535882412333254,0.7882524870775061,parameter_state,log_ratio_reference_day0
demo-human_decline_bot_rise-884000,human_decline_bot_rise,119,282,response,-0.4705536057849405,0.0607526656684669,-0.4453108987372857,0.7952935653995545,parameter_state,log_ratio_reference_day0
demo-human_decline_bot_rise-884000,human_decline_bot_rise,119,283,response,-0.4705536057849405,0.0594489542598648,-0.4370335562412461,0.8138807170378916,parameter_state,log_ratio_reference_day0
demo-human_decline_bot_rise-884000,human_decline_bot_rise,119,284,response,-0.4705536057849405,0.0618539732906198,-0.4326786895239009,0.8099926665579944,parameter_state,log_ratio_reference_day0
demo-human_decline_bot_rise-884000,human_decline_bot_rise,119,285,response,-0.4705536057849405,0.0647964973923039,-0.4276510915901884,0.799978983379314,parameter_state,log_ratio_reference_day0
demo-human_decline_bot_rise-884000,human_decline_bot_rise,119,286,response,-0.4705536057849405,0.0658595029563309,-0.4324429016431773,0.7904269915097946,parameter_state,log_ratio_reference_day0
demo-human_decline_bot_rise-884000,human_decline_bot_rise,119,287,response,-0.4407448661874354,0.0631238716460072,-0.4328606250553864,0.8013998910290414,parameter_state,log_ratio_reference_day0
demo-human_decline_bot_rise-884000,human_decline_bot_rise,119,288,response,-0.4407448661874354,0.0644032616186,-0.4385235061302078,0.8018331513456011,parameter_state,log_ratio_reference_day0
demo-human_decline_bot_rise-884000,human_decline_bot_rise,119,289,response,-0.4407448661874354,0.0621073797400889,-0.4402636669214264,0.7988625993608123,parameter_state,log_ratio_reference_day0
demo-human_decline_bot_rise-884000,human_decline_bot_rise,119,290,response,-0.4407448661874354,0.0613179914490849,-0.4420038277126451,0.799331328717367,parameter_state,log_ratio_reference_day0
demo-human_decline_bot_rise-884000,human_decline_bot_rise,119,291,response,-0.4407448661874354,0.0605657474021767,-0.4464274813388645,0.8092922144612199,parameter_state,log_ratio_reference_day0
demo-human_decline_bot_rise-884000,human_decline_bot_rise,119,292,response,-0.4407448661874354,0.0598359572805272,-0.4567522410679231,0.8079342224240182,parameter_state,log_ratio_reference_day0
demo-human_decline_bot_rise-884000,human_decline_bot_rise,119,293,response,-0.4407448661874354,0.0608898151645939,-0.4670770007969818,0.7882274943031424,parameter_state,log_ratio_reference_day0
demo-human_decline_bot_rise-884000,human_decline_bot_rise,119,294,response,-0.4586808071071606,0.0589487128596451,-0.4774936855841868,0.7732451226947509,parameter_state,log_ratio_reference_day0
demo-human_decline_bot_rise-884000,human_decline_bot_rise,119,295,response,-0.4586808071071606,0.0614180468260095,-0.4846682550009583,0.7910594066810995,parameter_state,log_ratio_reference_day0
demo-human_decline_bot_rise-884000,human_decline_bot_rise,119,296,response,-0.4586808071071606,0.0622092593165498,-0.4937781876447933,0.8101755206061018,parameter_state,log_ratio_reference_day0
demo-human_decline_bot_rise-884000,human_decline_bot_rise,119,297,response,-0.4586808071071606,0.0639891428871654,-0.5028881202886284,0.815812060839119,parameter_state,log_ratio_reference_day0
demo-human_decline_bot_rise-884000,human_decline_bot_rise,119,298,response,-0.4586808071071606,0.0630071947637905,-0.5119980529324635,0.8126216552712712,parameter_state,log_ratio_reference_day0
demo-human_decline_bot_rise-884000,human_decline_bot_rise,119,299,response,-0.4586808071071606,0.0615055610643944,-0.512485883600311,0.8094312497034234,parameter_state,log_ratio_reference_day0
demo-human_decline_bot_rise-884000,human_decline_bot_rise,119,300,response,-0.4586808071071606,0.0609022629067004,-0.514343820427633,0.8062408441355755,parameter_state,log_ratio_reference_day0
demo-human_decline_bot_rise-884000,human_decline_bot_rise,119,301,response,-0.4380923073420437,0.0581592678429517,-0.5070271058109115,0.8030504385677278,parameter_state,log_ratio_reference_day0
demo-human_decline_bot_rise-884000,human_decline_bot_rise,119,302,response,-0.4380923073420437,0.0595932163723774,-0.5036064121398666,0.8124656507827551,parameter_state,log_ratio_reference_day0
demo-human_decline_bot_rise-884000,human_decline_bot_rise,119,303,response,-0.4380923073420437,0.0615236916317193,-0.5044652242995954,0.8218808629977824,parameter_state,log_ratio_reference_day0
demo-human_decline_bot_rise-884000,human_decline_bot_rise,119,304,response,-0.4380923073420437,0.0623097014532775,-0.5074305185781366,0.8318374676613101,parameter_state,log_ratio_reference_day0
demo-human_decline_bot_rise-884000,human_decline_bot_rise,119,305,response,-0.4380923073420437,0.0629302711327695,-0.5055031724300775,0.8442480170832359,parameter_state,log_ratio_reference_day0
demo-human_decline_bot_rise-884000,human_decline_bot_rise,119,306,response,-0.4380923073420437,0.0633344568335748,-0.5145621453581286,0.8566585665051616,parameter_state,log_ratio_reference_day0
demo-human_decline_bot_rise-884000,human_decline_bot_rise,119,307,response,-0.4380923073420437,0.0637386425343801,-0.5225840692340961,0.8690691159270875,parameter_state,log_ratio_reference_day0
demo-human_decline_bot_rise-884000,human_decline_bot_rise,119,308,response,-0.5038565826264253,0.064253478764375,-0.5319338690715613,0.8772771119149338,parameter_state,log_ratio_reference_day0
demo-human_decline_bot_rise-884000,human_decline_bot_rise,119,309,response,-0.5038565826264253,0.0635426602889288,-0.5304648028168129,0.882447228286257,parameter_state,log_ratio_reference_day0
demo-human_decline_bot_rise-884000,human_decline_bot_rise,119,310,response,-0.5038565826264253,0.0655320392184324,-0.5289957365620643,0.88761734465758,parameter_state,log_ratio_reference_day0
demo-human_decline_bot_rise-884000,human_decline_bot_rise,119,311,response,-0.5038565826264253,0.0650898985243392,-0.5275266703073158,0.8927874610289032,parameter_state,log_ratio_reference_day0
demo-human_decline_bot_rise-884000,human_decline_bot_rise,119,312,response,-0.5038565826264253,0.0657111608319342,-0.5286488889776593,0.8979575774002262,parameter_state,log_ratio_reference_day0
demo-human_decline_bot_rise-884000,human_decline_bot_rise,119,313,response,-0.5038565826264253,0.0641847562631014,-0.518343545094593,0.9031276937715492,parameter_state,log_ratio_reference_day0
demo-human_decline_bot_rise-884000,human_decline_bot_rise,119,314,response,-0.5038565826264253,0.05814097543084,-0.5059234657322546,0.9073972019414848,parameter_state,log_ratio_reference_day0
demo-human_decline_bot_rise-884000,human_decline_bot_rise,119,315,response,-0.4690457045547812,0.0531811178480422,-0.5037160185657553,0.908807123394728,parameter_state,log_ratio_reference_day0
demo-human_decline_bot_rise-884000,human_decline_bot_rise,119,316,response,-0.4690457045547812,0.0513793835307586,-0.521981079480886,0.8985491507746388,parameter_state,log_ratio_reference_day0
demo-human_decline_bot_rise-884000,human_decline_bot_rise,119,317,response,-0.4690457045547812,0.0496602932750708,-0.5361131988327188,0.8882911781545494,parameter_state,log_ratio_reference_day0
demo-human_decline_bot_rise-884000,human_decline_bot_rise,119,318,response,-0.4690457045547812,0.0517625226087497,-0.5374752196916714,0.8766339655399752,parameter_state,log_ratio_reference_day0
demo-human_decline_bot_rise-884000,human_decline_bot_rise,119,319,response,-0.4690457045547812,0.0532994542597721,-0.5388372405506241,0.8626861977650435,parameter_state,log_ratio_reference_day0
demo-human_decline_bot_rise-884000,human_decline_bot_rise,119,320,response,-0.4690457045547812,0.0532003784570733,-0.5236387802349528,0.8476492115276548,parameter_state,log_ratio_reference_day0
demo-human_decline_bot_rise-884000,human_decline_bot_rise,119,321,response,-0.4690457045547812,0.0566161157960044,-0.5080108587839317,0.850036022159265,parameter_state,log_ratio_reference_day0
demo-human_decline_bot_rise-884000,human_decline_bot_rise,119,322,response,-0.4849210963551706,0.0562530887416798,-0.5043701550032366,0.8436401138191001,parameter_state,log_ratio_reference_day0
demo-human_decline_bot_rise-884000,human_decline_bot_rise,119,323,response,-0.4849210963551706,0.0549276870793117,-0.5090946844057948,0.8470769270498424,parameter_state,log_ratio_reference_day0
demo-human_decline_bot_rise-884000,human_decline_bot_rise,119,324,response,-0.4849210963551706,0.0539228888157525,-0.5138192138083528,0.8430322011773824,parameter_state,log_ratio_reference_day0
demo-human_decline_bot_rise-884000,human_decline_bot_rise,119,325,response,-0.4849210963551706,0.0527904711760202,-0.5185437432109109,0.8416145968318636,parameter_state,log_ratio_reference_day0
demo-human_decline_bot_rise-884000,human_decline_bot_rise,119,326,response,-0.4849210963551706,0.051558564513566,-0.523655602238561,0.8457899173813075,parameter_state,log_ratio_reference_day0
demo-human_decline_bot_rise-884000,human_decline_bot_rise,119,327,response,-0.4849210963551706,0.0514163861878226,-0.5290369568933624,0.843046293477176,parameter_state,log_ratio_reference_day0
demo-human_decline_bot_rise-884000,human_decline_bot_rise,119,328,response,-0.4849210963551706,0.0517912898219245,-0.5303763610939736,0.8335238288850372,parameter_state,log_ratio_reference_day0
demo-human_decline_bot_rise-884000,human_decline_bot_rise,119,329,response,-0.5231945300481211,0.0525526661628486,-0.5305331835523975,0.8289708305521066,parameter_state,log_ratio_reference_day0
demo-human_decline_bot_rise-884000,human_decline_bot_rise,119,330,response,-0.5231945300481211,0.0513543382764898,-0.5372367455110107,0.8345480051804252,parameter_state,log_ratio_reference_day0
demo-human_decline_bot_rise-884000,human_decline_bot_rise,119,331,response,-0.5231945300481211,0.0489578001532137,-0.5383045089480026,0.841492148040316,parameter_state,log_ratio_reference_day0
demo-human_decline_bot_rise-884000,human_decline_bot_rise,119,332,response,-0.5231945300481211,0.0471540800598708,-0.5387358330114324,0.8539982118880294,parameter_state,log_ratio_reference_day0
demo-human_decline_bot_rise-884000,human_decline_bot_rise,119,333,response,-0.5231945300481211,0.0456915601458847,-0.5435512855067176,0.8673281485997921,parameter_state,log_ratio_reference_day0
demo-human_decline_bot_rise-884000,human_decline_bot_rise,119,334,response,-0.5231945300481211,0.045942516678885,-0.5491142744819637,0.8769412386105466,parameter_state,log_ratio_reference_day0
demo-human_decline_bot_rise-884000,human_decline_bot_rise,119,335,response,-0.5231945300481211,0.0461743236615071,-0.5484908035949126,0.8681820586971716,parameter_state,log_ratio_reference_day0
demo-human_decline_bot_rise-884000,human_decline_bot_rise,119,336,response,-0.4769590562555772,0.0470255902253046,-0.5559698504113845,0.8583491899353843,parameter_state,log_ratio_reference_day0
demo-human_decline_bot_rise-884000,human_decline_bot_rise,119,337,response,-0.4769590562555772,0.0426630231069835,-0.557062440585328,0.8662332937191873,parameter_state,log_ratio_reference_day0
demo-human_decline_bot_rise-884000,human_decline_bot_rise,119,338,response,-0.4769590562555772,0.0458035301063716,-0.5537958792630798,0.866834233310624,parameter_state,log_ratio_reference_day0
demo-human_decline_bot_rise-884000,human_decline_bot_rise,119,339,response,-0.4769590562555772,0.0473394621734069,-0.5505293179408317,0.8782575480779602,parameter_state,log_ratio_reference_day0
demo-human_decline_bot_rise-884000,human_decline_bot_rise,119,340,response,-0.4769590562555772,0.0487929631949143,-0.5472627566185837,0.878846008823908,parameter_state,log_ratio_reference_day0
demo-human_decline_bot_rise-884000,human_decline_bot_rise,119,341,response,-0.4769590562555772,0.0495947999185627,-0.5439961952963356,0.8782813972138441,parameter_state,log_ratio_reference_day0
demo-human_decline_bot_rise-884000,human_decline_bot_rise,119,342,response,-0.4769590562555772,0.0497887305496822,-0.5429224475506549,0.8777167856037803,parameter_state,log_ratio_reference_day0
demo-human_decline_bot_rise-884000,human_decline_bot_rise,119,343,response,-0.4790373928693345,0.049216297310327,-0.5395901047781574,0.8771521739937165,parameter_state,log_ratio_reference_day0
demo-human_decline_bot_rise-884000,human_decline_bot_rise,119,344,response,-0.4790373928693345,0.0498670534128019,-0.5381992591512988,0.8878386992084674,parameter_state,log_ratio_reference_day0
demo-human_decline_bot_rise-884000,human_decline_bot_rise,119,345,response,-0.4790373928693345,0.0492808837369724,-0.5419367898875037,0.9015185644208248,parameter_state,log_ratio_reference_day0
demo-human_decline_bot_rise-884000,human_decline_bot_rise,119,346,response,-0.4790373928693345,0.0496197997257583,-0.5325045625056604,0.9151984296331824,parameter_state,log_ratio_reference_day0
demo-human_decline_bot_rise-884000,human_decline_bot_rise,119,347,response,-0.4790373928693345,0.0522947796784732,-0.5230723351238169,0.92887829484554,parameter_state,log_ratio_reference_day0
demo-human_decline_bot_rise-884000,human_decline_bot_rise,119,348,response,-0.4790373928693345,0.0514909333968607,-0.5135324482898584,0.9425581600578976,parameter_state,log_ratio_reference_day0
demo-human_decline_bot_rise-884000,human_decline_bot_rise,119,349,response,-0.4790373928693345,0.050615888958639,-0.5057008872740908,0.9503942226297571,parameter_state,log_ratio_reference_day0
demo-human_decline_bot_rise-884000,human_decline_bot_rise,119,350,response,-0.4910835966022547,0.0502949055859291,-0.5049146372952994,0.9508666498187212,parameter_state,log_ratio_reference_day0
demo-human_decline_bot_rise-884000,human_decline_bot_rise,119,351,response,-0.4910835966022547,0.0507926950825538,-0.5020382762973271,0.9509131731201472,parameter_state,log_ratio_reference_day0
demo-human_decline_bot_rise-884000,human_decline_bot_rise,119,352,response,-0.4910835966022547,0.051860176845822,-0.503101047709229,0.9509596964215732,parameter_state,log_ratio_reference_day0
demo-human_decline_bot_rise-884000,human_decline_bot_rise,119,353,response,-0.4910835966022547,0.0522787259793087,-0.5028062699009236,0.9510062197229994,parameter_state,log_ratio_reference_day0
demo-human_decline_bot_rise-884000,human_decline_bot_rise,119,354,response,-0.4910835966022547,0.0536715390093022,-0.5066908820394526,0.949588939168432,parameter_state,log_ratio_reference_day0
demo-human_decline_bot_rise-884000,human_decline_bot_rise,119,355,response,-0.4910835966022547,0.0534022883375181,-0.5105892618519517,0.9411031083152748,parameter_state,log_ratio_reference_day0
demo-human_decline_bot_rise-884000,human_decline_bot_rise,119,356,response,-0.4910835966022547,0.052637537774647,-0.5157802925864453,0.9307362672141996,parameter_state,log_ratio_reference_day0
demo-human_decline_bot_rise-884000,human_decline_bot_rise,119,357,response,-0.4918552000342194,0.0549502450815445,-0.5248103307917659,0.9203694261131248,parameter_state,log_ratio_reference_day0
demo-human_decline_bot_rise-884000,human_decline_bot_rise,119,358,response,-0.4918552000342194,0.0532914611549967,-0.5223369627369169,0.917369620529636,parameter_state,log_ratio_reference_day0
demo-human_decline_bot_rise-884000,human_decline_bot_rise,119,359,response,-0.4918552000342194,0.0531740946038418,-0.5237523658953168,0.9155434292412,parameter_state,log_ratio_reference_day0
demo-human_decline_bot_rise-884000,human_decline_bot_rise,119,360,response,-0.4918552000342194,0.054145434273464,-0.5163146405855189,0.916500448254419,parameter_state,log_ratio_reference_day0
demo-human_decline_bot_rise-884000,human_decline_bot_rise,119,361,response,-0.4918552000342194,0.0549076815298901,-0.5131146524316885,0.917457467267638,parameter_state,log_ratio_reference_day0
demo-human_decline_bot_rise-884000,human_decline_bot_rise,119,362,response,-0.4918552000342194,0.054926185225427,-0.5279966008160073,0.9184144862808568,parameter_state,log_ratio_reference_day0
demo-human_decline_bot_rise-884000,human_decline_bot_rise,119,363,response,-0.4918552000342194,0.056645353830791,-0.5456761272524794,0.9193715052940756,parameter_state,log_ratio_reference_day0
demo-human_decline_bot_rise-884000,human_decline_bot_rise,119,364,response,-0.4720576563085081,0.0572064559825629,-0.5633556536889515,0.9203285243072948,parameter_state,log_ratio_reference_day0
demo-human_decline_bot_rise-884000,human_decline_bot_rise,119,365,response,-0.4720576563085081,0.055674732515855,-0.5713629986123925,0.9198686005523132,parameter_state,log_ratio_reference_day0
demo-human_decline_bot_rise-884000,human_decline_bot_rise,119,366,response,-0.4720576563085081,0.0567244964965311,-0.5764068097622903,0.9173829741743964,parameter_state,log_ratio_reference_day0
demo-human_decline_bot_rise-884000,human_decline_bot_rise,119,367,response,-0.4720576563085081,0.0552741060090905,-0.5814506209121881,0.9148973477964796,parameter_state,log_ratio_reference_day0
demo-human_decline_bot_rise-884000,human_decline_bot_rise,119,368,response,-0.4720576563085081,0.0545993477586156,-0.586494432062086,0.9152974033221748,parameter_state,log_ratio_reference_day0
demo-human_decline_bot_rise-884000,human_decline_bot_rise,119,369,response,-0.4720576563085081,0.054956119809384,-0.5819829532614368,0.9180874546949384,parameter_state,log_ratio_reference_day0
demo-human_decline_bot_rise-884000,human_decline_bot_rise,119,370,response,-0.4720576563085081,0.0565023768478275,-0.5733514703455747,0.920877506067702,parameter_state,log_ratio_reference_day0
demo-human_decline_bot_rise-884000,human_decline_bot_rise,119,371,response,-0.4333863718252222,0.0591407544054093,-0.5647199874297125,0.9236675574404658,parameter_state,log_ratio_reference_day0
demo-human_decline_bot_rise-884000,human_decline_bot_rise,119,372,response,-0.4333863718252222,0.0577218887235308,-0.5711420600764765,0.921837211949263,parameter_state,log_ratio_reference_day0
demo-human_decline_bot_rise-884000,human_decline_bot_rise,119,373,response,-0.4333863718252222,0.0576745127864707,-0.577852461993415,0.9219191850183084,parameter_state,log_ratio_reference_day0
demo-human_decline_bot_rise-884000,human_decline_bot_rise,119,374,response,-0.4333863718252222,0.0584876064288552,-0.5768375310605712,0.9304013563850562,parameter_state,log_ratio_reference_day0
demo-human_decline_bot_rise-884000,human_decline_bot_rise,119,375,response,-0.4333863718252222,0.0602985119820481,-0.5640075113993657,0.9417686233383836,parameter_state,log_ratio_reference_day0
demo-human_decline_bot_rise-884000,human_decline_bot_rise,119,376,response,-0.4333863718252222,0.0605112953773674,-0.5520379198236267,0.9487353689970353,parameter_state,log_ratio_reference_day0
demo-human_decline_bot_rise-884000,human_decline_bot_rise,119,377,response,-0.4333863718252222,0.0636083353014277,-0.5485935992783653,0.9557021146556868,parameter_state,log_ratio_reference_day0
demo-human_decline_bot_rise-884000,human_decline_bot_rise,119,378,response,-0.4947907824975992,0.06276905319013,-0.546956888272502,0.9626688603143384,parameter_state,log_ratio_reference_day0
demo-human_decline_bot_rise-884000,human_decline_bot_rise,119,379,response,-0.4947907824975992,0.0624668628880709,-0.5499877419976746,0.955339583222282,parameter_state,log_ratio_reference_day0
demo-human_decline_bot_rise-884000,human_decline_bot_rise,119,380,response,-0.4947907824975992,0.0609340134624615,-0.5548262052622456,0.9480103061302256,parameter_state,log_ratio_reference_day0
demo-human_decline_bot_rise-884000,human_decline_bot_rise,119,381,response,-0.4947907824975992,0.0619266572304981,-0.5596646685268165,0.9406810290381692,parameter_state,log_ratio_reference_day0
demo-human_decline_bot_rise-884000,human_decline_bot_rise,119,382,response,-0.4947907824975992,0.0623340457094917,-0.5645031317913873,0.9350541868163668,parameter_state,log_ratio_reference_day0
demo-human_decline_bot_rise-884000,human_decline_bot_rise,119,383,response,-0.4947907824975992,0.0589588459526478,-0.5693415950559582,0.933258729382484,parameter_state,log_ratio_reference_day0
demo-human_decline_bot_rise-884000,human_decline_bot_rise,119,384,response,-0.4947907824975992,0.0573458525885865,-0.5893965616556757,0.9314632719486012,parameter_state,log_ratio_reference_day0
demo-human_decline_bot_rise-884000,human_decline_bot_rise,119,385,response,-0.4911870612382136,0.0591767498336953,-0.5925357381188556,0.9296678145147188,parameter_state,log_ratio_reference_day0
demo-human_decline_bot_rise-884000,human_decline_bot_rise,119,386,response,-0.4911870612382136,0.0650180943480805,-0.5958017666884042,0.9194398599866724,parameter_state,log_ratio_reference_day0
demo-human_decline_bot_rise-884000,human_decline_bot_rise,119,387,response,-0.4911870612382136,0.0702764823155235,-0.6025019836897286,0.9092119054586258,parameter_state,log_ratio_reference_day0
demo-human_decline_bot_rise-884000,human_decline_bot_rise,119,388,response,-0.4911870612382136,0.0708148763095455,-0.6092022006910531,0.9032569224753484,parameter_state,log_ratio_reference_day0
demo-human_decline_bot_rise-884000,human_decline_bot_rise,119,389,response,-0.4911870612382136,0.0713289706730865,-0.6159024176923775,0.9028133141093566,parameter_state,log_ratio_reference_day0
demo-human_decline_bot_rise-884000,human_decline_bot_rise,119,390,response,-0.4911870612382136,0.0629625859699311,-0.6226026346937019,0.9105599078016609,parameter_state,log_ratio_reference_day0
demo-human_decline_bot_rise-884000,human_decline_bot_rise,119,391,response,-0.4911870612382136,0.0633640135737812,-0.6241523793975187,0.9191685418096334,parameter_state,log_ratio_reference_day0
demo-human_decline_bot_rise-884000,human_decline_bot_rise,119,392,response,-0.466287201498155,0.0700591661138435,-0.6162115043818533,0.933660555194929,parameter_state,log_ratio_reference_day0
demo-human_decline_bot_rise-884000,human_decline_bot_rise,119,393,response,-0.466287201498155,0.0725693564768,-0.6213116381997439,0.9362383932867122,parameter_state,log_ratio_reference_day0
demo-human_decline_bot_rise-884000,human_decline_bot_rise,119,394,response,-0.466287201498155,0.0730360511337441,-0.6196964182600626,0.9388162313784956,parameter_state,log_ratio_reference_day0
demo-human_decline_bot_rise-884000,human_decline_bot_rise,119,395,response,-0.466287201498155,0.0745244936436944,-0.6091253148358131,0.9413940694702788,parameter_state,log_ratio_reference_day0
demo-human_decline_bot_rise-884000,human_decline_bot_rise,119,396,response,-0.466287201498155,0.0733752289682872,-0.5985542114115638,0.943971907562062,parameter_state,log_ratio_reference_day0
demo-human_decline_bot_rise-884000,human_decline_bot_rise,119,397,response,-0.466287201498155,0.0733044340098708,-0.5879831079873143,0.9465497456538452,parameter_state,log_ratio_reference_day0
demo-human_decline_bot_rise-884000,human_decline_bot_rise,119,398,response,-0.466287201498155,0.0710341745321911,-0.579814739147694,0.9491275837456284,parameter_state,log_ratio_reference_day0
demo-human_decline_bot_rise-884000,human_decline_bot_rise,119,399,response,-0.4606146714862056,0.0659499882475254,-0.5743592678169728,0.9517054218374116,parameter_state,log_ratio_reference_day0
demo-human_decline_bot_rise-884000,human_decline_bot_rise,119,400,response,-0.4606146714862056,0.0671197960408184,-0.5599420315208175,0.9522514297054858,parameter_state,log_ratio_reference_day0
demo-human_decline_bot_rise-884000,human_decline_bot_rise,119,401,response,-0.4606146714862056,0.0662735374793591,-0.5455247952246622,0.954465707918017,parameter_state,log_ratio_reference_day0
demo-human_decline_bot_rise-884000,human_decline_bot_rise,119,402,response,-0.4606146714862056,0.0640743661054817,-0.5340194467656367,0.9581881141825432,parameter_state,log_ratio_reference_day0
demo-human_decline_bot_rise-884000,human_decline_bot_rise,119,403,response,-0.4606146714862056,0.0667068611038455,-0.5297184744952091,0.9630544404864392,parameter_state,log_ratio_reference_day0
demo-human_decline_bot_rise-884000,human_decline_bot_rise,119,404,response,-0.4606146714862056,0.0630170863060841,-0.5284442463623856,0.9681461194411548,parameter_state,log_ratio_reference_day0
demo-human_decline_bot_rise-884000,human_decline_bot_rise,119,405,response,-0.4606146714862056,0.0622827338533496,-0.5296720877714522,0.9732377983958704,parameter_state,log_ratio_reference_day0
demo-human_decline_bot_rise-884000,human_decline_bot_rise,119,406,response,-0.4516561676471976,0.0636244460908264,-0.5350786202494483,0.978329477350586,parameter_state,log_ratio_reference_day0
demo-human_decline_bot_rise-884000,human_decline_bot_rise,119,407,response,-0.4516561676471976,0.063195078042247,-0.5153705177795206,0.9743224231363689,parameter_state,log_ratio_reference_day0
demo-human_decline_bot_rise-884000,human_decline_bot_rise,119,408,response,-0.4516561676471976,0.0618459429652157,-0.5009725890915455,0.9813080432529,parameter_state,log_ratio_reference_day0
demo-human_decline_bot_rise-884000,human_decline_bot_rise,119,409,response,-0.4516561676471976,0.0588818217051862,-0.5001202691978532,0.9934837412272004,parameter_state,log_ratio_reference_day0
demo-human_decline_bot_rise-884000,human_decline_bot_rise,119,410,response,-0.4516561676471976,0.0577822860567672,-0.4998253865318953,0.993547408923832,parameter_state,log_ratio_reference_day0
demo-human_decline_bot_rise-884000,human_decline_bot_rise,119,411,response,-0.4516561676471976,0.055700431334749,-0.4995305038659374,0.9753462698835184,parameter_state,log_ratio_reference_day0
demo-human_decline_bot_rise-884000,human_decline_bot_rise,119,412,response,-0.4516561676471976,0.0536185766127309,-0.5004397477123826,0.9589310052901898,parameter_state,log_ratio_reference_day0
demo-human_decline_bot_rise-884000,human_decline_bot_rise,119,413,response,-0.4825914748928525,0.0524393674486044,-0.5018663463246361,0.9463705040290132,parameter_state,log_ratio_reference_day0
demo-human_decline_bot_rise-884000,human_decline_bot_rise,119,414,response,-0.4825914748928525,0.0542164646690815,-0.5090379272248079,0.946221344405845,parameter_state,log_ratio_reference_day0
demo-human_decline_bot_rise-884000,human_decline_bot_rise,119,415,response,-0.4825914748928525,0.0562650729722633,-0.5162095081249797,0.9460721847826769,parameter_state,log_ratio_reference_day0
demo-human_decline_bot_rise-884000,human_decline_bot_rise,119,416,response,-0.4825914748928525,0.0561957142518251,-0.5233810890251513,0.9459230251595088,parameter_state,log_ratio_reference_day0
demo-human_decline_bot_rise-884000,human_decline_bot_rise,119,417,response,-0.4825914748928525,0.0557970856518799,-0.5305526699253231,0.9474099047749224,parameter_state,log_ratio_reference_day0
demo-human_decline_bot_rise-884000,human_decline_bot_rise,119,418,response,-0.4825914748928525,0.0557198032938848,-0.5377242508254949,0.942539920504453,parameter_state,log_ratio_reference_day0
demo-human_decline_bot_rise-884000,human_decline_bot_rise,119,419,response,-0.4825914748928525,0.0560420742951396,-0.5451159186119754,0.9376699362339834,parameter_state,log_ratio_reference_day0
demo-human_decline_bot_rise-884000,human_decline_bot_rise,119,420,response,-0.4576744697307218,0.0569526842079258,-0.5562187569388384,0.9413647660813051,parameter_state,log_ratio_reference_day0
demo-human_decline_bot_rise-884000,human_decline_bot_rise,119,421,response,-0.4576744697307218,0.0578923510015151,-0.5519221549633336,0.9560765930455865,parameter_state,log_ratio_reference_day0
demo-human_decline_bot_rise-884000,human_decline_bot_rise,119,422,response,-0.4576744697307218,0.058747179110762,-0.5476255529878289,0.9589453246109646,parameter_state,log_ratio_reference_day0
demo-human_decline_bot_rise-884000,human_decline_bot_rise,119,423,response,-0.4576744697307218,0.0582165297022037,-0.5433289510123243,0.9610940600736392,parameter_state,log_ratio_reference_day0
demo-human_decline_bot_rise-884000,human_decline_bot_rise,119,424,response,-0.4576744697307218,0.0577200962596688,-0.5390323490368195,0.9632427955363136,parameter_state,log_ratio_reference_day0
demo-human_decline_bot_rise-884000,human_decline_bot_rise,119,425,response,-0.4576744697307218,0.0572065548341223,-0.5347357470613148,0.9715503224719236,parameter_state,log_ratio_reference_day0
demo-human_decline_bot_rise-884000,human_decline_bot_rise,119,426,response,-0.4576744697307218,0.057198831837394,-0.53043914508581,0.9846586884393048,parameter_state,log_ratio_reference_day0
demo-human_decline_bot_rise-884000,human_decline_bot_rise,119,427,response,-0.4633452035081201,0.0561794719830291,-0.5261425431103054,0.997767054406686,parameter_state,log_ratio_reference_day0
demo-human_decline_bot_rise-884000,human_decline_bot_rise,119,428,response,-0.4633452035081201,0.0555470189137666,-0.532210353459213,0.987902330128543,parameter_state,log_ratio_reference_day0
demo-human_decline_bot_rise-884000,human_decline_bot_rise,119,429,response,-0.4633452035081201,0.0565916009671926,-0.5382781638081205,0.9780376058504,parameter_state,log_ratio_reference_day0
demo-human_decline_bot_rise-884000,human_decline_bot_rise,119,430,response,-0.4633452035081201,0.0572945545747571,-0.5443459741570281,0.9681728815722568,parameter_state,log_ratio_reference_day0
demo-human_decline_bot_rise-884000,human_decline_bot_rise,119,431,response,-0.4633452035081201,0.059070277224069,-0.5504137845059357,0.9612465191938652,parameter_state,log_ratio_reference_day0
demo-human_decline_bot_rise-884000,human_decline_bot_rise,119,432,response,-0.4633452035081201,0.0620711716006759,-0.5564815948548433,0.9633750089814276,parameter_state,log_ratio_reference_day0
demo-human_decline_bot_rise-884000,human_decline_bot_rise,119,433,response,-0.4633452035081201,0.0613555230550007,-0.562549405203751,0.9685805530133272,parameter_state,log_ratio_reference_day0
demo-human_decline_bot_rise-884000,human_decline_bot_rise,119,434,response,-0.4788941423186238,0.0626251252703485,-0.5686172155526584,0.9758925842077234,parameter_state,log_ratio_reference_day0
demo-human_decline_bot_rise-884000,human_decline_bot_rise,119,435,response,-0.4788941423186238,0.0635690696620014,-0.5668631163811645,0.968960405802388,parameter_state,log_ratio_reference_day0
demo-human_decline_bot_rise-884000,human_decline_bot_rise,119,436,response,-0.4788941423186238,0.0667222201323551,-0.5651090172096705,0.9620282273970524,parameter_state,log_ratio_reference_day0
demo-human_decline_bot_rise-884000,human_decline_bot_rise,119,437,response,-0.4788941423186238,0.0655305024241474,-0.5633549180381767,0.9584736197014816,parameter_state,log_ratio_reference_day0
demo-human_decline_bot_rise-884000,human_decline_bot_rise,119,438,response,-0.4788941423186238,0.0635197195030786,-0.5639473221697726,0.9642889415370364,parameter_state,log_ratio_reference_day0
demo-human_decline_bot_rise-884000,human_decline_bot_rise,119,439,response,-0.4788941423186238,0.0618969539201502,-0.5669663240482248,0.9728315996126252,parameter_state,log_ratio_reference_day0
demo-human_decline_bot_rise-884000,human_decline_bot_rise,119,440,response,-0.4788941423186238,0.0587144129371098,-0.569985325926677,0.9813742576882136,parameter_state,log_ratio_reference_day0
demo-human_decline_bot_rise-884000,human_decline_bot_rise,119,441,response,-0.4960844412917892,0.0593261515466698,-0.5739000989028819,0.9899169157638024,parameter_state,log_ratio_reference_day0
demo-human_decline_bot_rise-884000,human_decline_bot_rise,119,442,response,-0.4960844412917892,0.0578679869321476,-0.5838406289910165,0.9785833217126167,parameter_state,log_ratio_reference_day0
demo-human_decline_bot_rise-884000,human_decline_bot_rise,119,443,response,-0.4960844412917892,0.0590353488187546,-0.594676930176904,0.9644706398433373,parameter_state,log_ratio_reference_day0
demo-human_decline_bot_rise-884000,human_decline_bot_rise,119,444,response,-0.4960844412917892,0.059675952897394,-0.6021025584904537,0.9503579579740574,parameter_state,log_ratio_reference_day0
demo-human_decline_bot_rise-884000,human_decline_bot_rise,119,445,response,-0.4960844412917892,0.0574081258284255,-0.5994141890740892,0.9362452761047776,parameter_state,log_ratio_reference_day0
demo-human_decline_bot_rise-884000,human_decline_bot_rise,119,446,response,-0.4960844412917892,0.0552806771551081,-0.5967258196577248,0.922132594235498,parameter_state,log_ratio_reference_day0
demo-human_decline_bot_rise-884000,human_decline_bot_rise,119,447,response,-0.4960844412917892,0.0541230272054742,-0.5940374502413603,0.9181339633087742,parameter_state,log_ratio_reference_day0
demo-human_decline_bot_rise-884000,human_decline_bot_rise,119,448,response,-0.4402551761566221,0.0550652918027011,-0.5925340393783056,0.9259901032557408,parameter_state,log_ratio_reference_day0
demo-human_decline_bot_rise-884000,human_decline_bot_rise,119,449,response,-0.4402551761566221,0.0562360098032737,-0.5932915773975944,0.9363290401210664,parameter_state,log_ratio_reference_day0
demo-human_decline_bot_rise-884000,human_decline_bot_rise,119,450,response,-0.4402551761566221,0.0535355763558956,-0.595234073970193,0.9524594360541973,parameter_state,log_ratio_reference_day0
demo-human_decline_bot_rise-884000,human_decline_bot_rise,119,451,response,-0.4402551761566221,0.0541347111865197,-0.5971765705427915,0.9747349799922946,parameter_state,log_ratio_reference_day0
demo-human_decline_bot_rise-884000,human_decline_bot_rise,119,452,response,-0.4402551761566221,0.0528009044641933,-0.5955459843029496,0.997010523930392,parameter_state,log_ratio_reference_day0
demo-human_decline_bot_rise-884000,human_decline_bot_rise,119,453,response,-0.4402551761566221,0.0546565831446466,-0.6010615636879886,1.006853096692678,parameter_state,log_ratio_reference_day0
demo-human_decline_bot_rise-884000,human_decline_bot_rise,119,454,response,-0.4402551761566221,0.0578769450931342,-0.6021439719469419,1.015912143650732,parameter_state,log_ratio_reference_day0
demo-human_decline_bot_rise-884000,human_decline_bot_rise,119,455,response,-0.4756784426829742,0.0596158586104616,-0.5944804344214891,1.0240505215935491,parameter_state,log_ratio_reference_day0
demo-human_decline_bot_rise-884000,human_decline_bot_rise,119,456,response,-0.4756784426829742,0.0588102167783531,-0.5921590968796712,1.0144752594487585,parameter_state,log_ratio_reference_day0
demo-human_decline_bot_rise-884000,human_decline_bot_rise,119,457,response,-0.4756784426829742,0.054880699339015,-0.5898377593378531,1.0039793282887306,parameter_state,log_ratio_reference_day0
demo-human_decline_bot_rise-884000,human_decline_bot_rise,119,458,response,-0.4756784426829742,0.0542929728635163,-0.5875164217960351,0.9952680992983166,parameter_state,log_ratio_reference_day0
demo-human_decline_bot_rise-884000,human_decline_bot_rise,119,459,response,-0.4756784426829742,0.0537052463880176,-0.5851950842542171,0.994688770822353,parameter_state,log_ratio_reference_day0
demo-human_decline_bot_rise-884000,human_decline_bot_rise,119,460,response,-0.4756784426829742,0.0531175199125189,-0.582873746712399,0.9982373940566944,parameter_state,log_ratio_reference_day0
demo-human_decline_bot_rise-884000,human_decline_bot_rise,119,461,response,-0.4756784426829742,0.0536020824537699,-0.5805524091705809,1.0028744841434296,parameter_state,log_ratio_reference_day0
demo-human_decline_bot_rise-884000,human_decline_bot_rise,119,462,response,-0.4507049889702475,0.0534696890832289,-0.578231071628763,1.0075115742301648,parameter_state,log_ratio_reference_day0
demo-human_decline_bot_rise-884000,human_decline_bot_rise,119,463,response,-0.4507049889702475,0.0543243836761777,-0.5666750800854471,1.0220554935930266,parameter_state,log_ratio_reference_day0
demo-human_decline_bot_rise-884000,human_decline_bot_rise,119,464,response,-0.4507049889702475,0.0552816380484697,-0.5591635686441303,1.0239752766235168,parameter_state,log_ratio_reference_day0
demo-human_decline_bot_rise-884000,human_decline_bot_rise,119,465,response,-0.4507049889702475,0.0547675943495551,-0.5516520572028135,1.0258950596540073,parameter_state,log_ratio_reference_day0
demo-human_decline_bot_rise-884000,human_decline_bot_rise,119,466,response,-0.4507049889702475,0.0549759577161492,-0.549092369537078,1.0278148426844975,parameter_state,log_ratio_reference_day0
demo-human_decline_bot_rise-884000,human_decline_bot_rise,119,467,response,-0.4507049889702475,0.0579216528851774,-0.5529447584787401,1.0297346257149882,parameter_state,log_ratio_reference_day0
demo-human_decline_bot_rise-884000,human_decline_bot_rise,119,468,response,-0.4507049889702475,0.0588016578307466,-0.5619325817434897,1.0316544087454784,parameter_state,log_ratio_reference_day0
demo-human_decline_bot_rise-884000,human_decline_bot_rise,119,469,response,-0.5080504886809643,0.060527939034575,-0.5709204050082394,1.0335741917759689,parameter_state,log_ratio_reference_day0
demo-human_decline_bot_rise-884000,human_decline_bot_rise,119,470,response,-0.5080504886809643,0.059735519250103,-0.5683744551598546,1.0491204287824276,parameter_state,log_ratio_reference_day0
demo-human_decline_bot_rise-884000,human_decline_bot_rise,119,471,response,-0.5080504886809643,0.0576044593506042,-0.5606230239491969,1.0629992097599843,parameter_state,log_ratio_reference_day0
demo-human_decline_bot_rise-884000,human_decline_bot_rise,119,472,response,-0.5080504886809643,0.0537028975856839,-0.5528715927385393,1.074509911292851,parameter_state,log_ratio_reference_day0
demo-human_decline_bot_rise-884000,human_decline_bot_rise,119,473,response,-0.5080504886809643,0.0509574880395576,-0.5451201615278816,1.0743099141120351,parameter_state,log_ratio_reference_day0
demo-human_decline_bot_rise-884000,human_decline_bot_rise,119,474,response,-0.5080504886809643,0.0532846785861105,-0.5373687303172238,1.0686250548509009,parameter_state,log_ratio_reference_day0
demo-human_decline_bot_rise-884000,human_decline_bot_rise,119,475,response,-0.5080504886809643,0.0503139547966309,-0.5305358687164964,1.065926498630622,parameter_state,log_ratio_reference_day0
demo-human_decline_bot_rise-884000,human_decline_bot_rise,119,476,response,-0.5004402738223901,0.0488111234289312,-0.5336721647899472,1.0697665942299908,parameter_state,log_ratio_reference_day0
demo-human_decline_bot_rise-884000,human_decline_bot_rise,119,477,response,-0.5004402738223901,0.0483685422369608,-0.5395419206330205,1.087991420374603,parameter_state,log_ratio_reference_day0
demo-human_decline_bot_rise-884000,human_decline_bot_rise,119,478,response,-0.5004402738223901,0.0469554989932979,-0.5454116764760939,1.1062162465192156,parameter_state,log_ratio_reference_day0
demo-human_decline_bot_rise-884000,human_decline_bot_rise,119,479,response,-0.5004402738223901,0.0478514790226575,-0.5522756766899442,1.1044904100592188,parameter_state,log_ratio_reference_day0
demo-human_decline_bot_rise-884000,human_decline_bot_rise,119,480,response,-0.5004402738223901,0.047553312655226,-0.5619843499221403,1.0981102254225776,parameter_state,log_ratio_reference_day0
demo-human_decline_bot_rise-884000,human_decline_bot_rise,119,481,response,-0.5004402738223901,0.0450846497096187,-0.5716930231543365,1.0981047021879546,parameter_state,log_ratio_reference_day0
demo-human_decline_bot_rise-884000,human_decline_bot_rise,119,482,response,-0.5004402738223901,0.0398658099681916,-0.5761939171848292,1.099810850991121,parameter_state,log_ratio_reference_day0
demo-human_decline_bot_rise-884000,human_decline_bot_rise,119,483,response,-0.4728363657046718,0.0387599581749405,-0.5841954597172526,1.1015169997942875,parameter_state,log_ratio_reference_day0
demo-human_decline_bot_rise-884000,human_decline_bot_rise,119,484,response,-0.4728363657046718,0.0402502836466923,-0.5776305357262201,1.0991377296496594,parameter_state,log_ratio_reference_day0
demo-human_decline_bot_rise-884000,human_decline_bot_rise,119,485,response,-0.4728363657046718,0.0404905945733893,-0.5710656117351876,1.096758459505031,parameter_state,log_ratio_reference_day0
demo-human_decline_bot_rise-884000,human_decline_bot_rise,119,486,response,-0.4728363657046718,0.0434805812753237,-0.5645006877441551,1.094379189360403,parameter_state,log_ratio_reference_day0
demo-human_decline_bot_rise-884000,human_decline_bot_rise,119,487,response,-0.4728363657046718,0.04528006967297,-0.5579357637531226,1.0919999192157748,parameter_state,log_ratio_reference_day0
demo-human_decline_bot_rise-884000,human_decline_bot_rise,119,488,response,-0.4728363657046718,0.0462703651461654,-0.5515637392404585,1.0804440953116432,parameter_state,log_ratio_reference_day0
demo-human_decline_bot_rise-884000,human_decline_bot_rise,119,489,response,-0.4728363657046718,0.0465789125820174,-0.5453399129861729,1.073577639079575,parameter_state,log_ratio_reference_day0
demo-human_decline_bot_rise-884000,human_decline_bot_rise,119,490,response,-0.5021642258407403,0.0468874600178694,-0.5391160867318873,1.0694093589585454,parameter_state,log_ratio_reference_day0
demo-human_decline_bot_rise-884000,human_decline_bot_rise,119,491,response,-0.5021642258407403,0.0462347193655702,-0.5386594179835265,1.0523283379695023,parameter_state,log_ratio_reference_day0
demo-human_decline_bot_rise-884000,human_decline_bot_rise,119,492,response,-0.5021642258407403,0.0438659631794949,-0.5382027492351659,1.0352473169804592,parameter_state,log_ratio_reference_day0
demo-human_decline_bot_rise-884000,human_decline_bot_rise,119,493,response,-0.5021642258407403,0.0448104081958458,-0.5377460804868052,1.0319958268165212,parameter_state,log_ratio_reference_day0
demo-human_decline_bot_rise-884000,human_decline_bot_rise,119,494,response,-0.5021642258407403,0.0450163239641197,-0.5372894117384444,1.043185978789583,parameter_state,log_ratio_reference_day0
demo-human_decline_bot_rise-884000,human_decline_bot_rise,119,495,response,-0.5021642258407403,0.0451893800633308,-0.5368327429900837,1.0556716003427842,parameter_state,log_ratio_reference_day0
demo-human_decline_bot_rise-884000,human_decline_bot_rise,119,496,response,-0.5021642258407403,0.0455784905260648,-0.5404393858562946,1.0681572218959854,parameter_state,log_ratio_reference_day0
demo-human_decline_bot_rise-884000,human_decline_bot_rise,119,497,response,-0.4823142923307046,0.0424144360507591,-0.5516775866393449,1.0782741851173436,parameter_state,log_ratio_reference_day0
demo-human_decline_bot_rise-884000,human_decline_bot_rise,119,498,response,-0.4823142923307046,0.041155281140668,-0.5580966807315367,1.0739562739103672,parameter_state,log_ratio_reference_day0
demo-human_decline_bot_rise-884000,human_decline_bot_rise,119,499,response,-0.4823142923307046,0.0409287878194866,-0.5560455767727451,1.0696383627033907,parameter_state,log_ratio_reference_day0
demo-human_decline_bot_rise-884000,human_decline_bot_rise,119,500,response,-0.4823142923307046,0.0412077020126775,-0.5467054447339335,1.0653204514964143,parameter_state,log_ratio_reference_day0
demo-human_decline_bot_rise-884000,human_decline_bot_rise,119,501,response,-0.4823142923307046,0.0408750363372472,-0.5398264058537131,1.0610437059732285,parameter_state,log_ratio_reference_day0
demo-human_decline_bot_rise-884000,human_decline_bot_rise,119,502,response,-0.4823142923307046,0.0400679916583357,-0.5397327393280225,1.0588214937881375,parameter_state,log_ratio_reference_day0
demo-human_decline_bot_rise-884000,human_decline_bot_rise,119,503,response,-0.4823142923307046,0.0392499086828415,-0.5472222535502826,1.0652238752601368,parameter_state,log_ratio_reference_day0
demo-human_decline_bot_rise-884000,human_decline_bot_rise,119,504,response,-0.4813225928653652,0.0399755016864099,-0.5523599843495987,1.063140213754029,parameter_state,log_ratio_reference_day0
demo-human_decline_bot_rise-884000,human_decline_bot_rise,119,505,response,-0.4813225928653652,0.0411341589411683,-0.5525696449724267,1.0613650708903934,parameter_state,log_ratio_reference_day0
demo-human_decline_bot_rise-884000,human_decline_bot_rise,119,506,response,-0.4813225928653652,0.0399688386674713,-0.5488694302626161,1.0595899280267578,parameter_state,log_ratio_reference_day0
demo-human_decline_bot_rise-884000,human_decline_bot_rise,119,507,response,-0.4813225928653652,0.0400851341936307,-0.5451692155528056,1.0578147851631226,parameter_state,log_ratio_reference_day0
demo-human_decline_bot_rise-884000,human_decline_bot_rise,119,508,response,-0.4813225928653652,0.04020142971979,-0.5539796734473622,1.056039642299487,parameter_state,log_ratio_reference_day0
demo-human_decline_bot_rise-884000,human_decline_bot_rise,119,509,response,-0.4813225928653652,0.0412318512247915,-0.5646804488605437,1.054313733130227,parameter_state,log_ratio_reference_day0
demo-human_decline_bot_rise-884000,human_decline_bot_rise,119,510,response,-0.4813225928653652,0.0435857114345813,-0.5776719175175585,1.054301065872681,parameter_state,log_ratio_reference_day0
demo-human_decline_bot_rise-884000,human_decline_bot_rise,119,511,response,-0.4941237817119393,0.0424302130262382,-0.5940245224438393,1.0543514362170392,parameter_state,log_ratio_reference_day0
demo-human_decline_bot_rise-884000,human_decline_bot_rise,119,512,response,-0.4941237817119393,0.0440612452651846,-0.5985783058225327,1.0576004356463051,parameter_state,log_ratio_reference_day0
demo-human_decline_bot_rise-884000,human_decline_bot_rise,119,513,response,-0.4941237817119393,0.0440046884654656,-0.603132089201226,1.0608494350755713,parameter_state,log_ratio_reference_day0
demo-human_decline_bot_rise-884000,human_decline_bot_rise,119,514,response,-0.4941237817119393,0.0408374660363175,-0.6076858725799195,1.0640984345048372,parameter_state,log_ratio_reference_day0
demo-human_decline_bot_rise-884000,human_decline_bot_rise,119,515,response,-0.4941237817119393,0.0403984430570264,-0.6181288677486888,1.0663878933485778,parameter_state,log_ratio_reference_day0
demo-human_decline_bot_rise-884000,human_decline_bot_rise,119,516,response,-0.4941237817119393,0.0402518882121141,-0.6313240138351262,1.0560994126241885,parameter_state,log_ratio_reference_day0
demo-human_decline_bot_rise-884000,human_decline_bot_rise,119,517,response,-0.4941237817119393,0.038441824885502,-0.6445191599215634,1.0463150541443706,parameter_state,log_ratio_reference_day0
demo-human_decline_bot_rise-884000,human_decline_bot_rise,119,518,response,-0.4298480624966522,0.0366317615588899,-0.6577143060080008,1.0383842335417894,parameter_state,log_ratio_reference_day0
demo-human_decline_bot_rise-884000,human_decline_bot_rise,119,519,response,-0.4298480624966522,0.0369729577263891,-0.6620807817957887,1.0489313773176965,parameter_state,log_ratio_reference_day0
demo-human_decline_bot_rise-884000,human_decline_bot_rise,119,520,response,-0.4298480624966522,0.041356496688743,-0.6664472575835765,1.0630595664206135,parameter_state,log_ratio_reference_day0
demo-human_decline_bot_rise-884000,human_decline_bot_rise,119,521,response,-0.4298480624966522,0.0391912847503,-0.6708137333713644,1.077187755523531,parameter_state,log_ratio_reference_day0
demo-human_decline_bot_rise-884000,human_decline_bot_rise,119,522,response,-0.4298480624966522,0.0379965462288867,-0.6751802091591521,1.0893919509070455,parameter_state,log_ratio_reference_day0
demo-human_decline_bot_rise-884000,human_decline_bot_rise,119,523,response,-0.4298480624966522,0.0404242423205615,-0.6700666905522772,1.0924663305783318,parameter_state,log_ratio_reference_day0
demo-human_decline_bot_rise-884000,human_decline_bot_rise,119,524,response,-0.4298480624966522,0.0424706344123165,-0.6638099855375201,1.095540710249618,parameter_state,log_ratio_reference_day0
demo-human_decline_bot_rise-884000,human_decline_bot_rise,119,525,response,-0.4932225988018412,0.0453665880224623,-0.6575532805227631,1.098615089920904,parameter_state,log_ratio_reference_day0
demo-human_decline_bot_rise-884000,human_decline_bot_rise,119,526,response,-0.4932225988018412,0.0488698784059313,-0.666466384515613,1.085829354261047,parameter_state,log_ratio_reference_day0
demo-human_decline_bot_rise-884000,human_decline_bot_rise,119,527,response,-0.4932225988018412,0.0477256371624009,-0.6664357689308893,1.0730436186011902,parameter_state,log_ratio_reference_day0
demo-human_decline_bot_rise-884000,human_decline_bot_rise,119,528,response,-0.4932225988018412,0.0450655791386456,-0.6535035779730468,1.0642975342826335,parameter_state,log_ratio_reference_day0
demo-human_decline_bot_rise-884000,human_decline_bot_rise,119,529,response,-0.4932225988018412,0.0457098994558033,-0.6413857404820152,1.0630430621173197,parameter_state,log_ratio_reference_day0
demo-human_decline_bot_rise-884000,human_decline_bot_rise,119,530,response,-0.4932225988018412,0.0460549471930221,-0.6317297734908507,1.0617885899520056,parameter_state,log_ratio_reference_day0
demo-human_decline_bot_rise-884000,human_decline_bot_rise,119,531,response,-0.4932225988018412,0.0458367363040609,-0.6220738064996861,1.0718062343424726,parameter_state,log_ratio_reference_day0
demo-human_decline_bot_rise-884000,human_decline_bot_rise,119,532,response,-0.4524776019763287,0.0457530718377119,-0.6106024455456502,1.0868335667656623,parameter_state,log_ratio_reference_day0
demo-human_decline_bot_rise-884000,human_decline_bot_rise,119,533,response,-0.4524776019763287,0.0441429601135176,-0.6089165710537162,1.0821425571411198,parameter_state,log_ratio_reference_day0
demo-human_decline_bot_rise-884000,human_decline_bot_rise,119,534,response,-0.4524776019763287,0.0430403329701226,-0.6118730705742995,1.078648252556847,parameter_state,log_ratio_reference_day0
demo-human_decline_bot_rise-884000,human_decline_bot_rise,119,535,response,-0.4524776019763287,0.0377968658650512,-0.6154100563964695,1.0764898525915878,parameter_state,log_ratio_reference_day0
demo-human_decline_bot_rise-884000,human_decline_bot_rise,119,536,response,-0.4524776019763287,0.042742311347264,-0.6163748421395436,1.0815000372765424,parameter_state,log_ratio_reference_day0
demo-human_decline_bot_rise-884000,human_decline_bot_rise,119,537,response,-0.4524776019763287,0.0408204324196609,-0.6188010050986434,1.0982323847337163,parameter_state,log_ratio_reference_day0
demo-human_decline_bot_rise-884000,human_decline_bot_rise,119,538,response,-0.4524776019763287,0.0405920577238687,-0.6213001164719804,1.1164476001162509,parameter_state,log_ratio_reference_day0
demo-human_decline_bot_rise-884000,human_decline_bot_rise,119,539,response,-0.509544768780379,0.0434608677757324,-0.6237992278453175,1.122684686133869,parameter_state,log_ratio_reference_day0
demo-human_decline_bot_rise-884000,human_decline_bot_rise,119,540,response,-0.509544768780379,0.0423398431720581,-0.6196629724604794,1.1317764110984467,parameter_state,log_ratio_reference_day0
demo-human_decline_bot_rise-884000,human_decline_bot_rise,119,541,response,-0.509544768780379,0.0412188185683837,-0.6166654025508422,1.1408681360630244,parameter_state,log_ratio_reference_day0
demo-human_decline_bot_rise-884000,human_decline_bot_rise,119,542,response,-0.509544768780379,0.0413346451150642,-0.6207002324516948,1.1499598610276025,parameter_state,log_ratio_reference_day0
demo-human_decline_bot_rise-884000,human_decline_bot_rise,119,543,response,-0.509544768780379,0.0371881086953822,-0.6328824408487576,1.15905158599218,parameter_state,log_ratio_reference_day0
demo-human_decline_bot_rise-884000,human_decline_bot_rise,119,544,response,-0.509544768780379,0.0302701275186108,-0.6320251515645667,1.1717651837026828,parameter_state,log_ratio_reference_day0
demo-human_decline_bot_rise-884000,human_decline_bot_rise,119,545,response,-0.509544768780379,0.0302209587733574,-0.6154227277941234,1.1857392092174512,parameter_state,log_ratio_reference_day0
demo-human_decline_bot_rise-884000,human_decline_bot_rise,119,546,response,-0.4579568148541655,0.032748426787001,-0.602231017958345,1.19971323473222,parameter_state,log_ratio_reference_day0
demo-human_decline_bot_rise-884000,human_decline_bot_rise,119,547,response,-0.4579568148541655,0.0299490669029402,-0.6159843018604163,1.1937285491014715,parameter_state,log_ratio_reference_day0
demo-human_decline_bot_rise-884000,human_decline_bot_rise,119,548,response,-0.4579568148541655,0.0271490539352259,-0.6319510162390272,1.1877438634707234,parameter_state,log_ratio_reference_day0
demo-human_decline_bot_rise-884000,human_decline_bot_rise,119,549,response,-0.4579568148541655,0.0296752019596168,-0.6448369171753712,1.1817591778399752,parameter_state,log_ratio_reference_day0
demo-human_decline_bot_rise-884000,human_decline_bot_rise,119,550,response,-0.4579568148541655,0.0300522867299058,-0.6367032516696196,1.1757744922092273,parameter_state,log_ratio_reference_day0
demo-human_decline_bot_rise-884000,human_decline_bot_rise,119,551,response,-0.4579568148541655,0.0309078446060873,-0.6285695861638682,1.1697898065784789,parameter_state,log_ratio_reference_day0
demo-human_decline_bot_rise-884000,human_decline_bot_rise,119,0,value,0.0,0.0,0.0,0.0,parameter_state,log_ratio_reference_day0
demo-human_decline_bot_rise-884000,human_decline_bot_rise,119,1,value,0.0,0.0001163264137485,-0.0245666370850772,0.0183439465570954,parameter_state,log_ratio_reference_day0
demo-human_decline_bot_rise-884000,human_decline_bot_rise,119,2,value,0.0,0.000232652827497,-0.0491332741701545,0.0366878931141909,parameter_state,log_ratio_reference_day0
demo-human_decline_bot_rise-884000,human_decline_bot_rise,119,3,value,0.0,0.0003489792412456,-0.0736999112552317,0.0550318396712864,parameter_state,log_ratio_reference_day0
demo-human_decline_bot_rise-884000,human_decline_bot_rise,119,4,value,0.0,0.0004653056549941,-0.098266548340309,0.0733757862283818,parameter_state,log_ratio_reference_day0
demo-human_decline_bot_rise-884000,human_decline_bot_rise,119,5,value,0.0,0.0005816320687427,-0.1228331854253862,0.0917197327854773,parameter_state,log_ratio_reference_day0
demo-human_decline_bot_rise-884000,human_decline_bot_rise,119,6,value,0.0,0.0006979584824912,-0.1473998225104635,0.1100636793425728,parameter_state,log_ratio_reference_day0
demo-human_decline_bot_rise-884000,human_decline_bot_rise,119,7,value,0.0098366981298952,0.0008142848962397,-0.1719664595955407,0.1284076258996682,parameter_state,log_ratio_reference_day0
demo-human_decline_bot_rise-884000,human_decline_bot_rise,119,8,value,0.0098366981298952,-0.0059441009630472,-0.1758070646625279,0.1227337381698918,parameter_state,log_ratio_reference_day0
demo-human_decline_bot_rise-884000,human_decline_bot_rise,119,9,value,0.0098366981298952,-0.0121990329662801,-0.1883297006833373,0.12853967945713,parameter_state,log_ratio_reference_day0
demo-human_decline_bot_rise-884000,human_decline_bot_rise,119,10,value,0.0098366981298952,-0.0110025904962689,-0.2014512709227363,0.1335420101265827,parameter_state,log_ratio_reference_day0
demo-human_decline_bot_rise-884000,human_decline_bot_rise,119,11,value,0.0098366981298952,-0.0101443713928273,-0.2180269902599318,0.1385888627255192,parameter_state,log_ratio_reference_day0
demo-human_decline_bot_rise-884000,human_decline_bot_rise,119,12,value,0.0098366981298952,-0.0100564256271071,-0.2421066319452791,0.1499734968646431,parameter_state,log_ratio_reference_day0
demo-human_decline_bot_rise-884000,human_decline_bot_rise,119,13,value,0.0098366981298952,-0.0135205066828044,-0.2536120030952138,0.1632317902977518,parameter_state,log_ratio_reference_day0
demo-human_decline_bot_rise-884000,human_decline_bot_rise,119,14,value,-0.0336334636073507,-0.019004927841423,-0.2647212701968891,0.1845192815992449,parameter_state,log_ratio_reference_day0
demo-human_decline_bot_rise-884000,human_decline_bot_rise,119,15,value,-0.0336334636073507,-0.0207848617416142,-0.2619518564952096,0.1726812330525851,parameter_state,log_ratio_reference_day0
demo-human_decline_bot_rise-884000,human_decline_bot_rise,119,16,value,-0.0336334636073507,-0.0237242083414069,-0.2671834081646809,0.1630601605335103,parameter_state,log_ratio_reference_day0
demo-human_decline_bot_rise-884000,human_decline_bot_rise,119,17,value,-0.0336334636073507,-0.0259200388511834,-0.2775211648124364,0.1573622102094978,parameter_state,log_ratio_reference_day0
demo-human_decline_bot_rise-884000,human_decline_bot_rise,119,18,value,-0.0336334636073507,-0.028068099840459,-0.2908735385908034,0.1540308866109606,parameter_state,log_ratio_reference_day0
demo-human_decline_bot_rise-884000,human_decline_bot_rise,119,19,value,-0.0336334636073507,-0.0301289396251064,-0.2996699946131445,0.1566060654418549,parameter_state,log_ratio_reference_day0
demo-human_decline_bot_rise-884000,human_decline_bot_rise,119,20,value,-0.0336334636073507,-0.0301734274486453,-0.3081012210666917,0.1559887554799438,parameter_state,log_ratio_reference_day0
demo-human_decline_bot_rise-884000,human_decline_bot_rise,119,21,value,0.002507604676976,-0.0299636702906005,-0.3228037068343715,0.1556957031883386,parameter_state,log_ratio_reference_day0
demo-human_decline_bot_rise-884000,human_decline_bot_rise,119,22,value,0.002507604676976,-0.0351320644548385,-0.3157360253360919,0.1592431257188943,parameter_state,log_ratio_reference_day0
demo-human_decline_bot_rise-884000,human_decline_bot_rise,119,23,value,0.002507604676976,-0.0343271851435494,-0.3046875047333396,0.1615065261860799,parameter_state,log_ratio_reference_day0
demo-human_decline_bot_rise-884000,human_decline_bot_rise,119,24,value,0.002507604676976,-0.0348833236930399,-0.2969841321300349,0.1713705914278366,parameter_state,log_ratio_reference_day0
demo-human_decline_bot_rise-884000,human_decline_bot_rise,119,25,value,0.002507604676976,-0.0354276700548262,-0.3048796847219779,0.1712926014459097,parameter_state,log_ratio_reference_day0
demo-human_decline_bot_rise-884000,human_decline_bot_rise,119,26,value,0.002507604676976,-0.0421987588058446,-0.3122902989479835,0.1799387067541387,parameter_state,log_ratio_reference_day0
demo-human_decline_bot_rise-884000,human_decline_bot_rise,119,27,value,0.002507604676976,-0.0444979767599428,-0.3188619220694314,0.1892622451845013,parameter_state,log_ratio_reference_day0
demo-human_decline_bot_rise-884000,human_decline_bot_rise,119,28,value,0.0233260497279471,-0.0474937205375967,-0.3254335451908792,0.1923772625809076,parameter_state,log_ratio_reference_day0
demo-human_decline_bot_rise-884000,human_decline_bot_rise,119,29,value,0.0233260497279471,-0.0440423986160836,-0.3231374881754784,0.1920484560484173,parameter_state,log_ratio_reference_day0
demo-human_decline_bot_rise-884000,human_decline_bot_rise,119,30,value,0.0233260497279471,-0.0433857095909085,-0.3224380434996118,0.193509534297732,parameter_state,log_ratio_reference_day0
demo-human_decline_bot_rise-884000,human_decline_bot_rise,119,31,value,0.0233260497279471,-0.0415959671040781,-0.3217385988237453,0.1823659389064813,parameter_state,log_ratio_reference_day0
demo-human_decline_bot_rise-884000,human_decline_bot_rise,119,32,value,0.0233260497279471,-0.0433250602441035,-0.3210391541478787,0.1749876691622822,parameter_state,log_ratio_reference_day0
demo-human_decline_bot_rise-884000,human_decline_bot_rise,119,33,value,0.0233260497279471,-0.0474845978765623,-0.3255066648318873,0.1786540242275896,parameter_state,log_ratio_reference_day0
demo-human_decline_bot_rise-884000,human_decline_bot_rise,119,34,value,0.0233260497279471,-0.0472119740574058,-0.3319626100134653,0.1875480666254767,parameter_state,log_ratio_reference_day0
demo-human_decline_bot_rise-884000,human_decline_bot_rise,119,35,value,0.0098569814918298,-0.0481141023198175,-0.3355158403075792,0.1993931885216367,parameter_state,log_ratio_reference_day0
demo-human_decline_bot_rise-884000,human_decline_bot_rise,119,36,value,0.0098569814918298,-0.0490274483631884,-0.329699074953358,0.1840616930911544,parameter_state,log_ratio_reference_day0
demo-human_decline_bot_rise-884000,human_decline_bot_rise,119,37,value,0.0098569814918298,-0.0537372055021254,-0.3211141378292465,0.1791771161472405,parameter_state,log_ratio_reference_day0
demo-human_decline_bot_rise-884000,human_decline_bot_rise,119,38,value,0.0098569814918298,-0.0518786029146225,-0.3202867019983828,0.1796960542207883,parameter_state,log_ratio_reference_day0
demo-human_decline_bot_rise-884000,human_decline_bot_rise,119,39,value,0.0098569814918298,-0.050045854212479,-0.3196532588252926,0.1769705497266392,parameter_state,log_ratio_reference_day0
demo-human_decline_bot_rise-884000,human_decline_bot_rise,119,40,value,0.0098569814918298,-0.0535244491385892,-0.3244128011607011,0.1799144197178214,parameter_state,log_ratio_reference_day0
demo-human_decline_bot_rise-884000,human_decline_bot_rise,119,41,value,0.0098569814918298,-0.0564146002197095,-0.3232195780970391,0.179321811480309,parameter_state,log_ratio_reference_day0
demo-human_decline_bot_rise-884000,human_decline_bot_rise,119,42,value,-0.0293112156657249,-0.0569366565015024,-0.3283827463686178,0.1817718065149791,parameter_state,log_ratio_reference_day0
demo-human_decline_bot_rise-884000,human_decline_bot_rise,119,43,value,-0.0373112156657249,-0.0577895257280684,-0.3221037090027417,0.1695268094042117,parameter_state,log_ratio_reference_day0
demo-human_decline_bot_rise-884000,human_decline_bot_rise,119,44,value,-0.0453112156657249,-0.0547307451283153,-0.3168450036168741,0.1598948576480928,parameter_state,log_ratio_reference_day0
demo-human_decline_bot_rise-884000,human_decline_bot_rise,119,45,value,-0.0533112156657249,-0.0619439258829133,-0.313977835889404,0.1631819533373062,parameter_state,log_ratio_reference_day0
demo-human_decline_bot_rise-884000,human_decline_bot_rise,119,46,value,-0.0613112156657248,-0.0637657865423055,-0.3195883358512368,0.1658955648405523,parameter_state,log_ratio_reference_day0
demo-human_decline_bot_rise-884000,human_decline_bot_rise,119,47,value,-0.0693112156657248,-0.0652434267023813,-0.3300953754328528,0.1735083495994163,parameter_state,log_ratio_reference_day0
demo-human_decline_bot_rise-884000,human_decline_bot_rise,119,48,value,-0.077311215665725,-0.0673900263610552,-0.3353310645375207,0.1773070929103684,parameter_state,log_ratio_reference_day0
demo-human_decline_bot_rise-884000,human_decline_bot_rise,119,49,value,-0.0338547966584995,-0.0704491059736354,-0.3311060312437628,0.1809742121735608,parameter_state,log_ratio_reference_day0
demo-human_decline_bot_rise-884000,human_decline_bot_rise,119,50,value,-0.0418547966584995,-0.0759290097935883,-0.3385712481959134,0.1715920332678505,parameter_state,log_ratio_reference_day0
demo-human_decline_bot_rise-884000,human_decline_bot_rise,119,51,value,-0.0498547966584995,-0.0798497410152406,-0.3466705936280869,0.1712045202962726,parameter_state,log_ratio_reference_day0
demo-human_decline_bot_rise-884000,human_decline_bot_rise,119,52,value,-0.0578547966584996,-0.0795866669574593,-0.3489623402919333,0.1683439315064096,parameter_state,log_ratio_reference_day0
demo-human_decline_bot_rise-884000,human_decline_bot_rise,119,53,value,-0.0658547966584996,-0.0863891104746379,-0.3532972093819039,0.1666603791256123,parameter_state,log_ratio_reference_day0
demo-human_decline_bot_rise-884000,human_decline_bot_rise,119,54,value,-0.0738547966584996,-0.0967767548629695,-0.3602495785128106,0.158228323918917,parameter_state,log_ratio_reference_day0
demo-human_decline_bot_rise-884000,human_decline_bot_rise,119,55,value,-0.0818547966584994,-0.1054854224506535,-0.3670270118312996,0.1468144859526275,parameter_state,log_ratio_reference_day0
demo-human_decline_bot_rise-884000,human_decline_bot_rise,119,56,value,-0.0798364111895238,-0.1057793942621859,-0.3717513648407445,0.1362521421094349,parameter_state,log_ratio_reference_day0
demo-human_decline_bot_rise-884000,human_decline_bot_rise,119,57,value,-0.0878364111895238,-0.1129713172904395,-0.3775247534465693,0.1268421977909046,parameter_state,log_ratio_reference_day0
demo-human_decline_bot_rise-884000,human_decline_bot_rise,119,58,value,-0.0958364111895237,-0.1226076051555738,-0.3913278494952501,0.1173681700015127,parameter_state,log_ratio_reference_day0
demo-human_decline_bot_rise-884000,human_decline_bot_rise,119,59,value,-0.1038364111895237,-0.1284928647591172,-0.3956646200722767,0.1101938035094837,parameter_state,log_ratio_reference_day0
demo-human_decline_bot_rise-884000,human_decline_bot_rise,119,60,value,-0.1118364111895237,-0.138719431981181,-0.4008604709389946,0.1007153831818696,parameter_state,log_ratio_reference_day0
demo-human_decline_bot_rise-884000,human_decline_bot_rise,119,61,value,-0.1198364111895237,-0.1519180131589865,-0.4059638842886716,0.0886801786091465,parameter_state,log_ratio_reference_day0
demo-human_decline_bot_rise-884000,human_decline_bot_rise,119,62,value,-0.1278364111895237,-0.1627833188417471,-0.4203516002210412,0.0832778485836942,parameter_state,log_ratio_reference_day0
demo-human_decline_bot_rise-884000,human_decline_bot_rise,119,63,value,-0.1498281523019639,-0.1714762945689461,-0.4315481280428473,0.0782150660593711,parameter_state,log_ratio_reference_day0
demo-human_decline_bot_rise-884000,human_decline_bot_rise,119,64,value,-0.1578281523019638,-0.1768859135229856,-0.4403809092945868,0.0595000424375114,parameter_state,log_ratio_reference_day0
demo-human_decline_bot_rise-884000,human_decline_bot_rise,119,65,value,-0.1658281523019639,-0.1860532314436263,-0.4357537745348075,0.0486270996959606,parameter_state,log_ratio_reference_day0
demo-human_decline_bot_rise-884000,human_decline_bot_rise,119,66,value,-0.1738281523019638,-0.195035454590176,-0.4517778265382487,0.0478737439969247,parameter_state,log_ratio_reference_day0
demo-human_decline_bot_rise-884000,human_decline_bot_rise,119,67,value,-0.1818281523019639,-0.2089360385821363,-0.4695610652363067,0.0370154945823888,parameter_state,log_ratio_reference_day0
demo-human_decline_bot_rise-884000,human_decline_bot_rise,119,68,value,-0.1898281523019641,-0.2178161762436783,-0.4824367752969799,0.0252176267799141,parameter_state,log_ratio_reference_day0
demo-human_decline_bot_rise-884000,human_decline_bot_rise,119,69,value,-0.1978281523019636,-0.2327840224796536,-0.4825076669896819,0.0122484089421921,parameter_state,log_ratio_reference_day0
demo-human_decline_bot_rise-884000,human_decline_bot_rise,119,70,value,-0.2687600116051817,-0.2412917369960118,-0.4943842454421553,-0.0008754688920289,parameter_state,log_ratio_reference_day0
demo-human_decline_bot_rise-884000,human_decline_bot_rise,119,71,value,-0.2767600116051816,-0.2487032838656013,-0.5051352427019001,-0.0012525173345385,parameter_state,log_ratio_reference_day0
demo-human_decline_bot_rise-884000,human_decline_bot_rise,119,72,value,-0.2847600116051816,-0.2559124213626178,-0.5158774120210265,-0.0077269457091593,parameter_state,log_ratio_reference_day0
demo-human_decline_bot_rise-884000,human_decline_bot_rise,119,73,value,-0.2927600116051816,-0.2633103628242281,-0.523733195792405,-0.0247639654667206,parameter_state,log_ratio_reference_day0
demo-human_decline_bot_rise-884000,human_decline_bot_rise,119,74,value,-0.3007600116051814,-0.2754910555440475,-0.5255453515038082,-0.0236685377055469,parameter_state,log_ratio_reference_day0
demo-human_decline_bot_rise-884000,human_decline_bot_rise,119,75,value,-0.3087600116051818,-0.2859754077470098,-0.5314044896819923,-0.037275307231725,parameter_state,log_ratio_reference_day0
demo-human_decline_bot_rise-884000,human_decline_bot_rise,119,76,value,-0.3167600116051814,-0.2934671644934031,-0.542164975187388,-0.047591511242388,parameter_state,log_ratio_reference_day0
demo-human_decline_bot_rise-884000,human_decline_bot_rise,119,77,value,-0.2861211707358651,-0.2999946483132638,-0.5546458378361502,-0.0569661152605585,parameter_state,log_ratio_reference_day0
demo-human_decline_bot_rise-884000,human_decline_bot_rise,119,78,value,-0.2941211707358651,-0.3036032714335822,-0.5648704436799777,-0.0742998983562361,parameter_state,log_ratio_reference_day0
demo-human_decline_bot_rise-884000,human_decline_bot_rise,119,79,value,-0.3021211707358652,-0.3121199028033793,-0.5743774235712169,-0.0875250844007492,parameter_state,log_ratio_reference_day0
demo-human_decline_bot_rise-884000,human_decline_bot_rise,119,80,value,-0.3101211707358652,-0.3194749581132033,-0.5875536560304174,-0.0940835966466778,parameter_state,log_ratio_reference_day0
demo-human_decline_bot_rise-884000,human_decline_bot_rise,119,81,value,-0.3181211707358652,-0.3273905201474844,-0.5986221963513917,-0.1115119444656566,parameter_state,log_ratio_reference_day0
demo-human_decline_bot_rise-884000,human_decline_bot_rise,119,82,value,-0.326121170735865,-0.3393383060400919,-0.623353874142139,-0.1220690750399043,parameter_state,log_ratio_reference_day0
demo-human_decline_bot_rise-884000,human_decline_bot_rise,119,83,value,-0.3341211707358651,-0.3501780803972997,-0.6364093538521424,-0.1277869032150585,parameter_state,log_ratio_reference_day0
demo-human_decline_bot_rise-884000,human_decline_bot_rise,119,84,value,-0.3687984874485533,-0.3571660527447197,-0.66207980081616,-0.1396511633519499,parameter_state,log_ratio_reference_day0
demo-human_decline_bot_rise-884000,human_decline_bot_rise,119,85,value,-0.376798487448553,-0.3724297478114686,-0.667510345796921,-0.1373201258210096,parameter_state,log_ratio_reference_day0
demo-human_decline_bot_rise-884000,human_decline_bot_rise,119,86,value,-0.384798487448553,-0.3758286089180511,-0.6779741315237213,-0.1459960620239698,parameter_state,log_ratio_reference_day0
demo-human_decline_bot_rise-884000,human_decline_bot_rise,119,87,value,-0.3927984874485531,-0.3836431196374326,-0.6896909281752482,-0.1602411515271405,parameter_state,log_ratio_reference_day0
demo-human_decline_bot_rise-884000,human_decline_bot_rise,119,88,value,-0.400798487448553,-0.393185514824932,-0.6944089797165391,-0.1672025552887781,parameter_state,log_ratio_reference_day0
demo-human_decline_bot_rise-884000,human_decline_bot_rise,119,89,value,-0.4087984874485531,-0.4080122620118531,-0.699284100485589,-0.1705892421035906,parameter_state,log_ratio_reference_day0
demo-human_decline_bot_rise-884000,human_decline_bot_rise,119,90,value,-0.4167984874485531,-0.4173269446901203,-0.7061628765692142,-0.1798788739562378,parameter_state,log_ratio_reference_day0
demo-human_decline_bot_rise-884000,human_decline_bot_rise,119,91,value,-0.3606778281189434,-0.4179213240857834,-0.7182407494897246,-0.1873736309556475,parameter_state,log_ratio_reference_day0
demo-human_decline_bot_rise-884000,human_decline_bot_rise,119,92,value,-0.3686778281189433,-0.4306640623336077,-0.7175302871391653,-0.1993216289365156,parameter_state,log_ratio_reference_day0
demo-human_decline_bot_rise-884000,human_decline_bot_rise,119,93,value,-0.3766778281189434,-0.4399072968131344,-0.7187859351390444,-0.2130341590437161,parameter_state,log_ratio_reference_day0
demo-human_decline_bot_rise-884000,human_decline_bot_rise,119,94,value,-0.3846778281189435,-0.444559981741555,-0.7232666262168024,-0.2241154040933571,parameter_state,log_ratio_reference_day0
demo-human_decline_bot_rise-884000,human_decline_bot_rise,119,95,value,-0.3926778281189433,-0.4532930984934635,-0.7284559277588007,-0.2351515571570945,parameter_state,log_ratio_reference_day0
demo-human_decline_bot_rise-884000,human_decline_bot_rise,119,96,value,-0.4006778281189433,-0.4599762865813547,-0.7348949539386044,-0.2366414921649163,parameter_state,log_ratio_reference_day0
demo-human_decline_bot_rise-884000,human_decline_bot_rise,119,97,value,-0.4086778281189434,-0.4695733589822624,-0.7378080437138648,-0.237743220130367,parameter_state,log_ratio_reference_day0
demo-human_decline_bot_rise-884000,human_decline_bot_rise,119,98,value,-0.4887365463162167,-0.4789613680981262,-0.7461809031867334,-0.2328544441962463,parameter_state,log_ratio_reference_day0
demo-human_decline_bot_rise-884000,human_decline_bot_rise,119,99,value,-0.4967365463162169,-0.4803271473358332,-0.756401948612671,-0.2382726649909846,parameter_state,log_ratio_reference_day0
demo-human_decline_bot_rise-884000,human_decline_bot_rise,119,100,value,-0.5047365463162167,-0.4789097554895642,-0.7728862968756864,-0.2361850290851283,parameter_state,log_ratio_reference_day0
demo-human_decline_bot_rise-884000,human_decline_bot_rise,119,101,value,-0.5127365463162168,-0.4794260516556877,-0.7893706451387018,-0.2273900513367542,parameter_state,log_ratio_reference_day0
demo-human_decline_bot_rise-884000,human_decline_bot_rise,119,102,value,-0.5207365463162169,-0.4793332299035616,-0.8035742948577396,-0.22078889864296,parameter_state,log_ratio_reference_day0
demo-human_decline_bot_rise-884000,human_decline_bot_rise,119,103,value,-0.5287365463162168,-0.4799236654694164,-0.8168665093661099,-0.2054161667103021,parameter_state,log_ratio_reference_day0
demo-human_decline_bot_rise-884000,human_decline_bot_rise,119,104,value,-0.5367365463162169,-0.4805503088228803,-0.8301587238744801,-0.1939683993824123,parameter_state,log_ratio_reference_day0
demo-human_decline_bot_rise-884000,human_decline_bot_rise,119,105,value,-0.5055622412707778,-0.481700061272541,-0.8437012928253476,-0.1914521037021193,parameter_state,log_ratio_reference_day0
demo-human_decline_bot_rise-884000,human_decline_bot_rise,119,106,value,-0.5135622412707778,-0.482219945540308,-0.8484047066509868,-0.1744819110653315,parameter_state,log_ratio_reference_day0
demo-human_decline_bot_rise-884000,human_decline_bot_rise,119,107,value,-0.521562241270778,-0.4868865579245658,-0.8479811957380884,-0.1815880666499774,parameter_state,log_ratio_reference_day0
demo-human_decline_bot_rise-884000,human_decline_bot_rise,119,108,value,-0.5295622412707778,-0.4881883630509724,-0.8432813715632799,-0.187998001346235,parameter_state,log_ratio_reference_day0
demo-human_decline_bot_rise-884000,human_decline_bot_rise,119,109,value,-0.537562241270778,-0.4907505735347833,-0.8435592147657897,-0.187278940865905,parameter_state,log_ratio_reference_day0
demo-human_decline_bot_rise-884000,human_decline_bot_rise,119,110,value,-0.5455622412707777,-0.4898288122716326,-0.8575651676459151,-0.1865598803855751,parameter_state,log_ratio_reference_day0
demo-human_decline_bot_rise-884000,human_decline_bot_rise,119,111,value,-0.5535622412707778,-0.4941507996439968,-0.8681293679192216,-0.1858408199052451,parameter_state,log_ratio_reference_day0
demo-human_decline_bot_rise-884000,human_decline_bot_rise,119,112,value,-0.5422748534660413,-0.4993349156798632,-0.8795381871331133,-0.1812266433977633,parameter_state,log_ratio_reference_day0
demo-human_decline_bot_rise-884000,human_decline_bot_rise,119,113,value,-0.5502748534660413,-0.4979048345696177,-0.8821975105332925,-0.1804371961956921,parameter_state,log_ratio_reference_day0
demo-human_decline_bot_rise-884000,human_decline_bot_rise,119,114,value,-0.5582748534660414,-0.4987558676157093,-0.8848568339334718,-0.1762481651829991,parameter_state,log_ratio_reference_day0
demo-human_decline_bot_rise-884000,human_decline_bot_rise,119,115,value,-0.5662748534660412,-0.4967678921810829,-0.8843757459075898,-0.1841364136818686,parameter_state,log_ratio_reference_day0
demo-human_decline_bot_rise-884000,human_decline_bot_rise,119,116,value,-0.5742748534660411,-0.4978569527013389,-0.8829150485249062,-0.1626952700143263,parameter_state,log_ratio_reference_day0
demo-human_decline_bot_rise-884000,human_decline_bot_rise,119,117,value,-0.5822748534660412,-0.5002551151862831,-0.8791303970530077,-0.1354532166800176,parameter_state,log_ratio_reference_day0
demo-human_decline_bot_rise-884000,human_decline_bot_rise,119,118,value,-0.5902748534660414,-0.5047333948179302,-0.8916584904457832,-0.1138970324801924,parameter_state,log_ratio_reference_day0
demo-human_decline_bot_rise-884000,human_decline_bot_rise,119,119,value,-0.671406885872264,-0.5047089212398861,-0.9029451340498014,-0.0972653269743794,parameter_state,log_ratio_reference_day0
demo-human_decline_bot_rise-884000,human_decline_bot_rise,119,120,value,-0.679406885872264,-0.5053549861499158,-0.8953911551035498,-0.0960209550343147,parameter_state,log_ratio_reference_day0
demo-human_decline_bot_rise-884000,human_decline_bot_rise,119,121,value,-0.6874068858722643,-0.5003120479452651,-0.8885076877190846,-0.118212848866585,parameter_state,log_ratio_reference_day0
demo-human_decline_bot_rise-884000,human_decline_bot_rise,119,122,value,-0.6954068858722642,-0.4983496900502227,-0.8800849293825298,-0.1163173331735892,parameter_state,log_ratio_reference_day0
demo-human_decline_bot_rise-884000,human_decline_bot_rise,119,123,value,-0.7034068858722643,-0.4989994862436734,-0.8824044290016201,-0.1028973313276762,parameter_state,log_ratio_reference_day0
demo-human_decline_bot_rise-884000,human_decline_bot_rise,119,124,value,-0.7114068858722641,-0.4934633443016503,-0.895109337771511,-0.1002318073550895,parameter_state,log_ratio_reference_day0
demo-human_decline_bot_rise-884000,human_decline_bot_rise,119,125,value,-0.719406885872264,-0.491993046432246,-0.9172667692518962,-0.0878321741127161,parameter_state,log_ratio_reference_day0
demo-human_decline_bot_rise-884000,human_decline_bot_rise,119,126,value,-0.6679149961673596,-0.4893545027661881,-0.9294830714692304,-0.0682089765001925,parameter_state,log_ratio_reference_day0
demo-human_decline_bot_rise-884000,human_decline_bot_rise,119,127,value,-0.6679149961673596,-0.4948894612056365,-0.9381376623001564,-0.0612985748500567,parameter_state,log_ratio_reference_day0
demo-human_decline_bot_rise-884000,human_decline_bot_rise,119,128,value,-0.6679149961673596,-0.4982319426481789,-0.9524533661367044,-0.0527703948217691,parameter_state,log_ratio_reference_day0
demo-human_decline_bot_rise-884000,human_decline_bot_rise,119,129,value,-0.6679149961673596,-0.4960016055978593,-0.9546075941530436,-0.0392571458174423,parameter_state,log_ratio_reference_day0
demo-human_decline_bot_rise-884000,human_decline_bot_rise,119,130,value,-0.6679149961673596,-0.4958941936622444,-0.952240268088852,-0.0257438968131155,parameter_state,log_ratio_reference_day0
demo-human_decline_bot_rise-884000,human_decline_bot_rise,119,131,value,-0.6679149961673596,-0.4978143016203355,-0.953404024707404,-0.0122306478087887,parameter_state,log_ratio_reference_day0
demo-human_decline_bot_rise-884000,human_decline_bot_rise,119,132,value,-0.6679149961673596,-0.5013779839097282,-0.9646288721599928,-0.0010822848166567,parameter_state,log_ratio_reference_day0
demo-human_decline_bot_rise-884000,human_decline_bot_rise,119,133,value,-0.6773582404716415,-0.5029500807118463,-0.9693946379616636,0.0058695527992235,parameter_state,log_ratio_reference_day0
demo-human_decline_bot_rise-884000,human_decline_bot_rise,119,134,value,-0.6773582404716415,-0.4968548223902268,-0.961334871537219,-0.0050762936175073,parameter_state,log_ratio_reference_day0
demo-human_decline_bot_rise-884000,human_decline_bot_rise,119,135,value,-0.6773582404716415,-0.5023136335925367,-0.959179756400461,-0.014275266710827,parameter_state,log_ratio_reference_day0
demo-human_decline_bot_rise-884000,human_decline_bot_rise,119,136,value,-0.6773582404716415,-0.5015959029539729,-0.9640393203997126,-0.0078609165254385,parameter_state,log_ratio_reference_day0
demo-human_decline_bot_rise-884000,human_decline_bot_rise,119,137,value,-0.6773582404716415,-0.4981520403743887,-0.9555204325094884,-0.0071395407822227,parameter_state,log_ratio_reference_day0
demo-human_decline_bot_rise-884000,human_decline_bot_rise,119,138,value,-0.6773582404716415,-0.4899387808294289,-0.9557953235683924,-0.0124590746380814,parameter_state,log_ratio_reference_day0
demo-human_decline_bot_rise-884000,human_decline_bot_rise,119,139,value,-0.6773582404716415,-0.4859596450736141,-0.957795601479178,-0.0129351459698982,parameter_state,log_ratio_reference_day0
demo-human_decline_bot_rise-884000,human_decline_bot_rise,119,140,value,-0.6896755988716521,-0.4827895934959462,-0.9597958793899632,-0.0126199928021703,parameter_state,log_ratio_reference_day0
demo-human_decline_bot_rise-884000,human_decline_bot_rise,119,141,value,-0.6896755988716521,-0.4856366076372626,-0.9403687206510672,-0.001368356332774,parameter_state,log_ratio_reference_day0
demo-human_decline_bot_rise-884000,human_decline_bot_rise,119,142,value,-0.6896755988716521,-0.4792575419753909,-0.9527893713140244,-0.0132718870325385,parameter_state,log_ratio_reference_day0
demo-human_decline_bot_rise-884000,human_decline_bot_rise,119,143,value,-0.6896755988716521,-0.4827599730377681,-0.9742617386191694,-0.0088370520610769,parameter_state,log_ratio_reference_day0
demo-human_decline_bot_rise-884000,human_decline_bot_rise,119,144,value,-0.6896755988716521,-0.4790552478661269,-0.985220391366039,0.002645623681552,parameter_state,log_ratio_reference_day0
demo-human_decline_bot_rise-884000,human_decline_bot_rise,119,145,value,-0.6896755988716521,-0.4731139511000217,-0.9880569876025868,0.0148620007200063,parameter_state,log_ratio_reference_day0
demo-human_decline_bot_rise-884000,human_decline_bot_rise,119,146,value,-0.6896755988716521,-0.4768155069097528,-0.9942206589528086,0.0283219509698633,parameter_state,log_ratio_reference_day0
demo-human_decline_bot_rise-884000,human_decline_bot_rise,119,147,value,-0.6627466033227187,-0.4750202307738158,-1.0058404195157271,0.03481019379632,parameter_state,log_ratio_reference_day0
demo-human_decline_bot_rise-884000,human_decline_bot_rise,119,148,value,-0.6627466033227187,-0.4805457185920196,-1.0086259158861266,0.0446633144570589,parameter_state,log_ratio_reference_day0
demo-human_decline_bot_rise-884000,human_decline_bot_rise,119,149,value,-0.6627466033227187,-0.4837846208988817,-1.020586285609578,0.0445062845980706,parameter_state,log_ratio_reference_day0
demo-human_decline_bot_rise-884000,human_decline_bot_rise,119,150,value,-0.6627466033227187,-0.4827179449628036,-1.0335806791974411,0.0462082075635632,parameter_state,log_ratio_reference_day0
demo-human_decline_bot_rise-884000,human_decline_bot_rise,119,151,value,-0.6627466033227187,-0.4777755821138962,-1.0426962885499054,0.0425752636697618,parameter_state,log_ratio_reference_day0
demo-human_decline_bot_rise-884000,human_decline_bot_rise,119,152,value,-0.6627466033227187,-0.4791048576624633,-1.0443283879094936,0.0329022642763149,parameter_state,log_ratio_reference_day0
demo-human_decline_bot_rise-884000,human_decline_bot_rise,119,153,value,-0.6627466033227187,-0.4768866775475008,-1.0426111944579877,0.0390886147792551,parameter_state,log_ratio_reference_day0
demo-human_decline_bot_rise-884000,human_decline_bot_rise,119,154,value,-0.6851618566129837,-0.4761703932041123,-1.0442717950070886,0.0474126133681115,parameter_state,log_ratio_reference_day0
demo-human_decline_bot_rise-884000,human_decline_bot_rise,119,155,value,-0.6851618566129837,-0.4762223870109184,-1.0467130759238563,0.0494809699452895,parameter_state,log_ratio_reference_day0
demo-human_decline_bot_rise-884000,human_decline_bot_rise,119,156,value,-0.6851618566129837,-0.4809816077976773,-1.049154356840624,0.0495335010702575,parameter_state,log_ratio_reference_day0
demo-human_decline_bot_rise-884000,human_decline_bot_rise,119,157,value,-0.6851618566129837,-0.4865278308944231,-1.0515956377573918,0.0401017255264286,parameter_state,log_ratio_reference_day0
demo-human_decline_bot_rise-884000,human_decline_bot_rise,119,158,value,-0.6851618566129837,-0.4879774350390449,-1.05974991308863,0.0308383784732845,parameter_state,log_ratio_reference_day0
demo-human_decline_bot_rise-884000,human_decline_bot_rise,119,159,value,-0.6851618566129837,-0.4877442854658012,-1.064738474642591,0.0318695028462403,parameter_state,log_ratio_reference_day0
demo-human_decline_bot_rise-884000,human_decline_bot_rise,119,160,value,-0.6851618566129837,-0.4827078160832826,-1.0700058339000629,0.0421740594793592,parameter_state,log_ratio_reference_day0
demo-human_decline_bot_rise-884000,human_decline_bot_rise,119,161,value,-0.6630380298434964,-0.4858178409510442,-1.0803761372215457,0.044389183118237,parameter_state,log_ratio_reference_day0
demo-human_decline_bot_rise-884000,human_decline_bot_rise,119,162,value,-0.6630380298434964,-0.4814197844973391,-1.0597693682678386,0.035871404485501,parameter_state,log_ratio_reference_day0
demo-human_decline_bot_rise-884000,human_decline_bot_rise,119,163,value,-0.6630380298434964,-0.4807668012410546,-1.0432338566007548,0.0348845073394277,parameter_state,log_ratio_reference_day0
demo-human_decline_bot_rise-884000,human_decline_bot_rise,119,164,value,-0.6630380298434964,-0.481392266704518,-1.0347504630198248,0.0414071059955425,parameter_state,log_ratio_reference_day0
demo-human_decline_bot_rise-884000,human_decline_bot_rise,119,165,value,-0.6630380298434964,-0.478659549343519,-1.0289832499894749,0.0483509915271374,parameter_state,log_ratio_reference_day0
demo-human_decline_bot_rise-884000,human_decline_bot_rise,119,166,value,-0.6630380298434964,-0.4761737342444533,-1.034376508469136,0.0394004163622105,parameter_state,log_ratio_reference_day0
demo-human_decline_bot_rise-884000,human_decline_bot_rise,119,167,value,-0.6630380298434964,-0.4678377624766588,-1.0429413470846338,0.0342383406792032,parameter_state,log_ratio_reference_day0
demo-human_decline_bot_rise-884000,human_decline_bot_rise,119,168,value,-0.6401832387609824,-0.462645153928549,-1.0473779504092815,0.0434400470044782,parameter_state,log_ratio_reference_day0
demo-human_decline_bot_rise-884000,human_decline_bot_rise,119,169,value,-0.6401832387609824,-0.462814836827798,-1.0475342617871533,0.0431493198847714,parameter_state,log_ratio_reference_day0
demo-human_decline_bot_rise-884000,human_decline_bot_rise,119,170,value,-0.6401832387609824,-0.4607559075823048,-1.0491434837602884,0.0360993466324418,parameter_state,log_ratio_reference_day0
demo-human_decline_bot_rise-884000,human_decline_bot_rise,119,171,value,-0.6401832387609824,-0.4606280577885948,-1.0513467590294103,0.0318604773557653,parameter_state,log_ratio_reference_day0
demo-human_decline_bot_rise-884000,human_decline_bot_rise,119,172,value,-0.6401832387609824,-0.4641818949419389,-1.0535500342985324,0.0343084311400807,parameter_state,log_ratio_reference_day0
demo-human_decline_bot_rise-884000,human_decline_bot_rise,119,173,value,-0.6401832387609824,-0.4685640098899744,-1.0557533095676543,0.0473778842728125,parameter_state,log_ratio_reference_day0
demo-human_decline_bot_rise-884000,human_decline_bot_rise,119,174,value,-0.6401832387609824,-0.4715601188507652,-1.0654913471355922,0.0506051943729232,parameter_state,log_ratio_reference_day0
demo-human_decline_bot_rise-884000,human_decline_bot_rise,119,175,value,-0.671500997452077,-0.4776935305734899,-1.0774278664176205,0.0574544875285856,parameter_state,log_ratio_reference_day0
demo-human_decline_bot_rise-884000,human_decline_bot_rise,119,176,value,-0.671500997452077,-0.472822728223444,-1.0836452881061889,0.046463104653914,parameter_state,log_ratio_reference_day0
demo-human_decline_bot_rise-884000,human_decline_bot_rise,119,177,value,-0.671500997452077,-0.4722933753926962,-1.094270463235835,0.0482657001663167,parameter_state,log_ratio_reference_day0
demo-human_decline_bot_rise-884000,human_decline_bot_rise,119,178,value,-0.671500997452077,-0.4752272634721462,-1.0928883056107763,0.0488029142255942,parameter_state,log_ratio_reference_day0
demo-human_decline_bot_rise-884000,human_decline_bot_rise,119,179,value,-0.671500997452077,-0.4740976853816345,-1.0861460796356863,0.0490726197613878,parameter_state,log_ratio_reference_day0
demo-human_decline_bot_rise-884000,human_decline_bot_rise,119,180,value,-0.671500997452077,-0.4736165527439456,-1.0911160075385191,0.050594622954303,parameter_state,log_ratio_reference_day0
demo-human_decline_bot_rise-884000,human_decline_bot_rise,119,181,value,-0.671500997452077,-0.4725723931775996,-1.118664322411698,0.0561951549476462,parameter_state,log_ratio_reference_day0
demo-human_decline_bot_rise-884000,human_decline_bot_rise,119,182,value,-0.7026559141739956,-0.4717618737849125,-1.1270840136886775,0.0656992695208679,parameter_state,log_ratio_reference_day0
demo-human_decline_bot_rise-884000,human_decline_bot_rise,119,183,value,-0.7026559141739956,-0.4740081923988121,-1.1233958592691349,0.065072724791621,parameter_state,log_ratio_reference_day0
demo-human_decline_bot_rise-884000,human_decline_bot_rise,119,184,value,-0.7026559141739956,-0.4733454521016926,-1.1312394055149406,0.0714341843313435,parameter_state,log_ratio_reference_day0
demo-human_decline_bot_rise-884000,human_decline_bot_rise,119,185,value,-0.7026559141739956,-0.4690726447331154,-1.1431204821985914,0.0903302714002444,parameter_state,log_ratio_reference_day0
demo-human_decline_bot_rise-884000,human_decline_bot_rise,119,186,value,-0.7026559141739956,-0.4662369899863893,-1.1335610334354191,0.10134481991985,parameter_state,log_ratio_reference_day0
demo-human_decline_bot_rise-884000,human_decline_bot_rise,119,187,value,-0.7026559141739956,-0.4707731718236032,-1.118436852485503,0.1269922498682854,parameter_state,log_ratio_reference_day0
demo-human_decline_bot_rise-884000,human_decline_bot_rise,119,188,value,-0.7026559141739956,-0.4722434071446614,-1.115936142852607,0.1526396798167206,parameter_state,log_ratio_reference_day0
demo-human_decline_bot_rise-884000,human_decline_bot_rise,119,189,value,-0.675633970430537,-0.4740870193851769,-1.1245166607276604,0.1684546265695765,parameter_state,log_ratio_reference_day0
demo-human_decline_bot_rise-884000,human_decline_bot_rise,119,190,value,-0.675633970430537,-0.4734910649074096,-1.152274776002296,0.1693620201198773,parameter_state,log_ratio_reference_day0
demo-human_decline_bot_rise-884000,human_decline_bot_rise,119,191,value,-0.675633970430537,-0.4782011731326215,-1.1828152017208655,0.1702694136701782,parameter_state,log_ratio_reference_day0
demo-human_decline_bot_rise-884000,human_decline_bot_rise,119,192,value,-0.675633970430537,-0.4786029306480636,-1.2139598664153737,0.171176807220479,parameter_state,log_ratio_reference_day0
demo-human_decline_bot_rise-884000,human_decline_bot_rise,119,193,value,-0.675633970430537,-0.4818488775123123,-1.2426361579149008,0.1720842007707798,parameter_state,log_ratio_reference_day0
demo-human_decline_bot_rise-884000,human_decline_bot_rise,119,194,value,-0.675633970430537,-0.4786724327350715,-1.2453972490284937,0.1729915943210807,parameter_state,log_ratio_reference_day0
demo-human_decline_bot_rise-884000,human_decline_bot_rise,119,195,value,-0.675633970430537,-0.4835514415780195,-1.2451256224600316,0.1738989878713815,parameter_state,log_ratio_reference_day0
demo-human_decline_bot_rise-884000,human_decline_bot_rise,119,196,value,-0.6361072409570843,-0.4863429654817157,-1.2282211642643448,0.1748063814216824,parameter_state,log_ratio_reference_day0
demo-human_decline_bot_rise-884000,human_decline_bot_rise,119,197,value,-0.6361072409570843,-0.4835848430328859,-1.2256386870499694,0.1664052629880466,parameter_state,log_ratio_reference_day0
demo-human_decline_bot_rise-884000,human_decline_bot_rise,119,198,value,-0.6361072409570843,-0.4809496914041358,-1.2231764510581364,0.1591261396633346,parameter_state,log_ratio_reference_day0
demo-human_decline_bot_rise-884000,human_decline_bot_rise,119,199,value,-0.6361072409570843,-0.4878709945579804,-1.2207142150663035,0.1547033191333953,parameter_state,log_ratio_reference_day0
demo-human_decline_bot_rise-884000,human_decline_bot_rise,119,200,value,-0.6361072409570843,-0.4855165887138591,-1.2182519790744708,0.150280498603456,parameter_state,log_ratio_reference_day0
demo-human_decline_bot_rise-884000,human_decline_bot_rise,119,201,value,-0.6361072409570843,-0.4877654784801796,-1.215789743082638,0.1348959856628547,parameter_state,log_ratio_reference_day0
demo-human_decline_bot_rise-884000,human_decline_bot_rise,119,202,value,-0.6361072409570843,-0.478204512143057,-1.213327507090805,0.139726322830498,parameter_state,log_ratio_reference_day0
demo-human_decline_bot_rise-884000,human_decline_bot_rise,119,203,value,-0.6684158739985411,-0.477893959289403,-1.2108652710989722,0.1370120370136381,parameter_state,log_ratio_reference_day0
demo-human_decline_bot_rise-884000,human_decline_bot_rise,119,204,value,-0.6684158739985411,-0.4880125033049995,-1.2041127066650883,0.1419500778996067,parameter_state,log_ratio_reference_day0
demo-human_decline_bot_rise-884000,human_decline_bot_rise,119,205,value,-0.6684158739985411,-0.4935168712151423,-1.197360142231204,0.1347119270195512,parameter_state,log_ratio_reference_day0
demo-human_decline_bot_rise-884000,human_decline_bot_rise,119,206,value,-0.6684158739985411,-0.4812468106193118,-1.200494352270426,0.1381308519912652,parameter_state,log_ratio_reference_day0
demo-human_decline_bot_rise-884000,human_decline_bot_rise,119,207,value,-0.6684158739985411,-0.47324790932888,-1.2053747715759928,0.1480263336285333,parameter_state,log_ratio_reference_day0
demo-human_decline_bot_rise-884000,human_decline_bot_rise,119,208,value,-0.6684158739985411,-0.4682603881665773,-1.2152965335468673,0.1570256130124655,parameter_state,log_ratio_reference_day0
demo-human_decline_bot_rise-884000,human_decline_bot_rise,119,209,value,-0.6684158739985411,-0.4641207834543255,-1.2283194680076988,0.1488241384546462,parameter_state,log_ratio_reference_day0
demo-human_decline_bot_rise-884000,human_decline_bot_rise,119,210,value,-0.6969688339802455,-0.4628241402891623,-1.2296317484332688,0.1439436224714889,parameter_state,log_ratio_reference_day0
demo-human_decline_bot_rise-884000,human_decline_bot_rise,119,211,value,-0.6969688339802455,-0.4651823247319779,-1.2308208294566132,0.1359777626819768,parameter_state,log_ratio_reference_day0
demo-human_decline_bot_rise-884000,human_decline_bot_rise,119,212,value,-0.6969688339802455,-0.4661677596653808,-1.217453414956235,0.1404972814649746,parameter_state,log_ratio_reference_day0
demo-human_decline_bot_rise-884000,human_decline_bot_rise,119,213,value,-0.6969688339802455,-0.4685936331483625,-1.204086000455857,0.1609388563157349,parameter_state,log_ratio_reference_day0
demo-human_decline_bot_rise-884000,human_decline_bot_rise,119,214,value,-0.6969688339802455,-0.4667841256468564,-1.1913909304498458,0.1715294690699816,parameter_state,log_ratio_reference_day0
demo-human_decline_bot_rise-884000,human_decline_bot_rise,119,215,value,-0.6969688339802455,-0.4647691756309332,-1.1887589508783776,0.1702013739432142,parameter_state,log_ratio_reference_day0
demo-human_decline_bot_rise-884000,human_decline_bot_rise,119,216,value,-0.6969688339802455,-0.4617819409357412,-1.1930590314233505,0.1688732788164468,parameter_state,log_ratio_reference_day0
demo-human_decline_bot_rise-884000,human_decline_bot_rise,119,217,value,-0.6815682601303038,-0.4573589974033144,-1.2108213085390147,0.1675451836896793,parameter_state,log_ratio_reference_day0
demo-human_decline_bot_rise-884000,human_decline_bot_rise,119,218,value,-0.6815682601303038,-0.4592697428617687,-1.1992307835113407,0.1675597561122114,parameter_state,log_ratio_reference_day0
demo-human_decline_bot_rise-884000,human_decline_bot_rise,119,219,value,-0.6815682601303038,-0.4591120744745638,-1.1883416048574933,0.1689101673557583,parameter_state,log_ratio_reference_day0
demo-human_decline_bot_rise-884000,human_decline_bot_rise,119,220,value,-0.6815682601303038,-0.4572130219283562,-1.197199773646689,0.1879995545540291,parameter_state,log_ratio_reference_day0
demo-human_decline_bot_rise-884000,human_decline_bot_rise,119,221,value,-0.6815682601303038,-0.4519935692240439,-1.2122697340819937,0.1819637015131067,parameter_state,log_ratio_reference_day0
demo-human_decline_bot_rise-884000,human_decline_bot_rise,119,222,value,-0.6815682601303038,-0.4520334861784173,-1.2270466099995907,0.1684881169176202,parameter_state,log_ratio_reference_day0
demo-human_decline_bot_rise-884000,human_decline_bot_rise,119,223,value,-0.6815682601303038,-0.458168426681434,-1.2169003024831666,0.1529507549308827,parameter_state,log_ratio_reference_day0
demo-human_decline_bot_rise-884000,human_decline_bot_rise,119,224,value,-0.6750145329797311,-0.4610335769719581,-1.211167362493259,0.1493953666484404,parameter_state,log_ratio_reference_day0
demo-human_decline_bot_rise-884000,human_decline_bot_rise,119,225,value,-0.6750145329797311,-0.4617262958588214,-1.2143707445577296,0.1402087986279742,parameter_state,log_ratio_reference_day0
demo-human_decline_bot_rise-884000,human_decline_bot_rise,119,226,value,-0.6750145329797311,-0.4602232903915633,-1.2175741266222002,0.1426408394550947,parameter_state,log_ratio_reference_day0
demo-human_decline_bot_rise-884000,human_decline_bot_rise,119,227,value,-0.6750145329797311,-0.463419933475898,-1.2207775086866708,0.1463343636679846,parameter_state,log_ratio_reference_day0
demo-human_decline_bot_rise-884000,human_decline_bot_rise,119,228,value,-0.6750145329797311,-0.4628922149272843,-1.2283494472537295,0.1518338918528072,parameter_state,log_ratio_reference_day0
demo-human_decline_bot_rise-884000,human_decline_bot_rise,119,229,value,-0.6750145329797311,-0.4644155832304307,-1.227263398085992,0.1565580137689732,parameter_state,log_ratio_reference_day0
demo-human_decline_bot_rise-884000,human_decline_bot_rise,119,230,value,-0.6750145329797311,-0.4641453570426015,-1.2227308658702496,0.1628329482224525,parameter_state,log_ratio_reference_day0
demo-human_decline_bot_rise-884000,human_decline_bot_rise,119,231,value,-0.6780689992495632,-0.4655871460873803,-1.2126829105621932,0.1730147714738187,parameter_state,log_ratio_reference_day0
demo-human_decline_bot_rise-884000,human_decline_bot_rise,119,232,value,-0.6780689992495632,-0.462598196794258,-1.2180021374931451,0.162473922947908,parameter_state,log_ratio_reference_day0
demo-human_decline_bot_rise-884000,human_decline_bot_rise,119,233,value,-0.6780689992495632,-0.4565255896306215,-1.22923633397752,0.1582867303766016,parameter_state,log_ratio_reference_day0
demo-human_decline_bot_rise-884000,human_decline_bot_rise,119,234,value,-0.6780689992495632,-0.4572969676643968,-1.2300051237587015,0.1540995378052952,parameter_state,log_ratio_reference_day0
demo-human_decline_bot_rise-884000,human_decline_bot_rise,119,235,value,-0.6780689992495632,-0.459604677283515,-1.227159983396516,0.1602616859829451,parameter_state,log_ratio_reference_day0
demo-human_decline_bot_rise-884000,human_decline_bot_rise,119,236,value,-0.6780689992495632,-0.4628664478054108,-1.217173918147595,0.1752392081799458,parameter_state,log_ratio_reference_day0
demo-human_decline_bot_rise-884000,human_decline_bot_rise,119,237,value,-0.6780689992495632,-0.4657654529750321,-1.2133751752460789,0.1827671391094554,parameter_state,log_ratio_reference_day0
demo-human_decline_bot_rise-884000,human_decline_bot_rise,119,238,value,-0.63843559065421,-0.466135614680745,-1.2158828751561963,0.1869929801273261,parameter_state,log_ratio_reference_day0
demo-human_decline_bot_rise-884000,human_decline_bot_rise,119,239,value,-0.63843559065421,-0.4661154716059479,-1.2226182237962977,0.1921939624428371,parameter_state,log_ratio_reference_day0
demo-human_decline_bot_rise-884000,human_decline_bot_rise,119,240,value,-0.63843559065421,-0.466637832020917,-1.2293535724363989,0.1942847012718044,parameter_state,log_ratio_reference_day0
demo-human_decline_bot_rise-884000,human_decline_bot_rise,119,241,value,-0.63843559065421,-0.4610946158052922,-1.2345015156945158,0.1925108077384628,parameter_state,log_ratio_reference_day0
demo-human_decline_bot_rise-884000,human_decline_bot_rise,119,242,value,-0.63843559065421,-0.4640201858375905,-1.2369110255592488,0.1913477489356506,parameter_state,log_ratio_reference_day0
demo-human_decline_bot_rise-884000,human_decline_bot_rise,119,243,value,-0.63843559065421,-0.4573245016884962,-1.2423803783060323,0.1866943122732198,parameter_state,log_ratio_reference_day0
demo-human_decline_bot_rise-884000,human_decline_bot_rise,119,244,value,-0.63843559065421,-0.4612077146973891,-1.2551347674923352,0.1797382312476699,parameter_state,log_ratio_reference_day0
demo-human_decline_bot_rise-884000,human_decline_bot_rise,119,245,value,-0.6486847225000386,-0.453403741150406,-1.267383416364822,0.1787865716499897,parameter_state,log_ratio_reference_day0
demo-human_decline_bot_rise-884000,human_decline_bot_rise,119,246,value,-0.6486847225000386,-0.4539703304829747,-1.264685080455788,0.1757934264454766,parameter_state,log_ratio_reference_day0
demo-human_decline_bot_rise-884000,human_decline_bot_rise,119,247,value,-0.6486847225000386,-0.4449632600910682,-1.2613677473916254,0.1866270387779042,parameter_state,log_ratio_reference_day0
demo-human_decline_bot_rise-884000,human_decline_bot_rise,119,248,value,-0.6486847225000386,-0.4415190734425348,-1.2612669207605165,0.1967147086740578,parameter_state,log_ratio_reference_day0
demo-human_decline_bot_rise-884000,human_decline_bot_rise,119,249,value,-0.6486847225000386,-0.4409432202399146,-1.2494397846882936,0.2113151516356428,parameter_state,log_ratio_reference_day0
demo-human_decline_bot_rise-884000,human_decline_bot_rise,119,250,value,-0.6486847225000386,-0.4450763809786795,-1.239269308403421,0.2170244016111426,parameter_state,log_ratio_reference_day0
demo-human_decline_bot_rise-884000,human_decline_bot_rise,119,251,value,-0.6486847225000386,-0.4461535697497009,-1.229847086326847,0.2197167698268949,parameter_state,log_ratio_reference_day0
demo-human_decline_bot_rise-884000,human_decline_bot_rise,119,252,value,-0.6818273291172146,-0.4461137753468372,-1.2279882340274229,0.2278789664224649,parameter_state,log_ratio_reference_day0
demo-human_decline_bot_rise-884000,human_decline_bot_rise,119,253,value,-0.6818273291172146,-0.4394809439414691,-1.245624420967255,0.227978436921888,parameter_state,log_ratio_reference_day0
demo-human_decline_bot_rise-884000,human_decline_bot_rise,119,254,value,-0.6818273291172146,-0.4365407993975233,-1.2608566215504842,0.2296164123220285,parameter_state,log_ratio_reference_day0
demo-human_decline_bot_rise-884000,human_decline_bot_rise,119,255,value,-0.6818273291172146,-0.4379906304695281,-1.2664001865246943,0.2379549471971471,parameter_state,log_ratio_reference_day0
demo-human_decline_bot_rise-884000,human_decline_bot_rise,119,256,value,-0.6818273291172146,-0.4380324820152279,-1.2794825547051607,0.2484006099771016,parameter_state,log_ratio_reference_day0
demo-human_decline_bot_rise-884000,human_decline_bot_rise,119,257,value,-0.6818273291172146,-0.4361291636234778,-1.293649797885614,0.2440372694211986,parameter_state,log_ratio_reference_day0
demo-human_decline_bot_rise-884000,human_decline_bot_rise,119,258,value,-0.6818273291172146,-0.4453284152579237,-1.2989686894171264,0.2483830339971517,parameter_state,log_ratio_reference_day0
demo-human_decline_bot_rise-884000,human_decline_bot_rise,119,259,value,-0.703099788418772,-0.4415368158859034,-1.3083189564278273,0.2538197806754407,parameter_state,log_ratio_reference_day0
demo-human_decline_bot_rise-884000,human_decline_bot_rise,119,260,value,-0.703099788418772,-0.4411438431795595,-1.3092785004702832,0.2555763259566601,parameter_state,log_ratio_reference_day0
demo-human_decline_bot_rise-884000,human_decline_bot_rise,119,261,value,-0.703099788418772,-0.4378591138014136,-1.3142694199919274,0.2467791587788307,parameter_state,log_ratio_reference_day0
demo-human_decline_bot_rise-884000,human_decline_bot_rise,119,262,value,-0.703099788418772,-0.443034187197559,-1.3152560245517004,0.2645356426269189,parameter_state,log_ratio_reference_day0
demo-human_decline_bot_rise-884000,human_decline_bot_rise,119,263,value,-0.703099788418772,-0.4392581403575945,-1.3120419647826758,0.2929768478956051,parameter_state,log_ratio_reference_day0
demo-human_decline_bot_rise-884000,human_decline_bot_rise,119,264,value,-0.703099788418772,-0.4521434895310379,-1.308827905013651,0.3245341313745787,parameter_state,log_ratio_reference_day0
demo-human_decline_bot_rise-884000,human_decline_bot_rise,119,265,value,-0.703099788418772,-0.457347966860846,-1.3056138452446266,0.3268702223806844,parameter_state,log_ratio_reference_day0
demo-human_decline_bot_rise-884000,human_decline_bot_rise,119,266,value,-0.6539000566212272,-0.45438638632922,-1.302399785475602,0.335524663992658,parameter_state,log_ratio_reference_day0
demo-human_decline_bot_rise-884000,human_decline_bot_rise,119,267,value,-0.6539000566212272,-0.451328724820933,-1.3154339496089218,0.3348985174608986,parameter_state,log_ratio_reference_day0
demo-human_decline_bot_rise-884000,human_decline_bot_rise,119,268,value,-0.6539000566212272,-0.4373722747999237,-1.317710857040793,0.3287301943012945,parameter_state,log_ratio_reference_day0
demo-human_decline_bot_rise-884000,human_decline_bot_rise,119,269,value,-0.6539000566212272,-0.445859597142294,-1.2983671859125754,0.3207892405278992,parameter_state,log_ratio_reference_day0
demo-human_decline_bot_rise-884000,human_decline_bot_rise,119,270,value,-0.6539000566212272,-0.4445322327159621,-1.2864853825808162,0.3151783810910373,parameter_state,log_ratio_reference_day0
demo-human_decline_bot_rise-884000,human_decline_bot_rise,119,271,value,-0.6539000566212272,-0.4447037987798838,-1.2759423501620617,0.3203356749940924,parameter_state,log_ratio_reference_day0
demo-human_decline_bot_rise-884000,human_decline_bot_rise,119,272,value,-0.6539000566212272,-0.437896792157775,-1.2678810915883985,0.326919028767912,parameter_state,log_ratio_reference_day0
demo-human_decline_bot_rise-884000,human_decline_bot_rise,119,273,value,-0.6675633670740022,-0.4375357119584476,-1.2813303937613103,0.3323227234947019,parameter_state,log_ratio_reference_day0
demo-human_decline_bot_rise-884000,human_decline_bot_rise,119,274,value,-0.6675633670740022,-0.449719200094461,-1.2711924600362885,0.3218487531844547,parameter_state,log_ratio_reference_day0
demo-human_decline_bot_rise-884000,human_decline_bot_rise,119,275,value,-0.6675633670740022,-0.4391101149515523,-1.261413091501704,0.3101951238271779,parameter_state,log_ratio_reference_day0
demo-human_decline_bot_rise-884000,human_decline_bot_rise,119,276,value,-0.6675633670740022,-0.4391760868083719,-1.2527472541725004,0.2985414944699011,parameter_state,log_ratio_reference_day0
demo-human_decline_bot_rise-884000,human_decline_bot_rise,119,277,value,-0.6675633670740022,-0.4306869299932102,-1.2571847664105325,0.2868878651126243,parameter_state,log_ratio_reference_day0
demo-human_decline_bot_rise-884000,human_decline_bot_rise,119,278,value,-0.6675633670740022,-0.4363892104441217,-1.2682563497501176,0.2798099885922515,parameter_state,log_ratio_reference_day0
demo-human_decline_bot_rise-884000,human_decline_bot_rise,119,279,value,-0.6675633670740022,-0.4355986484748286,-1.286882186234445,0.2787367684652798,parameter_state,log_ratio_reference_day0
demo-human_decline_bot_rise-884000,human_decline_bot_rise,119,280,value,-0.6814389991457321,-0.4311902766794987,-1.2967201946493587,0.2811514496830037,parameter_state,log_ratio_reference_day0
demo-human_decline_bot_rise-884000,human_decline_bot_rise,119,281,value,-0.6814389991457321,-0.4391214231797951,-1.2916679659458234,0.303340868954955,parameter_state,log_ratio_reference_day0
demo-human_decline_bot_rise-884000,human_decline_bot_rise,119,282,value,-0.6814389991457321,-0.4402528968285448,-1.2885188077411502,0.3265344321203208,parameter_state,log_ratio_reference_day0
demo-human_decline_bot_rise-884000,human_decline_bot_rise,119,283,value,-0.6814389991457321,-0.4460925545328683,-1.2889892857257756,0.3406588977796107,parameter_state,log_ratio_reference_day0
demo-human_decline_bot_rise-884000,human_decline_bot_rise,119,284,value,-0.6814389991457321,-0.4399534787916648,-1.2894597637104006,0.3544820298477904,parameter_state,log_ratio_reference_day0
demo-human_decline_bot_rise-884000,human_decline_bot_rise,119,285,value,-0.6814389991457321,-0.436540769196177,-1.289930241695026,0.3683051619159701,parameter_state,log_ratio_reference_day0
demo-human_decline_bot_rise-884000,human_decline_bot_rise,119,286,value,-0.6814389991457321,-0.4311766262272051,-1.294349886114293,0.3821282939841498,parameter_state,log_ratio_reference_day0
demo-human_decline_bot_rise-884000,human_decline_bot_rise,119,287,value,-0.6321992951410443,-0.436210089227092,-1.3034392183432586,0.3938243868833216,parameter_state,log_ratio_reference_day0
demo-human_decline_bot_rise-884000,human_decline_bot_rise,119,288,value,-0.6321992951410443,-0.4365227433366165,-1.3077620364386044,0.3994989430737657,parameter_state,log_ratio_reference_day0
demo-human_decline_bot_rise-884000,human_decline_bot_rise,119,289,value,-0.6321992951410443,-0.4329400915251329,-1.31208485453395,0.4026302169867377,parameter_state,log_ratio_reference_day0
demo-human_decline_bot_rise-884000,human_decline_bot_rise,119,290,value,-0.6321992951410443,-0.4303488986759843,-1.316407672629296,0.4060462593549142,parameter_state,log_ratio_reference_day0
demo-human_decline_bot_rise-884000,human_decline_bot_rise,119,291,value,-0.6321992951410443,-0.4297280439588505,-1.3207304907246418,0.398339176552358,parameter_state,log_ratio_reference_day0
demo-human_decline_bot_rise-884000,human_decline_bot_rise,119,292,value,-0.6321992951410443,-0.4166007844781163,-1.3250533088199876,0.3916143137451685,parameter_state,log_ratio_reference_day0
demo-human_decline_bot_rise-884000,human_decline_bot_rise,119,293,value,-0.6321992951410443,-0.4056841640309583,-1.3297112734014649,0.3876385479262407,parameter_state,log_ratio_reference_day0
demo-human_decline_bot_rise-884000,human_decline_bot_rise,119,294,value,-0.6918515077498196,-0.4001788258883775,-1.345267414839975,0.3936833566551359,parameter_state,log_ratio_reference_day0
demo-human_decline_bot_rise-884000,human_decline_bot_rise,119,295,value,-0.6918515077498196,-0.4094693510901339,-1.349465442154841,0.4027851694342402,parameter_state,log_ratio_reference_day0
demo-human_decline_bot_rise-884000,human_decline_bot_rise,119,296,value,-0.6918515077498196,-0.4095560412322153,-1.3543768659197706,0.4224594135499155,parameter_state,log_ratio_reference_day0
demo-human_decline_bot_rise-884000,human_decline_bot_rise,119,297,value,-0.6918515077498196,-0.4170593682804441,-1.363917304008258,0.4333337705965299,parameter_state,log_ratio_reference_day0
demo-human_decline_bot_rise-884000,human_decline_bot_rise,119,298,value,-0.6918515077498196,-0.4248158816492381,-1.3761785063133438,0.4371543096124881,parameter_state,log_ratio_reference_day0
demo-human_decline_bot_rise-884000,human_decline_bot_rise,119,299,value,-0.6918515077498196,-0.4307664001154475,-1.3775005902815451,0.4409748486284464,parameter_state,log_ratio_reference_day0
demo-human_decline_bot_rise-884000,human_decline_bot_rise,119,300,value,-0.6918515077498196,-0.4368535547990866,-1.3862609193357185,0.4447953876444047,parameter_state,log_ratio_reference_day0
demo-human_decline_bot_rise-884000,human_decline_bot_rise,119,301,value,-0.677200421406594,-0.4375201823858508,-1.3974116249487902,0.448615926660363,parameter_state,log_ratio_reference_day0
demo-human_decline_bot_rise-884000,human_decline_bot_rise,119,302,value,-0.677200421406594,-0.4394544108925343,-1.4045808587654869,0.4578796052110149,parameter_state,log_ratio_reference_day0
demo-human_decline_bot_rise-884000,human_decline_bot_rise,119,303,value,-0.677200421406594,-0.4370951519204107,-1.4170252923248017,0.4671432837616667,parameter_state,log_ratio_reference_day0
demo-human_decline_bot_rise-884000,human_decline_bot_rise,119,304,value,-0.677200421406594,-0.4381644808619815,-1.4196989532254551,0.4764069623123185,parameter_state,log_ratio_reference_day0
demo-human_decline_bot_rise-884000,human_decline_bot_rise,119,305,value,-0.677200421406594,-0.4373356390992035,-1.4180514698352076,0.4778282661121146,parameter_state,log_ratio_reference_day0
demo-human_decline_bot_rise-884000,human_decline_bot_rise,119,306,value,-0.677200421406594,-0.4384516019185004,-1.418786141751836,0.4778487667806022,parameter_state,log_ratio_reference_day0
demo-human_decline_bot_rise-884000,human_decline_bot_rise,119,307,value,-0.677200421406594,-0.4408122570704017,-1.4301069895595813,0.4794392583903732,parameter_state,log_ratio_reference_day0
demo-human_decline_bot_rise-884000,human_decline_bot_rise,119,308,value,-0.7077595738861172,-0.4373419794474174,-1.442485674379424,0.4846524776630549,parameter_state,log_ratio_reference_day0
demo-human_decline_bot_rise-884000,human_decline_bot_rise,119,309,value,-0.7077595738861172,-0.4426215807538451,-1.4440582062056682,0.5005789252982547,parameter_state,log_ratio_reference_day0
demo-human_decline_bot_rise-884000,human_decline_bot_rise,119,310,value,-0.7077595738861172,-0.4391350152699872,-1.448991488658249,0.5165053729334544,parameter_state,log_ratio_reference_day0
demo-human_decline_bot_rise-884000,human_decline_bot_rise,119,311,value,-0.7077595738861172,-0.4406333272211358,-1.4647899148595238,0.5324318205686542,parameter_state,log_ratio_reference_day0
demo-human_decline_bot_rise-884000,human_decline_bot_rise,119,312,value,-0.7077595738861172,-0.4357523091289722,-1.4805883410607992,0.5416088095868952,parameter_state,log_ratio_reference_day0
demo-human_decline_bot_rise-884000,human_decline_bot_rise,119,313,value,-0.7077595738861172,-0.4421804203511678,-1.4963867672620743,0.546954915468518,parameter_state,log_ratio_reference_day0
demo-human_decline_bot_rise-884000,human_decline_bot_rise,119,314,value,-0.7077595738861172,-0.4295871547985369,-1.5086779996770003,0.5523010213501409,parameter_state,log_ratio_reference_day0
demo-human_decline_bot_rise-884000,human_decline_bot_rise,119,315,value,-0.6865953018282793,-0.4300683728141966,-1.5138928665790274,0.5576471272317639,parameter_state,log_ratio_reference_day0
demo-human_decline_bot_rise-884000,human_decline_bot_rise,119,316,value,-0.6865953018282793,-0.4263095190797504,-1.5069434665425074,0.5674816696788415,parameter_state,log_ratio_reference_day0
demo-human_decline_bot_rise-884000,human_decline_bot_rise,119,317,value,-0.6865953018282793,-0.4219519813175407,-1.5055094810857244,0.5791980817015409,parameter_state,log_ratio_reference_day0
demo-human_decline_bot_rise-884000,human_decline_bot_rise,119,318,value,-0.6865953018282793,-0.4184461993106,-1.50888897282857,0.5806576209623202,parameter_state,log_ratio_reference_day0
demo-human_decline_bot_rise-884000,human_decline_bot_rise,119,319,value,-0.6865953018282793,-0.4128542371191137,-1.513854249897922,0.5745566894587985,parameter_state,log_ratio_reference_day0
demo-human_decline_bot_rise-884000,human_decline_bot_rise,119,320,value,-0.6865953018282793,-0.4099578912881192,-1.503683463083482,0.5684557579552767,parameter_state,log_ratio_reference_day0
demo-human_decline_bot_rise-884000,human_decline_bot_rise,119,321,value,-0.6865953018282793,-0.4092980525743012,-1.494348280533287,0.5634495670827661,parameter_state,log_ratio_reference_day0
demo-human_decline_bot_rise-884000,human_decline_bot_rise,119,322,value,-0.6829558069741806,-0.4087746112156336,-1.493846159824161,0.560097124609592,parameter_state,log_ratio_reference_day0
demo-human_decline_bot_rise-884000,human_decline_bot_rise,119,323,value,-0.6829558069741806,-0.4075579107378203,-1.4979268174873566,0.562008028510143,parameter_state,log_ratio_reference_day0
demo-human_decline_bot_rise-884000,human_decline_bot_rise,119,324,value,-0.6829558069741806,-0.4127883971169337,-1.502007475150552,0.5639189324106938,parameter_state,log_ratio_reference_day0
demo-human_decline_bot_rise-884000,human_decline_bot_rise,119,325,value,-0.6829558069741806,-0.4155008994529478,-1.5060881328137476,0.5658298363112446,parameter_state,log_ratio_reference_day0
demo-human_decline_bot_rise-884000,human_decline_bot_rise,119,326,value,-0.6829558069741806,-0.4218583548260136,-1.510168790476943,0.5703989216296501,parameter_state,log_ratio_reference_day0
demo-human_decline_bot_rise-884000,human_decline_bot_rise,119,327,value,-0.6829558069741806,-0.4264523096866731,-1.5142494481401385,0.5682782475927908,parameter_state,log_ratio_reference_day0
demo-human_decline_bot_rise-884000,human_decline_bot_rise,119,328,value,-0.6829558069741806,-0.4271189292416545,-1.5183301058033338,0.5713697767279681,parameter_state,log_ratio_reference_day0
demo-human_decline_bot_rise-884000,human_decline_bot_rise,119,329,value,-0.6715003203216089,-0.4242935058924709,-1.5224107634665296,0.573473451913448,parameter_state,log_ratio_reference_day0
demo-human_decline_bot_rise-884000,human_decline_bot_rise,119,330,value,-0.6715003203216089,-0.4173547563907044,-1.5158733093257246,0.5711103853094186,parameter_state,log_ratio_reference_day0
demo-human_decline_bot_rise-884000,human_decline_bot_rise,119,331,value,-0.6715003203216089,-0.4229626298262553,-1.5125699238962862,0.5615615711085225,parameter_state,log_ratio_reference_day0
demo-human_decline_bot_rise-884000,human_decline_bot_rise,119,332,value,-0.6715003203216089,-0.4216326813713101,-1.5207229628854608,0.5523627542597161,parameter_state,log_ratio_reference_day0
demo-human_decline_bot_rise-884000,human_decline_bot_rise,119,333,value,-0.6715003203216089,-0.4196655861243735,-1.5354355852652546,0.54446099996954,parameter_state,log_ratio_reference_day0
demo-human_decline_bot_rise-884000,human_decline_bot_rise,119,334,value,-0.6715003203216089,-0.4211809308752997,-1.5254822450132446,0.532468997679979,parameter_state,log_ratio_reference_day0
demo-human_decline_bot_rise-884000,human_decline_bot_rise,119,335,value,-0.6715003203216089,-0.4277627988070079,-1.5173470637930453,0.5255943795022074,parameter_state,log_ratio_reference_day0
demo-human_decline_bot_rise-884000,human_decline_bot_rise,119,336,value,-0.6661981371159863,-0.4287653650637542,-1.509211882572846,0.5187197613244358,parameter_state,log_ratio_reference_day0
demo-human_decline_bot_rise-884000,human_decline_bot_rise,119,337,value,-0.6661981371159863,-0.4287050051060113,-1.5186600874726486,0.5219008433911813,parameter_state,log_ratio_reference_day0
demo-human_decline_bot_rise-884000,human_decline_bot_rise,119,338,value,-0.6661981371159863,-0.4257627494733673,-1.5281082923724514,0.5062135462668423,parameter_state,log_ratio_reference_day0
demo-human_decline_bot_rise-884000,human_decline_bot_rise,119,339,value,-0.6661981371159863,-0.4351973095004106,-1.537556497272254,0.4999526652616899,parameter_state,log_ratio_reference_day0
demo-human_decline_bot_rise-884000,human_decline_bot_rise,119,340,value,-0.6661981371159863,-0.4341816598919997,-1.5470047021720568,0.5088898552245389,parameter_state,log_ratio_reference_day0
demo-human_decline_bot_rise-884000,human_decline_bot_rise,119,341,value,-0.6661981371159863,-0.4382175945046701,-1.5564529070718591,0.5220818348670552,parameter_state,log_ratio_reference_day0
demo-human_decline_bot_rise-884000,human_decline_bot_rise,119,342,value,-0.6661981371159863,-0.4363703832853294,-1.565901111971662,0.544092117694646,parameter_state,log_ratio_reference_day0
demo-human_decline_bot_rise-884000,human_decline_bot_rise,119,343,value,-0.6613649484354762,-0.4437089371878767,-1.5777191009103624,0.5617467855663282,parameter_state,log_ratio_reference_day0
demo-human_decline_bot_rise-884000,human_decline_bot_rise,119,344,value,-0.6613649484354762,-0.4523135297588598,-1.5652252413951515,0.552443592064911,parameter_state,log_ratio_reference_day0
demo-human_decline_bot_rise-884000,human_decline_bot_rise,119,345,value,-0.6613649484354762,-0.4532697958856111,-1.5620709314211965,0.5416161462824862,parameter_state,log_ratio_reference_day0
demo-human_decline_bot_rise-884000,human_decline_bot_rise,119,346,value,-0.6613649484354762,-0.4566719586327323,-1.5589166214472416,0.5276835252771657,parameter_state,log_ratio_reference_day0
demo-human_decline_bot_rise-884000,human_decline_bot_rise,119,347,value,-0.6613649484354762,-0.4628985636151276,-1.5557623114732868,0.5137509042718451,parameter_state,log_ratio_reference_day0
demo-human_decline_bot_rise-884000,human_decline_bot_rise,119,348,value,-0.6613649484354762,-0.4720097028480726,-1.557900092700759,0.5020721902068128,parameter_state,log_ratio_reference_day0
demo-human_decline_bot_rise-884000,human_decline_bot_rise,119,349,value,-0.6613649484354762,-0.4770130710840148,-1.568073373572416,0.5036569096518966,parameter_state,log_ratio_reference_day0
demo-human_decline_bot_rise-884000,human_decline_bot_rise,119,350,value,-0.6802354134082749,-0.4773525369294612,-1.584127603770674,0.5022777334295677,parameter_state,log_ratio_reference_day0
demo-human_decline_bot_rise-884000,human_decline_bot_rise,119,351,value,-0.6802354134082749,-0.472148629516948,-1.603351569629086,0.4924468786129569,parameter_state,log_ratio_reference_day0
demo-human_decline_bot_rise-884000,human_decline_bot_rise,119,352,value,-0.6802354134082749,-0.4697562218995766,-1.6087221871502049,0.4793801737306448,parameter_state,log_ratio_reference_day0
demo-human_decline_bot_rise-884000,human_decline_bot_rise,119,353,value,-0.6802354134082749,-0.471431565430476,-1.6077826841722058,0.474565877611713,parameter_state,log_ratio_reference_day0
demo-human_decline_bot_rise-884000,human_decline_bot_rise,119,354,value,-0.6802354134082749,-0.4592836449737751,-1.606843181194207,0.4629543141631244,parameter_state,log_ratio_reference_day0
demo-human_decline_bot_rise-884000,human_decline_bot_rise,119,355,value,-0.6802354134082749,-0.4504421672519286,-1.6059036782162082,0.4531234593465135,parameter_state,log_ratio_reference_day0
demo-human_decline_bot_rise-884000,human_decline_bot_rise,119,356,value,-0.6802354134082749,-0.4497465372037047,-1.6170914391182114,0.4448274291253842,parameter_state,log_ratio_reference_day0
demo-human_decline_bot_rise-884000,human_decline_bot_rise,119,357,value,-0.6677896996460945,-0.4510168692310356,-1.6319645701186625,0.4429188528210144,parameter_state,log_ratio_reference_day0
demo-human_decline_bot_rise-884000,human_decline_bot_rise,119,358,value,-0.6677896996460945,-0.4458199525989848,-1.627005509626172,0.4358730631834646,parameter_state,log_ratio_reference_day0
demo-human_decline_bot_rise-884000,human_decline_bot_rise,119,359,value,-0.6677896996460945,-0.4409466681332533,-1.6220464491336817,0.440956046104157,parameter_state,log_ratio_reference_day0
demo-human_decline_bot_rise-884000,human_decline_bot_rise,119,360,value,-0.6677896996460945,-0.4381982550477454,-1.618897250460262,0.4429276910727857,parameter_state,log_ratio_reference_day0
demo-human_decline_bot_rise-884000,human_decline_bot_rise,119,361,value,-0.6677896996460945,-0.439678897835295,-1.6172734391718944,0.4313002964363646,parameter_state,log_ratio_reference_day0
demo-human_decline_bot_rise-884000,human_decline_bot_rise,119,362,value,-0.6677896996460945,-0.434228858644379,-1.6177489376876006,0.4258257794614556,parameter_state,log_ratio_reference_day0
demo-human_decline_bot_rise-884000,human_decline_bot_rise,119,363,value,-0.6677896996460945,-0.4256260876927497,-1.620987215015889,0.4307820744927952,parameter_state,log_ratio_reference_day0
demo-human_decline_bot_rise-884000,human_decline_bot_rise,119,364,value,-0.6939017380444628,-0.41243056453333,-1.6289255661772608,0.4411279245878264,parameter_state,log_ratio_reference_day0
demo-human_decline_bot_rise-884000,human_decline_bot_rise,119,365,value,-0.6939017380444628,-0.4092864872676219,-1.6388468720371254,0.4298499624227387,parameter_state,log_ratio_reference_day0
demo-human_decline_bot_rise-884000,human_decline_bot_rise,119,366,value,-0.6939017380444628,-0.4089568864992955,-1.6470610891472444,0.4364866225979487,parameter_state,log_ratio_reference_day0
demo-human_decline_bot_rise-884000,human_decline_bot_rise,119,367,value,-0.6939017380444628,-0.4172075699702329,-1.6552753062573633,0.4431232827731586,parameter_state,log_ratio_reference_day0
demo-human_decline_bot_rise-884000,human_decline_bot_rise,119,368,value,-0.6939017380444628,-0.4201679141280552,-1.6634895233674822,0.4510595431399596,parameter_state,log_ratio_reference_day0
demo-human_decline_bot_rise-884000,human_decline_bot_rise,119,369,value,-0.6939017380444628,-0.4128148393640488,-1.6717037404776012,0.4643325066676189,parameter_state,log_ratio_reference_day0
demo-human_decline_bot_rise-884000,human_decline_bot_rise,119,370,value,-0.6939017380444628,-0.4203022079079586,-1.67991795758772,0.4591861865415347,parameter_state,log_ratio_reference_day0
demo-human_decline_bot_rise-884000,human_decline_bot_rise,119,371,value,-0.6559791407424317,-0.4235817639248818,-1.6881321746978388,0.4509740900811576,parameter_state,log_ratio_reference_day0
demo-human_decline_bot_rise-884000,human_decline_bot_rise,119,372,value,-0.6559791407424317,-0.4210193001913175,-1.6892186862877936,0.4509930012826215,parameter_state,log_ratio_reference_day0
demo-human_decline_bot_rise-884000,human_decline_bot_rise,119,373,value,-0.6559791407424317,-0.4225285744100727,-1.690431236226353,0.4412211860839271,parameter_state,log_ratio_reference_day0
demo-human_decline_bot_rise-884000,human_decline_bot_rise,119,374,value,-0.6559791407424317,-0.4221204512260583,-1.6779361982759249,0.4405092595113721,parameter_state,log_ratio_reference_day0
demo-human_decline_bot_rise-884000,human_decline_bot_rise,119,375,value,-0.6559791407424317,-0.4181917213609054,-1.6627095915879468,0.4412912076286719,parameter_state,log_ratio_reference_day0
demo-human_decline_bot_rise-884000,human_decline_bot_rise,119,376,value,-0.6559791407424317,-0.4099860142898506,-1.656444773424558,0.4498117995195475,parameter_state,log_ratio_reference_day0
demo-human_decline_bot_rise-884000,human_decline_bot_rise,119,377,value,-0.6559791407424317,-0.4111560494242664,-1.6573857047592444,0.4587097034607601,parameter_state,log_ratio_reference_day0
demo-human_decline_bot_rise-884000,human_decline_bot_rise,119,378,value,-0.670893153692806,-0.4114594393759881,-1.665168326155137,0.4777174312015707,parameter_state,log_ratio_reference_day0
demo-human_decline_bot_rise-884000,human_decline_bot_rise,119,379,value,-0.670893153692806,-0.414563339677762,-1.6757741258918306,0.4717226133020069,parameter_state,log_ratio_reference_day0
demo-human_decline_bot_rise-884000,human_decline_bot_rise,119,380,value,-0.670893153692806,-0.4164550859846462,-1.6887938979076524,0.475837619202041,parameter_state,log_ratio_reference_day0
demo-human_decline_bot_rise-884000,human_decline_bot_rise,119,381,value,-0.670893153692806,-0.4160988505337142,-1.687133055717362,0.4812508319721187,parameter_state,log_ratio_reference_day0
demo-human_decline_bot_rise-884000,human_decline_bot_rise,119,382,value,-0.670893153692806,-0.422065351042459,-1.6872976350933306,0.4937887586359678,parameter_state,log_ratio_reference_day0
demo-human_decline_bot_rise-884000,human_decline_bot_rise,119,383,value,-0.670893153692806,-0.4227012765011931,-1.6932051402824393,0.5144931829128476,parameter_state,log_ratio_reference_day0
demo-human_decline_bot_rise-884000,human_decline_bot_rise,119,384,value,-0.670893153692806,-0.4302460012835675,-1.6991126454715482,0.537122670133002,parameter_state,log_ratio_reference_day0
demo-human_decline_bot_rise-884000,human_decline_bot_rise,119,385,value,-0.711941626853842,-0.4295221074129757,-1.7050201506606568,0.5377042261785029,parameter_state,log_ratio_reference_day0
demo-human_decline_bot_rise-884000,human_decline_bot_rise,119,386,value,-0.711941626853842,-0.4323115955402829,-1.7124423345487538,0.5200107614036128,parameter_state,log_ratio_reference_day0
demo-human_decline_bot_rise-884000,human_decline_bot_rise,119,387,value,-0.711941626853842,-0.4246941756920118,-1.720698838919296,0.5031699181621009,parameter_state,log_ratio_reference_day0
demo-human_decline_bot_rise-884000,human_decline_bot_rise,119,388,value,-0.711941626853842,-0.4283970045022539,-1.731642315193304,0.4876217408057947,parameter_state,log_ratio_reference_day0
demo-human_decline_bot_rise-884000,human_decline_bot_rise,119,389,value,-0.711941626853842,-0.4238832499690327,-1.7362283875177766,0.4788297755165843,parameter_state,log_ratio_reference_day0
demo-human_decline_bot_rise-884000,human_decline_bot_rise,119,390,value,-0.711941626853842,-0.4268123003285909,-1.7408144598422497,0.4888395013216003,parameter_state,log_ratio_reference_day0
demo-human_decline_bot_rise-884000,human_decline_bot_rise,119,391,value,-0.711941626853842,-0.4353688072572909,-1.745400532166722,0.499488282119098,parameter_state,log_ratio_reference_day0
demo-human_decline_bot_rise-884000,human_decline_bot_rise,119,392,value,-0.6670875768802397,-0.4400692910010041,-1.749986604491195,0.5192154263864147,parameter_state,log_ratio_reference_day0
demo-human_decline_bot_rise-884000,human_decline_bot_rise,119,393,value,-0.6670875768802397,-0.4490130646107385,-1.7559866066642535,0.5157069590873876,parameter_state,log_ratio_reference_day0
demo-human_decline_bot_rise-884000,human_decline_bot_rise,119,394,value,-0.6670875768802397,-0.4509181596609239,-1.7625668783121338,0.5121984917883605,parameter_state,log_ratio_reference_day0
demo-human_decline_bot_rise-884000,human_decline_bot_rise,119,395,value,-0.6670875768802397,-0.4515629320866199,-1.765421344319553,0.5166271671336378,parameter_state,log_ratio_reference_day0
demo-human_decline_bot_rise-884000,human_decline_bot_rise,119,396,value,-0.6670875768802397,-0.4569681103933272,-1.7656329447757997,0.5304611426512104,parameter_state,log_ratio_reference_day0
demo-human_decline_bot_rise-884000,human_decline_bot_rise,119,397,value,-0.6670875768802397,-0.4577561653136032,-1.758121230256177,0.5446843556393246,parameter_state,log_ratio_reference_day0
demo-human_decline_bot_rise-884000,human_decline_bot_rise,119,398,value,-0.6670875768802397,-0.4593665928163899,-1.750816500700371,0.5493514113207354,parameter_state,log_ratio_reference_day0
demo-human_decline_bot_rise-884000,human_decline_bot_rise,119,399,value,-0.6715871971412163,-0.4611383231227514,-1.7435117711445651,0.5617935286009427,parameter_state,log_ratio_reference_day0
demo-human_decline_bot_rise-884000,human_decline_bot_rise,119,400,value,-0.6715871971412163,-0.4593480628924633,-1.736270810774333,0.5724126005815203,parameter_state,log_ratio_reference_day0
demo-human_decline_bot_rise-884000,human_decline_bot_rise,119,401,value,-0.6715871971412163,-0.4583485649436049,-1.7297323963994755,0.5830316725620981,parameter_state,log_ratio_reference_day0
demo-human_decline_bot_rise-884000,human_decline_bot_rise,119,402,value,-0.6715871971412163,-0.4582389380278344,-1.7298571000688343,0.5919111099099117,parameter_state,log_ratio_reference_day0
demo-human_decline_bot_rise-884000,human_decline_bot_rise,119,403,value,-0.6715871971412163,-0.4550399144659798,-1.7299818037381935,0.597819836535804,parameter_state,log_ratio_reference_day0
demo-human_decline_bot_rise-884000,human_decline_bot_rise,119,404,value,-0.6715871971412163,-0.4468733681820819,-1.7301065074075528,0.6037285631616962,parameter_state,log_ratio_reference_day0
demo-human_decline_bot_rise-884000,human_decline_bot_rise,119,405,value,-0.6715871971412163,-0.4445560508156873,-1.734950375198894,0.6124657681846799,parameter_state,log_ratio_reference_day0
demo-human_decline_bot_rise-884000,human_decline_bot_rise,119,406,value,-0.6760301561756945,-0.4381100036766721,-1.7419941716564562,0.6228884642957354,parameter_state,log_ratio_reference_day0
demo-human_decline_bot_rise-884000,human_decline_bot_rise,119,407,value,-0.6760301561756945,-0.4339480889738124,-1.7579091413485377,0.6002428112463153,parameter_state,log_ratio_reference_day0
demo-human_decline_bot_rise-884000,human_decline_bot_rise,119,408,value,-0.6760301561756945,-0.4301143728688461,-1.7738241110406183,0.5783811511226196,parameter_state,log_ratio_reference_day0
demo-human_decline_bot_rise-884000,human_decline_bot_rise,119,409,value,-0.6760301561756945,-0.4261812515165045,-1.775393984354012,0.5591138790426377,parameter_state,log_ratio_reference_day0
demo-human_decline_bot_rise-884000,human_decline_bot_rise,119,410,value,-0.6760301561756945,-0.424723045623852,-1.7658650604060262,0.5400401235911501,parameter_state,log_ratio_reference_day0
demo-human_decline_bot_rise-884000,human_decline_bot_rise,119,411,value,-0.6760301561756945,-0.4255645419392639,-1.7563361364580403,0.5430902751147134,parameter_state,log_ratio_reference_day0
demo-human_decline_bot_rise-884000,human_decline_bot_rise,119,412,value,-0.6760301561756945,-0.4283879582103235,-1.7564978636197388,0.557744969642783,parameter_state,log_ratio_reference_day0
demo-human_decline_bot_rise-884000,human_decline_bot_rise,119,413,value,-0.688437282579126,-0.4334996972102332,-1.757678491868336,0.5723996641708525,parameter_state,log_ratio_reference_day0
demo-human_decline_bot_rise-884000,human_decline_bot_rise,119,414,value,-0.688437282579126,-0.4341888759466632,-1.764166201507215,0.5824247780712164,parameter_state,log_ratio_reference_day0
demo-human_decline_bot_rise-884000,human_decline_bot_rise,119,415,value,-0.688437282579126,-0.4336099757456897,-1.7583018158933312,0.5925376088396287,parameter_state,log_ratio_reference_day0
demo-human_decline_bot_rise-884000,human_decline_bot_rise,119,416,value,-0.688437282579126,-0.4348276854015768,-1.7524374302794472,0.602650439608041,parameter_state,log_ratio_reference_day0
demo-human_decline_bot_rise-884000,human_decline_bot_rise,119,417,value,-0.688437282579126,-0.4311712742093059,-1.7496527098718335,0.6127632703764534,parameter_state,log_ratio_reference_day0
demo-human_decline_bot_rise-884000,human_decline_bot_rise,119,418,value,-0.688437282579126,-0.4296860489684274,-1.7496551413383965,0.6230715664199917,parameter_state,log_ratio_reference_day0
demo-human_decline_bot_rise-884000,human_decline_bot_rise,119,419,value,-0.688437282579126,-0.4268633682270839,-1.7496575728049597,0.6349402255077392,parameter_state,log_ratio_reference_day0
demo-human_decline_bot_rise-884000,human_decline_bot_rise,119,420,value,-0.7195914570036529,-0.424946372366191,-1.749660004271523,0.6468088845954867,parameter_state,log_ratio_reference_day0
demo-human_decline_bot_rise-884000,human_decline_bot_rise,119,421,value,-0.7195914570036529,-0.4208870663349308,-1.7518104549190303,0.6395859698379563,parameter_state,log_ratio_reference_day0
demo-human_decline_bot_rise-884000,human_decline_bot_rise,119,422,value,-0.7195914570036529,-0.4149726528999817,-1.753960905566538,0.6406459129108532,parameter_state,log_ratio_reference_day0
demo-human_decline_bot_rise-884000,human_decline_bot_rise,119,423,value,-0.7195914570036529,-0.4098055287558184,-1.7561113562140456,0.6528428387055318,parameter_state,log_ratio_reference_day0
demo-human_decline_bot_rise-884000,human_decline_bot_rise,119,424,value,-0.7195914570036529,-0.4078166727504778,-1.7636085337233864,0.6425541131340264,parameter_state,log_ratio_reference_day0
demo-human_decline_bot_rise-884000,human_decline_bot_rise,119,425,value,-0.7195914570036529,-0.411005794670755,-1.7827668136238737,0.6204785930433728,parameter_state,log_ratio_reference_day0
demo-human_decline_bot_rise-884000,human_decline_bot_rise,119,426,value,-0.7195914570036529,-0.4158606016581628,-1.807496717620538,0.598894507720685,parameter_state,log_ratio_reference_day0
demo-human_decline_bot_rise-884000,human_decline_bot_rise,119,427,value,-0.6303811632975795,-0.4104979944231196,-1.8265230098608116,0.5919280715357585,parameter_state,log_ratio_reference_day0
demo-human_decline_bot_rise-884000,human_decline_bot_rise,119,428,value,-0.6303811632975795,-0.4000035241722981,-1.834224182831612,0.592421274310284,parameter_state,log_ratio_reference_day0
demo-human_decline_bot_rise-884000,human_decline_bot_rise,119,429,value,-0.6303811632975795,-0.3947221184195367,-1.841925355802412,0.606988577940421,parameter_state,log_ratio_reference_day0
demo-human_decline_bot_rise-884000,human_decline_bot_rise,119,430,value,-0.6303811632975795,-0.3965674849798729,-1.8395055273603291,0.5969160622015289,parameter_state,log_ratio_reference_day0
demo-human_decline_bot_rise-884000,human_decline_bot_rise,119,431,value,-0.6303811632975795,-0.3989830735724049,-1.8363817267454576,0.5940427466269818,parameter_state,log_ratio_reference_day0
demo-human_decline_bot_rise-884000,human_decline_bot_rise,119,432,value,-0.6303811632975795,-0.3937431330929574,-1.8332579261305864,0.6040380392741661,parameter_state,log_ratio_reference_day0
demo-human_decline_bot_rise-884000,human_decline_bot_rise,119,433,value,-0.6303811632975795,-0.3968295622770283,-1.830134125515715,0.6140333319213505,parameter_state,log_ratio_reference_day0
demo-human_decline_bot_rise-884000,human_decline_bot_rise,119,434,value,-0.6969049250852399,-0.4020381771382366,-1.827010324900844,0.6240286245685349,parameter_state,log_ratio_reference_day0
demo-human_decline_bot_rise-884000,human_decline_bot_rise,119,435,value,-0.6969049250852399,-0.3986952837889951,-1.8152582632362704,0.6078836307201578,parameter_state,log_ratio_reference_day0
demo-human_decline_bot_rise-884000,human_decline_bot_rise,119,436,value,-0.6969049250852399,-0.4013788649852651,-1.799655040869141,0.5946541252588671,parameter_state,log_ratio_reference_day0
demo-human_decline_bot_rise-884000,human_decline_bot_rise,119,437,value,-0.6969049250852399,-0.4078082264623449,-1.7859631267582512,0.5846987509378719,parameter_state,log_ratio_reference_day0
demo-human_decline_bot_rise-884000,human_decline_bot_rise,119,438,value,-0.6969049250852399,-0.4087254160056305,-1.7999714386515802,0.5811085908461374,parameter_state,log_ratio_reference_day0
demo-human_decline_bot_rise-884000,human_decline_bot_rise,119,439,value,-0.6969049250852399,-0.4166625975691079,-1.8141172047004115,0.5928502940487689,parameter_state,log_ratio_reference_day0
demo-human_decline_bot_rise-884000,human_decline_bot_rise,119,440,value,-0.6969049250852399,-0.4250266540899231,-1.819811384791475,0.6045919972514002,parameter_state,log_ratio_reference_day0
demo-human_decline_bot_rise-884000,human_decline_bot_rise,119,441,value,-0.6644190152231271,-0.4165091030423479,-1.824141072612348,0.6163337004540316,parameter_state,log_ratio_reference_day0
demo-human_decline_bot_rise-884000,human_decline_bot_rise,119,442,value,-0.6644190152231271,-0.417998702118549,-1.8237330693931784,0.6239925470988701,parameter_state,log_ratio_reference_day0
demo-human_decline_bot_rise-884000,human_decline_bot_rise,119,443,value,-0.6644190152231271,-0.419324493254523,-1.8225872850172689,0.6380411928830377,parameter_state,log_ratio_reference_day0
demo-human_decline_bot_rise-884000,human_decline_bot_rise,119,444,value,-0.6644190152231271,-0.4230191772056166,-1.816041458808178,0.6520898386672052,parameter_state,log_ratio_reference_day0
demo-human_decline_bot_rise-884000,human_decline_bot_rise,119,445,value,-0.6644190152231271,-0.4176958449443398,-1.809495632599087,0.6661384844513727,parameter_state,log_ratio_reference_day0
demo-human_decline_bot_rise-884000,human_decline_bot_rise,119,446,value,-0.6644190152231271,-0.4188035464366308,-1.802949806389996,0.6801871302355402,parameter_state,log_ratio_reference_day0
demo-human_decline_bot_rise-884000,human_decline_bot_rise,119,447,value,-0.6644190152231271,-0.4201714405424464,-1.7964039801809055,0.6869847678612713,parameter_state,log_ratio_reference_day0
demo-human_decline_bot_rise-884000,human_decline_bot_rise,119,448,value,-0.6915901642946968,-0.4233939158029933,-1.7898581539718148,0.688401578331782,parameter_state,log_ratio_reference_day0
demo-human_decline_bot_rise-884000,human_decline_bot_rise,119,449,value,-0.6915901642946968,-0.417845613916364,-1.7702427650610233,0.6807438773988063,parameter_state,log_ratio_reference_day0
demo-human_decline_bot_rise-884000,human_decline_bot_rise,119,450,value,-0.6915901642946968,-0.4136566277708369,-1.7506273761502316,0.6681424692154391,parameter_state,log_ratio_reference_day0
demo-human_decline_bot_rise-884000,human_decline_bot_rise,119,451,value,-0.6915901642946968,-0.4131033535755405,-1.73101198723944,0.6555410610320719,parameter_state,log_ratio_reference_day0
demo-human_decline_bot_rise-884000,human_decline_bot_rise,119,452,value,-0.6915901642946968,-0.4132818714118975,-1.7182009827235225,0.6468614858178351,parameter_state,log_ratio_reference_day0
demo-human_decline_bot_rise-884000,human_decline_bot_rise,119,453,value,-0.6915901642946968,-0.4077827702289704,-1.7110683558920834,0.6401138105094888,parameter_state,log_ratio_reference_day0
demo-human_decline_bot_rise-884000,human_decline_bot_rise,119,454,value,-0.6915901642946968,-0.4078723069765539,-1.7050912005248733,0.6333661352011425,parameter_state,log_ratio_reference_day0
demo-human_decline_bot_rise-884000,human_decline_bot_rise,119,455,value,-0.6542146691421444,-0.4032181623020627,-1.6980530414922128,0.6266184598927962,parameter_state,log_ratio_reference_day0
demo-human_decline_bot_rise-884000,human_decline_bot_rise,119,456,value,-0.6542146691421444,-0.4039622454722676,-1.7009561784910594,0.6344903788413083,parameter_state,log_ratio_reference_day0
demo-human_decline_bot_rise-884000,human_decline_bot_rise,119,457,value,-0.6542146691421444,-0.3905421095616339,-1.7079771488140043,0.6414113819558466,parameter_state,log_ratio_reference_day0
demo-human_decline_bot_rise-884000,human_decline_bot_rise,119,458,value,-0.6542146691421444,-0.3950632702080698,-1.714998119136949,0.633170432187632,parameter_state,log_ratio_reference_day0
demo-human_decline_bot_rise-884000,human_decline_bot_rise,119,459,value,-0.6542146691421444,-0.4024977402698405,-1.7220190894598937,0.625205014172949,parameter_state,log_ratio_reference_day0
demo-human_decline_bot_rise-884000,human_decline_bot_rise,119,460,value,-0.6542146691421444,-0.3985502712124746,-1.731658396619152,0.6176148771848743,parameter_state,log_ratio_reference_day0
demo-human_decline_bot_rise-884000,human_decline_bot_rise,119,461,value,-0.6542146691421444,-0.3929181357124417,-1.7364683017380873,0.6198044028479792,parameter_state,log_ratio_reference_day0
demo-human_decline_bot_rise-884000,human_decline_bot_rise,119,462,value,-0.6421310695493649,-0.391346654848405,-1.7390031397458334,0.6296832770538479,parameter_state,log_ratio_reference_day0
demo-human_decline_bot_rise-884000,human_decline_bot_rise,119,463,value,-0.6421310695493649,-0.3924777878465373,-1.7330122179821954,0.6447643621804029,parameter_state,log_ratio_reference_day0
demo-human_decline_bot_rise-884000,human_decline_bot_rise,119,464,value,-0.6421310695493649,-0.4021904489247702,-1.7203526770129072,0.661073021015271,parameter_state,log_ratio_reference_day0
demo-human_decline_bot_rise-884000,human_decline_bot_rise,119,465,value,-0.6421310695493649,-0.4065953157202821,-1.7036534379385042,0.6776162823297246,parameter_state,log_ratio_reference_day0
demo-human_decline_bot_rise-884000,human_decline_bot_rise,119,466,value,-0.6421310695493649,-0.4017189448011032,-1.690232772064245,0.6898085918251436,parameter_state,log_ratio_reference_day0
demo-human_decline_bot_rise-884000,human_decline_bot_rise,119,467,value,-0.6421310695493649,-0.4062220765457667,-1.6770204649731242,0.6995064474704281,parameter_state,log_ratio_reference_day0
demo-human_decline_bot_rise-884000,human_decline_bot_rise,119,468,value,-0.6421310695493649,-0.4115702933224567,-1.6762143229892374,0.7093447299187544,parameter_state,log_ratio_reference_day0
demo-human_decline_bot_rise-884000,human_decline_bot_rise,119,469,value,-0.7339461826415512,-0.4164911254835324,-1.6854930233033385,0.720318571643808,parameter_state,log_ratio_reference_day0
demo-human_decline_bot_rise-884000,human_decline_bot_rise,119,470,value,-0.7339461826415512,-0.4321440356851701,-1.692833572200917,0.7291679589218265,parameter_state,log_ratio_reference_day0
demo-human_decline_bot_rise-884000,human_decline_bot_rise,119,471,value,-0.7339461826415512,-0.4416391205749078,-1.7001741210984949,0.7367828997479977,parameter_state,log_ratio_reference_day0
demo-human_decline_bot_rise-884000,human_decline_bot_rise,119,472,value,-0.7339461826415512,-0.4469788121717439,-1.707514669996073,0.7432518390455931,parameter_state,log_ratio_reference_day0
demo-human_decline_bot_rise-884000,human_decline_bot_rise,119,473,value,-0.7339461826415512,-0.4418432720747119,-1.7157566694017614,0.7503163332129505,parameter_state,log_ratio_reference_day0
demo-human_decline_bot_rise-884000,human_decline_bot_rise,119,474,value,-0.7339461826415512,-0.4391238247380227,-1.7247513928051144,0.7603809471135903,parameter_state,log_ratio_reference_day0
demo-human_decline_bot_rise-884000,human_decline_bot_rise,119,475,value,-0.7339461826415512,-0.4487728926145961,-1.733702665102471,0.770416369842156,parameter_state,log_ratio_reference_day0
demo-human_decline_bot_rise-884000,human_decline_bot_rise,119,476,value,-0.6636872658030526,-0.446613757571139,-1.7383798495074076,0.7853521343293873,parameter_state,log_ratio_reference_day0
demo-human_decline_bot_rise-884000,human_decline_bot_rise,119,477,value,-0.6636872658030526,-0.4368252411157859,-1.732382536007399,0.7885938417708985,parameter_state,log_ratio_reference_day0
demo-human_decline_bot_rise-884000,human_decline_bot_rise,119,478,value,-0.6636872658030526,-0.4303878407281143,-1.7240881062180395,0.7845300704506939,parameter_state,log_ratio_reference_day0
demo-human_decline_bot_rise-884000,human_decline_bot_rise,119,479,value,-0.6636872658030526,-0.4417999123500656,-1.7252262417076298,0.7936739796953171,parameter_state,log_ratio_reference_day0
demo-human_decline_bot_rise-884000,human_decline_bot_rise,119,480,value,-0.6636872658030526,-0.4425872960300168,-1.745147536195664,0.7903895188837425,parameter_state,log_ratio_reference_day0
demo-human_decline_bot_rise-884000,human_decline_bot_rise,119,481,value,-0.6636872658030526,-0.4546380355469904,-1.7640314570558993,0.776509879154682,parameter_state,log_ratio_reference_day0
demo-human_decline_bot_rise-884000,human_decline_bot_rise,119,482,value,-0.6636872658030526,-0.4605826673748314,-1.777623329042,0.7543647830344489,parameter_state,log_ratio_reference_day0
demo-human_decline_bot_rise-884000,human_decline_bot_rise,119,483,value,-0.7165788313473781,-0.4649171164027598,-1.7930877878979878,0.7349001964026667,parameter_state,log_ratio_reference_day0
demo-human_decline_bot_rise-884000,human_decline_bot_rise,119,484,value,-0.7165788313473781,-0.4575190920382339,-1.804579346309309,0.7347114845827686,parameter_state,log_ratio_reference_day0
demo-human_decline_bot_rise-884000,human_decline_bot_rise,119,485,value,-0.7165788313473781,-0.4551153092699213,-1.810829493433113,0.7345227727628706,parameter_state,log_ratio_reference_day0
demo-human_decline_bot_rise-884000,human_decline_bot_rise,119,486,value,-0.7165788313473781,-0.4437756673377511,-1.814175191005132,0.7343340609429725,parameter_state,log_ratio_reference_day0
demo-human_decline_bot_rise-884000,human_decline_bot_rise,119,487,value,-0.7165788313473781,-0.4394021237755058,-1.8122245722112789,0.7341453491230744,parameter_state,log_ratio_reference_day0
demo-human_decline_bot_rise-884000,human_decline_bot_rise,119,488,value,-0.7165788313473781,-0.4359398714051961,-1.8161749362199684,0.7339566373031763,parameter_state,log_ratio_reference_day0
demo-human_decline_bot_rise-884000,human_decline_bot_rise,119,489,value,-0.7165788313473781,-0.4375701738280232,-1.8253135314692444,0.7426630529452336,parameter_state,log_ratio_reference_day0
demo-human_decline_bot_rise-884000,human_decline_bot_rise,119,490,value,-0.6643355901601914,-0.4418701573834108,-1.8421623343342304,0.7580757301535228,parameter_state,log_ratio_reference_day0
demo-human_decline_bot_rise-884000,human_decline_bot_rise,119,491,value,-0.6643355901601914,-0.4389307715255746,-1.851306348130403,0.7632500911222573,parameter_state,log_ratio_reference_day0
demo-human_decline_bot_rise-884000,human_decline_bot_rise,119,492,value,-0.6643355901601914,-0.4390645494506935,-1.8574441526346648,0.7684244520909917,parameter_state,log_ratio_reference_day0
demo-human_decline_bot_rise-884000,human_decline_bot_rise,119,493,value,-0.6643355901601914,-0.4337565375352532,-1.8635819571389276,0.7735988130597262,parameter_state,log_ratio_reference_day0
demo-human_decline_bot_rise-884000,human_decline_bot_rise,119,494,value,-0.6643355901601914,-0.4262815086966398,-1.869719761643189,0.7771638766091499,parameter_state,log_ratio_reference_day0
demo-human_decline_bot_rise-884000,human_decline_bot_rise,119,495,value,-0.6643355901601914,-0.4297085286085458,-1.875857566147452,0.7749216485936625,parameter_state,log_ratio_reference_day0
demo-human_decline_bot_rise-884000,human_decline_bot_rise,119,496,value,-0.6643355901601914,-0.4270398664411526,-1.8819953706517136,0.7726794205781752,parameter_state,log_ratio_reference_day0
demo-human_decline_bot_rise-884000,human_decline_bot_rise,119,497,value,-0.6638228093667562,-0.4281820091860429,-1.888133175155976,0.7704371925626878,parameter_state,log_ratio_reference_day0
demo-human_decline_bot_rise-884000,human_decline_bot_rise,119,498,value,-0.6638228093667562,-0.4274648942902412,-1.8679189208197655,0.7730115187034177,parameter_state,log_ratio_reference_day0
demo-human_decline_bot_rise-884000,human_decline_bot_rise,119,499,value,-0.6638228093667562,-0.4253891793957141,-1.8554302233349744,0.7755858448441476,parameter_state,log_ratio_reference_day0
demo-human_decline_bot_rise-884000,human_decline_bot_rise,119,500,value,-0.6638228093667562,-0.4191380890005539,-1.8613332979426287,0.7781601709848776,parameter_state,log_ratio_reference_day0
demo-human_decline_bot_rise-884000,human_decline_bot_rise,119,501,value,-0.6638228093667562,-0.4140516787515188,-1.870955106949063,0.7807344971256074,parameter_state,log_ratio_reference_day0
demo-human_decline_bot_rise-884000,human_decline_bot_rise,119,502,value,-0.6638228093667562,-0.4113538633359067,-1.8754296483896864,0.7833088232663372,parameter_state,log_ratio_reference_day0
demo-human_decline_bot_rise-884000,human_decline_bot_rise,119,503,value,-0.6638228093667562,-0.4110312043834129,-1.8724472111455923,0.7826541568039722,parameter_state,log_ratio_reference_day0
demo-human_decline_bot_rise-884000,human_decline_bot_rise,119,504,value,-0.6561406340964322,-0.4127826655014407,-1.8694647739014985,0.7805947131444664,parameter_state,log_ratio_reference_day0
demo-human_decline_bot_rise-884000,human_decline_bot_rise,119,505,value,-0.6561406340964322,-0.4088426499734859,-1.8657189548594064,0.7963622886484931,parameter_state,log_ratio_reference_day0
demo-human_decline_bot_rise-884000,human_decline_bot_rise,119,506,value,-0.6561406340964322,-0.4044763441885378,-1.8619731358173144,0.8121298641525198,parameter_state,log_ratio_reference_day0
demo-human_decline_bot_rise-884000,human_decline_bot_rise,119,507,value,-0.6561406340964322,-0.3990880445236164,-1.8582273167752223,0.8278974396565466,parameter_state,log_ratio_reference_day0
demo-human_decline_bot_rise-884000,human_decline_bot_rise,119,508,value,-0.6561406340964322,-0.4046633564920416,-1.8547562010064915,0.8274417026040494,parameter_state,log_ratio_reference_day0
demo-human_decline_bot_rise-884000,human_decline_bot_rise,119,509,value,-0.6561406340964322,-0.4027573198125764,-1.8550811258422064,0.8288189099539556,parameter_state,log_ratio_reference_day0
demo-human_decline_bot_rise-884000,human_decline_bot_rise,119,510,value,-0.6561406340964322,-0.3989324316135391,-1.861197147288844,0.8331160562414685,parameter_state,log_ratio_reference_day0
demo-human_decline_bot_rise-884000,human_decline_bot_rise,119,511,value,-0.6968752253105334,-0.3944771740194961,-1.8694176530107296,0.8351392995287968,parameter_state,log_ratio_reference_day0
demo-human_decline_bot_rise-884000,human_decline_bot_rise,119,512,value,-0.6968752253105334,-0.3901167165143686,-1.8555716613570652,0.8394592508889487,parameter_state,log_ratio_reference_day0
demo-human_decline_bot_rise-884000,human_decline_bot_rise,119,513,value,-0.6968752253105334,-0.3887802886719756,-1.8450881529454557,0.8437792022491006,parameter_state,log_ratio_reference_day0
demo-human_decline_bot_rise-884000,human_decline_bot_rise,119,514,value,-0.6968752253105334,-0.3960527664041869,-1.8377439789075236,0.8461636489064287,parameter_state,log_ratio_reference_day0
demo-human_decline_bot_rise-884000,human_decline_bot_rise,119,515,value,-0.6968752253105334,-0.4028020277426892,-1.830730564126141,0.8372945382816641,parameter_state,log_ratio_reference_day0
demo-human_decline_bot_rise-884000,human_decline_bot_rise,119,516,value,-0.6968752253105334,-0.4111681050157337,-1.82371714934476,0.8284254276568995,parameter_state,log_ratio_reference_day0
demo-human_decline_bot_rise-884000,human_decline_bot_rise,119,517,value,-0.6968752253105334,-0.4192196033708638,-1.8167037345633776,0.8195563170321349,parameter_state,log_ratio_reference_day0
demo-human_decline_bot_rise-884000,human_decline_bot_rise,119,518,value,-0.6739111908709113,-0.4202697571209586,-1.8113089538034428,0.8106872064073704,parameter_state,log_ratio_reference_day0
demo-human_decline_bot_rise-884000,human_decline_bot_rise,119,519,value,-0.6739111908709113,-0.4199657203524222,-1.8208925390463295,0.8161313590752566,parameter_state,log_ratio_reference_day0
demo-human_decline_bot_rise-884000,human_decline_bot_rise,119,520,value,-0.6739111908709113,-0.4154061213693826,-1.8264995361550012,0.8240292372724451,parameter_state,log_ratio_reference_day0
demo-human_decline_bot_rise-884000,human_decline_bot_rise,119,521,value,-0.6739111908709113,-0.4192221266987246,-1.8269270407105695,0.8339079423906612,parameter_state,log_ratio_reference_day0
demo-human_decline_bot_rise-884000,human_decline_bot_rise,119,522,value,-0.6739111908709113,-0.4206539704145012,-1.8273545452661384,0.8391792193052746,parameter_state,log_ratio_reference_day0
demo-human_decline_bot_rise-884000,human_decline_bot_rise,119,523,value,-0.6739111908709113,-0.4137208712722142,-1.8277820498217068,0.8287876064937214,parameter_state,log_ratio_reference_day0
demo-human_decline_bot_rise-884000,human_decline_bot_rise,119,524,value,-0.6739111908709113,-0.4112198970057347,-1.8282095543772756,0.8183959936821683,parameter_state,log_ratio_reference_day0
demo-human_decline_bot_rise-884000,human_decline_bot_rise,119,525,value,-0.7012797299175737,-0.4092190499594077,-1.828637058932844,0.8080043808706152,parameter_state,log_ratio_reference_day0
demo-human_decline_bot_rise-884000,human_decline_bot_rise,119,526,value,-0.7012797299175737,-0.4122302294273348,-1.8205021169441264,0.8082374631904701,parameter_state,log_ratio_reference_day0
demo-human_decline_bot_rise-884000,human_decline_bot_rise,119,527,value,-0.7012797299175737,-0.4092239384132416,-1.8123671749554089,0.8084705455103249,parameter_state,log_ratio_reference_day0
demo-human_decline_bot_rise-884000,human_decline_bot_rise,119,528,value,-0.7012797299175737,-0.4140890907526159,-1.8042322329666909,0.8087036278301797,parameter_state,log_ratio_reference_day0
demo-human_decline_bot_rise-884000,human_decline_bot_rise,119,529,value,-0.7012797299175737,-0.413753044208854,-1.796097290977973,0.8089367101500345,parameter_state,log_ratio_reference_day0
demo-human_decline_bot_rise-884000,human_decline_bot_rise,119,530,value,-0.7012797299175737,-0.4115772490372643,-1.7957394634261634,0.8091697924698893,parameter_state,log_ratio_reference_day0
demo-human_decline_bot_rise-884000,human_decline_bot_rise,119,531,value,-0.7012797299175737,-0.4128020757515392,-1.804025422823334,0.8075813836311908,parameter_state,log_ratio_reference_day0
demo-human_decline_bot_rise-884000,human_decline_bot_rise,119,532,value,-0.6358860348285791,-0.4105421407471484,-1.8123113822205048,0.7987675642846495,parameter_state,log_ratio_reference_day0
demo-human_decline_bot_rise-884000,human_decline_bot_rise,119,533,value,-0.6358860348285791,-0.4127057950444913,-1.8159764445817792,0.8107191782516772,parameter_state,log_ratio_reference_day0
demo-human_decline_bot_rise-884000,human_decline_bot_rise,119,534,value,-0.6358860348285791,-0.4135227007203961,-1.8245540832211091,0.8118023993937552,parameter_state,log_ratio_reference_day0
demo-human_decline_bot_rise-884000,human_decline_bot_rise,119,535,value,-0.6358860348285791,-0.4201014480625852,-1.8407698889597743,0.8128856205358334,parameter_state,log_ratio_reference_day0
demo-human_decline_bot_rise-884000,human_decline_bot_rise,119,536,value,-0.6358860348285791,-0.4246902169144261,-1.8367772729154364,0.8037106523959503,parameter_state,log_ratio_reference_day0
demo-human_decline_bot_rise-884000,human_decline_bot_rise,119,537,value,-0.6358860348285791,-0.4273816222373099,-1.831584255579172,0.7914185171568838,parameter_state,log_ratio_reference_day0
demo-human_decline_bot_rise-884000,human_decline_bot_rise,119,538,value,-0.6358860348285791,-0.4300730275601937,-1.834301756388152,0.7803971144085703,parameter_state,log_ratio_reference_day0
demo-human_decline_bot_rise-884000,human_decline_bot_rise,119,539,value,-0.7114984980666081,-0.4327644328830775,-1.8379668187494256,0.776775614631153,parameter_state,log_ratio_reference_day0
demo-human_decline_bot_rise-884000,human_decline_bot_rise,119,540,value,-0.7114984980666081,-0.4337234373582841,-1.8415993563524775,0.7937002875437309,parameter_state,log_ratio_reference_day0
demo-human_decline_bot_rise-884000,human_decline_bot_rise,119,541,value,-0.7114984980666081,-0.4290526813987966,-1.847136775706624,0.8124041030996965,parameter_state,log_ratio_reference_day0
demo-human_decline_bot_rise-884000,human_decline_bot_rise,119,542,value,-0.7114984980666081,-0.4216250481054212,-1.8601060531066147,0.8267376530605689,parameter_state,log_ratio_reference_day0
demo-human_decline_bot_rise-884000,human_decline_bot_rise,119,543,value,-0.7114984980666081,-0.4184487337494693,-1.867268449612614,0.8305769236417091,parameter_state,log_ratio_reference_day0
demo-human_decline_bot_rise-884000,human_decline_bot_rise,119,544,value,-0.7114984980666081,-0.4131467599248057,-1.863549615908337,0.8367007135207166,parameter_state,log_ratio_reference_day0
demo-human_decline_bot_rise-884000,human_decline_bot_rise,119,545,value,-0.7114984980666081,-0.4131101354455586,-1.8598307822040605,0.8428245033997243,parameter_state,log_ratio_reference_day0
demo-human_decline_bot_rise-884000,human_decline_bot_rise,119,546,value,-0.6476665852473797,-0.4104218329602281,-1.856111948499784,0.8489482932787319,parameter_state,log_ratio_reference_day0
demo-human_decline_bot_rise-884000,human_decline_bot_rise,119,547,value,-0.6476665852473797,-0.4086839066754889,-1.8570747375303096,0.8320174327877616,parameter_state,log_ratio_reference_day0
demo-human_decline_bot_rise-884000,human_decline_bot_rise,119,548,value,-0.6476665852473797,-0.4133677227673444,-1.8591375821309637,0.8150865722967913,parameter_state,log_ratio_reference_day0
demo-human_decline_bot_rise-884000,human_decline_bot_rise,119,549,value,-0.6476665852473797,-0.4174987108071996,-1.8612004267316165,0.798155711805821,parameter_state,log_ratio_reference_day0
demo-human_decline_bot_rise-884000,human_decline_bot_rise,119,550,value,-0.6476665852473797,-0.4163090397591703,-1.8632632713322697,0.7812248513148508,parameter_state,log_ratio_reference_day0
demo-human_decline_bot_rise-884000,human_decline_bot_rise,119,551,value,-0.6476665852473797,-0.4192461610936298,-1.859740382899574,0.7603352752714239,parameter_state,log_ratio_reference_day0
