world,scenario,model,origin_day,future_scenario,input_sha256,cohort_id,source_id,birth_day,origin_age,target_role,target_age,n_leads,acquisition_cost,mean,mean_mcse,q025,q10,median,q90,q975,p_positive180,p_payback425,p_no_payback425,draws,true_margin,coverage95,coverage80,crps_per_lead,mae_per_lead,brier,decision_loss_per_lead
demo-fixed_price-884000,fixed_price,static_hierarchy,35,hold_current,b8b180477309e6a8ea557a04fcd75631cd80b839d0d51f27f9b180400754f4c4,established_a-b000,established_a,0,35,first,180,100,18.0,8.361123529416016,0.3423487746028406,-0.05510564634733939,2.103482352504205,7.653554777107882,15.787788544336717,21.58460596903651,0.97265625,0.98828125,0.01171875,256,4.86853277136029,1.0,1.0,0.017833635234525903,0.034925907580557254,0.0007476806640625,
demo-fixed_price-884000,fixed_price,static_hierarchy,35,hold_current,b8b180477309e6a8ea557a04fcd75631cd80b839d0d51f27f9b180400754f4c4,established_a-b028,established_a,28,7,newest,180,100,18.0,5.498000392811424,0.640578148533687,-7.95321308863525,-4.873061526976582,3.9212779967451272,15.757051414951551,28.11071874803138,0.671875,0.734375,0.265625,256,6.6019706443972614,1.0,1.0,0.022692883620529604,0.011039702515858379,0.107666015625,
demo-fixed_price-884000,fixed_price,static_hierarchy,35,hold_current,b8b180477309e6a8ea557a04fcd75631cd80b839d0d51f27f9b180400754f4c4,established_a-b042,established_a,42,-7,next_purchase,180,100,18.0,8.018661823562143,0.7764204796911227,-8.977516578862454,-3.7992875852057812,5.481380331653629,22.506506606105813,38.35837993545397,0.765625,0.8046875,0.1953125,256,12.816799049790479,1.0,1.0,0.04225179778613926,0.04798137226228336,0.054931640625,0.0
demo-fixed_price-884000,fixed_price,static_hierarchy,35,hold_current,b8b180477309e6a8ea557a04fcd75631cd80b839d0d51f27f9b180400754f4c4,established_b-b000,established_b,0,35,first,180,100,24.0,46.09738541168908,0.5801145444059376,32.0993761681362,35.68861337453505,44.529131328363704,58.42446734071385,69.06345842970303,1.0,1.0,0.0,256,46.06630763156813,1.0,1.0,0.021841789424114584,0.00031077780120952525,0.0,
demo-fixed_price-884000,fixed_price,static_hierarchy,35,hold_current,b8b180477309e6a8ea557a04fcd75631cd80b839d0d51f27f9b180400754f4c4,established_b-b028,established_b,28,7,newest,180,100,24.0,36.46428765397803,1.11188429912888,10.086712919354724,17.093588610640232,33.82298063283051,61.02179278991527,75.5471419940878,0.99609375,0.99609375,0.00390625,256,34.819909910645514,1.0,1.0,0.03929520636336047,0.016443777433325195,1.52587890625e-05,
demo-fixed_price-884000,fixed_price,static_hierarchy,35,hold_current,b8b180477309e6a8ea557a04fcd75631cd80b839d0d51f27f9b180400754f4c4,established_b-b042,established_b,42,-7,next_purchase,180,100,24.0,40.72701708913323,1.3861817253701099,8.093935382372674,16.60740181311881,38.17781539211841,65.18727434968409,97.70375604256945,0.99609375,0.99609375,0.00390625,256,29.84856687096039,1.0,1.0,0.05749156010984235,0.10878450218172837,1.52587890625e-05,0.0
demo-fixed_price-884000,fixed_price,dynamic_hierarchy,35,hold_current,b8b180477309e6a8ea557a04fcd75631cd80b839d0d51f27f9b180400754f4c4,established_a-b000,established_a,0,35,first,180,100,18.0,8.65097057910412,0.37352568443916145,-1.6053333670666712,1.432598091473885,8.320880557606797,16.749051817932365,20.996241680488165,0.9453125,0.9609375,0.0390625,256,4.86853277136029,1.0,1.0,0.021290693168302694,0.0378243780774383,0.00299072265625,
demo-fixed_price-884000,fixed_price,dynamic_hierarchy,35,hold_current,b8b180477309e6a8ea557a04fcd75631cd80b839d0d51f27f9b180400754f4c4,established_a-b028,established_a,28,7,newest,180,100,18.0,7.355008104101787,0.7311762719078007,-8.915900739352466,-5.609500592401684,6.211282978984794,21.276129780166272,32.8953219388856,0.7109375,0.75390625,0.24609375,256,6.6019706443972614,1.0,1.0,0.024661250421076152,0.00753037459704526,0.08355712890625,
demo-fixed_price-884000,fixed_price,dynamic_hierarchy,35,hold_current,b8b180477309e6a8ea557a04fcd75631cd80b839d0d51f27f9b180400754f4c4,established_a-b042,established_a,42,-7,next_purchase,180,100,18.0,9.663371513977996,0.8363362395404903,-7.8256095281490365,-5.256924370156782,6.8330565569293515,25.728745735834146,42.19769777121275,0.76953125,0.80078125,0.19921875,256,12.816799049790479,1.0,1.0,0.03827363108021351,0.03153427535812483,0.0531158447265625,0.0
demo-fixed_price-884000,fixed_price,dynamic_hierarchy,35,hold_current,b8b180477309e6a8ea557a04fcd75631cd80b839d0d51f27f9b180400754f4c4,established_b-b000,established_b,0,35,first,180,100,24.0,46.44266456281193,0.8063598966244667,24.574706013338844,31.373275690716845,44.911470868607196,62.55658121054231,76.6221041443171,1.0,1.0,0.0,256,46.06630763156813,1.0,1.0,0.02818823726991507,0.00376356931243798,0.0,
demo-fixed_price-884000,fixed_price,dynamic_hierarchy,35,hold_current,b8b180477309e6a8ea557a04fcd75631cd80b839d0d51f27f9b180400754f4c4,established_b-b028,established_b,28,7,newest,180,100,24.0,37.7233597496959,1.4332169403058561,3.8566337218852182,14.52562065589423,34.714963736150466,61.37645894575124,95.44555855723911,0.98046875,0.98828125,0.01171875,256,34.819909910645514,1.0,1.0,0.043793488749896664,0.029034498390503885,0.0003814697265625,
demo-fixed_price-884000,fixed_price,dynamic_hierarchy,35,hold_current,b8b180477309e6a8ea557a04fcd75631cd80b839d0d51f27f9b180400754f4c4,established_b-b042,established_b,42,-7,next_purchase,180,100,24.0,41.821959623030494,1.7704278262903541,0.8927967363956402,10.785972858728528,36.719011131168,77.14202342343657,108.06246867768746,0.98046875,0.98828125,0.01171875,256,29.84856687096039,1.0,1.0,0.07082236652706818,0.11973392752070104,0.0003814697265625,0.0
demo-fixed_price-884000,fixed_price,static_hierarchy,63,hold_current,cd55a104657fcd5a882686de44b21fe0be54bf2e8ccf7888cfa5d43da79c7815,established_a-b000,established_a,0,63,first,180,100,18.0,6.72092848142406,0.19239993716055848,0.9576826746850249,2.9813924164875996,6.616029029924613,10.742851541048884,13.308625301115256,0.9921875,1.0,0.0,256,4.86853277136029,1.0,1.0,0.010521234466682225,0.0185239571006377,6.103515625e-05,
demo-fixed_price-884000,fixed_price,static_hierarchy,63,hold_current,cd55a104657fcd5a882686de44b21fe0be54bf2e8ccf7888cfa5d43da79c7815,established_a-b056,established_a,56,7,newest,180,100,18.0,2.5866296157731234,0.3863852930935539,-7.687675314138334,-4.049806231762371,1.6294163739112193,10.785087811743347,17.217325843105257,0.6328125,0.7109375,0.2890625,256,-4.780314886444415,1.0,0.0,0.04308452025738035,0.07366944502217539,0.40045166015625,
demo-fixed_price-884000,fixed_price,static_hierarchy,63,hold_current,cd55a104657fcd5a882686de44b21fe0be54bf2e8ccf7888cfa5d43da79c7815,established_a-b070,established_a,70,-7,next_purchase,180,100,18.0,6.293950893345892,0.4319782171742633,-5.380350396516942,-1.867634623142738,5.7972922604823225,14.55189090116557,21.220589139453146,0.8203125,0.8515625,0.1484375,256,-3.2196297831436467,1.0,0.0,0.059803243399265134,0.09513580676489539,0.67291259765625,0.03219629783143647
demo-fixed_price-884000,fixed_price,static_hierarchy,63,hold_current,cd55a104657fcd5a882686de44b21fe0be54bf2e8ccf7888cfa5d43da79c7815,established_b-b000,established_b,0,63,first,180,100,24.0,44.63420415260796,0.36280569533842155,34.83165712377213,37.21546346259112,44.51430211571773,52.50503147811312,56.65764522405329,1.0,1.0,0.0,256,46.06630763156813,1.0,1.0,0.01521571200913205,0.014321034789601726,0.0,
demo-fixed_price-884000,fixed_price,static_hierarchy,63,hold_current,cd55a104657fcd5a882686de44b21fe0be54bf2e8ccf7888cfa5d43da79c7815,established_b-b056,established_b,56,7,newest,180,100,24.0,35.20991135069575,0.7787152382310607,12.318048819486899,20.613800317436123,35.03619110711975,51.01779561992814,61.21127204840983,1.0,1.0,0.0,256,47.17759288661939,1.0,1.0,0.07539872052618911,0.11967681535923638,0.0,
demo-fixed_price-884000,fixed_price,static_hierarchy,63,hold_current,cd55a104657fcd5a882686de44b21fe0be54bf2e8ccf7888cfa5d43da79c7815,established_b-b070,established_b,70,-7,next_purchase,180,100,24.0,40.62480264534288,0.8659617363257409,17.939049537586726,22.93413770409636,40.50446909980459,59.01857398442662,72.65944323280618,1.0,1.0,0.0,256,34.91216431074442,1.0,1.0,0.03757196129022656,0.05712638334598459,0.0,0.0
demo-fixed_price-884000,fixed_price,dynamic_hierarchy,63,hold_current,cd55a104657fcd5a882686de44b21fe0be54bf2e8ccf7888cfa5d43da79c7815,established_a-b000,established_a,0,63,first,180,100,18.0,6.1892420509831965,0.2288841539170648,0.4998043801557448,2.0657324856564028,5.38827383400622,10.671784002095006,14.254258896743618,0.984375,1.0,0.0,256,4.86853277136029,1.0,1.0,0.008519067011966202,0.01320709279622906,0.000244140625,
demo-fixed_price-884000,fixed_price,dynamic_hierarchy,63,hold_current,cd55a104657fcd5a882686de44b21fe0be54bf2e8ccf7888cfa5d43da79c7815,established_a-b056,established_a,56,7,newest,180,100,18.0,1.823777479060467,0.37630156759853395,-7.86701454883418,-5.0577031996008435,1.3693511281928057,9.588022421394925,14.146390407134811,0.58984375,0.6484375,0.3515625,256,-4.780314886444415,1.0,1.0,0.03765775202626481,0.06604092365504882,0.3479156494140625,
demo-fixed_price-884000,fixed_price,dynamic_hierarchy,63,hold_current,cd55a104657fcd5a882686de44b21fe0be54bf2e8ccf7888cfa5d43da79c7815,established_a-b070,established_a,70,-7,next_purchase,180,100,18.0,5.019330833114067,0.45705302639006123,-8.266299566119237,-3.4053002752869785,4.000887729630945,13.546504300698627,21.199891184527438,0.78125,0.828125,0.171875,256,-3.2196297831436467,1.0,1.0,0.04931415563697091,0.08238960616257714,0.6103515625,0.03219629783143647
demo-fixed_price-884000,fixed_price,dynamic_hierarchy,63,hold_current,cd55a104657fcd5a882686de44b21fe0be54bf2e8ccf7888cfa5d43da79c7815,established_b-b000,established_b,0,63,first,180,100,24.0,44.86730471582281,0.42493688308835653,32.81882310992095,36.92773435188023,44.74045039053122,52.97656544756798,59.95874818881076,1.0,1.0,0.0,256,46.06630763156813,1.0,1.0,0.0159896984549359,0.01199002915745318,0.0,
demo-fixed_price-884000,fixed_price,dynamic_hierarchy,63,hold_current,cd55a104657fcd5a882686de44b21fe0be54bf2e8ccf7888cfa5d43da79c7815,established_b-b056,established_b,56,7,newest,180,100,24.0,33.29872976956281,0.8296208266812501,10.544661276482483,16.41901358336301,33.753103142362235,48.92261501979805,60.530694677366654,1.0,1.0,0.0,256,47.17759288661939,1.0,1.0,0.08828768204648112,0.13878863117056575,0.0,
demo-fixed_price-884000,fixed_price,dynamic_hierarchy,63,hold_current,cd55a104657fcd5a882686de44b21fe0be54bf2e8ccf7888cfa5d43da79c7815,established_b-b070,established_b,70,-7,next_purchase,180,100,24.0,39.173381721555,1.0110883887171216,12.015239914829394,19.105372119974263,37.19460228855992,61.24040680801194,73.07248329253005,0.99609375,1.0,0.0,256,34.91216431074442,1.0,1.0,0.039447740262705915,0.042612174108105805,1.52587890625e-05,0.0
demo-fixed_price-884000,fixed_price,static_hierarchy,91,hold_current,63c464275bb077483bf1a5f79548c642a5f3ccf04db1b92f65c76a2d190fb131,established_a-b000,established_a,0,91,first,180,100,18.0,6.449829097303145,0.1579935661374348,2.4971017961362434,3.306442045180738,6.124353033689818,9.75083203940381,12.198521062147247,1.0,1.0,0.0,256,4.86853277136029,1.0,1.0,0.00859643514833718,0.01581296325942855,0.0,
demo-fixed_price-884000,fixed_price,static_hierarchy,91,hold_current,63c464275bb077483bf1a5f79548c642a5f3ccf04db1b92f65c76a2d190fb131,established_a-b084,established_a,84,7,newest,180,100,18.0,3.0710524332121047,0.3550516583594574,-6.117756839869726,-4.20930941347657,2.4105245620261115,10.838584161958327,14.241492179521451,0.703125,0.7734375,0.2265625,256,-5.790364930614635,1.0,0.0,0.05804972088125528,0.0886141736382674,0.494384765625,
demo-fixed_price-884000,fixed_price,static_hierarchy,91,hold_current,63c464275bb077483bf1a5f79548c642a5f3ccf04db1b92f65c76a2d190fb131,established_a-b098,established_a,98,-7,next_purchase,180,100,18.0,8.200689448784047,0.41791910583122327,-4.311496095489316,-0.2120031369874198,8.472395488902583,16.625771017801394,20.555341344493026,0.88671875,0.91015625,0.08984375,256,9.08824608571323,1.0,1.0,0.017109639992320687,0.008875566369291831,0.0128326416015625,0.0
demo-fixed_price-884000,fixed_price,static_hierarchy,91,hold_current,63c464275bb077483bf1a5f79548c642a5f3ccf04db1b92f65c76a2d190fb131,established_b-b000,established_b,0,91,first,180,100,24.0,47.841563739565046,0.24914333563663907,40.63866008268117,43.02106747798303,47.484995086015466,52.91950814270676,56.43114177862757,1.0,1.0,0.0,256,46.06630763156813,1.0,1.0,0.01140081118324599,0.01775256107996917,0.0,
demo-fixed_price-884000,fixed_price,static_hierarchy,91,hold_current,63c464275bb077483bf1a5f79548c642a5f3ccf04db1b92f65c76a2d190fb131,established_b-b084,established_b,84,7,newest,180,100,24.0,36.100122121252,0.6700226680251132,17.825214856243107,22.809486062216692,35.64880605528348,48.883456640135655,61.162900386913165,1.0,1.0,0.0,256,62.72927797728313,0.0,0.0,0.2100388125804771,0.26629155856031134,0.0,
demo-fixed_price-884000,fixed_price,static_hierarchy,91,hold_current,63c464275bb077483bf1a5f79548c642a5f3ccf04db1b92f65c76a2d190fb131,established_b-b098,established_b,98,-7,next_purchase,180,100,24.0,40.73821243089846,0.76516070360031,19.441520482752242,23.965780529737703,40.01810801504955,57.0508496279436,65.56567093266386,1.0,1.0,0.0,256,41.48668964377424,1.0,1.0,0.03040242857405046,0.007484772128757839,0.0,0.0
demo-fixed_price-884000,fixed_price,dynamic_hierarchy,91,hold_current,63c464275bb077483bf1a5f79548c642a5f3ccf04db1b92f65c76a2d190fb131,established_a-b000,established_a,0,91,first,180,100,18.0,6.371588960901315,0.17687954929300645,2.3430009127861786,3.225699110062621,6.144696242135085,10.071491791652937,12.565564531153363,1.0,1.0,0.0,256,4.86853277136029,1.0,1.0,0.008185148778901766,0.015030561895410246,0.0,
demo-fixed_price-884000,fixed_price,dynamic_hierarchy,91,hold_current,63c464275bb077483bf1a5f79548c642a5f3ccf04db1b92f65c76a2d190fb131,established_a-b084,established_a,84,7,newest,180,100,18.0,4.475490684159479,0.4364255740050597,-7.875068094724293,-3.7571108318995163,3.6598446211139013,13.365341669406067,20.17723422022249,0.71484375,0.7734375,0.2265625,256,-5.790364930614635,1.0,0.0,0.06587280994051652,0.10265855614774115,0.5110015869140625,
demo-fixed_price-884000,fixed_price,dynamic_hierarchy,91,hold_current,63c464275bb077483bf1a5f79548c642a5f3ccf04db1b92f65c76a2d190fb131,established_a-b098,established_a,98,-7,next_purchase,180,100,18.0,9.17574918101868,0.5148478444429611,-3.770657612798085,0.07737669418794546,7.804505626393977,18.92369204417473,29.70280459835206,0.90625,0.91015625,0.08984375,256,9.08824608571323,1.0,1.0,0.016717468760212465,0.0008750309530545053,0.0087890625,0.0
demo-fixed_price-884000,fixed_price,dynamic_hierarchy,91,hold_current,63c464275bb077483bf1a5f79548c642a5f3ccf04db1b92f65c76a2d190fb131,established_b-b000,established_b,0,91,first,180,100,24.0,48.50689479754431,0.30655818233782156,40.17043094811069,42.14149337717311,48.45875906160741,54.90179238429133,58.98247516504907,1.0,1.0,0.0,256,46.06630763156813,1.0,1.0,0.01524304822125602,0.024405871659761828,0.0,
demo-fixed_price-884000,fixed_price,dynamic_hierarchy,91,hold_current,63c464275bb077483bf1a5f79548c642a5f3ccf04db1b92f65c76a2d190fb131,established_b-b084,established_b,84,7,newest,180,100,24.0,37.70264820532684,0.8539667939353043,14.087660240746436,21.1479203081292,37.23430443215689,56.910504610333795,66.43514017701506,1.0,1.0,0.0,256,62.72927797728313,1.0,0.0,0.17967621401466677,0.25026629771956294,0.0,
demo-fixed_price-884000,fixed_price,dynamic_hierarchy,91,hold_current,63c464275bb077483bf1a5f79548c642a5f3ccf04db1b92f65c76a2d190fb131,established_b-b098,established_b,98,-7,next_purchase,180,100,24.0,42.084994244628625,1.0190284124183169,14.708818258939594,22.843843304974456,41.02798091956057,64.95673085275791,78.99238043673826,0.99609375,0.99609375,0.00390625,256,41.48668964377424,1.0,1.0,0.03652786961871461,0.005983046008543837,1.52587890625e-05,0.0
demo-fixed_price-884000,fixed_price,static_hierarchy,119,hold_current,921f05608aef3e5b51196624365c3750b6f9d119ac78eba6844b6f7bea9a1c84,established_a-b000,established_a,0,119,first,180,100,18.0,7.000595328831779,0.12483058574266498,3.8536111992554174,4.544130703833048,6.787949480699009,9.557511797540036,11.171527725185115,1.0,1.0,0.0,256,4.86853277136029,1.0,1.0,0.012149894201300814,0.02132062557471489,0.0,
demo-fixed_price-884000,fixed_price,static_hierarchy,119,hold_current,921f05608aef3e5b51196624365c3750b6f9d119ac78eba6844b6f7bea9a1c84,established_a-b112,established_a,112,7,newest,180,100,18.0,6.02829482228678,0.3881715896147628,-3.665086162009599,-1.0220951767780537,5.290092869059563,13.64752698087045,22.35776894734279,0.84765625,0.89453125,0.10546875,256,7.540895956814886,1.0,1.0,0.01653743110513362,0.01512601134528106,0.0232086181640625,
demo-fixed_price-884000,fixed_price,static_hierarchy,119,hold_current,921f05608aef3e5b51196624365c3750b6f9d119ac78eba6844b6f7bea9a1c84,established_a-b126,established_a,126,-7,next_purchase,180,100,18.0,7.231495186205843,0.39681330362243167,-4.135493551417518,-0.6024559531875333,6.708765621346533,15.790902440610289,20.192131255931447,0.875,0.91796875,0.08203125,256,-1.1984988005456783,1.0,0.0,0.052363698104471085,0.08429993986751522,0.765625,0.011984988005456783
demo-fixed_price-884000,fixed_price,static_hierarchy,119,hold_current,921f05608aef3e5b51196624365c3750b6f9d119ac78eba6844b6f7bea9a1c84,established_b-b000,established_b,0,119,first,180,100,24.0,47.507051513745814,0.19831584621540227,42.482662114207464,43.995586067558925,47.2461387049182,51.790284453505144,54.636541981085784,1.0,1.0,0.0,256,46.06630763156813,1.0,1.0,0.008607404875661473,0.01440743882177685,0.0,
demo-fixed_price-884000,fixed_price,static_hierarchy,119,hold_current,921f05608aef3e5b51196624365c3750b6f9d119ac78eba6844b6f7bea9a1c84,established_b-b112,established_b,112,7,newest,180,100,24.0,31.670687100785095,0.7549745813909344,10.374169800467508,16.740413917388814,29.632024952115465,47.61561874898466,55.16478790045534,1.0,1.0,0.0,256,38.81353406240208,1.0,1.0,0.04866347312956842,0.07142846961616982,0.0,
demo-fixed_price-884000,fixed_price,static_hierarchy,119,hold_current,921f05608aef3e5b51196624365c3750b6f9d119ac78eba6844b6f7bea9a1c84,established_b-b126,established_b,126,-7,next_purchase,180,100,24.0,41.24533368444703,0.955932154749401,13.543294977337052,22.444216651529924,40.640334399828006,60.067524574974925,75.9800894936689,1.0,1.0,0.0,256,16.728264766332806,1.0,0.0,0.16526557609064305,0.24517068918114227,0.0,0.0
demo-fixed_price-884000,fixed_price,dynamic_hierarchy,119,hold_current,921f05608aef3e5b51196624365c3750b6f9d119ac78eba6844b6f7bea9a1c84,established_a-b000,established_a,0,119,first,180,100,18.0,7.1269117404971105,0.10849153050840228,4.345140696436136,4.9785830479747215,6.940416136995866,9.462275128351774,11.00168172103798,1.0,1.0,0.0,256,4.86853277136029,1.0,0.0,0.013757293713849476,0.022583789691368202,0.0,
demo-fixed_price-884000,fixed_price,dynamic_hierarchy,119,hold_current,921f05608aef3e5b51196624365c3750b6f9d119ac78eba6844b6f7bea9a1c84,established_a-b112,established_a,112,7,newest,180,100,18.0,6.623974487912717,0.46426045264957894,-5.0486963535295235,-1.5174221864014878,6.286551294260768,15.623070383957192,22.681366214914565,0.79296875,0.85546875,0.14453125,256,7.540895956814886,1.0,1.0,0.01875278517284359,0.009169214689021689,0.0428619384765625,
demo-fixed_price-884000,fixed_price,dynamic_hierarchy,119,hold_current,921f05608aef3e5b51196624365c3750b6f9d119ac78eba6844b6f7bea9a1c84,established_a-b126,established_a,126,-7,next_purchase,180,100,18.0,8.739524735492239,0.5024466282152251,-4.5570694849467515,-0.5913892394459186,7.753729037013979,18.841596229388387,27.3935587422229,0.8828125,0.90625,0.09375,256,-1.1984988005456783,1.0,0.0,0.05936839441438191,0.09938023536037917,0.77935791015625,0.011984988005456783
demo-fixed_price-884000,fixed_price,dynamic_hierarchy,119,hold_current,921f05608aef3e5b51196624365c3750b6f9d119ac78eba6844b6f7bea9a1c84,established_b-b000,established_b,0,119,first,180,100,24.0,47.59558629403533,0.226304801249251,41.58990127559501,42.908206150849736,47.24428064600122,52.24058185537768,55.673193529340594,1.0,1.0,0.0,256,46.06630763156813,1.0,1.0,0.010193025138628605,0.01529278662467199,0.0,
demo-fixed_price-884000,fixed_price,dynamic_hierarchy,119,hold_current,921f05608aef3e5b51196624365c3750b6f9d119ac78eba6844b6f7bea9a1c84,established_b-b112,established_b,112,7,newest,180,100,24.0,32.45391237255169,0.788199513113584,9.512446165808775,16.962765308805967,31.726166432473892,50.97850410604996,59.62668625964449,1.0,1.0,0.0,256,38.81353406240208,1.0,1.0,0.04610293134276042,0.06359621689850385,0.0,
demo-fixed_price-884000,fixed_price,dynamic_hierarchy,119,hold_current,921f05608aef3e5b51196624365c3750b6f9d119ac78eba6844b6f7bea9a1c84,established_b-b126,established_b,126,-7,next_purchase,180,100,24.0,42.04972951422568,0.9939063751695177,17.829603731835004,23.086659428863882,40.470623278117905,62.8708897586676,78.38795449228981,1.0,1.0,0.0,256,16.728264766332806,0.0,0.0,0.16756116796009887,0.25321464747892874,0.0,0.0
demo-fixed_price-884000,fixed_price,dynamic_hierarchy,119,fixed_price,921f05608aef3e5b51196624365c3750b6f9d119ac78eba6844b6f7bea9a1c84,established_a-b000,established_a,0,119,first,180,100,18.0,7.276237442445454,0.1265285472012245,4.042201756220884,4.962433363374291,6.9991855354469035,9.794831470181759,11.53362155973992,1.0,1.0,0.0,256,4.86853277136029,1.0,0.0,0.013986650224416048,0.024077046710851632,0.0,
demo-fixed_price-884000,fixed_price,dynamic_hierarchy,119,fixed_price,921f05608aef3e5b51196624365c3750b6f9d119ac78eba6844b6f7bea9a1c84,established_a-b112,established_a,112,7,newest,180,100,18.0,6.313814811671863,0.4431103490505228,-5.797050157113403,-1.7511640333042884,5.465509476852203,15.182954388737485,20.533954916570163,0.83203125,0.8671875,0.1328125,256,7.540895956814886,1.0,1.0,0.018204591446014023,0.01227081145143023,0.0282135009765625,
demo-fixed_price-884000,fixed_price,dynamic_hierarchy,119,fixed_price,921f05608aef3e5b51196624365c3750b6f9d119ac78eba6844b6f7bea9a1c84,established_a-b126,established_a,126,-7,next_purchase,180,100,18.0,8.485387677702324,0.48882737924727787,-3.4979118481112055,-0.47335102007640195,7.250872676779272,17.653802969239827,21.87403390576889,0.8828125,0.9140625,0.0859375,256,-1.1984988005456783,1.0,0.0,0.05909113271160936,0.09683886478248002,0.77935791015625,0.011984988005456783
demo-fixed_price-884000,fixed_price,dynamic_hierarchy,119,fixed_price,921f05608aef3e5b51196624365c3750b6f9d119ac78eba6844b6f7bea9a1c84,established_b-b000,established_b,0,119,first,180,100,24.0,47.36796153234492,0.21755997801432456,40.9555383828747,43.10343674571473,46.993097471184214,52.18937894215432,54.23616566215557,1.0,1.0,0.0,256,46.06630763156813,1.0,1.0,0.009209613425965482,0.013016539007767917,0.0,
demo-fixed_price-884000,fixed_price,dynamic_hierarchy,119,fixed_price,921f05608aef3e5b51196624365c3750b6f9d119ac78eba6844b6f7bea9a1c84,established_b-b112,established_b,112,7,newest,180,100,24.0,32.70667577990426,0.7712678726964055,11.960843905667346,17.38789563464043,32.02074005498995,47.85817483765793,57.950658578500224,1.0,1.0,0.0,256,38.81353406240208,1.0,1.0,0.04471103752254756,0.06106858282497818,0.0,
demo-fixed_price-884000,fixed_price,dynamic_hierarchy,119,fixed_price,921f05608aef3e5b51196624365c3750b6f9d119ac78eba6844b6f7bea9a1c84,established_b-b126,established_b,126,-7,next_purchase,180,100,24.0,43.46387561181114,0.9897375612795491,18.009522420593324,25.192572116954743,40.90928780308942,63.52282221388362,78.22674349628176,1.0,1.0,0.0,256,16.728264766332806,0.0,0.0,0.18110876959264655,0.26735610845478336,0.0,0.0
demo-fixed_price-884000,fixed_price,dynamic_hierarchy,119,continue_recent_trend,921f05608aef3e5b51196624365c3750b6f9d119ac78eba6844b6f7bea9a1c84,established_a-b000,established_a,0,119,first,180,100,18.0,6.813042414550569,0.12330960576258201,3.8379064936845353,4.563137367409041,6.566124998001891,9.240098015151329,11.661272074870134,1.0,1.0,0.0,256,4.86853277136029,1.0,1.0,0.010488862454666235,0.01944509643190279,0.0,
demo-fixed_price-884000,fixed_price,dynamic_hierarchy,119,continue_recent_trend,921f05608aef3e5b51196624365c3750b6f9d119ac78eba6844b6f7bea9a1c84,established_a-b112,established_a,112,7,newest,180,100,18.0,6.240935046156187,0.5532715255483927,-9.032796526105287,-3.5038171313206306,4.899537488247729,17.404732291925715,25.919191503845962,0.79296875,0.82421875,0.17578125,256,7.540895956814886,1.0,1.0,0.022311765955545813,0.012999609106586991,0.0428619384765625,
demo-fixed_price-884000,fixed_price,dynamic_hierarchy,119,continue_recent_trend,921f05608aef3e5b51196624365c3750b6f9d119ac78eba6844b6f7bea9a1c84,established_a-b126,established_a,126,-7,next_purchase,180,100,18.0,8.171900350960897,0.683961114752175,-8.197717352728713,-3.240918717463714,6.537162976288599,20.8453154267769,35.50605009193876,0.796875,0.828125,0.171875,256,-1.1984988005456783,1.0,1.0,0.04930813306305083,0.09370399151506575,0.635009765625,0.011984988005456783
demo-fixed_price-884000,fixed_price,dynamic_hierarchy,119,continue_recent_trend,921f05608aef3e5b51196624365c3750b6f9d119ac78eba6844b6f7bea9a1c84,established_b-b000,established_b,0,119,first,180,100,24.0,47.442522601540944,0.2049791822704778,41.74760743694818,43.51771957637187,47.09815074930391,51.6825778603135,54.258159208189916,1.0,1.0,0.0,256,46.06630763156813,1.0,1.0,0.008546664249800839,0.013762149699728141,0.0,
demo-fixed_price-884000,fixed_price,dynamic_hierarchy,119,continue_recent_trend,921f05608aef3e5b51196624365c3750b6f9d119ac78eba6844b6f7bea9a1c84,established_b-b112,established_b,112,7,newest,180,100,24.0,31.25819833478088,0.956338326617323,6.248226930857784,13.666316618940272,30.61041706021759,51.07942851360611,64.30787151503081,0.984375,0.98828125,0.01171875,256,38.81353406240208,1.0,1.0,0.05336155999869949,0.07555335727621199,0.000244140625,
demo-fixed_price-884000,fixed_price,dynamic_hierarchy,119,continue_recent_trend,921f05608aef3e5b51196624365c3750b6f9d119ac78eba6844b6f7bea9a1c84,established_b-b126,established_b,126,-7,next_purchase,180,100,24.0,40.337217661243926,1.1773310045194998,7.955290818422048,17.849988168809404,40.68688157725085,63.27928848429778,82.39440242110501,0.99609375,0.99609375,0.00390625,256,16.728264766332806,1.0,0.0,0.14373968810649462,0.2360895289491112,1.52587890625e-05,0.0
demo-cpc_squeeze-884000,cpc_squeeze,static_hierarchy,35,hold_current,b8b180477309e6a8ea557a04fcd75631cd80b839d0d51f27f9b180400754f4c4,established_a-b000,established_a,0,35,first,180,100,18.0,8.361123529416016,0.3423487746028406,-0.05510564634733939,2.103482352504205,7.653554777107882,15.787788544336717,21.58460596903651,0.97265625,0.98828125,0.01171875,256,1.6134421428794912,1.0,0.0,0.039801127727847586,0.06747681386536525,0.0007476806640625,
demo-cpc_squeeze-884000,cpc_squeeze,static_hierarchy,35,hold_current,b8b180477309e6a8ea557a04fcd75631cd80b839d0d51f27f9b180400754f4c4,established_a-b028,established_a,28,7,newest,180,100,18.0,5.498000392811424,0.640578148533687,-7.95321308863525,-4.873061526976582,3.9212779967451272,15.757051414951551,28.11071874803138,0.671875,0.734375,0.265625,256,0.06314042797193178,1.0,1.0,0.028009592907359666,0.05434859964839492,0.107666015625,
demo-cpc_squeeze-884000,cpc_squeeze,static_hierarchy,35,hold_current,b8b180477309e6a8ea557a04fcd75631cd80b839d0d51f27f9b180400754f4c4,established_a-b042,established_a,42,-7,next_purchase,180,100,18.0,8.018661823562143,0.7764204796911227,-8.977516578862454,-3.7992875852057812,5.481380331653629,22.506506606105813,38.35837993545397,0.765625,0.8046875,0.1953125,256,3.093525168072812,1.0,1.0,0.024730789118064075,0.0492513665548933,0.054931640625,0.0
demo-cpc_squeeze-884000,cpc_squeeze,static_hierarchy,35,hold_current,b8b180477309e6a8ea557a04fcd75631cd80b839d0d51f27f9b180400754f4c4,established_b-b000,established_b,0,35,first,180,100,24.0,46.09738541168908,0.5801145444059376,32.0993761681362,35.68861337453505,44.529131328363704,58.42446734071385,69.06345842970303,1.0,1.0,0.0,256,36.21392675813992,1.0,1.0,0.05426682599859431,0.09883458653549163,0.0,
demo-cpc_squeeze-884000,cpc_squeeze,static_hierarchy,35,hold_current,b8b180477309e6a8ea557a04fcd75631cd80b839d0d51f27f9b180400754f4c4,established_b-b028,established_b,28,7,newest,180,100,24.0,36.46428765397803,1.11188429912888,10.086712919354724,17.093588610640232,33.82298063283051,61.02179278991527,75.5471419940878,0.99609375,0.99609375,0.00390625,256,20.69287305611698,1.0,1.0,0.0815820707766814,0.15771414597861053,1.52587890625e-05,
demo-cpc_squeeze-884000,cpc_squeeze,static_hierarchy,35,hold_current,b8b180477309e6a8ea557a04fcd75631cd80b839d0d51f27f9b180400754f4c4,established_b-b042,established_b,42,-7,next_purchase,180,100,24.0,40.72701708913323,1.3861817253701099,8.093935382372674,16.60740181311881,38.17781539211841,65.18727434968409,97.70375604256945,0.99609375,0.99609375,0.00390625,256,13.888809206014894,1.0,0.0,0.15935980802281302,0.2683820788311833,1.52587890625e-05,0.0
demo-cpc_squeeze-884000,cpc_squeeze,dynamic_hierarchy,35,hold_current,b8b180477309e6a8ea557a04fcd75631cd80b839d0d51f27f9b180400754f4c4,established_a-b000,established_a,0,35,first,180,100,18.0,8.65097057910412,0.37352568443916145,-1.6053333670666712,1.432598091473885,8.320880557606797,16.749051817932365,20.996241680488165,0.9453125,0.9609375,0.0390625,256,1.6134421428794912,1.0,1.0,0.041448220743540036,0.07037528436224628,0.00299072265625,
demo-cpc_squeeze-884000,cpc_squeeze,dynamic_hierarchy,35,hold_current,b8b180477309e6a8ea557a04fcd75631cd80b839d0d51f27f9b180400754f4c4,established_a-b028,established_a,28,7,newest,180,100,18.0,7.355008104101787,0.7311762719078007,-8.915900739352466,-5.609500592401684,6.211282978984794,21.276129780166272,32.8953219388856,0.7109375,0.75390625,0.24609375,256,0.06314042797193178,1.0,1.0,0.036562277815313085,0.07291867676129855,0.08355712890625,
demo-cpc_squeeze-884000,cpc_squeeze,dynamic_hierarchy,35,hold_current,b8b180477309e6a8ea557a04fcd75631cd80b839d0d51f27f9b180400754f4c4,established_a-b042,established_a,42,-7,next_purchase,180,100,18.0,9.663371513977996,0.8363362395404903,-7.8256095281490365,-5.256924370156782,6.8330565569293515,25.728745735834146,42.19769777121275,0.76953125,0.80078125,0.19921875,256,3.093525168072812,1.0,1.0,0.03331226446186416,0.06569846345905184,0.0531158447265625,0.0
demo-cpc_squeeze-884000,cpc_squeeze,dynamic_hierarchy,35,hold_current,b8b180477309e6a8ea557a04fcd75631cd80b839d0d51f27f9b180400754f4c4,established_b-b000,established_b,0,35,first,180,100,24.0,46.44266456281193,0.8063598966244667,24.574706013338844,31.373275690716845,44.911470868607196,62.55658121054231,76.6221041443171,1.0,1.0,0.0,256,36.21392675813992,1.0,1.0,0.0540168299745233,0.10228737804672008,0.0,
demo-cpc_squeeze-884000,cpc_squeeze,dynamic_hierarchy,35,hold_current,b8b180477309e6a8ea557a04fcd75631cd80b839d0d51f27f9b180400754f4c4,established_b-b028,established_b,28,7,newest,180,100,24.0,37.7233597496959,1.4332169403058561,3.8566337218852182,14.52562065589423,34.714963736150466,61.37645894575124,95.44555855723911,0.98046875,0.98828125,0.01171875,256,20.69287305611698,1.0,1.0,0.08455077095871967,0.17030486693578922,0.0003814697265625,
demo-cpc_squeeze-884000,cpc_squeeze,dynamic_hierarchy,35,hold_current,b8b180477309e6a8ea557a04fcd75631cd80b839d0d51f27f9b180400754f4c4,established_b-b042,established_b,42,-7,next_purchase,180,100,24.0,41.821959623030494,1.7704278262903541,0.8927967363956402,10.785972858728528,36.719011131168,77.14202342343657,108.06246867768746,0.98046875,0.98828125,0.01171875,256,13.888809206014894,1.0,1.0,0.1468338095790519,0.279331504170156,0.0003814697265625,0.0
demo-cpc_squeeze-884000,cpc_squeeze,static_hierarchy,63,hold_current,74ecba7486b6658eee2daa08118f41a5d9bce0f2cd18333f8ca11d9507f1550b,established_a-b000,established_a,0,63,first,180,100,18.0,6.598660927444768,0.19122517431713465,0.870424480575243,2.881829107041682,6.494332489924133,10.596029994567163,13.146152070498774,0.9921875,0.99609375,0.00390625,256,1.6134421428794912,1.0,0.0,0.033557275849533136,0.04985218784565276,6.103515625e-05,
demo-cpc_squeeze-884000,cpc_squeeze,static_hierarchy,63,hold_current,74ecba7486b6658eee2daa08118f41a5d9bce0f2cd18333f8ca11d9507f1550b,established_a-b056,established_a,56,7,newest,180,100,18.0,2.4042005851366683,0.38358927249810887,-7.79540950491912,-4.194379105250663,1.4540348468505968,10.54328155565483,16.928834650029334,0.61328125,0.70703125,0.29296875,256,-10.732036212022129,0.0,0.0,0.09744505924069007,0.13136236797158798,0.3761138916015625,
demo-cpc_squeeze-884000,cpc_squeeze,static_hierarchy,63,hold_current,74ecba7486b6658eee2daa08118f41a5d9bce0f2cd18333f8ca11d9507f1550b,established_a-b070,established_a,70,-7,next_purchase,180,100,18.0,6.08454289441597,0.4288443599184412,-5.504804045644585,-2.017585815272448,5.5916936594201605,14.282750960128332,20.902977553271104,0.8125,0.84375,0.15625,256,-10.926499448721085,0.0,0.0,0.13221762703514348,0.17011042343137056,0.66015625,0.10926499448721085
demo-cpc_squeeze-884000,cpc_squeeze,static_hierarchy,63,hold_current,74ecba7486b6658eee2daa08118f41a5d9bce0f2cd18333f8ca11d9507f1550b,established_b-b000,established_b,0,63,first,180,100,24.0,44.35806923059475,0.3607308774477208,34.611178416472406,36.98138841021645,44.23865574006755,52.18389106100965,56.31286039776168,1.0,1.0,0.0,256,36.21392675813992,1.0,0.0,0.05148118052662813,0.08144142472454831,0.0,
demo-cpc_squeeze-884000,cpc_squeeze,static_hierarchy,63,hold_current,74ecba7486b6658eee2daa08118f41a5d9bce0f2cd18333f8ca11d9507f1550b,established_b-b056,established_b,56,7,newest,180,100,24.0,34.693499143813455,0.7724481761603192,11.987492489371697,20.191159326369753,34.52169942846691,50.37377684081534,60.48490798193997,1.0,1.0,0.0,256,22.297572151574872,1.0,1.0,0.07114870482958467,0.12395926992238582,0.0,
demo-cpc_squeeze-884000,cpc_squeeze,static_hierarchy,63,hold_current,74ecba7486b6658eee2daa08118f41a5d9bce0f2cd18333f8ca11d9507f1550b,established_b-b070,established_b,70,-7,next_purchase,180,100,24.0,40.06427839366093,0.8589247993120617,17.56298037325225,22.517650525170154,39.94577558643988,58.31003557570951,71.84041273407516,1.0,1.0,0.0,256,10.346023700536294,0.0,0.0,0.221302153301285,0.29718254693124635,0.0,0.0
demo-cpc_squeeze-884000,cpc_squeeze,dynamic_hierarchy,63,hold_current,74ecba7486b6658eee2daa08118f41a5d9bce0f2cd18333f8ca11d9507f1550b,established_a-b000,established_a,0,63,first,180,100,18.0,6.1289502192694965,0.23959278576514054,0.22845923700052317,1.8065210545983437,5.399590745754487,11.38139423965857,15.2045338483379,0.98046875,0.99609375,0.00390625,256,1.6134421428794912,1.0,0.0,0.02634483375036037,0.04515508076390005,0.0003814697265625,
demo-cpc_squeeze-884000,cpc_squeeze,dynamic_hierarchy,63,hold_current,74ecba7486b6658eee2daa08118f41a5d9bce0f2cd18333f8ca11d9507f1550b,established_a-b056,established_a,56,7,newest,180,100,18.0,1.6106739268264947,0.37969015752585167,-7.9405445147582014,-5.876036573927359,0.9506649703701857,10.073777299391562,14.935096450440025,0.58203125,0.625,0.375,256,-10.732036212022129,0.0,0.0,0.08950443483410249,0.12342710138848624,0.3387603759765625,
demo-cpc_squeeze-884000,cpc_squeeze,dynamic_hierarchy,63,hold_current,74ecba7486b6658eee2daa08118f41a5d9bce0f2cd18333f8ca11d9507f1550b,established_a-b070,established_a,70,-7,next_purchase,180,100,18.0,4.944764269396132,0.4758831703092327,-8.6235479747252,-3.87563488879369,3.981396176256874,15.080291927446265,19.24288324918354,0.74609375,0.8125,0.1875,256,-10.926499448721085,0.0,0.0,0.11682373271233537,0.15871263718117215,0.5566558837890625,0.10926499448721085
demo-cpc_squeeze-884000,cpc_squeeze,dynamic_hierarchy,63,hold_current,74ecba7486b6658eee2daa08118f41a5d9bce0f2cd18333f8ca11d9507f1550b,established_b-b000,established_b,0,63,first,180,100,24.0,44.737055698385944,0.4393292191108073,32.77930937876007,36.11394139043989,43.85065303670385,53.65777260918243,60.43187740922767,1.0,1.0,0.0,256,36.21392675813992,1.0,1.0,0.051259613262184,0.08523128940246025,0.0,
demo-cpc_squeeze-884000,cpc_squeeze,dynamic_hierarchy,63,hold_current,74ecba7486b6658eee2daa08118f41a5d9bce0f2cd18333f8ca11d9507f1550b,established_b-b056,established_b,56,7,newest,180,100,24.0,33.41193783779145,0.8908502749435262,9.09715666544796,16.055928129522915,31.588390554071992,51.36361811201335,65.89188075972581,1.0,1.0,0.0,256,22.297572151574872,1.0,1.0,0.06109757739862868,0.11114365686216576,0.0,
demo-cpc_squeeze-884000,cpc_squeeze,dynamic_hierarchy,63,hold_current,74ecba7486b6658eee2daa08118f41a5d9bce0f2cd18333f8ca11d9507f1550b,established_b-b070,established_b,70,-7,next_purchase,180,100,24.0,38.267772502678,1.0058628992592218,8.429756543118678,19.00304003617209,37.258715742378214,59.44962351508654,73.97269574734165,0.99609375,0.99609375,0.00390625,256,10.346023700536294,1.0,0.0,0.19214493762649013,0.27921748802141705,1.52587890625e-05,0.0
demo-cpc_squeeze-884000,cpc_squeeze,static_hierarchy,91,hold_current,1448eca5b77c4647a74ec1b94d71022829f50827a73f70376e0bfe95f3ea4e2d,established_a-b000,established_a,0,91,first,180,100,18.0,5.1943216864103405,0.1464627259812703,1.5300258081893157,2.2802818870579866,4.892622708940317,8.254563229197295,10.52331552017661,1.0,1.0,0.0,256,1.6134421428794912,1.0,0.0,0.023098630183336365,0.03580879543530849,0.0,
demo-cpc_squeeze-884000,cpc_squeeze,static_hierarchy,91,hold_current,1448eca5b77c4647a74ec1b94d71022829f50827a73f70376e0bfe95f3ea4e2d,established_a-b084,established_a,84,7,newest,180,100,18.0,0.7980864578284199,0.32352317434423905,-7.574684190672508,-5.835702726717085,0.19645499304649405,7.875613656650639,10.976707990817095,0.52734375,0.6015625,0.3984375,256,-12.761578506356315,0.0,0.0,0.10658431030358248,0.13559664964184737,0.2780914306640625,
demo-cpc_squeeze-884000,cpc_squeeze,static_hierarchy,91,hold_current,1448eca5b77c4647a74ec1b94d71022829f50827a73f70376e0bfe95f3ea4e2d,established_a-b098,established_a,98,-7,next_purchase,180,100,18.0,5.472212694261297,0.3808099571445348,-5.92919489299649,-2.1933485154173864,5.719894483665193,13.148849719230327,16.73009538533717,0.80078125,0.8515625,0.1484375,256,-5.487996673459779,1.0,0.0,0.07603106266127875,0.10960209367721077,0.6412506103515625,0.054879966734597795
demo-cpc_squeeze-884000,cpc_squeeze,static_hierarchy,91,hold_current,1448eca5b77c4647a74ec1b94d71022829f50827a73f70376e0bfe95f3ea4e2d,established_b-b000,established_b,0,91,first,180,100,24.0,44.55505448802394,0.23356972079519772,37.802421437878344,40.03595507039805,44.220813422673544,49.31568014541249,52.60755520869323,1.0,1.0,0.0,256,36.21392675813992,0.0,0.0,0.06246567280252286,0.08341127729884022,0.0,
demo-cpc_squeeze-884000,cpc_squeeze,static_hierarchy,91,hold_current,1448eca5b77c4647a74ec1b94d71022829f50827a73f70376e0bfe95f3ea4e2d,established_b-b084,established_b,84,7,newest,180,100,24.0,30.426492850422875,0.6111996725811254,13.756376092207692,18.302948908108878,30.015133263230226,42.087008688180106,53.28810216520051,1.0,1.0,0.0,256,23.42436790966877,1.0,1.0,0.03901722624338521,0.07002124940754104,0.0,
demo-cpc_squeeze-884000,cpc_squeeze,static_hierarchy,91,hold_current,1448eca5b77c4647a74ec1b94d71022829f50827a73f70376e0bfe95f3ea4e2d,established_b-b098,established_b,98,-7,next_purchase,180,100,24.0,34.657397043934935,0.6979860131721857,15.230357655130437,19.357573648405697,34.000654686385744,49.53756635512286,57.305376974653484,1.0,1.0,0.0,256,9.146655134022012,0.0,0.0,0.19165943776336541,0.2551074190991292,0.0,0.0
demo-cpc_squeeze-884000,cpc_squeeze,dynamic_hierarchy,91,hold_current,1448eca5b77c4647a74ec1b94d71022829f50827a73f70376e0bfe95f3ea4e2d,established_a-b000,established_a,0,91,first,180,100,18.0,4.435060958583041,0.13634159263853976,0.7762090836928373,1.9612095953513897,4.260768879946044,6.924605718511531,9.65314432684383,0.99609375,1.0,0.0,256,1.6134421428794912,1.0,0.0,0.01728104154742985,0.0282161881570355,1.52587890625e-05,
demo-cpc_squeeze-884000,cpc_squeeze,dynamic_hierarchy,91,hold_current,1448eca5b77c4647a74ec1b94d71022829f50827a73f70376e0bfe95f3ea4e2d,established_a-b084,established_a,84,7,newest,180,100,18.0,-0.06371320931750213,0.3755412047749723,-10.004403463407126,-6.730321687036477,-0.4668528032350441,7.236904719317758,13.081171122293703,0.44921875,0.51953125,0.48046875,256,-12.761578506356315,0.0,0.0,0.09425584586217357,0.12697865297038813,0.2017974853515625,
demo-cpc_squeeze-884000,cpc_squeeze,dynamic_hierarchy,91,hold_current,1448eca5b77c4647a74ec1b94d71022829f50827a73f70376e0bfe95f3ea4e2d,established_a-b098,established_a,98,-7,next_purchase,180,100,18.0,4.579438596253814,0.47347102357616383,-7.681523320656784,-3.7735553286985413,3.852495310719986,14.208395578269243,23.20901727181939,0.71484375,0.75,0.25,256,-5.487996673459779,1.0,0.0,0.061990999335959245,0.10067435269713593,0.5110015869140625,0.054879966734597795
demo-cpc_squeeze-884000,cpc_squeeze,dynamic_hierarchy,91,hold_current,1448eca5b77c4647a74ec1b94d71022829f50827a73f70376e0bfe95f3ea4e2d,established_b-b000,established_b,0,91,first,180,100,24.0,43.50686802813816,0.2811715221892262,35.8037873444663,37.82511758201268,43.10078876750303,49.152703026509165,53.548771089151856,1.0,1.0,0.0,256,36.21392675813992,1.0,0.0,0.04872948857468185,0.07292941269998238,0.0,
demo-cpc_squeeze-884000,cpc_squeeze,dynamic_hierarchy,91,hold_current,1448eca5b77c4647a74ec1b94d71022829f50827a73f70376e0bfe95f3ea4e2d,established_b-b084,established_b,84,7,newest,180,100,24.0,27.096649722429767,0.7835003577018169,6.1364064752478065,11.998114996458334,26.26406414649301,44.35771268089317,54.929415111523,0.99609375,1.0,0.0,256,23.42436790966877,1.0,1.0,0.031578083962498144,0.03672281812760996,1.52587890625e-05,
demo-cpc_squeeze-884000,cpc_squeeze,dynamic_hierarchy,91,hold_current,1448eca5b77c4647a74ec1b94d71022829f50827a73f70376e0bfe95f3ea4e2d,established_b-b098,established_b,98,-7,next_purchase,180,100,24.0,31.16255353140445,0.9430461831413738,6.164689107707576,13.185778913042746,30.283464802185385,51.74207057944132,64.906084246783,0.98828125,0.9921875,0.0078125,256,9.146655134022012,1.0,0.0,0.14152215198839754,0.22015898397382436,0.0001373291015625,0.0
demo-cpc_squeeze-884000,cpc_squeeze,static_hierarchy,119,hold_current,5592aef137a7aa56cf0525f09eac106dddd3b4174631e2e7b0d040a29160846d,established_a-b000,established_a,0,119,first,180,100,18.0,4.296002485940257,0.10357930594375202,1.5600930219707587,2.327088726447199,4.176748069283411,6.379949620515223,8.05549959054554,1.0,1.0,0.0,256,1.6134421428794912,1.0,0.0,0.01778114467557235,0.02682560343060765,0.0,
demo-cpc_squeeze-884000,cpc_squeeze,static_hierarchy,119,hold_current,5592aef137a7aa56cf0525f09eac106dddd3b4174631e2e7b0d040a29160846d,established_a-b112,established_a,112,7,newest,180,100,18.0,0.42817690031075284,0.30254628572293907,-8.223532590776816,-5.664111823212882,-0.20116379933621253,6.631087460747985,11.73265440095457,0.48046875,0.546875,0.453125,256,-6.78156858355358,1.0,0.0,0.04657565588389963,0.07209745483864333,0.2308502197265625,
demo-cpc_squeeze-884000,cpc_squeeze,static_hierarchy,119,hold_current,5592aef137a7aa56cf0525f09eac106dddd3b4174631e2e7b0d040a29160846d,established_a-b126,established_a,126,-7,next_purchase,180,100,18.0,1.5753121525073477,0.33242585241566386,-7.227578144953381,-5.200412864908315,0.6722253064141945,8.540760168419098,12.901429417318722,0.56640625,0.66796875,0.33203125,256,-11.633850497896265,0.0,0.0,0.1025201426123435,0.13209162650403614,0.3208160400390625,0.11633850497896266
demo-cpc_squeeze-884000,cpc_squeeze,static_hierarchy,119,hold_current,5592aef137a7aa56cf0525f09eac106dddd3b4174631e2e7b0d040a29160846d,established_b-b000,established_b,0,119,first,180,100,24.0,41.52536905290166,0.16990690464377972,36.914665357495394,38.35023981108399,41.33288053239161,44.874802401279865,47.800480395413125,1.0,1.0,0.0,256,36.21392675813992,0.0,0.0,0.03841592745895543,0.053114422947617396,0.0,
demo-cpc_squeeze-884000,cpc_squeeze,static_hierarchy,119,hold_current,5592aef137a7aa56cf0525f09eac106dddd3b4174631e2e7b0d040a29160846d,established_b-b112,established_b,112,7,newest,180,100,24.0,19.682099300446254,0.6056679275813259,4.028943784398749,7.75198565648634,18.63892513903181,32.92948265710963,39.89019118101765,0.98828125,0.99609375,0.00390625,256,6.584413678418947,1.0,0.0,0.08014380985644444,0.13097685622027305,0.0001373291015625,
demo-cpc_squeeze-884000,cpc_squeeze,static_hierarchy,119,hold_current,5592aef137a7aa56cf0525f09eac106dddd3b4174631e2e7b0d040a29160846d,established_b-b126,established_b,126,-7,next_purchase,180,100,24.0,27.542395432633455,0.7575258686083417,5.03271973666123,12.31414590769786,26.97295752424335,40.73137402964959,58.16918003175152,0.99609375,0.99609375,0.00390625,256,-5.414782931621937,0.0,0.0,0.26353500711430333,0.3295717836425539,0.9922027587890625,0.054147829316219365
demo-cpc_squeeze-884000,cpc_squeeze,dynamic_hierarchy,119,hold_current,5592aef137a7aa56cf0525f09eac106dddd3b4174631e2e7b0d040a29160846d,established_a-b000,established_a,0,119,first,180,100,18.0,3.357422655265532,0.07325645260449855,1.4655764251250991,1.8874268961420295,3.237649622388364,4.977497778697954,5.847649583719203,1.0,1.0,0.0,256,1.6134421428794912,1.0,0.0,0.011084753551045639,0.01743980512386041,0.0,
demo-cpc_squeeze-884000,cpc_squeeze,dynamic_hierarchy,119,hold_current,5592aef137a7aa56cf0525f09eac106dddd3b4174631e2e7b0d040a29160846d,established_a-b112,established_a,112,7,newest,180,100,18.0,-3.8456140208828344,0.3631488520152053,-12.930104458691527,-10.719597380572733,-4.299227626640534,3.7443549662643143,9.395960930446073,0.23046875,0.27734375,0.72265625,256,-6.78156858355358,1.0,1.0,0.016801591559257378,0.029359545626707454,0.0531158447265625,
demo-cpc_squeeze-884000,cpc_squeeze,dynamic_hierarchy,119,hold_current,5592aef137a7aa56cf0525f09eac106dddd3b4174631e2e7b0d040a29160846d,established_a-b126,established_a,126,-7,next_purchase,180,100,18.0,-2.247601687633646,0.39694276128208106,-12.554583640206763,-9.848605228530712,-3.3108356012702655,7.141294641774449,10.81015478573971,0.30078125,0.35546875,0.64453125,256,-11.633850497896265,1.0,0.0,0.059673314833049745,0.0938624881026262,0.0904693603515625,0.0
demo-cpc_squeeze-884000,cpc_squeeze,dynamic_hierarchy,119,hold_current,5592aef137a7aa56cf0525f09eac106dddd3b4174631e2e7b0d040a29160846d,established_b-b000,established_b,0,119,first,180,100,24.0,38.49102006198205,0.1751059103419728,33.976781217628506,35.36364612845693,38.273116666640234,42.45952444179211,45.15860434773886,1.0,1.0,0.0,256,36.21392675813992,1.0,1.0,0.012128263581445541,0.02277093303842129,0.0,
demo-cpc_squeeze-884000,cpc_squeeze,dynamic_hierarchy,119,hold_current,5592aef137a7aa56cf0525f09eac106dddd3b4174631e2e7b0d040a29160846d,established_b-b112,established_b,112,7,newest,180,100,24.0,9.584087874355154,0.6351737699277666,-6.875816826396565,-3.534979198654666,8.412329974948072,23.440702604338167,32.0187603990229,0.83203125,0.86328125,0.13671875,256,6.584413678418947,1.0,1.0,0.02497464362662816,0.029996741959362066,0.0282135009765625,
demo-cpc_squeeze-884000,cpc_squeeze,dynamic_hierarchy,119,hold_current,5592aef137a7aa56cf0525f09eac106dddd3b4174631e2e7b0d040a29160846d,established_b-b126,established_b,126,-7,next_purchase,180,100,24.0,17.156860806351858,0.8635570575976287,-6.02781595789501,1.777883077034625,15.4270283976014,34.47945144397889,47.7947158750048,0.93359375,0.9375,0.0625,256,-5.414782931621937,1.0,0.0,0.15144383834039618,0.22571643737973793,0.8715972900390625,0.054147829316219365
demo-cpc_squeeze-884000,cpc_squeeze,dynamic_hierarchy,119,fixed_price,5592aef137a7aa56cf0525f09eac106dddd3b4174631e2e7b0d040a29160846d,established_a-b000,established_a,0,119,first,180,100,18.0,4.9573317092023625,0.12190350303480343,1.8129024067129453,2.8159283268322053,4.667581675825186,7.422196824334913,9.525388989071283,1.0,1.0,0.0,256,1.6134421428794912,0.0,0.0,0.022816907775027068,0.03343889566322871,0.0,
demo-cpc_squeeze-884000,cpc_squeeze,dynamic_hierarchy,119,fixed_price,5592aef137a7aa56cf0525f09eac106dddd3b4174631e2e7b0d040a29160846d,established_a-b112,established_a,112,7,newest,180,100,18.0,3.992133541576639,0.43343360106811657,-7.13254828886787,-3.9240923132025296,3.4194335771724003,12.921619855223007,19.805202804880043,0.7109375,0.765625,0.234375,256,-6.78156858355358,1.0,0.0,0.07087573974265285,0.10773702125130219,0.50543212890625,
demo-cpc_squeeze-884000,cpc_squeeze,dynamic_hierarchy,119,fixed_price,5592aef137a7aa56cf0525f09eac106dddd3b4174631e2e7b0d040a29160846d,established_a-b126,established_a,126,-7,next_purchase,180,100,18.0,7.8245895529342135,0.513487853004469,-4.118743567617772,-1.2914732363309884,6.877502457542473,17.48873797349369,23.695532151198584,0.84375,0.8828125,0.1171875,256,-11.633850497896265,0.0,0.0,0.1516741935067608,0.19458440050830478,0.7119140625,0.11633850497896266
demo-cpc_squeeze-884000,cpc_squeeze,dynamic_hierarchy,119,fixed_price,5592aef137a7aa56cf0525f09eac106dddd3b4174631e2e7b0d040a29160846d,established_b-b000,established_b,0,119,first,180,100,24.0,41.70250126895728,0.21049600521400647,36.14238833773627,37.731470411862674,41.323754803428635,46.459229637219465,49.41212315893539,1.0,1.0,0.0,256,36.21392675813992,1.0,0.0,0.03687162451913063,0.05488574510817358,0.0,
demo-cpc_squeeze-884000,cpc_squeeze,dynamic_hierarchy,119,fixed_price,5592aef137a7aa56cf0525f09eac106dddd3b4174631e2e7b0d040a29160846d,established_b-b112,established_b,112,7,newest,180,100,24.0,27.070475456906706,0.7230940625355321,8.434408496519534,12.851573573928956,25.772249974007426,42.113306422118754,49.24906590646415,1.0,1.0,0.0,256,6.584413678418947,0.0,0.0,0.14040118309127064,0.2048606177848776,0.0,
demo-cpc_squeeze-884000,cpc_squeeze,dynamic_hierarchy,119,fixed_price,5592aef137a7aa56cf0525f09eac106dddd3b4174631e2e7b0d040a29160846d,established_b-b126,established_b,126,-7,next_purchase,180,100,24.0,41.51180662992972,1.01618920635734,16.374553406892353,22.609873827148473,39.15911181623115,63.42274197104398,75.51814310524881,1.0,1.0,0.0,256,-5.414782931621937,0.0,0.0,0.37843044348370086,0.46926589561551657,1.0,0.054147829316219365
demo-cpc_squeeze-884000,cpc_squeeze,dynamic_hierarchy,119,continue_recent_trend,5592aef137a7aa56cf0525f09eac106dddd3b4174631e2e7b0d040a29160846d,established_a-b000,established_a,0,119,first,180,100,18.0,2.911538257762185,0.07974997630061686,1.0792747873363226,1.4397256305485815,2.69153172729216,4.587230459724569,5.777998352021706,1.0,1.0,0.0,256,1.6134421428794912,1.0,1.0,0.007033665113285748,0.01298096114882694,0.0,
demo-cpc_squeeze-884000,cpc_squeeze,dynamic_hierarchy,119,continue_recent_trend,5592aef137a7aa56cf0525f09eac106dddd3b4174631e2e7b0d040a29160846d,established_a-b112,established_a,112,7,newest,180,100,18.0,-6.281103912217393,0.4953020227529261,-16.062879901648188,-13.914517899398271,-7.925670151871061,2.587101391937674,15.522192583387051,0.14453125,0.15625,0.84375,256,-6.78156858355358,1.0,1.0,0.015497747735878207,0.005004646713361867,0.0208892822265625,
demo-cpc_squeeze-884000,cpc_squeeze,dynamic_hierarchy,119,continue_recent_trend,5592aef137a7aa56cf0525f09eac106dddd3b4174631e2e7b0d040a29160846d,established_a-b126,established_a,126,-7,next_purchase,180,100,18.0,-5.515132140754121,0.6022566559837007,-16.839762178982276,-14.802197195956268,-7.602400536431333,5.339853335577651,16.796138879041955,0.20703125,0.2109375,0.7890625,256,-11.633850497896265,1.0,1.0,0.027524754675997985,0.061187183571421444,0.0428619384765625,0.0
demo-cpc_squeeze-884000,cpc_squeeze,dynamic_hierarchy,119,continue_recent_trend,5592aef137a7aa56cf0525f09eac106dddd3b4174631e2e7b0d040a29160846d,established_b-b000,established_b,0,119,first,180,100,24.0,37.84004758132505,0.16842571637807116,33.360306865660036,34.70730671901019,37.62990353169289,41.24521418431958,43.55456718822844,1.0,1.0,0.0,256,36.21392675813992,1.0,1.0,0.00896715371336401,0.01626120823185133,0.0,
demo-cpc_squeeze-884000,cpc_squeeze,dynamic_hierarchy,119,continue_recent_trend,5592aef137a7aa56cf0525f09eac106dddd3b4174631e2e7b0d040a29160846d,established_b-b112,established_b,112,7,newest,180,100,24.0,4.542220867317319,1.0232976564301062,-16.05613144270202,-11.50080013247041,2.2057828614103325,23.813172634143648,40.15323142827892,0.546875,0.5546875,0.4453125,256,6.584413678418947,1.0,1.0,0.03818168310779843,0.020421928111016285,0.205322265625,
demo-cpc_squeeze-884000,cpc_squeeze,dynamic_hierarchy,119,continue_recent_trend,5592aef137a7aa56cf0525f09eac106dddd3b4174631e2e7b0d040a29160846d,established_b-b126,established_b,126,-7,next_purchase,180,100,24.0,9.656458223860136,1.2554023027014025,-15.849443117066674,-10.044689731138263,6.429094542918808,33.531315111138056,57.48087797428809,0.63671875,0.64453125,0.35546875,256,-5.414782931621937,1.0,1.0,0.07055934393761049,0.15071241155482074,0.4054107666015625,0.054147829316219365
demo-rising_cpl-884000,rising_cpl,static_hierarchy,35,hold_current,b8b180477309e6a8ea557a04fcd75631cd80b839d0d51f27f9b180400754f4c4,established_a-b000,established_a,0,35,first,180,100,18.0,8.361123529416016,0.3423487746028406,-0.05510564634733939,2.103482352504205,7.653554777107882,15.787788544336717,21.58460596903651,0.97265625,0.98828125,0.01171875,256,1.6134421428794912,1.0,0.0,0.039801127727847586,0.06747681386536525,0.0007476806640625,
demo-rising_cpl-884000,rising_cpl,static_hierarchy,35,hold_current,b8b180477309e6a8ea557a04fcd75631cd80b839d0d51f27f9b180400754f4c4,established_a-b028,established_a,28,7,newest,180,100,18.0,5.498000392811424,0.640578148533687,-7.95321308863525,-4.873061526976582,3.9212779967451272,15.757051414951551,28.11071874803138,0.671875,0.734375,0.265625,256,0.06314042797193178,1.0,1.0,0.028009592907359666,0.05434859964839492,0.107666015625,
demo-rising_cpl-884000,rising_cpl,static_hierarchy,35,hold_current,b8b180477309e6a8ea557a04fcd75631cd80b839d0d51f27f9b180400754f4c4,established_a-b042,established_a,42,-7,next_purchase,180,100,18.0,8.018661823562143,0.7764204796911227,-8.977516578862454,-3.7992875852057812,5.481380331653629,22.506506606105813,38.35837993545397,0.765625,0.8046875,0.1953125,256,3.093525168072812,1.0,1.0,0.024730789118064075,0.0492513665548933,0.054931640625,0.0
demo-rising_cpl-884000,rising_cpl,static_hierarchy,35,hold_current,b8b180477309e6a8ea557a04fcd75631cd80b839d0d51f27f9b180400754f4c4,established_b-b000,established_b,0,35,first,180,100,24.0,46.09738541168908,0.5801145444059376,32.0993761681362,35.68861337453505,44.529131328363704,58.42446734071385,69.06345842970303,1.0,1.0,0.0,256,36.21392675813992,1.0,1.0,0.05426682599859431,0.09883458653549163,0.0,
demo-rising_cpl-884000,rising_cpl,static_hierarchy,35,hold_current,b8b180477309e6a8ea557a04fcd75631cd80b839d0d51f27f9b180400754f4c4,established_b-b028,established_b,28,7,newest,180,100,24.0,36.46428765397803,1.11188429912888,10.086712919354724,17.093588610640232,33.82298063283051,61.02179278991527,75.5471419940878,0.99609375,0.99609375,0.00390625,256,20.69287305611698,1.0,1.0,0.0815820707766814,0.15771414597861053,1.52587890625e-05,
demo-rising_cpl-884000,rising_cpl,static_hierarchy,35,hold_current,b8b180477309e6a8ea557a04fcd75631cd80b839d0d51f27f9b180400754f4c4,established_b-b042,established_b,42,-7,next_purchase,180,100,24.0,40.72701708913323,1.3861817253701099,8.093935382372674,16.60740181311881,38.17781539211841,65.18727434968409,97.70375604256945,0.99609375,0.99609375,0.00390625,256,13.888809206014894,1.0,0.0,0.15935980802281302,0.2683820788311833,1.52587890625e-05,0.0
demo-rising_cpl-884000,rising_cpl,dynamic_hierarchy,35,hold_current,b8b180477309e6a8ea557a04fcd75631cd80b839d0d51f27f9b180400754f4c4,established_a-b000,established_a,0,35,first,180,100,18.0,8.65097057910412,0.37352568443916145,-1.6053333670666712,1.432598091473885,8.320880557606797,16.749051817932365,20.996241680488165,0.9453125,0.9609375,0.0390625,256,1.6134421428794912,1.0,1.0,0.041448220743540036,0.07037528436224628,0.00299072265625,
demo-rising_cpl-884000,rising_cpl,dynamic_hierarchy,35,hold_current,b8b180477309e6a8ea557a04fcd75631cd80b839d0d51f27f9b180400754f4c4,established_a-b028,established_a,28,7,newest,180,100,18.0,7.355008104101787,0.7311762719078007,-8.915900739352466,-5.609500592401684,6.211282978984794,21.276129780166272,32.8953219388856,0.7109375,0.75390625,0.24609375,256,0.06314042797193178,1.0,1.0,0.036562277815313085,0.07291867676129855,0.08355712890625,
demo-rising_cpl-884000,rising_cpl,dynamic_hierarchy,35,hold_current,b8b180477309e6a8ea557a04fcd75631cd80b839d0d51f27f9b180400754f4c4,established_a-b042,established_a,42,-7,next_purchase,180,100,18.0,9.663371513977996,0.8363362395404903,-7.8256095281490365,-5.256924370156782,6.8330565569293515,25.728745735834146,42.19769777121275,0.76953125,0.80078125,0.19921875,256,3.093525168072812,1.0,1.0,0.03331226446186416,0.06569846345905184,0.0531158447265625,0.0
demo-rising_cpl-884000,rising_cpl,dynamic_hierarchy,35,hold_current,b8b180477309e6a8ea557a04fcd75631cd80b839d0d51f27f9b180400754f4c4,established_b-b000,established_b,0,35,first,180,100,24.0,46.44266456281193,0.8063598966244667,24.574706013338844,31.373275690716845,44.911470868607196,62.55658121054231,76.6221041443171,1.0,1.0,0.0,256,36.21392675813992,1.0,1.0,0.0540168299745233,0.10228737804672008,0.0,
demo-rising_cpl-884000,rising_cpl,dynamic_hierarchy,35,hold_current,b8b180477309e6a8ea557a04fcd75631cd80b839d0d51f27f9b180400754f4c4,established_b-b028,established_b,28,7,newest,180,100,24.0,37.7233597496959,1.4332169403058561,3.8566337218852182,14.52562065589423,34.714963736150466,61.37645894575124,95.44555855723911,0.98046875,0.98828125,0.01171875,256,20.69287305611698,1.0,1.0,0.08455077095871967,0.17030486693578922,0.0003814697265625,
demo-rising_cpl-884000,rising_cpl,dynamic_hierarchy,35,hold_current,b8b180477309e6a8ea557a04fcd75631cd80b839d0d51f27f9b180400754f4c4,established_b-b042,established_b,42,-7,next_purchase,180,100,24.0,41.821959623030494,1.7704278262903541,0.8927967363956402,10.785972858728528,36.719011131168,77.14202342343657,108.06246867768746,0.98046875,0.98828125,0.01171875,256,13.888809206014894,1.0,1.0,0.1468338095790519,0.279331504170156,0.0003814697265625,0.0
demo-rising_cpl-884000,rising_cpl,static_hierarchy,63,hold_current,74ecba7486b6658eee2daa08118f41a5d9bce0f2cd18333f8ca11d9507f1550b,established_a-b000,established_a,0,63,first,180,100,18.0,6.598660927444768,0.19122517431713465,0.870424480575243,2.881829107041682,6.494332489924133,10.596029994567163,13.146152070498774,0.9921875,0.99609375,0.00390625,256,1.6134421428794912,1.0,0.0,0.033557275849533136,0.04985218784565276,6.103515625e-05,
demo-rising_cpl-884000,rising_cpl,static_hierarchy,63,hold_current,74ecba7486b6658eee2daa08118f41a5d9bce0f2cd18333f8ca11d9507f1550b,established_a-b056,established_a,56,7,newest,180,100,20.016000000000002,0.38820058513666633,0.38358927249810887,-9.811409504919123,-6.210379105250665,-0.561965153149405,8.527281555654827,14.912834650029332,0.46484375,0.53515625,0.46484375,256,-12.748036212022122,0.0,0.0,0.09744505924068995,0.13136236797158787,0.2160797119140625,
demo-rising_cpl-884000,rising_cpl,static_hierarchy,63,hold_current,74ecba7486b6658eee2daa08118f41a5d9bce0f2cd18333f8ca11d9507f1550b,established_a-b070,established_a,70,-7,next_purchase,180,100,21.023999999999997,3.0605428944159723,0.4288443599184412,-8.528804045644582,-5.0415858152724455,2.567693659420163,11.258750960128335,17.878977553271106,0.65234375,0.703125,0.296875,256,-13.95049944872105,0.0,0.0,0.13221762703514311,0.1701104234313702,0.4255523681640625,0.13950499448721052
demo-rising_cpl-884000,rising_cpl,static_hierarchy,63,hold_current,74ecba7486b6658eee2daa08118f41a5d9bce0f2cd18333f8ca11d9507f1550b,established_b-b000,established_b,0,63,first,180,100,24.0,44.35806923059475,0.3607308774477208,34.611178416472406,36.98138841021645,44.23865574006755,52.18389106100965,56.31286039776168,1.0,1.0,0.0,256,36.21392675813992,1.0,0.0,0.05148118052662813,0.08144142472454831,0.0,
demo-rising_cpl-884000,rising_cpl,static_hierarchy,63,hold_current,74ecba7486b6658eee2daa08118f41a5d9bce0f2cd18333f8ca11d9507f1550b,established_b-b056,established_b,56,7,newest,180,100,26.688000000000002,32.00549914381345,0.7724481761603192,9.299492489371694,17.50315932636975,31.833699428466907,47.685776840815336,57.79690798193997,1.0,1.0,0.0,256,19.609572151574852,1.0,1.0,0.0711487048295848,0.123959269922386,0.0,
demo-rising_cpl-884000,rising_cpl,static_hierarchy,63,hold_current,74ecba7486b6658eee2daa08118f41a5d9bce0f2cd18333f8ca11d9507f1550b,established_b-b070,established_b,70,-7,next_purchase,180,100,28.031999999999996,36.03227839366093,0.8589247993120617,13.530980373252252,18.485650525170158,35.91377558643988,54.27803557570952,67.80841273407516,1.0,1.0,0.0,256,6.314023700536313,0.0,0.0,0.22130215330128483,0.2971825469312462,0.0,0.0
demo-rising_cpl-884000,rising_cpl,dynamic_hierarchy,63,hold_current,74ecba7486b6658eee2daa08118f41a5d9bce0f2cd18333f8ca11d9507f1550b,established_a-b000,established_a,0,63,first,180,100,18.0,6.1289502192694965,0.23959278576514054,0.22845923700052317,1.8065210545983437,5.399590745754487,11.38139423965857,15.2045338483379,0.98046875,0.99609375,0.00390625,256,1.6134421428794912,1.0,0.0,0.02634483375036037,0.04515508076390005,0.0003814697265625,
demo-rising_cpl-884000,rising_cpl,dynamic_hierarchy,63,hold_current,74ecba7486b6658eee2daa08118f41a5d9bce0f2cd18333f8ca11d9507f1550b,established_a-b056,established_a,56,7,newest,180,100,20.016000000000002,-0.40532607317350694,0.37969015752585167,-9.956544514758203,-7.892036573927361,-1.065335029629816,8.05777729939156,12.919096450440023,0.43359375,0.51953125,0.48046875,256,-12.748036212022122,0.0,0.0,0.08950443483410239,0.12342710138848614,0.1880035400390625,
demo-rising_cpl-884000,rising_cpl,dynamic_hierarchy,63,hold_current,74ecba7486b6658eee2daa08118f41a5d9bce0f2cd18333f8ca11d9507f1550b,established_a-b070,established_a,70,-7,next_purchase,180,100,21.023999999999997,1.9207642693961344,0.47588317030923266,-11.647547974725198,-6.899634888793687,0.9573961762568768,12.056291927446267,16.21888324918354,0.546875,0.60546875,0.39453125,256,-13.95049944872105,0.0,0.0,0.11682373271233505,0.15871263718117185,0.299072265625,0.13950499448721052
demo-rising_cpl-884000,rising_cpl,dynamic_hierarchy,63,hold_current,74ecba7486b6658eee2daa08118f41a5d9bce0f2cd18333f8ca11d9507f1550b,established_b-b000,established_b,0,63,first,180,100,24.0,44.737055698385944,0.4393292191108073,32.77930937876007,36.11394139043989,43.85065303670385,53.65777260918243,60.43187740922767,1.0,1.0,0.0,256,36.21392675813992,1.0,1.0,0.051259613262184,0.08523128940246025,0.0,
demo-rising_cpl-884000,rising_cpl,dynamic_hierarchy,63,hold_current,74ecba7486b6658eee2daa08118f41a5d9bce0f2cd18333f8ca11d9507f1550b,established_b-b056,established_b,56,7,newest,180,100,26.688000000000002,30.723937837791446,0.8908502749435262,6.4091566654479575,13.367928129522912,28.90039055407199,48.675618112013346,63.2038807597258,1.0,1.0,0.0,256,19.609572151574852,1.0,1.0,0.06109757739862878,0.11114365686216594,0.0,
demo-rising_cpl-884000,rising_cpl,dynamic_hierarchy,63,hold_current,74ecba7486b6658eee2daa08118f41a5d9bce0f2cd18333f8ca11d9507f1550b,established_b-b070,established_b,70,-7,next_purchase,180,100,28.031999999999996,34.235772502678,1.0058628992592218,4.397756543118682,14.971040036172095,33.22671574237822,55.41762351508655,69.94069574734165,0.9921875,0.9921875,0.0078125,256,6.314023700536313,1.0,0.0,0.19214493762649,0.2792174880214169,6.103515625e-05,0.0
demo-rising_cpl-884000,rising_cpl,static_hierarchy,91,hold_current,1448eca5b77c4647a74ec1b94d71022829f50827a73f70376e0bfe95f3ea4e2d,established_a-b000,established_a,0,91,first,180,100,18.0,5.1943216864103405,0.1464627259812703,1.5300258081893157,2.2802818870579866,4.892622708940317,8.254563229197295,10.52331552017661,1.0,1.0,0.0,256,1.6134421428794912,1.0,0.0,0.023098630183336365,0.03580879543530849,0.0,
demo-rising_cpl-884000,rising_cpl,static_hierarchy,91,hold_current,1448eca5b77c4647a74ec1b94d71022829f50827a73f70376e0bfe95f3ea4e2d,established_a-b084,established_a,84,7,newest,180,100,24.048000000000002,-5.249913542171582,0.32352317434423905,-13.62268419067251,-11.883702726717086,-5.851545006953508,1.8276136566506374,4.928707990817093,0.15625,0.21875,0.78125,256,-18.8095785063561,0.0,0.0,0.10658431030358032,0.13559664964184517,0.0244140625,
demo-rising_cpl-884000,rising_cpl,static_hierarchy,91,hold_current,1448eca5b77c4647a74ec1b94d71022829f50827a73f70376e0bfe95f3ea4e2d,established_a-b098,established_a,98,-7,next_purchase,180,100,25.055999999999994,-1.5837873057386966,0.3808099571445348,-12.985194892996484,-9.249348515417381,-1.3361055163348006,6.092849719230333,9.674095385337175,0.40234375,0.48046875,0.51953125,256,-12.543996673459768,1.0,0.0,0.07603106266127872,0.1096020936772107,0.1618804931640625,0.0
demo-rising_cpl-884000,rising_cpl,static_hierarchy,91,hold_current,1448eca5b77c4647a74ec1b94d71022829f50827a73f70376e0bfe95f3ea4e2d,established_b-b000,established_b,0,91,first,180,100,24.0,44.55505448802394,0.23356972079519772,37.802421437878344,40.03595507039805,44.220813422673544,49.31568014541249,52.60755520869323,1.0,1.0,0.0,256,36.21392675813992,0.0,0.0,0.06246567280252286,0.08341127729884022,0.0,
demo-rising_cpl-884000,rising_cpl,static_hierarchy,91,hold_current,1448eca5b77c4647a74ec1b94d71022829f50827a73f70376e0bfe95f3ea4e2d,established_b-b084,established_b,84,7,newest,180,100,32.064,22.362492850422875,0.6111996725811254,5.692376092207692,10.238948908108878,21.951133263230226,34.023008688180106,45.22410216520051,0.99609375,0.99609375,0.00390625,256,15.36036790966869,1.0,1.0,0.039017226243385626,0.07002124940754184,1.52587890625e-05,
demo-rising_cpl-884000,rising_cpl,static_hierarchy,91,hold_current,1448eca5b77c4647a74ec1b94d71022829f50827a73f70376e0bfe95f3ea4e2d,established_b-b098,established_b,98,-7,next_purchase,180,100,33.408,25.249397043934934,0.6979860131721857,5.8223576551304355,9.949573648405696,24.59265468638574,40.12956635512286,47.89737697465348,0.99609375,1.0,0.0,256,-0.26134486597795026,0.0,0.0,0.19165943776336505,0.2551074190991288,0.9922027587890625,0.0026134486597795027
demo-rising_cpl-884000,rising_cpl,dynamic_hierarchy,91,hold_current,1448eca5b77c4647a74ec1b94d71022829f50827a73f70376e0bfe95f3ea4e2d,established_a-b000,established_a,0,91,first,180,100,18.0,4.435060958583041,0.13634159263853976,0.7762090836928373,1.9612095953513897,4.260768879946044,6.924605718511531,9.65314432684383,0.99609375,1.0,0.0,256,1.6134421428794912,1.0,0.0,0.01728104154742985,0.0282161881570355,1.52587890625e-05,
demo-rising_cpl-884000,rising_cpl,dynamic_hierarchy,91,hold_current,1448eca5b77c4647a74ec1b94d71022829f50827a73f70376e0bfe95f3ea4e2d,established_a-b084,established_a,84,7,newest,180,100,24.048000000000002,-6.111713209317504,0.3755412047749723,-16.05240346340713,-12.778321687036478,-6.514852803235046,1.1889047193177564,7.033171122293703,0.140625,0.19921875,0.80078125,256,-18.8095785063561,0.0,0.0,0.09425584586217141,0.12697865297038596,0.019775390625,
demo-rising_cpl-884000,rising_cpl,dynamic_hierarchy,91,hold_current,1448eca5b77c4647a74ec1b94d71022829f50827a73f70376e0bfe95f3ea4e2d,established_a-b098,established_a,98,-7,next_purchase,180,100,25.055999999999994,-2.47656140374618,0.47347102357616383,-14.737523320656777,-10.829555328698536,-3.203504689280008,7.15239557826925,16.153017271819397,0.31640625,0.3671875,0.6328125,256,-12.543996673459768,1.0,0.0,0.06199099933595921,0.10067435269713589,0.1001129150390625,0.0
demo-rising_cpl-884000,rising_cpl,dynamic_hierarchy,91,hold_current,1448eca5b77c4647a74ec1b94d71022829f50827a73f70376e0bfe95f3ea4e2d,established_b-b000,established_b,0,91,first,180,100,24.0,43.50686802813816,0.2811715221892262,35.8037873444663,37.82511758201268,43.10078876750303,49.152703026509165,53.548771089151856,1.0,1.0,0.0,256,36.21392675813992,1.0,0.0,0.04872948857468185,0.07292941269998238,0.0,
demo-rising_cpl-884000,rising_cpl,dynamic_hierarchy,91,hold_current,1448eca5b77c4647a74ec1b94d71022829f50827a73f70376e0bfe95f3ea4e2d,established_b-b084,established_b,84,7,newest,180,100,32.064,19.032649722429767,0.7835003577018169,-1.9275935247521931,3.9341149964583337,18.20006414649301,36.29371268089317,46.865415111523,0.9609375,0.9765625,0.0234375,256,15.36036790966869,1.0,1.0,0.031578083962498255,0.03672281812761076,0.00152587890625,
demo-rising_cpl-884000,rising_cpl,dynamic_hierarchy,91,hold_current,1448eca5b77c4647a74ec1b94d71022829f50827a73f70376e0bfe95f3ea4e2d,established_b-b098,established_b,98,-7,next_purchase,180,100,33.408,21.754553531404447,0.9430461831413738,-3.243310892292425,3.777778913042745,20.875464802185384,42.33407057944132,55.498084246782994,0.94140625,0.95703125,0.04296875,256,-0.26134486597795026,1.0,0.0,0.1415221519883972,0.22015898397382397,0.8862457275390625,0.0026134486597795027
demo-rising_cpl-884000,rising_cpl,static_hierarchy,119,hold_current,5592aef137a7aa56cf0525f09eac106dddd3b4174631e2e7b0d040a29160846d,established_a-b000,established_a,0,119,first,180,100,18.0,4.296002485940257,0.10357930594375202,1.5600930219707587,2.327088726447199,4.176748069283411,6.379949620515223,8.05549959054554,1.0,1.0,0.0,256,1.6134421428794912,1.0,0.0,0.01778114467557235,0.02682560343060765,0.0,
demo-rising_cpl-884000,rising_cpl,static_hierarchy,119,hold_current,5592aef137a7aa56cf0525f09eac106dddd3b4174631e2e7b0d040a29160846d,established_a-b112,established_a,112,7,newest,180,100,28.080000000000002,-9.65182309968925,0.30254628572293907,-18.30353259077682,-15.744111823212883,-10.281163799336214,-3.4489125392520172,1.6526544009545678,0.0390625,0.05859375,0.94140625,256,-16.861568583553417,1.0,0.0,0.04657565588389815,0.07209745483864168,0.00152587890625,
demo-rising_cpl-884000,rising_cpl,static_hierarchy,119,hold_current,5592aef137a7aa56cf0525f09eac106dddd3b4174631e2e7b0d040a29160846d,established_a-b126,established_a,126,-7,next_purchase,180,100,29.088,-9.512687847492654,0.33242585241566386,-18.31557814495338,-16.288412864908317,-10.415774693585806,-2.547239831580903,1.8134294173187206,0.05859375,0.08203125,0.91796875,256,-22.721850497896103,0.0,0.0,0.10252014261234187,0.1320916265040345,0.0034332275390625,0.0
demo-rising_cpl-884000,rising_cpl,static_hierarchy,119,hold_current,5592aef137a7aa56cf0525f09eac106dddd3b4174631e2e7b0d040a29160846d,established_b-b000,established_b,0,119,first,180,100,24.0,41.52536905290166,0.16990690464377972,36.914665357495394,38.35023981108399,41.33288053239161,44.874802401279865,47.800480395413125,1.0,1.0,0.0,256,36.21392675813992,0.0,0.0,0.03841592745895543,0.053114422947617396,0.0,
demo-rising_cpl-884000,rising_cpl,static_hierarchy,119,hold_current,5592aef137a7aa56cf0525f09eac106dddd3b4174631e2e7b0d040a29160846d,established_b-b112,established_b,112,7,newest,180,100,37.44,6.242099300446257,0.6056679275813258,-9.41105621560125,-5.688014343513657,5.198925139031811,19.489482657109637,26.45019118101765,0.71875,0.79296875,0.20703125,256,-6.855586321581067,1.0,0.0,0.08014380985644458,0.13097685622027325,0.5166015625,
demo-rising_cpl-884000,rising_cpl,static_hierarchy,119,hold_current,5592aef137a7aa56cf0525f09eac106dddd3b4174631e2e7b0d040a29160846d,established_b-b126,established_b,126,-7,next_purchase,180,100,38.784,12.75839543263346,0.7575258686083417,-9.751280263338769,-2.469854092302139,12.18895752424335,25.947374029649588,43.385180031751524,0.87109375,0.90625,0.09375,256,-20.198782931621782,0.0,0.0,0.2635350071143019,0.3295717836425524,0.7588043212890625,0.2019878293162178
demo-rising_cpl-884000,rising_cpl,dynamic_hierarchy,119,hold_current,5592aef137a7aa56cf0525f09eac106dddd3b4174631e2e7b0d040a29160846d,established_a-b000,established_a,0,119,first,180,100,18.0,3.357422655265532,0.07325645260449855,1.4655764251250991,1.8874268961420295,3.237649622388364,4.977497778697954,5.847649583719203,1.0,1.0,0.0,256,1.6134421428794912,1.0,0.0,0.011084753551045639,0.01743980512386041,0.0,
demo-rising_cpl-884000,rising_cpl,dynamic_hierarchy,119,hold_current,5592aef137a7aa56cf0525f09eac106dddd3b4174631e2e7b0d040a29160846d,established_a-b112,established_a,112,7,newest,180,100,28.080000000000002,-13.925614020882836,0.36314885201520525,-23.01010445869153,-20.799597380572735,-14.379227626640535,-6.3356450337356875,-0.68403906955393,0.0234375,0.046875,0.953125,256,-16.861568583553417,1.0,1.0,0.01680159155925681,0.02935954562670581,0.00054931640625,
demo-rising_cpl-884000,rising_cpl,dynamic_hierarchy,119,hold_current,5592aef137a7aa56cf0525f09eac106dddd3b4174631e2e7b0d040a29160846d,established_a-b126,established_a,126,-7,next_purchase,180,100,29.088,-13.335601687633648,0.3969427612820811,-23.642583640206766,-20.936605228530713,-14.398835601270267,-3.946705358225552,-0.2778452142602901,0.0234375,0.05078125,0.94921875,256,-22.721850497896103,1.0,0.0,0.059673314833048254,0.09386248810262454,0.00054931640625,0.0
demo-rising_cpl-884000,rising_cpl,dynamic_hierarchy,119,hold_current,5592aef137a7aa56cf0525f09eac106dddd3b4174631e2e7b0d040a29160846d,established_b-b000,established_b,0,119,first,180,100,24.0,38.49102006198205,0.1751059103419728,33.976781217628506,35.36364612845693,38.273116666640234,42.45952444179211,45.15860434773886,1.0,1.0,0.0,256,36.21392675813992,1.0,1.0,0.012128263581445541,0.02277093303842129,0.0,
demo-rising_cpl-884000,rising_cpl,dynamic_hierarchy,119,hold_current,5592aef137a7aa56cf0525f09eac106dddd3b4174631e2e7b0d040a29160846d,established_b-b112,established_b,112,7,newest,180,100,37.44,-3.8559121256448434,0.6351737699277666,-20.315816826396563,-16.974979198654665,-5.0276700250519255,10.00070260433817,18.578760399022904,0.32421875,0.3828125,0.6171875,256,-6.855586321581067,1.0,1.0,0.0249746436266282,0.02999674195936224,0.1051177978515625,
demo-rising_cpl-884000,rising_cpl,dynamic_hierarchy,119,hold_current,5592aef137a7aa56cf0525f09eac106dddd3b4174631e2e7b0d040a29160846d,established_b-b126,established_b,126,-7,next_purchase,180,100,38.784,2.3728608063518575,0.8635570575976287,-20.811815957895007,-13.006116922965374,0.6430283976014017,19.69545144397889,33.01071587500479,0.5234375,0.609375,0.390625,256,-20.198782931621782,1.0,0.0,0.1514438383403947,0.22571643737973637,0.27398681640625,0.2019878293162178
demo-rising_cpl-884000,rising_cpl,dynamic_hierarchy,119,fixed_price,5592aef137a7aa56cf0525f09eac106dddd3b4174631e2e7b0d040a29160846d,established_a-b000,established_a,0,119,first,180,100,18.0,4.9573317092023625,0.12190350303480343,1.8129024067129453,2.8159283268322053,4.667581675825186,7.422196824334913,9.525388989071283,1.0,1.0,0.0,256,1.6134421428794912,0.0,0.0,0.022816907775027068,0.03343889566322871,0.0,
demo-rising_cpl-884000,rising_cpl,dynamic_hierarchy,119,fixed_price,5592aef137a7aa56cf0525f09eac106dddd3b4174631e2e7b0d040a29160846d,established_a-b112,established_a,112,7,newest,180,100,28.080000000000002,-6.087866458423363,0.43343360106811657,-17.212548288867872,-14.00409231320253,-6.660566422827602,2.841619855223005,9.725202804880041,0.171875,0.22265625,0.77734375,256,-16.861568583553417,1.0,0.0,0.07087573974265136,0.10773702125130054,0.029541015625,
demo-rising_cpl-884000,rising_cpl,dynamic_hierarchy,119,fixed_price,5592aef137a7aa56cf0525f09eac106dddd3b4174631e2e7b0d040a29160846d,established_a-b126,established_a,126,-7,next_purchase,180,100,29.088,-3.2634104470657874,0.513487853004469,-15.206743567617773,-12.37947323633099,-4.210497542457528,6.4007379734936904,12.607532151198583,0.296875,0.36328125,0.63671875,256,-22.721850497896103,0.0,0.0,0.1516741935067592,0.19458440050830317,0.088134765625,0.0
demo-rising_cpl-884000,rising_cpl,dynamic_hierarchy,119,fixed_price,5592aef137a7aa56cf0525f09eac106dddd3b4174631e2e7b0d040a29160846d,established_b-b000,established_b,0,119,first,180,100,24.0,41.70250126895728,0.21049600521400647,36.14238833773627,37.731470411862674,41.323754803428635,46.459229637219465,49.41212315893539,1.0,1.0,0.0,256,36.21392675813992,1.0,0.0,0.03687162451913063,0.05488574510817358,0.0,
demo-rising_cpl-884000,rising_cpl,dynamic_hierarchy,119,fixed_price,5592aef137a7aa56cf0525f09eac106dddd3b4174631e2e7b0d040a29160846d,established_b-b112,established_b,112,7,newest,180,100,37.44,13.630475456906709,0.7230940625355321,-5.005591503480463,-0.5884264260710417,12.332249974007429,28.673306422118756,35.809065906464156,0.87890625,0.93359375,0.06640625,256,-6.855586321581067,0.0,0.0,0.1404011830912708,0.20486061778487777,0.7724761962890625,
demo-rising_cpl-884000,rising_cpl,dynamic_hierarchy,119,fixed_price,5592aef137a7aa56cf0525f09eac106dddd3b4174631e2e7b0d040a29160846d,established_b-b126,established_b,126,-7,next_purchase,180,100,38.784,26.72780662992972,1.01618920635734,1.5905534068923535,7.825873827148474,24.375111816231154,48.638741971043984,60.734143105248805,0.984375,0.98828125,0.01171875,256,-20.198782931621782,0.0,0.0,0.37843044348369936,0.469265895615515,0.968994140625,0.2019878293162178
demo-rising_cpl-884000,rising_cpl,dynamic_hierarchy,119,continue_recent_trend,5592aef137a7aa56cf0525f09eac106dddd3b4174631e2e7b0d040a29160846d,established_a-b000,established_a,0,119,first,180,100,18.0,2.911538257762185,0.07974997630061686,1.0792747873363226,1.4397256305485815,2.69153172729216,4.587230459724569,5.777998352021706,1.0,1.0,0.0,256,1.6134421428794912,1.0,1.0,0.007033665113285748,0.01298096114882694,0.0,
demo-rising_cpl-884000,rising_cpl,dynamic_hierarchy,119,continue_recent_trend,5592aef137a7aa56cf0525f09eac106dddd3b4174631e2e7b0d040a29160846d,established_a-b112,established_a,112,7,newest,180,100,28.080000000000002,-16.361103912217395,0.4953020227529261,-26.142879901648186,-23.994517899398275,-18.005670151871065,-7.492898608062328,5.442192583387049,0.05859375,0.06640625,0.93359375,256,-16.861568583553417,1.0,1.0,0.015497747735878429,0.005004646713360223,0.0034332275390625,
demo-rising_cpl-884000,rising_cpl,dynamic_hierarchy,119,continue_recent_trend,5592aef137a7aa56cf0525f09eac106dddd3b4174631e2e7b0d040a29160846d,established_a-b126,established_a,126,-7,next_purchase,180,100,29.088,-16.603132140754123,0.6022566559837007,-27.927762178982277,-25.89019719595627,-18.690400536431333,-5.74814666442235,5.708138879041952,0.046875,0.08203125,0.91796875,256,-22.721850497896103,1.0,1.0,0.027524754675997194,0.06118718357141979,0.002197265625,0.0
demo-rising_cpl-884000,rising_cpl,dynamic_hierarchy,119,continue_recent_trend,5592aef137a7aa56cf0525f09eac106dddd3b4174631e2e7b0d040a29160846d,established_b-b000,established_b,0,119,first,180,100,24.0,37.84004758132505,0.16842571637807116,33.360306865660036,34.70730671901019,37.62990353169289,41.24521418431958,43.55456718822844,1.0,1.0,0.0,256,36.21392675813992,1.0,1.0,0.00896715371336401,0.01626120823185133,0.0,
demo-rising_cpl-884000,rising_cpl,dynamic_hierarchy,119,continue_recent_trend,5592aef137a7aa56cf0525f09eac106dddd3b4174631e2e7b0d040a29160846d,established_b-b112,established_b,112,7,newest,180,100,37.44,-8.897779132682679,1.0232976564301062,-29.49613144270202,-24.940800132470407,-11.234217138589665,10.37317263414365,26.713231428278927,0.20703125,0.234375,0.765625,256,-6.855586321581067,1.0,1.0,0.03818168310779839,0.020421928111016115,0.0428619384765625,
demo-rising_cpl-884000,rising_cpl,dynamic_hierarchy,119,continue_recent_trend,5592aef137a7aa56cf0525f09eac106dddd3b4174631e2e7b0d040a29160846d,established_b-b126,established_b,126,-7,next_purchase,180,100,38.784,-5.1275417761398625,1.2554023027014027,-30.633443117066673,-24.82868973113826,-8.354905457081191,18.747315111138057,42.69687797428809,0.28125,0.31640625,0.68359375,256,-20.198782931621782,1.0,1.0,0.07055934393760957,0.15071241155481918,0.0791015625,0.0
demo-human_decline_bot_rise-884000,human_decline_bot_rise,static_hierarchy,35,hold_current,104bab93ab56e8abf184985ead4999118118686c53d55b1f4189672ae3a6f1db,established_a-b000,established_a,0,35,first,180,100,18.0,14.90177130208411,0.4285144074598563,3.356439238376922,6.9248382893953995,14.622933089932012,23.927346763818896,29.13833405408848,1.0,1.0,0.0,256,0.08634594287793948,0.0,0.0,0.10998569685404863,0.14815425359206172,0.0,
demo-human_decline_bot_rise-884000,human_decline_bot_rise,static_hierarchy,35,hold_current,104bab93ab56e8abf184985ead4999118118686c53d55b1f4189672ae3a6f1db,established_a-b028,established_a,28,7,newest,180,100,18.0,15.303012539930837,0.8174560707856633,-3.4404054921985394,1.8614698831579943,13.645378851096838,29.959059867568655,45.491600075524374,0.9296875,0.94921875,0.05078125,256,-1.285763591153626,1.0,0.0,0.09975640888407461,0.16588776131084462,0.86431884765625,
demo-human_decline_bot_rise-884000,human_decline_bot_rise,static_hierarchy,35,hold_current,104bab93ab56e8abf184985ead4999118118686c53d55b1f4189672ae3a6f1db,established_a-b042,established_a,42,-7,next_purchase,180,100,18.0,16.44587717560477,1.2507140565949593,-9.797663512580192,-2.009316147358419,12.899053308752887,41.11192081960188,61.82872153707226,0.84765625,0.8671875,0.1328125,256,-7.1258352343073295,1.0,0.0,0.13886419124656219,0.23571712409912102,0.7185211181640625,0.07125835234307329
demo-human_decline_bot_rise-884000,human_decline_bot_rise,static_hierarchy,35,hold_current,104bab93ab56e8abf184985ead4999118118686c53d55b1f4189672ae3a6f1db,established_b-b000,established_b,0,35,first,180,100,24.0,43.018735285832086,0.5908688519798551,26.089053436214577,31.642991183182286,42.93251244339412,54.330384424166546,60.5176559900603,1.0,1.0,0.0,256,20.253836944723584,0.0,0.0,0.17528890173585046,0.22764898341108503,0.0,
demo-human_decline_bot_rise-884000,human_decline_bot_rise,static_hierarchy,35,hold_current,104bab93ab56e8abf184985ead4999118118686c53d55b1f4189672ae3a6f1db,established_b-b028,established_b,28,7,newest,180,100,24.0,36.98563973455967,1.3054119640236392,7.2329609781567425,14.98728364998248,35.59660917128518,60.37898268075422,78.29421995114,0.99609375,1.0,0.0,256,16.22920401773897,1.0,1.0,0.11655408117761974,0.207564357168207,1.52587890625e-05,
demo-human_decline_bot_rise-884000,human_decline_bot_rise,static_hierarchy,35,hold_current,104bab93ab56e8abf184985ead4999118118686c53d55b1f4189672ae3a6f1db,established_b-b042,established_b,42,-7,next_purchase,180,100,24.0,41.278679598053316,2.2763181267317707,-0.6759524622566491,8.338090505181349,37.05854316384753,77.69321138282542,110.00012122134146,0.97265625,0.9765625,0.0234375,256,13.284382936582958,1.0,1.0,0.13993278601579334,0.2799429666147036,0.0007476806640625,0.0
demo-human_decline_bot_rise-884000,human_decline_bot_rise,dynamic_hierarchy,35,hold_current,104bab93ab56e8abf184985ead4999118118686c53d55b1f4189672ae3a6f1db,established_a-b000,established_a,0,35,first,180,100,18.0,15.384632196973246,0.5748859790972625,3.6239815379240214,5.8275409189635194,12.848112629285543,27.14866608492668,38.41269531103568,1.0,1.0,0.0,256,0.08634594287793948,0.0,0.0,0.10539603311890819,0.15298286254095309,0.0,
demo-human_decline_bot_rise-884000,human_decline_bot_rise,dynamic_hierarchy,35,hold_current,104bab93ab56e8abf184985ead4999118118686c53d55b1f4189672ae3a6f1db,established_a-b028,established_a,28,7,newest,180,100,18.0,16.88654721657391,0.9505091913682933,-7.148620820456285,0.2247903942739633,15.477697477904702,34.363280358645596,51.84476730013968,0.90234375,0.921875,0.078125,256,-1.285763591153626,1.0,0.0,0.10635607942920233,0.18172310807727535,0.8142242431640625,
demo-human_decline_bot_rise-884000,human_decline_bot_rise,dynamic_hierarchy,35,hold_current,104bab93ab56e8abf184985ead4999118118686c53d55b1f4189672ae3a6f1db,established_a-b042,established_a,42,-7,next_purchase,180,100,18.0,16.14524960094271,1.113015845047981,-9.80889375550021,-1.706718689377837,13.106137131790822,37.737147285108016,61.02099879364455,0.86328125,0.8828125,0.1171875,256,-7.1258352343073295,1.0,0.0,0.1414475041412509,0.23271084835250036,0.7452545166015625,0.07125835234307329
demo-human_decline_bot_rise-884000,human_decline_bot_rise,dynamic_hierarchy,35,hold_current,104bab93ab56e8abf184985ead4999118118686c53d55b1f4189672ae3a6f1db,established_b-b000,established_b,0,35,first,180,100,24.0,43.420310475551965,0.752752012433702,22.58985293073504,28.18647913430591,42.88458656863486,61.06555854259389,71.4467608336197,1.0,1.0,0.0,256,20.253836944723584,0.0,0.0,0.16390017825632267,0.2316647353082838,0.0,
demo-human_decline_bot_rise-884000,human_decline_bot_rise,dynamic_hierarchy,35,hold_current,104bab93ab56e8abf184985ead4999118118686c53d55b1f4189672ae3a6f1db,established_b-b028,established_b,28,7,newest,180,100,24.0,38.27015955721231,1.395872268718024,7.613270751460713,13.481686792190061,35.826457333837226,62.53581988669388,77.1453823473104,1.0,1.0,0.0,256,16.22920401773897,1.0,1.0,0.12047570834946197,0.22040955539473342,0.0,
demo-human_decline_bot_rise-884000,human_decline_bot_rise,dynamic_hierarchy,35,hold_current,104bab93ab56e8abf184985ead4999118118686c53d55b1f4189672ae3a6f1db,established_b-b042,established_b,42,-7,next_purchase,180,100,24.0,39.934430495326694,1.7270124706325332,-2.1567175606677016,9.585867312480467,35.92026001917699,75.62182672378543,105.60731571173065,0.96484375,0.96484375,0.03515625,256,13.284382936582958,1.0,1.0,0.14244490054772305,0.2665004755874374,0.0012359619140625,0.0
demo-human_decline_bot_rise-884000,human_decline_bot_rise,static_hierarchy,63,hold_current,02e6cd37831727e0ff958a5c146d09f990ad451ecaf4f25409f26d3a5f7cc04d,established_a-b000,established_a,0,63,first,180,100,18.0,9.041168405467268,0.2391245512508641,2.4266943005373287,4.205189712623085,8.732225105988748,14.243146185217693,16.79002714847153,1.0,1.0,0.0,256,0.08634594287793948,0.0,0.0,0.068002822534733,0.08954822462589329,0.0,
demo-human_decline_bot_rise-884000,human_decline_bot_rise,static_hierarchy,63,hold_current,02e6cd37831727e0ff958a5c146d09f990ad451ecaf4f25409f26d3a5f7cc04d,established_a-b056,established_a,56,7,newest,180,100,20.016000000000002,8.318130928619876,0.49506417657040797,-5.375430061852804,-1.4050436098876062,7.818103098928404,18.57015360644482,26.538212806999706,0.85546875,0.87890625,0.12109375,256,-8.325607905420874,0.0,0.0,0.12270820480061972,0.1664373883404075,0.7318267822265625,
demo-human_decline_bot_rise-884000,human_decline_bot_rise,static_hierarchy,63,hold_current,02e6cd37831727e0ff958a5c146d09f990ad451ecaf4f25409f26d3a5f7cc04d,established_a-b070,established_a,70,-7,next_purchase,180,100,21.023999999999997,9.90560528618453,0.641079998469163,-6.631183284820568,-2.1112332914333702,8.882426147523786,23.486061268193005,35.1617197192417,0.859375,0.875,0.125,256,-14.805262562871253,0.0,0.0,0.19150343251396038,0.24710867849055781,0.738525390625,0.14805262562871252
demo-human_decline_bot_rise-884000,human_decline_bot_rise,static_hierarchy,63,hold_current,02e6cd37831727e0ff958a5c146d09f990ad451ecaf4f25409f26d3a5f7cc04d,established_b-b000,established_b,0,63,first,180,100,24.0,38.180755408240564,0.3375358281465026,29.405677963210536,31.587871630778416,37.90319713310087,45.64184278433206,49.93857933683381,1.0,1.0,0.0,256,20.253836944723584,0.0,0.0,0.1489407324946864,0.1792691846351698,0.0,
demo-human_decline_bot_rise-884000,human_decline_bot_rise,static_hierarchy,63,hold_current,02e6cd37831727e0ff958a5c146d09f990ad451ecaf4f25409f26d3a5f7cc04d,established_b-b056,established_b,56,7,newest,180,100,26.688000000000002,29.36456773268482,0.8936857259457909,1.1651133046924556,10.86072585698204,28.762201035194103,46.87240912255379,55.76248967930046,0.98828125,0.99609375,0.00390625,256,5.192927765541413,1.0,0.0,0.16597248579835416,0.24171639967143407,0.0001373291015625,
demo-human_decline_bot_rise-884000,human_decline_bot_rise,static_hierarchy,63,hold_current,02e6cd37831727e0ff958a5c146d09f990ad451ecaf4f25409f26d3a5f7cc04d,established_b-b070,established_b,70,-7,next_purchase,180,100,28.031999999999996,34.961006237460424,1.0961861216527204,5.555236331825777,15.764787141135486,33.21477979797315,56.53369116569582,78.88502632684535,0.98828125,0.9921875,0.0078125,256,0.2145164782537603,0.0,0.0,0.25498425844189604,0.3474648975920666,0.0001373291015625,0.0
demo-human_decline_bot_rise-884000,human_decline_bot_rise,dynamic_hierarchy,63,hold_current,02e6cd37831727e0ff958a5c146d09f990ad451ecaf4f25409f26d3a5f7cc04d,established_a-b000,established_a,0,63,first,180,100,18.0,8.651928260338149,0.23914844915407824,2.470331945008006,3.952520995948424,8.420736178740686,14.110430174875724,16.564694961764076,0.99609375,0.99609375,0.00390625,256,0.08634594287793948,0.0,0.0,0.06441739774182934,0.0856558231746021,1.52587890625e-05,
demo-human_decline_bot_rise-884000,human_decline_bot_rise,dynamic_hierarchy,63,hold_current,02e6cd37831727e0ff958a5c146d09f990ad451ecaf4f25409f26d3a5f7cc04d,established_a-b056,established_a,56,7,newest,180,100,20.016000000000002,8.233323428368315,0.6053833390441624,-6.5666371420235965,-2.35827063246343,6.60988691238431,20.569053749851015,29.433191029496594,0.83203125,0.86328125,0.13671875,256,-8.325607905420874,0.0,0.0,0.11464897860002422,0.1655893133378919,0.6922760009765625,
demo-human_decline_bot_rise-884000,human_decline_bot_rise,dynamic_hierarchy,63,hold_current,02e6cd37831727e0ff958a5c146d09f990ad451ecaf4f25409f26d3a5f7cc04d,established_a-b070,established_a,70,-7,next_purchase,180,100,21.023999999999997,9.23253582914578,0.6647085317589885,-7.25842306314832,-2.786633559098309,9.078368510859345,22.07982419025408,35.33753174913238,0.79296875,0.81640625,0.18359375,256,-14.805262562871253,0.0,0.0,0.18254290185616132,0.24037798392017032,0.6287994384765625,0.14805262562871252
demo-human_decline_bot_rise-884000,human_decline_bot_rise,dynamic_hierarchy,63,hold_current,02e6cd37831727e0ff958a5c146d09f990ad451ecaf4f25409f26d3a5f7cc04d,established_b-b000,established_b,0,63,first,180,100,24.0,38.62665809701669,0.3907571271774601,26.756401299275357,31.332802517765987,38.53392648766187,46.50339187920668,52.07933645830612,1.0,1.0,0.0,256,20.253836944723584,0.0,0.0,0.14878914298986284,0.18372821152293103,0.0,
demo-human_decline_bot_rise-884000,human_decline_bot_rise,dynamic_hierarchy,63,hold_current,02e6cd37831727e0ff958a5c146d09f990ad451ecaf4f25409f26d3a5f7cc04d,established_b-b056,established_b,56,7,newest,180,100,26.688000000000002,28.530021507423633,0.8972220219456906,3.085204033541635,11.359855078423905,27.4900014992549,47.22126708882889,55.31941591731892,0.98828125,0.9921875,0.0078125,256,5.192927765541413,1.0,0.0,0.15788690109910722,0.2333709374188222,0.0001373291015625,
demo-human_decline_bot_rise-884000,human_decline_bot_rise,dynamic_hierarchy,63,hold_current,02e6cd37831727e0ff958a5c146d09f990ad451ecaf4f25409f26d3a5f7cc04d,established_b-b070,established_b,70,-7,next_purchase,180,100,28.031999999999996,34.201713014342864,1.1960904269135975,1.7098646024708142,14.13821571244726,31.350613531509406,57.437136960977234,83.41441908324875,0.98046875,0.98046875,0.01953125,256,0.2145164782537603,0.0,0.0,0.23745899993086594,0.33987196536089104,0.0003814697265625,0.0
demo-human_decline_bot_rise-884000,human_decline_bot_rise,static_hierarchy,91,hold_current,169ff3403f5a2d8321ad8c1b6c16e9e47558ff350c1b505961d6c45ff1deb0c7,established_a-b000,established_a,0,91,first,180,100,18.0,9.938110359379685,0.19068193939194522,4.534971988351366,6.2317266403884535,9.611310111924755,13.874482836392236,16.3895471743446,1.0,1.0,0.0,256,0.08634594287793948,0.0,0.0,0.08146228422767689,0.09851764416501746,0.0,
demo-human_decline_bot_rise-884000,human_decline_bot_rise,static_hierarchy,91,hold_current,169ff3403f5a2d8321ad8c1b6c16e9e47558ff350c1b505961d6c45ff1deb0c7,established_a-b084,established_a,84,7,newest,180,100,24.048000000000002,1.9403409607362818,0.42230969035085963,-9.75581656880229,-6.067145821636416,1.5646475580941246,11.027160680603131,15.32124028770697,0.6015625,0.62890625,0.37109375,256,-17.260912353998936,0.0,0.0,0.15403539509547642,0.1920125331473522,0.36187744140625,
demo-human_decline_bot_rise-884000,human_decline_bot_rise,static_hierarchy,91,hold_current,169ff3403f5a2d8321ad8c1b6c16e9e47558ff350c1b505961d6c45ff1deb0c7,established_a-b098,established_a,98,-7,next_purchase,180,100,25.055999999999994,4.732892369984347,0.4673751179104349,-8.931421997937134,-4.576417833965909,4.474637546641905,14.717321352985508,21.258936514928024,0.72265625,0.796875,0.203125,256,-19.121373561258633,0.0,0.0,0.19699234119069445,0.23854265931242977,0.5222320556640625,0.19121373561258634
demo-human_decline_bot_rise-884000,human_decline_bot_rise,static_hierarchy,91,hold_current,169ff3403f5a2d8321ad8c1b6c16e9e47558ff350c1b505961d6c45ff1deb0c7,established_b-b000,established_b,0,91,first,180,100,24.0,35.76676506560899,0.2699411191714776,28.01240992098313,30.07404074608274,35.9030837083301,41.33077307574097,44.32280281670307,1.0,1.0,0.0,256,20.253836944723584,0.0,0.0,0.13059664445895622,0.15512928120885408,0.0,
demo-human_decline_bot_rise-884000,human_decline_bot_rise,static_hierarchy,91,hold_current,169ff3403f5a2d8321ad8c1b6c16e9e47558ff350c1b505961d6c45ff1deb0c7,established_b-b084,established_b,84,7,newest,180,100,32.064,21.46992501650359,0.6782193522492102,2.4202188238932134,9.335976365618343,20.069518971086953,35.349645913621416,47.33442117401461,0.98828125,0.9921875,0.0078125,256,-3.1940328753737894,0.0,0.0,0.18637130934905904,0.2466395789187738,0.9766998291015625,
demo-human_decline_bot_rise-884000,human_decline_bot_rise,static_hierarchy,91,hold_current,169ff3403f5a2d8321ad8c1b6c16e9e47558ff350c1b505961d6c45ff1deb0c7,established_b-b098,established_b,98,-7,next_purchase,180,100,33.408,24.130503739599487,0.7630524663910518,3.023325679386101,9.414766612030988,22.89184974834051,40.104799292557956,50.083783998352665,0.9765625,0.984375,0.015625,256,-19.948062433890875,0.0,0.0,0.37226964658212547,0.4407856617349036,0.95367431640625,0.19948062433890876
demo-human_decline_bot_rise-884000,human_decline_bot_rise,dynamic_hierarchy,91,hold_current,169ff3403f5a2d8321ad8c1b6c16e9e47558ff350c1b505961d6c45ff1deb0c7,established_a-b000,established_a,0,91,first,180,100,18.0,10.973078082415164,0.25123787264161235,3.995144612892038,6.022781155346481,10.813842397814682,16.060577385549806,18.535667020807093,0.99609375,1.0,0.0,256,0.08634594287793948,0.0,0.0,0.08615895121211556,0.10886732139537225,1.52587890625e-05,
demo-human_decline_bot_rise-884000,human_decline_bot_rise,dynamic_hierarchy,91,hold_current,169ff3403f5a2d8321ad8c1b6c16e9e47558ff350c1b505961d6c45ff1deb0c7,established_a-b084,established_a,84,7,newest,180,100,24.048000000000002,5.721963101540892,0.7309380353990031,-10.692285481932156,-7.774462574309428,3.3438305998893547,21.27258726764281,32.817748533314656,0.64453125,0.69140625,0.30859375,256,-17.260912353998936,0.0,0.0,0.16589765599199055,0.22982875455539825,0.4154205322265625,
demo-human_decline_bot_rise-884000,human_decline_bot_rise,dynamic_hierarchy,91,hold_current,169ff3403f5a2d8321ad8c1b6c16e9e47558ff350c1b505961d6c45ff1deb0c7,established_a-b098,established_a,98,-7,next_purchase,180,100,25.055999999999994,11.92635275830929,1.0073312138457846,-9.178293598556058,-4.8917166515949315,7.702554405427307,38.138400084809206,50.80720511992881,0.75390625,0.8046875,0.1953125,256,-19.121373561258633,0.0,0.0,0.22282952154467608,0.3104772631956792,0.5683746337890625,0.19121373561258634
demo-human_decline_bot_rise-884000,human_decline_bot_rise,dynamic_hierarchy,91,hold_current,169ff3403f5a2d8321ad8c1b6c16e9e47558ff350c1b505961d6c45ff1deb0c7,established_b-b000,established_b,0,91,first,180,100,24.0,37.941971191199094,0.4264376926465829,26.118007145935707,30.3559765173847,37.16485894694382,46.55208594709148,53.169409513671326,1.0,1.0,0.0,256,20.253836944723584,0.0,0.0,0.13950109226191099,0.1768813424647551,0.0,
demo-human_decline_bot_rise-884000,human_decline_bot_rise,dynamic_hierarchy,91,hold_current,169ff3403f5a2d8321ad8c1b6c16e9e47558ff350c1b505961d6c45ff1deb0c7,established_b-b084,established_b,84,7,newest,180,100,32.064,28.1058069786897,1.2227920079285926,-2.53328130521263,4.791516844666173,25.198991877610574,55.19593762593652,74.70688673286502,0.9609375,0.96484375,0.03515625,256,-3.1940328753737894,0.0,0.0,0.20637465695858992,0.3129983985406349,0.92340087890625,
demo-human_decline_bot_rise-884000,human_decline_bot_rise,dynamic_hierarchy,91,hold_current,169ff3403f5a2d8321ad8c1b6c16e9e47558ff350c1b505961d6c45ff1deb0c7,established_b-b098,established_b,98,-7,next_purchase,180,100,33.408,35.96253558819414,1.7640902827158602,-1.6102333819086856,4.560699487570545,31.744120422485857,75.52189515221376,100.85990871093898,0.95703125,0.97265625,0.02734375,256,-19.948062433890875,0.0,0.0,0.40881783315444387,0.5591059802208502,0.9159088134765625,0.19948062433890876
demo-human_decline_bot_rise-884000,human_decline_bot_rise,static_hierarchy,119,hold_current,9d018b9de9fdf567d73f5985050e16b27d8e3d3b4c30531233e5677558244647,established_a-b000,established_a,0,119,first,180,100,18.0,7.079867702609512,0.15264617428931013,2.9178932524066457,4.497536006611645,6.839098437411112,10.223404407498249,12.487594955718654,1.0,1.0,0.0,256,0.08634594287793948,0.0,0.0,0.05650958239345515,0.06993521759731572,0.0,
demo-human_decline_bot_rise-884000,human_decline_bot_rise,static_hierarchy,119,hold_current,9d018b9de9fdf567d73f5985050e16b27d8e3d3b4c30531233e5677558244647,established_a-b112,established_a,112,7,newest,180,100,28.080000000000002,-2.4873974810096056,0.3989752724342468,-13.469868294418614,-10.348616458287948,-2.679808116752614,5.669260490692771,10.71563610601759,0.3359375,0.40625,0.59375,256,-19.97897467337865,0.0,0.0,0.13914654131995843,0.17491577192369046,0.11285400390625,
demo-human_decline_bot_rise-884000,human_decline_bot_rise,static_hierarchy,119,hold_current,9d018b9de9fdf567d73f5985050e16b27d8e3d3b4c30531233e5677558244647,established_a-b126,established_a,126,-7,next_purchase,180,100,29.088,-3.4913497132364997,0.40186700534544306,-13.368049341722612,-11.421896780325943,-4.147622466971251,5.27216332436215,9.14393440004518,0.28125,0.3359375,0.6640625,256,-24.54473458603748,0.0,0.0,0.1741787708814686,0.21053384872800984,0.0791015625,0.0
demo-human_decline_bot_rise-884000,human_decline_bot_rise,static_hierarchy,119,hold_current,9d018b9de9fdf567d73f5985050e16b27d8e3d3b4c30531233e5677558244647,established_b-b000,established_b,0,119,first,180,100,24.0,29.274165236603466,0.19095897503036882,24.076019535295302,25.609664189474415,29.13088333777966,32.98012720566754,35.338770653426415,1.0,1.0,0.0,256,20.253836944723584,0.0,0.0,0.07305050483427891,0.09020328291879881,0.0,
demo-human_decline_bot_rise-884000,human_decline_bot_rise,static_hierarchy,119,hold_current,9d018b9de9fdf567d73f5985050e16b27d8e3d3b4c30531233e5677558244647,established_b-b112,established_b,112,7,newest,180,100,37.44,8.091510916886618,0.5377840603344818,-6.862869346095577,-2.4830663953226733,7.4758802710518815,19.896204357060693,25.073935191377295,0.8359375,0.89453125,0.10546875,256,-22.457238470014644,0.0,0.0,0.2578937868070556,0.30548749386901264,0.69879150390625,
demo-human_decline_bot_rise-884000,human_decline_bot_rise,static_hierarchy,119,hold_current,9d018b9de9fdf567d73f5985050e16b27d8e3d3b4c30531233e5677558244647,established_b-b126,established_b,126,-7,next_purchase,180,100,38.784,8.641133826232748,0.6372547912604064,-9.134220540614823,-3.221688019653911,7.525808817255463,21.842438875357914,30.934490193909365,0.78515625,0.859375,0.140625,256,-20.905171548805995,0.0,0.0,0.23852595922015304,0.2954630537503874,0.6164703369140625,0.20905171548805995
demo-human_decline_bot_rise-884000,human_decline_bot_rise,dynamic_hierarchy,119,hold_current,9d018b9de9fdf567d73f5985050e16b27d8e3d3b4c30531233e5677558244647,established_a-b000,established_a,0,119,first,180,100,18.0,5.456019482061102,0.14027251130342128,2.3234399370951286,2.9877190996652043,5.1618047141902235,8.147379884970055,10.549499852531062,1.0,1.0,0.0,256,0.08634594287793948,0.0,0.0,0.04198083456480129,0.05369673539183162,0.0,
demo-human_decline_bot_rise-884000,human_decline_bot_rise,dynamic_hierarchy,119,hold_current,9d018b9de9fdf567d73f5985050e16b27d8e3d3b4c30531233e5677558244647,established_a-b112,established_a,112,7,newest,180,100,28.080000000000002,-6.113759876126974,0.581641421286413,-18.61912441688361,-16.406274619034413,-8.0135088519178,6.735197570049731,12.950429854470965,0.20703125,0.24609375,0.75390625,256,-19.97897467337865,0.0,0.0,0.08927262706302859,0.1386521479725168,0.0428619384765625,
demo-human_decline_bot_rise-884000,human_decline_bot_rise,dynamic_hierarchy,119,hold_current,9d018b9de9fdf567d73f5985050e16b27d8e3d3b4c30531233e5677558244647,established_a-b126,established_a,126,-7,next_purchase,180,100,29.088,-5.940844607390913,0.6918114550843611,-21.24318577103123,-17.200318658526133,-8.16304837356154,7.310035392210967,20.46524309828415,0.2421875,0.29296875,0.70703125,256,-24.54473458603748,0.0,0.0,0.12773976832783224,0.1860388997864657,0.05865478515625,0.0
demo-human_decline_bot_rise-884000,human_decline_bot_rise,dynamic_hierarchy,119,hold_current,9d018b9de9fdf567d73f5985050e16b27d8e3d3b4c30531233e5677558244647,established_b-b000,established_b,0,119,first,180,100,24.0,26.610353528574542,0.17725966321475314,22.20537374467135,23.49966319140652,26.13838291406962,30.467122434491195,33.435404931474224,1.0,1.0,0.0,256,20.253836944723584,0.0,0.0,0.04832396517191,0.06356516583850957,0.0,
demo-human_decline_bot_rise-884000,human_decline_bot_rise,dynamic_hierarchy,119,hold_current,9d018b9de9fdf567d73f5985050e16b27d8e3d3b4c30531233e5677558244647,established_b-b112,established_b,112,7,newest,180,100,37.44,1.267011871288402,0.8746679592016533,-18.234943483795927,-13.318423688807506,-1.4509224515753765,17.40449690399893,34.11441016832901,0.46875,0.51171875,0.48828125,256,-22.457238470014644,0.0,0.0,0.16443611718026888,0.23724250341303046,0.2197265625,
demo-human_decline_bot_rise-884000,human_decline_bot_rise,dynamic_hierarchy,119,hold_current,9d018b9de9fdf567d73f5985050e16b27d8e3d3b4c30531233e5677558244647,established_b-b126,established_b,126,-7,next_purchase,180,100,38.784,2.5675383335647597,1.073202727952063,-23.23960415809769,-16.423019583099403,0.07679623852016348,25.231042478224065,44.59422438659224,0.5,0.5390625,0.4609375,256,-20.905171548805995,1.0,0.0,0.14483666608374174,0.23472709882370754,0.25,0.20905171548805995
demo-human_decline_bot_rise-884000,human_decline_bot_rise,dynamic_hierarchy,119,fixed_price,9d018b9de9fdf567d73f5985050e16b27d8e3d3b4c30531233e5677558244647,established_a-b000,established_a,0,119,first,180,100,18.0,7.52530970237598,0.16739955402633283,2.8903312049942844,4.351046564036265,7.3487362128910085,10.993173790517265,13.326587187324122,1.0,1.0,0.0,256,0.08634594287793948,0.0,0.0,0.059377300204996236,0.07438963759498039,0.0,
demo-human_decline_bot_rise-884000,human_decline_bot_rise,dynamic_hierarchy,119,fixed_price,9d018b9de9fdf567d73f5985050e16b27d8e3d3b4c30531233e5677558244647,established_a-b112,established_a,112,7,newest,180,100,28.080000000000002,7.019729291611166,0.7384660491260351,-9.71275308090345,-5.509268339097824,5.04747681807148,22.219398011399456,36.58454074349906,0.72265625,0.78125,0.21875,256,-19.97897467337865,0.0,0.0,0.20659152590581645,0.2699870396498982,0.5222320556640625,
demo-human_decline_bot_rise-884000,human_decline_bot_rise,dynamic_hierarchy,119,fixed_price,9d018b9de9fdf567d73f5985050e16b27d8e3d3b4c30531233e5677558244647,established_a-b126,established_a,126,-7,next_purchase,180,100,29.088,9.959310794497927,0.8337878645797144,-9.425303591620976,-4.583114785589965,7.679385014685721,28.55276811597675,44.814552318152096,0.7890625,0.8203125,0.1796875,256,-24.54473458603748,0.0,0.0,0.27293488046968817,0.3450404538053541,0.62261962890625,0.2454473458603748
demo-human_decline_bot_rise-884000,human_decline_bot_rise,dynamic_hierarchy,119,fixed_price,9d018b9de9fdf567d73f5985050e16b27d8e3d3b4c30531233e5677558244647,established_b-b000,established_b,0,119,first,180,100,24.0,30.364939835359735,0.22487841574962394,24.38819387912285,26.283647194452502,30.030363954028296,34.71194393206117,39.46177339450308,1.0,1.0,0.0,256,20.253836944723584,0.0,0.0,0.0811288136496844,0.1011110289063615,0.0,
demo-human_decline_bot_rise-884000,human_decline_bot_rise,dynamic_hierarchy,119,fixed_price,9d018b9de9fdf567d73f5985050e16b27d8e3d3b4c30531233e5677558244647,established_b-b112,established_b,112,7,newest,180,100,37.44,23.33263232359087,1.131756367326247,-2.622511519277702,4.390621027340963,20.84211820770539,46.769608560784036,63.5372483107666,0.9375,0.9609375,0.0390625,256,-22.457238470014644,0.0,0.0,0.3622514880684126,0.45789870793605514,0.87890625,
demo-human_decline_bot_rise-884000,human_decline_bot_rise,dynamic_hierarchy,119,fixed_price,9d018b9de9fdf567d73f5985050e16b27d8e3d3b4c30531233e5677558244647,established_b-b126,established_b,126,-7,next_purchase,180,100,38.784,31.91868255995556,1.3610277090873601,-0.515811462455976,8.831975087677687,28.097717263902915,57.46122518666091,87.31830177880984,0.97265625,0.9765625,0.0234375,256,-20.905171548805995,0.0,0.0,0.41172118377400174,0.5282385410876155,0.9460601806640625,0.20905171548805995
demo-human_decline_bot_rise-884000,human_decline_bot_rise,dynamic_hierarchy,119,continue_recent_trend,9d018b9de9fdf567d73f5985050e16b27d8e3d3b4c30531233e5677558244647,established_a-b000,established_a,0,119,first,180,100,18.0,5.679235576667056,0.17429413619825146,2.010238773630142,2.68924927019658,5.208000379994321,9.222837038753806,11.528207224541863,1.0,1.0,0.0,256,0.08634594287793948,0.0,0.0,0.041089230379850586,0.05592889633789116,0.0,
demo-human_decline_bot_rise-884000,human_decline_bot_rise,dynamic_hierarchy,119,continue_recent_trend,9d018b9de9fdf567d73f5985050e16b27d8e3d3b4c30531233e5677558244647,established_a-b112,established_a,112,7,newest,180,100,28.080000000000002,5.413024912379581,2.4830349995063963,-22.691386429612642,-18.56438786054073,-4.909021034655577,35.65309362219701,99.71317400626623,0.37890625,0.43359375,0.56640625,256,-19.97897467337865,1.0,0.0,0.10703280759603839,0.2539199958575823,0.1435699462890625,
demo-human_decline_bot_rise-884000,human_decline_bot_rise,dynamic_hierarchy,119,continue_recent_trend,9d018b9de9fdf567d73f5985050e16b27d8e3d3b4c30531233e5677558244647,established_a-b126,established_a,126,-7,next_purchase,180,100,29.088,7.455529929661273,2.952597433040665,-24.808410587748394,-21.179034871216615,-6.584295784130953,42.006392907738,116.95239518236681,0.3828125,0.4375,0.5625,256,-24.54473458603748,1.0,0.0,0.13953975924813503,0.3200026451569875,0.14654541015625,0.2454473458603748
demo-human_decline_bot_rise-884000,human_decline_bot_rise,dynamic_hierarchy,119,continue_recent_trend,9d018b9de9fdf567d73f5985050e16b27d8e3d3b4c30531233e5677558244647,established_b-b000,established_b,0,119,first,180,100,24.0,27.34254461498626,0.26646351595457884,21.953866194001787,23.000290211488725,26.230657560975292,33.30154710778922,36.81081294735082,1.0,1.0,0.0,256,20.253836944723584,0.0,0.0,0.048623382812064596,0.07088707670262676,0.0,
demo-human_decline_bot_rise-884000,human_decline_bot_rise,dynamic_hierarchy,119,continue_recent_trend,9d018b9de9fdf567d73f5985050e16b27d8e3d3b4c30531233e5677558244647,established_b-b112,established_b,112,7,newest,180,100,37.44,19.470534726128975,3.7666590080672098,-22.898907701133506,-18.351247795443307,1.9868447856575884,62.65051286411595,161.34971965435176,0.53125,0.58203125,0.41796875,256,-22.457238470014644,1.0,0.0,0.18538153240137142,0.4192777319614362,0.2822265625,
demo-human_decline_bot_rise-884000,human_decline_bot_rise,dynamic_hierarchy,119,continue_recent_trend,9d018b9de9fdf567d73f5985050e16b27d8e3d3b4c30531233e5677558244647,established_b-b126,established_b,126,-7,next_purchase,180,100,38.784,26.50232352457631,4.545480320005764,-29.430408268244648,-22.99154212863295,3.699354169882536,89.7031468395418,208.0145259853536,0.5546875,0.578125,0.421875,256,-20.905171548805995,1.0,1.0,0.18714761321035328,0.47407495073382305,0.30767822265625,0.20905171548805995
demo-cheap_good-884000,cheap_good,static_hierarchy,35,hold_current,104bab93ab56e8abf184985ead4999118118686c53d55b1f4189672ae3a6f1db,established_a-b000,established_a,0,35,first,180,100,18.0,14.90177130208411,0.4285144074598563,3.356439238376922,6.9248382893953995,14.622933089932012,23.927346763818896,29.13833405408848,1.0,1.0,0.0,256,0.08634594287793948,0.0,0.0,0.10998569685404863,0.14815425359206172,0.0,
demo-cheap_good-884000,cheap_good,static_hierarchy,35,hold_current,104bab93ab56e8abf184985ead4999118118686c53d55b1f4189672ae3a6f1db,established_a-b028,established_a,28,7,newest,180,100,18.0,15.303012539930837,0.8174560707856633,-3.4404054921985394,1.8614698831579943,13.645378851096838,29.959059867568655,45.491600075524374,0.9296875,0.94921875,0.05078125,256,-1.285763591153626,1.0,0.0,0.09975640888407461,0.16588776131084462,0.86431884765625,
demo-cheap_good-884000,cheap_good,static_hierarchy,35,hold_current,104bab93ab56e8abf184985ead4999118118686c53d55b1f4189672ae3a6f1db,established_a-b042,established_a,42,-7,next_purchase,180,100,18.0,16.44587717560477,1.2507140565949593,-9.797663512580192,-2.009316147358419,12.899053308752887,41.11192081960188,61.82872153707226,0.84765625,0.8671875,0.1328125,256,-7.1258352343073295,1.0,0.0,0.13886419124656219,0.23571712409912102,0.7185211181640625,0.07125835234307329
demo-cheap_good-884000,cheap_good,static_hierarchy,35,hold_current,104bab93ab56e8abf184985ead4999118118686c53d55b1f4189672ae3a6f1db,established_b-b000,established_b,0,35,first,180,100,24.0,43.018735285832086,0.5908688519798551,26.089053436214577,31.642991183182286,42.93251244339412,54.330384424166546,60.5176559900603,1.0,1.0,0.0,256,20.253836944723584,0.0,0.0,0.17528890173585046,0.22764898341108503,0.0,
demo-cheap_good-884000,cheap_good,static_hierarchy,35,hold_current,104bab93ab56e8abf184985ead4999118118686c53d55b1f4189672ae3a6f1db,established_b-b028,established_b,28,7,newest,180,100,24.0,36.98563973455967,1.3054119640236392,7.2329609781567425,14.98728364998248,35.59660917128518,60.37898268075422,78.29421995114,0.99609375,1.0,0.0,256,16.22920401773897,1.0,1.0,0.11655408117761974,0.207564357168207,1.52587890625e-05,
demo-cheap_good-884000,cheap_good,static_hierarchy,35,hold_current,104bab93ab56e8abf184985ead4999118118686c53d55b1f4189672ae3a6f1db,established_b-b042,established_b,42,-7,next_purchase,180,100,24.0,41.278679598053316,2.2763181267317707,-0.6759524622566491,8.338090505181349,37.05854316384753,77.69321138282542,110.00012122134146,0.97265625,0.9765625,0.0234375,256,13.284382936582958,1.0,1.0,0.13993278601579334,0.2799429666147036,0.0007476806640625,0.0
demo-cheap_good-884000,cheap_good,dynamic_hierarchy,35,hold_current,104bab93ab56e8abf184985ead4999118118686c53d55b1f4189672ae3a6f1db,established_a-b000,established_a,0,35,first,180,100,18.0,15.384632196973246,0.5748859790972625,3.6239815379240214,5.8275409189635194,12.848112629285543,27.14866608492668,38.41269531103568,1.0,1.0,0.0,256,0.08634594287793948,0.0,0.0,0.10539603311890819,0.15298286254095309,0.0,
demo-cheap_good-884000,cheap_good,dynamic_hierarchy,35,hold_current,104bab93ab56e8abf184985ead4999118118686c53d55b1f4189672ae3a6f1db,established_a-b028,established_a,28,7,newest,180,100,18.0,16.88654721657391,0.9505091913682933,-7.148620820456285,0.2247903942739633,15.477697477904702,34.363280358645596,51.84476730013968,0.90234375,0.921875,0.078125,256,-1.285763591153626,1.0,0.0,0.10635607942920233,0.18172310807727535,0.8142242431640625,
demo-cheap_good-884000,cheap_good,dynamic_hierarchy,35,hold_current,104bab93ab56e8abf184985ead4999118118686c53d55b1f4189672ae3a6f1db,established_a-b042,established_a,42,-7,next_purchase,180,100,18.0,16.14524960094271,1.113015845047981,-9.80889375550021,-1.706718689377837,13.106137131790822,37.737147285108016,61.02099879364455,0.86328125,0.8828125,0.1171875,256,-7.1258352343073295,1.0,0.0,0.1414475041412509,0.23271084835250036,0.7452545166015625,0.07125835234307329
demo-cheap_good-884000,cheap_good,dynamic_hierarchy,35,hold_current,104bab93ab56e8abf184985ead4999118118686c53d55b1f4189672ae3a6f1db,established_b-b000,established_b,0,35,first,180,100,24.0,43.420310475551965,0.752752012433702,22.58985293073504,28.18647913430591,42.88458656863486,61.06555854259389,71.4467608336197,1.0,1.0,0.0,256,20.253836944723584,0.0,0.0,0.16390017825632267,0.2316647353082838,0.0,
demo-cheap_good-884000,cheap_good,dynamic_hierarchy,35,hold_current,104bab93ab56e8abf184985ead4999118118686c53d55b1f4189672ae3a6f1db,established_b-b028,established_b,28,7,newest,180,100,24.0,38.27015955721231,1.395872268718024,7.613270751460713,13.481686792190061,35.826457333837226,62.53581988669388,77.1453823473104,1.0,1.0,0.0,256,16.22920401773897,1.0,1.0,0.12047570834946197,0.22040955539473342,0.0,
demo-cheap_good-884000,cheap_good,dynamic_hierarchy,35,hold_current,104bab93ab56e8abf184985ead4999118118686c53d55b1f4189672ae3a6f1db,established_b-b042,established_b,42,-7,next_purchase,180,100,24.0,39.934430495326694,1.7270124706325332,-2.1567175606677016,9.585867312480467,35.92026001917699,75.62182672378543,105.60731571173065,0.96484375,0.96484375,0.03515625,256,13.284382936582958,1.0,1.0,0.14244490054772305,0.2665004755874374,0.0012359619140625,0.0
demo-cheap_good-884000,cheap_good,static_hierarchy,63,hold_current,02e6cd37831727e0ff958a5c146d09f990ad451ecaf4f25409f26d3a5f7cc04d,established_a-b000,established_a,0,63,first,180,100,18.0,9.041168405467268,0.2391245512508641,2.4266943005373287,4.205189712623085,8.732225105988748,14.243146185217693,16.79002714847153,1.0,1.0,0.0,256,0.08634594287793948,0.0,0.0,0.068002822534733,0.08954822462589329,0.0,
demo-cheap_good-884000,cheap_good,static_hierarchy,63,hold_current,02e6cd37831727e0ff958a5c146d09f990ad451ecaf4f25409f26d3a5f7cc04d,established_a-b056,established_a,56,7,newest,180,100,20.016000000000002,8.318130928619876,0.49506417657040797,-5.375430061852804,-1.4050436098876062,7.818103098928404,18.57015360644482,26.538212806999706,0.85546875,0.87890625,0.12109375,256,-8.325607905420874,0.0,0.0,0.12270820480061972,0.1664373883404075,0.7318267822265625,
demo-cheap_good-884000,cheap_good,static_hierarchy,63,hold_current,02e6cd37831727e0ff958a5c146d09f990ad451ecaf4f25409f26d3a5f7cc04d,established_a-b070,established_a,70,-7,next_purchase,180,100,21.023999999999997,9.90560528618453,0.641079998469163,-6.631183284820568,-2.1112332914333702,8.882426147523786,23.486061268193005,35.1617197192417,0.859375,0.875,0.125,256,-14.805262562871253,0.0,0.0,0.19150343251396038,0.24710867849055781,0.738525390625,0.14805262562871252
demo-cheap_good-884000,cheap_good,static_hierarchy,63,hold_current,02e6cd37831727e0ff958a5c146d09f990ad451ecaf4f25409f26d3a5f7cc04d,established_b-b000,established_b,0,63,first,180,100,24.0,38.180755408240564,0.3375358281465026,29.405677963210536,31.587871630778416,37.90319713310087,45.64184278433206,49.93857933683381,1.0,1.0,0.0,256,20.253836944723584,0.0,0.0,0.1489407324946864,0.1792691846351698,0.0,
demo-cheap_good-884000,cheap_good,static_hierarchy,63,hold_current,02e6cd37831727e0ff958a5c146d09f990ad451ecaf4f25409f26d3a5f7cc04d,established_b-b056,established_b,56,7,newest,180,100,26.688000000000002,29.36456773268482,0.8936857259457909,1.1651133046924556,10.86072585698204,28.762201035194103,46.87240912255379,55.76248967930046,0.98828125,0.99609375,0.00390625,256,5.192927765541413,1.0,0.0,0.16597248579835416,0.24171639967143407,0.0001373291015625,
demo-cheap_good-884000,cheap_good,static_hierarchy,63,hold_current,02e6cd37831727e0ff958a5c146d09f990ad451ecaf4f25409f26d3a5f7cc04d,established_b-b070,established_b,70,-7,next_purchase,180,100,28.031999999999996,34.961006237460424,1.0961861216527204,5.555236331825777,15.764787141135486,33.21477979797315,56.53369116569582,78.88502632684535,0.98828125,0.9921875,0.0078125,256,0.2145164782537603,0.0,0.0,0.25498425844189604,0.3474648975920666,0.0001373291015625,0.0
demo-cheap_good-884000,cheap_good,dynamic_hierarchy,63,hold_current,02e6cd37831727e0ff958a5c146d09f990ad451ecaf4f25409f26d3a5f7cc04d,established_a-b000,established_a,0,63,first,180,100,18.0,8.651928260338149,0.23914844915407824,2.470331945008006,3.952520995948424,8.420736178740686,14.110430174875724,16.564694961764076,0.99609375,0.99609375,0.00390625,256,0.08634594287793948,0.0,0.0,0.06441739774182934,0.0856558231746021,1.52587890625e-05,
demo-cheap_good-884000,cheap_good,dynamic_hierarchy,63,hold_current,02e6cd37831727e0ff958a5c146d09f990ad451ecaf4f25409f26d3a5f7cc04d,established_a-b056,established_a,56,7,newest,180,100,20.016000000000002,8.233323428368315,0.6053833390441624,-6.5666371420235965,-2.35827063246343,6.60988691238431,20.569053749851015,29.433191029496594,0.83203125,0.86328125,0.13671875,256,-8.325607905420874,0.0,0.0,0.11464897860002422,0.1655893133378919,0.6922760009765625,
demo-cheap_good-884000,cheap_good,dynamic_hierarchy,63,hold_current,02e6cd37831727e0ff958a5c146d09f990ad451ecaf4f25409f26d3a5f7cc04d,established_a-b070,established_a,70,-7,next_purchase,180,100,21.023999999999997,9.23253582914578,0.6647085317589885,-7.25842306314832,-2.786633559098309,9.078368510859345,22.07982419025408,35.33753174913238,0.79296875,0.81640625,0.18359375,256,-14.805262562871253,0.0,0.0,0.18254290185616132,0.24037798392017032,0.6287994384765625,0.14805262562871252
demo-cheap_good-884000,cheap_good,dynamic_hierarchy,63,hold_current,02e6cd37831727e0ff958a5c146d09f990ad451ecaf4f25409f26d3a5f7cc04d,established_b-b000,established_b,0,63,first,180,100,24.0,38.62665809701669,0.3907571271774601,26.756401299275357,31.332802517765987,38.53392648766187,46.50339187920668,52.07933645830612,1.0,1.0,0.0,256,20.253836944723584,0.0,0.0,0.14878914298986284,0.18372821152293103,0.0,
demo-cheap_good-884000,cheap_good,dynamic_hierarchy,63,hold_current,02e6cd37831727e0ff958a5c146d09f990ad451ecaf4f25409f26d3a5f7cc04d,established_b-b056,established_b,56,7,newest,180,100,26.688000000000002,28.530021507423633,0.8972220219456906,3.085204033541635,11.359855078423905,27.4900014992549,47.22126708882889,55.31941591731892,0.98828125,0.9921875,0.0078125,256,5.192927765541413,1.0,0.0,0.15788690109910722,0.2333709374188222,0.0001373291015625,
demo-cheap_good-884000,cheap_good,dynamic_hierarchy,63,hold_current,02e6cd37831727e0ff958a5c146d09f990ad451ecaf4f25409f26d3a5f7cc04d,established_b-b070,established_b,70,-7,next_purchase,180,100,28.031999999999996,34.201713014342864,1.1960904269135975,1.7098646024708142,14.13821571244726,31.350613531509406,57.437136960977234,83.41441908324875,0.98046875,0.98046875,0.01953125,256,0.2145164782537603,0.0,0.0,0.23745899993086594,0.33987196536089104,0.0003814697265625,0.0
demo-cheap_good-884000,cheap_good,static_hierarchy,91,hold_current,8e5ecee7e8f207471a2beba4929837a55ea9af34d7cffc81fea78b2f1e30e15d,established_a-b000,established_a,0,91,first,180,100,18.0,10.26746568784574,0.19270193725939727,4.844426743458861,6.547352825540338,10.155006803983877,14.531538895374787,16.577916303158048,1.0,1.0,0.0,256,0.08634594287793948,0.0,0.0,0.0843943220829205,0.10181119744967802,0.0,
demo-cheap_good-884000,cheap_good,static_hierarchy,91,hold_current,8e5ecee7e8f207471a2beba4929837a55ea9af34d7cffc81fea78b2f1e30e15d,established_a-b084,established_a,84,7,newest,180,100,24.048000000000002,1.7207027106855082,0.4082043319099851,-8.855351131413578,-6.049047083175198,1.4103559125360192,10.011015384176659,16.314186810788684,0.578125,0.65625,0.34375,256,-17.260912353998936,0.0,0.0,0.1532944870270372,0.18981615064684443,0.334228515625,
demo-cheap_good-884000,cheap_good,static_hierarchy,91,hold_current,8e5ecee7e8f207471a2beba4929837a55ea9af34d7cffc81fea78b2f1e30e15d,established_a-b098,established_a,98,-7,next_purchase,180,100,25.055999999999994,4.6479923105005945,0.46460402161322994,-8.69705190295714,-4.222028089127054,4.201015604593737,15.61137199134911,20.006128077189473,0.6953125,0.76953125,0.23046875,256,-19.121373561258633,0.0,0.0,0.19586386876354706,0.23769365871759227,0.48345947265625,0.19121373561258634
demo-cheap_good-884000,cheap_good,static_hierarchy,91,hold_current,8e5ecee7e8f207471a2beba4929837a55ea9af34d7cffc81fea78b2f1e30e15d,established_b-b000,established_b,0,91,first,180,100,24.0,36.33704109423587,0.29588623803810754,29.01358206282499,30.985646738770406,35.64149848785459,42.66010623539184,46.673981622809634,1.0,1.0,0.0,256,20.253836944723584,0.0,0.0,0.1345731769089453,0.16083204149512287,0.0,
demo-cheap_good-884000,cheap_good,static_hierarchy,91,hold_current,8e5ecee7e8f207471a2beba4929837a55ea9af34d7cffc81fea78b2f1e30e15d,established_b-b084,established_b,84,7,newest,180,100,32.064,21.566735309132838,0.7136523673014655,3.380422262525,7.9233903504387015,19.86947502758143,36.27378144806987,46.63148174855549,0.9921875,0.99609375,0.00390625,256,-3.1940328753737894,0.0,0.0,0.18540943081442535,0.24760768184506626,0.98443603515625,
demo-cheap_good-884000,cheap_good,static_hierarchy,91,hold_current,8e5ecee7e8f207471a2beba4929837a55ea9af34d7cffc81fea78b2f1e30e15d,established_b-b098,established_b,98,-7,next_purchase,180,100,33.408,23.624185383088566,0.6805070077870315,4.944521467812791,10.548903461870612,22.467270678862004,37.79527744222505,47.226818931863505,0.984375,0.99609375,0.00390625,256,-19.948062433890875,0.0,0.0,0.37428056008003757,0.4357224781697944,0.968994140625,0.19948062433890876
demo-cheap_good-884000,cheap_good,static_hierarchy,91,hold_current,8e5ecee7e8f207471a2beba4929837a55ea9af34d7cffc81fea78b2f1e30e15d,new_cheap-b070,new_cheap,70,21,first,180,100,9.728,20.73451830761735,0.43151510314816605,9.54474671876774,12.49775441339085,20.11169571442171,29.88835824722809,39.026573293016114,1.0,1.0,0.0,256,6.431508834852735,0.0,0.0,0.10504470262485281,0.14303009472764613,0.0,
demo-cheap_good-884000,cheap_good,static_hierarchy,91,hold_current,8e5ecee7e8f207471a2beba4929837a55ea9af34d7cffc81fea78b2f1e30e15d,new_cheap-b084,new_cheap,84,7,newest,180,100,10.688,17.466085233735765,0.5844440387569512,2.832929219544712,5.659926002904257,17.28889795000565,30.310456433299397,37.36368010817844,1.0,1.0,0.0,256,1.1200746214135686,0.0,0.0,0.11078878440871565,0.16346010612322195,0.0,
demo-cheap_good-884000,cheap_good,static_hierarchy,91,hold_current,8e5ecee7e8f207471a2beba4929837a55ea9af34d7cffc81fea78b2f1e30e15d,new_cheap-b098,new_cheap,98,-7,next_purchase,180,100,11.136,20.010976208554677,0.6968875868826528,2.002134468682933,7.4986709532796265,18.417760404438148,36.976558869602165,46.26544392936739,0.9921875,0.99609375,0.00390625,256,8.363335019329828,1.0,1.0,0.06395440204451618,0.1164764118922485,6.103515625e-05,0.0
demo-cheap_good-884000,cheap_good,dynamic_hierarchy,91,hold_current,8e5ecee7e8f207471a2beba4929837a55ea9af34d7cffc81fea78b2f1e30e15d,established_a-b000,established_a,0,91,first,180,100,18.0,10.67889730560025,0.24240522265686562,4.122854691994731,5.867364064964995,10.1329456180249,15.846626685818169,19.024537253224736,1.0,1.0,0.0,256,0.08634594287793948,0.0,0.0,0.08442368725362581,0.1059255136272231,0.0,
demo-cheap_good-884000,cheap_good,dynamic_hierarchy,91,hold_current,8e5ecee7e8f207471a2beba4929837a55ea9af34d7cffc81fea78b2f1e30e15d,established_a-b084,established_a,84,7,newest,180,100,24.048000000000002,5.2633214602337235,0.698798113009938,-11.399026983241022,-6.2697172347088905,2.846276754448372,19.87990653661028,36.420434606249806,0.65625,0.703125,0.296875,256,-17.260912353998936,0.0,0.0,0.16536513578880027,0.22524233814232658,0.4306640625,
demo-cheap_good-884000,cheap_good,dynamic_hierarchy,91,hold_current,8e5ecee7e8f207471a2beba4929837a55ea9af34d7cffc81fea78b2f1e30e15d,established_a-b098,established_a,98,-7,next_purchase,180,100,25.055999999999994,10.018086907007618,0.9900559180004415,-10.45335995049378,-6.012238887894872,6.9510267324692485,28.786674770111183,50.1330258300393,0.703125,0.75390625,0.24609375,256,-19.121373561258633,0.0,0.0,0.20810073268973503,0.2913946046826625,0.494384765625,0.19121373561258634
demo-cheap_good-884000,cheap_good,dynamic_hierarchy,91,hold_current,8e5ecee7e8f207471a2beba4929837a55ea9af34d7cffc81fea78b2f1e30e15d,established_b-b000,established_b,0,91,first,180,100,24.0,37.014665838283776,0.4204884964205053,25.434191003427777,29.173759512322388,35.88641660721634,46.184786041705685,50.85883695545433,1.0,1.0,0.0,256,20.253836944723584,0.0,0.0,0.12996294518304763,0.16760828893560192,0.0,
demo-cheap_good-884000,cheap_good,dynamic_hierarchy,91,hold_current,8e5ecee7e8f207471a2beba4929837a55ea9af34d7cffc81fea78b2f1e30e15d,established_b-b084,established_b,84,7,newest,180,100,32.064,26.740429083632456,1.2206835441777126,-1.1504211555577197,4.805414094789008,23.219186915424718,55.11628207839995,69.10405660888847,0.96484375,0.984375,0.015625,256,-3.1940328753737894,0.0,0.0,0.1924457874085309,0.2993446195900625,0.9309234619140625,
demo-cheap_good-884000,cheap_good,dynamic_hierarchy,91,hold_current,8e5ecee7e8f207471a2beba4929837a55ea9af34d7cffc81fea78b2f1e30e15d,established_b-b098,established_b,98,-7,next_purchase,180,100,33.408,34.08976063345177,1.521924302571781,-0.8520661571352104,6.553127556502687,31.43491850065343,64.04000641838599,84.64597314788665,0.96875,0.98046875,0.01953125,256,-19.948062433890875,0.0,0.0,0.40948681472696113,0.5403782306734264,0.9384765625,0.19948062433890876
demo-cheap_good-884000,cheap_good,dynamic_hierarchy,91,hold_current,8e5ecee7e8f207471a2beba4929837a55ea9af34d7cffc81fea78b2f1e30e15d,new_cheap-b070,new_cheap,70,21,first,180,100,9.728,25.693429449176037,0.70063969153991,10.625313197147012,13.520441626837934,23.040337664555175,41.8561677551005,50.573977793037535,1.0,1.0,0.0,256,6.431508834852735,0.0,0.0,0.13288957603612261,0.19261920614323302,0.0,
demo-cheap_good-884000,cheap_good,dynamic_hierarchy,91,hold_current,8e5ecee7e8f207471a2beba4929837a55ea9af34d7cffc81fea78b2f1e30e15d,new_cheap-b084,new_cheap,84,7,newest,180,100,10.688,22.519683696404737,0.8554264341276389,4.530107117367475,8.820785975529269,19.39570702801779,38.28147516962272,57.417659182003405,0.9921875,0.9921875,0.0078125,256,1.1200746214135686,0.0,0.0,0.14319337809247135,0.2139960907499117,6.103515625e-05,
demo-cheap_good-884000,cheap_good,dynamic_hierarchy,91,hold_current,8e5ecee7e8f207471a2beba4929837a55ea9af34d7cffc81fea78b2f1e30e15d,new_cheap-b098,new_cheap,98,-7,next_purchase,180,100,11.136,26.155332147007982,1.0230387460002979,3.8363387911059523,8.091424203932567,22.489158411642297,48.77596236818161,63.33188180348081,1.0,1.0,0.0,256,8.363335019329828,1.0,1.0,0.09744434044592047,0.17791997127678155,0.0,0.0
demo-cheap_good-884000,cheap_good,static_hierarchy,119,hold_current,9931ce56e3f66e40c979190100421e055ce6219609c3c746516dfd626a420d99,established_a-b000,established_a,0,119,first,180,100,18.0,7.127099510558036,0.1501014341267074,2.959699669525754,4.362519143274895,6.769299354773459,10.686136024708842,11.859413563070179,1.0,1.0,0.0,256,0.08634594287793948,0.0,0.0,0.056805413380575626,0.07040753567680097,0.0,
demo-cheap_good-884000,cheap_good,static_hierarchy,119,hold_current,9931ce56e3f66e40c979190100421e055ce6219609c3c746516dfd626a420d99,established_a-b112,established_a,112,7,newest,180,100,28.080000000000002,-2.6363931585593843,0.39774945929070893,-13.677987335983254,-10.185148847090202,-2.928553857805147,4.608148762416796,10.247412188345505,0.3125,0.39453125,0.60546875,256,-19.97897467337865,0.0,0.0,0.1385595689356559,0.17342581514819266,0.09765625,
demo-cheap_good-884000,cheap_good,static_hierarchy,119,hold_current,9931ce56e3f66e40c979190100421e055ce6219609c3c746516dfd626a420d99,established_a-b126,established_a,126,-7,next_purchase,180,100,29.088,-3.617277903389233,0.397259465951098,-14.025916989458926,-11.004903004040084,-3.9237453699190112,4.728659783587755,10.599281555032679,0.2265625,0.328125,0.671875,256,-24.54473458603748,0.0,0.0,0.1743297045398516,0.2092745668264825,0.05133056640625,0.0
demo-cheap_good-884000,cheap_good,static_hierarchy,119,hold_current,9931ce56e3f66e40c979190100421e055ce6219609c3c746516dfd626a420d99,established_b-b000,established_b,0,119,first,180,100,24.0,29.048058615574753,0.17839169825571516,24.359480701281235,25.435026217593204,28.854877570952308,33.07915300436588,35.06781456861411,1.0,1.0,0.0,256,20.253836944723584,0.0,0.0,0.07180990615026178,0.08794221670851168,0.0,
demo-cheap_good-884000,cheap_good,static_hierarchy,119,hold_current,9931ce56e3f66e40c979190100421e055ce6219609c3c746516dfd626a420d99,established_b-b112,established_b,112,7,newest,180,100,37.44,7.448208971290408,0.5904879798700471,-8.653680433040421,-3.9391050312865588,6.817240567397921,20.294747619387323,28.059813490469338,0.77734375,0.84765625,0.15234375,256,-22.457238470014644,0.0,0.0,0.24680270873800864,0.29905447441305055,0.6042633056640625,
demo-cheap_good-884000,cheap_good,static_hierarchy,119,hold_current,9931ce56e3f66e40c979190100421e055ce6219609c3c746516dfd626a420d99,established_b-b126,established_b,126,-7,next_purchase,180,100,38.784,7.563829476145919,0.6212982881931753,-10.225367762076601,-4.497276930682858,7.405353658734764,21.61045924645231,27.286876349083965,0.765625,0.84375,0.15625,256,-20.905171548805995,0.0,0.0,0.22926328952583916,0.2846900102495191,0.586181640625,0.20905171548805995
demo-cheap_good-884000,cheap_good,static_hierarchy,119,hold_current,9931ce56e3f66e40c979190100421e055ce6219609c3c746516dfd626a420d99,new_cheap-b070,new_cheap,70,49,first,180,100,9.728,16.767229063080087,0.21032911151271264,10.816253311394243,12.62036945853614,16.574638332860026,20.976229793702267,23.592410428566453,1.0,1.0,0.0,256,6.431508834852735,0.0,0.0,0.08441825809960331,0.10335720228227352,0.0,
demo-cheap_good-884000,cheap_good,static_hierarchy,119,hold_current,9931ce56e3f66e40c979190100421e055ce6219609c3c746516dfd626a420d99,new_cheap-b112,new_cheap,112,7,newest,180,100,12.48,11.906337097235982,0.36104025378484594,2.5955581547283804,5.5139019500175745,11.176531683704953,19.114627261404088,25.815230199821144,0.9921875,0.99609375,0.00390625,256,-1.3626071211965392,0.0,0.0,0.10080556280317093,0.1326894421843252,0.98443603515625,
demo-cheap_good-884000,cheap_good,static_hierarchy,119,hold_current,9931ce56e3f66e40c979190100421e055ce6219609c3c746516dfd626a420d99,new_cheap-b126,new_cheap,126,-7,next_purchase,180,100,12.928,12.42557357954973,0.4138928469971771,2.42930318472116,4.705587833119672,11.805954887979892,20.60323959692721,28.251403467829025,0.98828125,0.98828125,0.01171875,256,0.6859286086497216,0.0,0.0,0.08169860549162059,0.1173964497090001,0.0001373291015625,0.0
demo-cheap_good-884000,cheap_good,dynamic_hierarchy,119,hold_current,9931ce56e3f66e40c979190100421e055ce6219609c3c746516dfd626a420d99,established_a-b000,established_a,0,119,first,180,100,18.0,5.739217490383728,0.1354551549206974,2.417909296830461,3.100949740672334,5.589497494060897,8.530913480521985,10.286724285441707,1.0,1.0,0.0,256,0.08634594287793948,0.0,0.0,0.044444600467630824,0.05652871547505788,0.0,
demo-cheap_good-884000,cheap_good,dynamic_hierarchy,119,hold_current,9931ce56e3f66e40c979190100421e055ce6219609c3c746516dfd626a420d99,established_a-b112,established_a,112,7,newest,180,100,28.080000000000002,-4.6647329751735835,0.5718986636440982,-18.456201527317965,-15.12779458429726,-6.21140675783192,7.789647666617334,19.46244807439198,0.2421875,0.296875,0.703125,256,-19.97897467337865,0.0,0.0,0.10397155160747582,0.15314241698205067,0.05865478515625,
demo-cheap_good-884000,cheap_good,dynamic_hierarchy,119,hold_current,9931ce56e3f66e40c979190100421e055ce6219609c3c746516dfd626a420d99,established_a-b126,established_a,126,-7,next_purchase,180,100,29.088,-4.9544372985528256,0.6807976161274757,-20.133700964908584,-16.436871441480008,-6.9946126139450975,9.894464386376875,22.803999805590202,0.2734375,0.33203125,0.66796875,256,-24.54473458603748,0.0,0.0,0.13699184434560877,0.19590297287484656,0.07476806640625,0.0
demo-cheap_good-884000,cheap_good,dynamic_hierarchy,119,hold_current,9931ce56e3f66e40c979190100421e055ce6219609c3c746516dfd626a420d99,established_b-b000,established_b,0,119,first,180,100,24.0,27.12683241091869,0.1948461289327882,22.44889658043492,23.596889541297735,26.79272466717929,31.201017083729983,33.81757825701166,1.0,1.0,0.0,256,20.253836944723584,0.0,0.0,0.051821896028411016,0.06872995466195107,0.0,
demo-cheap_good-884000,cheap_good,dynamic_hierarchy,119,hold_current,9931ce56e3f66e40c979190100421e055ce6219609c3c746516dfd626a420d99,established_b-b112,established_b,112,7,newest,180,100,37.44,4.618997619209562,0.9356894514829928,-16.815143524701753,-11.111076863075363,1.7116828281727905,22.362221108196092,43.42159782426791,0.55078125,0.609375,0.390625,256,-22.457238470014644,0.0,0.0,0.18986949433535233,0.27076236089224204,0.3033599853515625,
demo-cheap_good-884000,cheap_good,dynamic_hierarchy,119,hold_current,9931ce56e3f66e40c979190100421e055ce6219609c3c746516dfd626a420d99,established_b-b126,established_b,126,-7,next_purchase,180,100,38.784,5.0235459610636655,1.075193444731459,-22.39887805635419,-14.18150492855419,1.7233735415463478,29.053107567868743,39.87188102197496,0.546875,0.625,0.375,256,-20.905171548805995,1.0,0.0,0.16842488315848894,0.2592871750986966,0.299072265625,0.20905171548805995
demo-cheap_good-884000,cheap_good,dynamic_hierarchy,119,hold_current,9931ce56e3f66e40c979190100421e055ce6219609c3c746516dfd626a420d99,new_cheap-b070,new_cheap,70,49,first,180,100,9.728,18.668289509540976,0.4095721383211583,9.632233216505972,12.197261293374805,17.126386555108514,27.37733598915246,34.9520659976449,1.0,1.0,0.0,256,6.431508834852735,0.0,0.0,0.08799757976915469,0.12236780674688241,0.0,
demo-cheap_good-884000,cheap_good,dynamic_hierarchy,119,hold_current,9931ce56e3f66e40c979190100421e055ce6219609c3c746516dfd626a420d99,new_cheap-b112,new_cheap,112,7,newest,180,100,12.48,15.350950230589724,0.7615136117895339,-1.4744916305004927,3.2130656720608464,12.356399801759881,28.784104568819313,48.6332108625971,0.9453125,0.953125,0.046875,256,-1.3626071211965392,1.0,0.0,0.10524083640964109,0.16713557351786265,0.89361572265625,
demo-cheap_good-884000,cheap_good,dynamic_hierarchy,119,hold_current,9931ce56e3f66e40c979190100421e055ce6219609c3c746516dfd626a420d99,new_cheap-b126,new_cheap,126,-7,next_purchase,180,100,12.928,18.37898699615876,0.8332474588818517,-1.8130482045409144,3.5585483060446528,15.833034903496777,34.93787589539416,50.02602870285219,0.9609375,0.96875,0.03125,256,0.6859286086497216,1.0,0.0,0.10818773138263607,0.17693058387509036,0.00152587890625,0.0
demo-cheap_good-884000,cheap_good,dynamic_hierarchy,119,fixed_price,9931ce56e3f66e40c979190100421e055ce6219609c3c746516dfd626a420d99,established_a-b000,established_a,0,119,first,180,100,18.0,8.079358969618681,0.17396946398829663,3.388402687317739,4.839582130388264,7.757023777984859,11.92312188707403,14.413124706641469,1.0,1.0,0.0,256,0.08634594287793948,0.0,0.0,0.06458726011579705,0.07993013026740742,0.0,
demo-cheap_good-884000,cheap_good,dynamic_hierarchy,119,fixed_price,9931ce56e3f66e40c979190100421e055ce6219609c3c746516dfd626a420d99,established_a-b112,established_a,112,7,newest,180,100,28.080000000000002,9.979248442677944,0.7604719103952886,-10.31708015616383,-3.516987802987991,8.035072146997976,26.367198465065776,37.748941292234484,0.8046875,0.859375,0.140625,256,-19.97897467337865,0.0,0.0,0.23234924325583578,0.2995822311605659,0.64752197265625,
demo-cheap_good-884000,cheap_good,dynamic_hierarchy,119,fixed_price,9931ce56e3f66e40c979190100421e055ce6219609c3c746516dfd626a420d99,established_a-b126,established_a,126,-7,next_purchase,180,100,29.088,13.431274590358946,0.9181326446579439,-7.09636980897657,-3.158346545990547,11.05916083362263,32.25131039126179,48.3804058550723,0.8125,0.85546875,0.14453125,256,-24.54473458603748,0.0,0.0,0.2997656164202969,0.3797600917639643,0.66015625,0.2454473458603748
demo-cheap_good-884000,cheap_good,dynamic_hierarchy,119,fixed_price,9931ce56e3f66e40c979190100421e055ce6219609c3c746516dfd626a420d99,established_b-b000,established_b,0,119,first,180,100,24.0,31.435270926602968,0.23374489527205702,24.96685853867688,26.63480403928645,31.367242211248378,36.138013098767296,39.34264707547524,1.0,1.0,0.0,256,20.253836944723584,0.0,0.0,0.09099216226149666,0.11181433981879384,0.0,
demo-cheap_good-884000,cheap_good,dynamic_hierarchy,119,fixed_price,9931ce56e3f66e40c979190100421e055ce6219609c3c746516dfd626a420d99,established_b-b112,established_b,112,7,newest,180,100,37.44,28.8322364570505,1.1919148604064465,-1.3793172599217938,6.976359181557715,27.18224374387669,52.57818085187596,75.07545778743771,0.96875,0.9765625,0.0234375,256,-22.457238470014644,0.0,0.0,0.40898687225970354,0.5128947492706515,0.9384765625,
demo-cheap_good-884000,cheap_good,dynamic_hierarchy,119,fixed_price,9931ce56e3f66e40c979190100421e055ce6219609c3c746516dfd626a420d99,established_b-b126,established_b,126,-7,next_purchase,180,100,38.784,37.1129359138628,1.4112416254537494,5.243723102956813,13.025425953600188,32.31067081878451,71.1777362966218,93.52880370521137,0.984375,0.99609375,0.00390625,256,-20.905171548805995,0.0,0.0,0.4563818652361219,0.580181074626688,0.968994140625,0.20905171548805995
demo-cheap_good-884000,cheap_good,dynamic_hierarchy,119,fixed_price,9931ce56e3f66e40c979190100421e055ce6219609c3c746516dfd626a420d99,new_cheap-b070,new_cheap,70,49,first,180,100,9.728,28.03923262334429,0.4767797714435164,15.90685398814685,19.564809587674972,26.602980994097216,37.13792590246936,43.94693257665161,1.0,1.0,0.0,256,6.431508834852735,0.0,0.0,0.17450781650187697,0.21607723788491554,0.0,
demo-cheap_good-884000,cheap_good,dynamic_hierarchy,119,fixed_price,9931ce56e3f66e40c979190100421e055ce6219609c3c746516dfd626a420d99,new_cheap-b112,new_cheap,112,7,newest,180,100,12.48,32.26016535881897,0.9272493903483889,10.052341661320035,15.200821551088556,29.75121009889676,52.22364886752742,68.25348436764358,1.0,1.0,0.0,256,-1.3626071211965392,0.0,0.0,0.255241417669898,0.3362277248001551,1.0,
demo-cheap_good-884000,cheap_good,dynamic_hierarchy,119,fixed_price,9931ce56e3f66e40c979190100421e055ce6219609c3c746516dfd626a420d99,new_cheap-b126,new_cheap,126,-7,next_purchase,180,100,12.928,40.0491574722336,1.0653420674435852,15.062039850601407,20.668446496255758,36.50404569481643,64.66936336972597,80.59584777469999,1.0,1.0,0.0,256,0.6859286086497216,0.0,0.0,0.3005088363467909,0.39363228863583877,0.0,0.0
demo-cheap_good-884000,cheap_good,dynamic_hierarchy,119,continue_recent_trend,9931ce56e3f66e40c979190100421e055ce6219609c3c746516dfd626a420d99,established_a-b000,established_a,0,119,first,180,100,18.0,6.755690930834371,0.20191334325394997,2.2254177096817966,3.3418380984985436,6.082611298245595,10.888332732610122,13.797717404589257,1.0,1.0,0.0,256,0.08634594287793948,0.0,0.0,0.04971055747644,0.06669344987956431,0.0,
demo-cheap_good-884000,cheap_good,dynamic_hierarchy,119,continue_recent_trend,9931ce56e3f66e40c979190100421e055ce6219609c3c746516dfd626a420d99,established_a-b112,established_a,112,7,newest,180,100,28.080000000000002,26.00078024749048,4.297278718063982,-20.32012703470556,-15.067035095343071,3.8447319015710395,84.20557186680989,204.91925948483723,0.578125,0.640625,0.359375,256,-19.97897467337865,1.0,0.0,0.19326288061030084,0.45979754920869126,0.334228515625,
demo-cheap_good-884000,cheap_good,dynamic_hierarchy,119,continue_recent_trend,9931ce56e3f66e40c979190100421e055ce6219609c3c746516dfd626a420d99,established_a-b126,established_a,126,-7,next_purchase,180,100,29.088,37.50454744669976,6.0534681484903,-22.31277515435783,-16.4587351945695,6.92595176943701,116.96347628948318,293.80061332210147,0.57421875,0.6328125,0.3671875,256,-24.54473458603748,0.0,0.0,0.2546533563782728,0.6204928203273724,0.3297271728515625,0.2454473458603748
demo-cheap_good-884000,cheap_good,dynamic_hierarchy,119,continue_recent_trend,9931ce56e3f66e40c979190100421e055ce6219609c3c746516dfd626a420d99,established_b-b000,established_b,0,119,first,180,100,24.0,28.664569163222144,0.27550314433740536,22.67724886174821,24.04006081353612,27.849947821150028,33.90688414540974,38.955691332329835,1.0,1.0,0.0,256,20.253836944723584,0.0,0.0,0.06075885672460169,0.0841073221849856,0.0,
demo-cheap_good-884000,cheap_good,dynamic_hierarchy,119,continue_recent_trend,9931ce56e3f66e40c979190100421e055ce6219609c3c746516dfd626a420d99,established_b-b112,established_b,112,7,newest,180,100,37.44,55.275755894191626,7.2282060468325415,-21.077619782574768,-10.645722169860235,18.10603933017253,148.9131878250771,375.23828942343465,0.72265625,0.76171875,0.23828125,256,-22.457238470014644,0.0,0.0,0.33296861100036584,0.7773299436420626,0.5222320556640625,
demo-cheap_good-884000,cheap_good,dynamic_hierarchy,119,continue_recent_trend,9931ce56e3f66e40c979190100421e055ce6219609c3c746516dfd626a420d99,established_b-b126,established_b,126,-7,next_purchase,180,100,38.784,74.29638849332633,10.25382859480202,-25.749109335462954,-13.475460853235502,21.790102470914547,194.85211301222384,457.95276592626925,0.71875,0.75390625,0.24609375,256,-20.905171548805995,1.0,0.0,0.3603736337996476,0.9520156004213233,0.5166015625,0.20905171548805995
demo-cheap_good-884000,cheap_good,dynamic_hierarchy,119,continue_recent_trend,9931ce56e3f66e40c979190100421e055ce6219609c3c746516dfd626a420d99,new_cheap-b070,new_cheap,70,49,first,180,100,9.728,31.466135616017652,1.6387499489503357,8.645871020389626,11.80948309905061,22.555382540272362,58.72657859498458,110.21290966441812,1.0,1.0,0.0,256,6.431508834852735,0.0,0.0,0.1316697252849558,0.25034626781164915,0.0,
demo-cheap_good-884000,cheap_good,dynamic_hierarchy,119,continue_recent_trend,9931ce56e3f66e40c979190100421e055ce6219609c3c746516dfd626a420d99,new_cheap-b112,new_cheap,112,7,newest,180,100,12.48,52.01983562291791,5.639473884749593,-2.246870683963641,2.960244369317408,25.832349329307263,117.18884062845024,290.25834431415865,0.94140625,0.953125,0.046875,256,-1.3626071211965392,1.0,0.0,0.20675663162928473,0.5338244274411444,0.8862457275390625,
demo-cheap_good-884000,cheap_good,dynamic_hierarchy,119,continue_recent_trend,9931ce56e3f66e40c979190100421e055ce6219609c3c746516dfd626a420d99,new_cheap-b126,new_cheap,126,-7,next_purchase,180,100,12.928,72.1160953005008,9.01425961930864,-4.346152851947948,3.131690966375346,30.92401095210528,162.84018462804266,380.0659192710914,0.94140625,0.9453125,0.0546875,256,0.6859286086497216,1.0,0.0,0.24464410770375977,0.7143016669185108,0.0034332275390625,0.0
demo-cheap_bad-884000,cheap_bad,static_hierarchy,35,hold_current,104bab93ab56e8abf184985ead4999118118686c53d55b1f4189672ae3a6f1db,established_a-b000,established_a,0,35,first,180,100,18.0,14.90177130208411,0.4285144074598563,3.356439238376922,6.9248382893953995,14.622933089932012,23.927346763818896,29.13833405408848,1.0,1.0,0.0,256,0.08634594287793948,0.0,0.0,0.10998569685404863,0.14815425359206172,0.0,
demo-cheap_bad-884000,cheap_bad,static_hierarchy,35,hold_current,104bab93ab56e8abf184985ead4999118118686c53d55b1f4189672ae3a6f1db,established_a-b028,established_a,28,7,newest,180,100,18.0,15.303012539930837,0.8174560707856633,-3.4404054921985394,1.8614698831579943,13.645378851096838,29.959059867568655,45.491600075524374,0.9296875,0.94921875,0.05078125,256,-1.285763591153626,1.0,0.0,0.09975640888407461,0.16588776131084462,0.86431884765625,
demo-cheap_bad-884000,cheap_bad,static_hierarchy,35,hold_current,104bab93ab56e8abf184985ead4999118118686c53d55b1f4189672ae3a6f1db,established_a-b042,established_a,42,-7,next_purchase,180,100,18.0,16.44587717560477,1.2507140565949593,-9.797663512580192,-2.009316147358419,12.899053308752887,41.11192081960188,61.82872153707226,0.84765625,0.8671875,0.1328125,256,-7.1258352343073295,1.0,0.0,0.13886419124656219,0.23571712409912102,0.7185211181640625,0.07125835234307329
demo-cheap_bad-884000,cheap_bad,static_hierarchy,35,hold_current,104bab93ab56e8abf184985ead4999118118686c53d55b1f4189672ae3a6f1db,established_b-b000,established_b,0,35,first,180,100,24.0,43.018735285832086,0.5908688519798551,26.089053436214577,31.642991183182286,42.93251244339412,54.330384424166546,60.5176559900603,1.0,1.0,0.0,256,20.253836944723584,0.0,0.0,0.17528890173585046,0.22764898341108503,0.0,
demo-cheap_bad-884000,cheap_bad,static_hierarchy,35,hold_current,104bab93ab56e8abf184985ead4999118118686c53d55b1f4189672ae3a6f1db,established_b-b028,established_b,28,7,newest,180,100,24.0,36.98563973455967,1.3054119640236392,7.2329609781567425,14.98728364998248,35.59660917128518,60.37898268075422,78.29421995114,0.99609375,1.0,0.0,256,16.22920401773897,1.0,1.0,0.11655408117761974,0.207564357168207,1.52587890625e-05,
demo-cheap_bad-884000,cheap_bad,static_hierarchy,35,hold_current,104bab93ab56e8abf184985ead4999118118686c53d55b1f4189672ae3a6f1db,established_b-b042,established_b,42,-7,next_purchase,180,100,24.0,41.278679598053316,2.2763181267317707,-0.6759524622566491,8.338090505181349,37.05854316384753,77.69321138282542,110.00012122134146,0.97265625,0.9765625,0.0234375,256,13.284382936582958,1.0,1.0,0.13993278601579334,0.2799429666147036,0.0007476806640625,0.0
demo-cheap_bad-884000,cheap_bad,dynamic_hierarchy,35,hold_current,104bab93ab56e8abf184985ead4999118118686c53d55b1f4189672ae3a6f1db,established_a-b000,established_a,0,35,first,180,100,18.0,15.384632196973246,0.5748859790972625,3.6239815379240214,5.8275409189635194,12.848112629285543,27.14866608492668,38.41269531103568,1.0,1.0,0.0,256,0.08634594287793948,0.0,0.0,0.10539603311890819,0.15298286254095309,0.0,
demo-cheap_bad-884000,cheap_bad,dynamic_hierarchy,35,hold_current,104bab93ab56e8abf184985ead4999118118686c53d55b1f4189672ae3a6f1db,established_a-b028,established_a,28,7,newest,180,100,18.0,16.88654721657391,0.9505091913682933,-7.148620820456285,0.2247903942739633,15.477697477904702,34.363280358645596,51.84476730013968,0.90234375,0.921875,0.078125,256,-1.285763591153626,1.0,0.0,0.10635607942920233,0.18172310807727535,0.8142242431640625,
demo-cheap_bad-884000,cheap_bad,dynamic_hierarchy,35,hold_current,104bab93ab56e8abf184985ead4999118118686c53d55b1f4189672ae3a6f1db,established_a-b042,established_a,42,-7,next_purchase,180,100,18.0,16.14524960094271,1.113015845047981,-9.80889375550021,-1.706718689377837,13.106137131790822,37.737147285108016,61.02099879364455,0.86328125,0.8828125,0.1171875,256,-7.1258352343073295,1.0,0.0,0.1414475041412509,0.23271084835250036,0.7452545166015625,0.07125835234307329
demo-cheap_bad-884000,cheap_bad,dynamic_hierarchy,35,hold_current,104bab93ab56e8abf184985ead4999118118686c53d55b1f4189672ae3a6f1db,established_b-b000,established_b,0,35,first,180,100,24.0,43.420310475551965,0.752752012433702,22.58985293073504,28.18647913430591,42.88458656863486,61.06555854259389,71.4467608336197,1.0,1.0,0.0,256,20.253836944723584,0.0,0.0,0.16390017825632267,0.2316647353082838,0.0,
demo-cheap_bad-884000,cheap_bad,dynamic_hierarchy,35,hold_current,104bab93ab56e8abf184985ead4999118118686c53d55b1f4189672ae3a6f1db,established_b-b028,established_b,28,7,newest,180,100,24.0,38.27015955721231,1.395872268718024,7.613270751460713,13.481686792190061,35.826457333837226,62.53581988669388,77.1453823473104,1.0,1.0,0.0,256,16.22920401773897,1.0,1.0,0.12047570834946197,0.22040955539473342,0.0,
demo-cheap_bad-884000,cheap_bad,dynamic_hierarchy,35,hold_current,104bab93ab56e8abf184985ead4999118118686c53d55b1f4189672ae3a6f1db,established_b-b042,established_b,42,-7,next_purchase,180,100,24.0,39.934430495326694,1.7270124706325332,-2.1567175606677016,9.585867312480467,35.92026001917699,75.62182672378543,105.60731571173065,0.96484375,0.96484375,0.03515625,256,13.284382936582958,1.0,1.0,0.14244490054772305,0.2665004755874374,0.0012359619140625,0.0
demo-cheap_bad-884000,cheap_bad,static_hierarchy,63,hold_current,02e6cd37831727e0ff958a5c146d09f990ad451ecaf4f25409f26d3a5f7cc04d,established_a-b000,established_a,0,63,first,180,100,18.0,9.041168405467268,0.2391245512508641,2.4266943005373287,4.205189712623085,8.732225105988748,14.243146185217693,16.79002714847153,1.0,1.0,0.0,256,0.08634594287793948,0.0,0.0,0.068002822534733,0.08954822462589329,0.0,
demo-cheap_bad-884000,cheap_bad,static_hierarchy,63,hold_current,02e6cd37831727e0ff958a5c146d09f990ad451ecaf4f25409f26d3a5f7cc04d,established_a-b056,established_a,56,7,newest,180,100,20.016000000000002,8.318130928619876,0.49506417657040797,-5.375430061852804,-1.4050436098876062,7.818103098928404,18.57015360644482,26.538212806999706,0.85546875,0.87890625,0.12109375,256,-8.325607905420874,0.0,0.0,0.12270820480061972,0.1664373883404075,0.7318267822265625,
demo-cheap_bad-884000,cheap_bad,static_hierarchy,63,hold_current,02e6cd37831727e0ff958a5c146d09f990ad451ecaf4f25409f26d3a5f7cc04d,established_a-b070,established_a,70,-7,next_purchase,180,100,21.023999999999997,9.90560528618453,0.641079998469163,-6.631183284820568,-2.1112332914333702,8.882426147523786,23.486061268193005,35.1617197192417,0.859375,0.875,0.125,256,-14.805262562871253,0.0,0.0,0.19150343251396038,0.24710867849055781,0.738525390625,0.14805262562871252
demo-cheap_bad-884000,cheap_bad,static_hierarchy,63,hold_current,02e6cd37831727e0ff958a5c146d09f990ad451ecaf4f25409f26d3a5f7cc04d,established_b-b000,established_b,0,63,first,180,100,24.0,38.180755408240564,0.3375358281465026,29.405677963210536,31.587871630778416,37.90319713310087,45.64184278433206,49.93857933683381,1.0,1.0,0.0,256,20.253836944723584,0.0,0.0,0.1489407324946864,0.1792691846351698,0.0,
demo-cheap_bad-884000,cheap_bad,static_hierarchy,63,hold_current,02e6cd37831727e0ff958a5c146d09f990ad451ecaf4f25409f26d3a5f7cc04d,established_b-b056,established_b,56,7,newest,180,100,26.688000000000002,29.36456773268482,0.8936857259457909,1.1651133046924556,10.86072585698204,28.762201035194103,46.87240912255379,55.76248967930046,0.98828125,0.99609375,0.00390625,256,5.192927765541413,1.0,0.0,0.16597248579835416,0.24171639967143407,0.0001373291015625,
demo-cheap_bad-884000,cheap_bad,static_hierarchy,63,hold_current,02e6cd37831727e0ff958a5c146d09f990ad451ecaf4f25409f26d3a5f7cc04d,established_b-b070,established_b,70,-7,next_purchase,180,100,28.031999999999996,34.961006237460424,1.0961861216527204,5.555236331825777,15.764787141135486,33.21477979797315,56.53369116569582,78.88502632684535,0.98828125,0.9921875,0.0078125,256,0.2145164782537603,0.0,0.0,0.25498425844189604,0.3474648975920666,0.0001373291015625,0.0
demo-cheap_bad-884000,cheap_bad,dynamic_hierarchy,63,hold_current,02e6cd37831727e0ff958a5c146d09f990ad451ecaf4f25409f26d3a5f7cc04d,established_a-b000,established_a,0,63,first,180,100,18.0,8.651928260338149,0.23914844915407824,2.470331945008006,3.952520995948424,8.420736178740686,14.110430174875724,16.564694961764076,0.99609375,0.99609375,0.00390625,256,0.08634594287793948,0.0,0.0,0.06441739774182934,0.0856558231746021,1.52587890625e-05,
demo-cheap_bad-884000,cheap_bad,dynamic_hierarchy,63,hold_current,02e6cd37831727e0ff958a5c146d09f990ad451ecaf4f25409f26d3a5f7cc04d,established_a-b056,established_a,56,7,newest,180,100,20.016000000000002,8.233323428368315,0.6053833390441624,-6.5666371420235965,-2.35827063246343,6.60988691238431,20.569053749851015,29.433191029496594,0.83203125,0.86328125,0.13671875,256,-8.325607905420874,0.0,0.0,0.11464897860002422,0.1655893133378919,0.6922760009765625,
demo-cheap_bad-884000,cheap_bad,dynamic_hierarchy,63,hold_current,02e6cd37831727e0ff958a5c146d09f990ad451ecaf4f25409f26d3a5f7cc04d,established_a-b070,established_a,70,-7,next_purchase,180,100,21.023999999999997,9.23253582914578,0.6647085317589885,-7.25842306314832,-2.786633559098309,9.078368510859345,22.07982419025408,35.33753174913238,0.79296875,0.81640625,0.18359375,256,-14.805262562871253,0.0,0.0,0.18254290185616132,0.24037798392017032,0.6287994384765625,0.14805262562871252
demo-cheap_bad-884000,cheap_bad,dynamic_hierarchy,63,hold_current,02e6cd37831727e0ff958a5c146d09f990ad451ecaf4f25409f26d3a5f7cc04d,established_b-b000,established_b,0,63,first,180,100,24.0,38.62665809701669,0.3907571271774601,26.756401299275357,31.332802517765987,38.53392648766187,46.50339187920668,52.07933645830612,1.0,1.0,0.0,256,20.253836944723584,0.0,0.0,0.14878914298986284,0.18372821152293103,0.0,
demo-cheap_bad-884000,cheap_bad,dynamic_hierarchy,63,hold_current,02e6cd37831727e0ff958a5c146d09f990ad451ecaf4f25409f26d3a5f7cc04d,established_b-b056,established_b,56,7,newest,180,100,26.688000000000002,28.530021507423633,0.8972220219456906,3.085204033541635,11.359855078423905,27.4900014992549,47.22126708882889,55.31941591731892,0.98828125,0.9921875,0.0078125,256,5.192927765541413,1.0,0.0,0.15788690109910722,0.2333709374188222,0.0001373291015625,
demo-cheap_bad-884000,cheap_bad,dynamic_hierarchy,63,hold_current,02e6cd37831727e0ff958a5c146d09f990ad451ecaf4f25409f26d3a5f7cc04d,established_b-b070,established_b,70,-7,next_purchase,180,100,28.031999999999996,34.201713014342864,1.1960904269135975,1.7098646024708142,14.13821571244726,31.350613531509406,57.437136960977234,83.41441908324875,0.98046875,0.98046875,0.01953125,256,0.2145164782537603,0.0,0.0,0.23745899993086594,0.33987196536089104,0.0003814697265625,0.0
demo-cheap_bad-884000,cheap_bad,static_hierarchy,91,hold_current,8a10e8ae1b76179381994d346801f3c3c53e941c3c9ad6b36f895d9096791c45,established_a-b000,established_a,0,91,first,180,100,18.0,10.070006203599494,0.20940838250415267,4.652752494212887,6.03080326360967,9.91722188232054,14.389711188395065,16.545893923063463,1.0,1.0,0.0,256,0.08634594287793948,0.0,0.0,0.08113505614507631,0.09983660260721555,0.0,
demo-cheap_bad-884000,cheap_bad,static_hierarchy,91,hold_current,8a10e8ae1b76179381994d346801f3c3c53e941c3c9ad6b36f895d9096791c45,established_a-b084,established_a,84,7,newest,180,100,24.048000000000002,2.05455739824272,0.4104056773040118,-9.248004872009503,-5.797168183022372,1.707608696551258,9.383643748969423,16.08382785337517,0.59765625,0.68359375,0.31640625,256,-17.260912353998936,0.0,0.0,0.1565681532624833,0.19315469752241657,0.3571929931640625,
demo-cheap_bad-884000,cheap_bad,static_hierarchy,91,hold_current,8a10e8ae1b76179381994d346801f3c3c53e941c3c9ad6b36f895d9096791c45,established_a-b098,established_a,98,-7,next_purchase,180,100,25.055999999999994,4.826506001309729,0.4948193449263319,-8.5691821456704,-4.384708940996754,3.8195207355091796,15.033698772158637,19.884183430017284,0.71484375,0.765625,0.234375,256,-19.121373561258633,0.0,0.0,0.19553167905852284,0.2394787956256836,0.5110015869140625,0.19121373561258634
demo-cheap_bad-884000,cheap_bad,static_hierarchy,91,hold_current,8a10e8ae1b76179381994d346801f3c3c53e941c3c9ad6b36f895d9096791c45,established_b-b000,established_b,0,91,first,180,100,24.0,36.530870649603365,0.2976751123929629,27.889577479287603,30.55366897794706,36.31774476487554,42.82287843609734,46.4393370452299,1.0,1.0,0.0,256,20.253836944723584,0.0,0.0,0.135977522896866,0.16277033704879781,0.0,
demo-cheap_bad-884000,cheap_bad,static_hierarchy,91,hold_current,8a10e8ae1b76179381994d346801f3c3c53e941c3c9ad6b36f895d9096791c45,established_b-b084,established_b,84,7,newest,180,100,32.064,20.658078185211004,0.6612881963537484,2.449180051431889,8.801310513479564,20.142072247425208,33.917329647533826,44.754549622225525,0.98828125,0.9921875,0.0078125,256,-3.1940328753737894,0.0,0.0,0.18083348234186175,0.23852111060584794,0.9766998291015625,
demo-cheap_bad-884000,cheap_bad,static_hierarchy,91,hold_current,8a10e8ae1b76179381994d346801f3c3c53e941c3c9ad6b36f895d9096791c45,established_b-b098,established_b,98,-7,next_purchase,180,100,33.408,23.442944423420325,0.7083698453266697,4.30682925409298,9.369563784973696,22.64533291979961,38.03219388405734,47.534040950593095,0.9921875,0.99609375,0.00390625,256,-19.948062433890875,0.0,0.0,0.3699543393054674,0.433910068573112,0.98443603515625,0.19948062433890876
demo-cheap_bad-884000,cheap_bad,static_hierarchy,91,hold_current,8a10e8ae1b76179381994d346801f3c3c53e941c3c9ad6b36f895d9096791c45,new_cheap-b070,new_cheap,70,21,first,180,100,9.728,-3.4260461019439123,0.2776667832519899,-9.92498054786904,-8.174641867419918,-4.134805269164712,1.8086524568859987,7.1847779044532665,0.20703125,0.234375,0.765625,256,-11.075722971820666,0.0,0.0,0.05268056365102586,0.07649676869876754,0.0428619384765625,
demo-cheap_bad-884000,cheap_bad,static_hierarchy,91,hold_current,8a10e8ae1b76179381994d346801f3c3c53e941c3c9ad6b36f895d9096791c45,new_cheap-b084,new_cheap,84,7,newest,180,100,10.688,-4.3600763660193795,0.30798831311773833,-11.493603911039347,-9.761475904996235,-5.12462979370728,2.0643047100702683,8.146453940230456,0.17578125,0.19140625,0.80859375,256,-13.260317506459455,0.0,0.0,0.062307232833184845,0.08900241140440075,0.0308990478515625,
demo-cheap_bad-884000,cheap_bad,static_hierarchy,91,hold_current,8a10e8ae1b76179381994d346801f3c3c53e941c3c9ad6b36f895d9096791c45,new_cheap-b098,new_cheap,98,-7,next_purchase,180,100,11.136,-4.514097856308304,0.36418889475520105,-11.951688285629743,-10.654290089538922,-5.5718175896382975,2.344907577844146,8.303768501130588,0.18359375,0.2109375,0.7890625,256,-12.368702373898763,0.0,0.0,0.04800862419063737,0.07854604517590459,0.0337066650390625,0.0
demo-cheap_bad-884000,cheap_bad,dynamic_hierarchy,91,hold_current,8a10e8ae1b76179381994d346801f3c3c53e941c3c9ad6b36f895d9096791c45,established_a-b000,established_a,0,91,first,180,100,18.0,11.400009799999548,0.27516578606337794,5.110210537635769,6.58242982036948,10.623271045002541,17.30440439374139,21.967053738269684,1.0,1.0,0.0,256,0.08634594287793948,0.0,0.0,0.08924934833803595,0.11313663857121609,0.0,
demo-cheap_bad-884000,cheap_bad,dynamic_hierarchy,91,hold_current,8a10e8ae1b76179381994d346801f3c3c53e941c3c9ad6b36f895d9096791c45,established_a-b084,established_a,84,7,newest,180,100,24.048000000000002,7.193844713716063,0.8393920327360466,-10.931636579887309,-6.55439353303648,4.299342166107882,24.158733454453873,40.23521060656195,0.6796875,0.74609375,0.25390625,256,-17.260912353998936,0.0,0.0,0.17374173848968438,0.24454757067715,0.46197509765625,
demo-cheap_bad-884000,cheap_bad,dynamic_hierarchy,91,hold_current,8a10e8ae1b76179381994d346801f3c3c53e941c3c9ad6b36f895d9096791c45,established_a-b098,established_a,98,-7,next_purchase,180,100,25.055999999999994,12.695810345588006,1.2053675309926373,-11.185250919519833,-4.506695125663427,7.789412434207826,37.44192762269529,55.57169301052025,0.78515625,0.8203125,0.1796875,256,-19.121373561258633,0.0,0.0,0.2233390193371094,0.31817183906846636,0.6164703369140625,0.19121373561258634
demo-cheap_bad-884000,cheap_bad,dynamic_hierarchy,91,hold_current,8a10e8ae1b76179381994d346801f3c3c53e941c3c9ad6b36f895d9096791c45,established_b-b000,established_b,0,91,first,180,100,24.0,38.621197833090925,0.4453662192047834,27.943349311017407,30.81420159664068,37.47373989156962,48.78321154510556,54.757060894373176,1.0,1.0,0.0,256,20.253836944723584,0.0,0.0,0.14513861036537354,0.1836736088836734,0.0,
demo-cheap_bad-884000,cheap_bad,dynamic_hierarchy,91,hold_current,8a10e8ae1b76179381994d346801f3c3c53e941c3c9ad6b36f895d9096791c45,established_b-b084,established_b,84,7,newest,180,100,32.064,31.29961015147184,1.465663931356425,-0.6412665421534505,7.364426819968212,27.654133326636206,58.70944511953283,92.3338304541879,0.9609375,0.9765625,0.0234375,256,-3.1940328753737894,0.0,0.0,0.22334988583302093,0.34493643026845633,0.92340087890625,
demo-cheap_bad-884000,cheap_bad,dynamic_hierarchy,91,hold_current,8a10e8ae1b76179381994d346801f3c3c53e941c3c9ad6b36f895d9096791c45,established_b-b098,established_b,98,-7,next_purchase,180,100,33.408,39.91798145250914,1.7742642035515572,-2.1889199547761993,11.835345644172655,34.684233227920174,78.46676477855492,106.61794105608831,0.96484375,0.9765625,0.0234375,256,-19.948062433890875,0.0,0.0,0.44789321128717896,0.5986604388640001,0.9309234619140625,0.19948062433890876
demo-cheap_bad-884000,cheap_bad,dynamic_hierarchy,91,hold_current,8a10e8ae1b76179381994d346801f3c3c53e941c3c9ad6b36f895d9096791c45,new_cheap-b070,new_cheap,70,21,first,180,100,9.728,-2.486591912130624,0.36564661248172153,-9.745803758659495,-7.805461270908007,-3.8215291702851837,4.152188494438599,11.119747371699496,0.23828125,0.27734375,0.72265625,256,-11.075722971820666,0.0,0.0,0.05667497510493707,0.08589131059690042,0.0567779541015625,
demo-cheap_bad-884000,cheap_bad,dynamic_hierarchy,91,hold_current,8a10e8ae1b76179381994d346801f3c3c53e941c3c9ad6b36f895d9096791c45,new_cheap-b084,new_cheap,84,7,newest,180,100,10.688,-2.3309066481546914,0.41468830838672593,-11.204179749234799,-9.767340349541376,-3.4312770157200925,5.816754799280634,14.032704932211896,0.27734375,0.3125,0.6875,256,-13.260317506459455,0.0,0.0,0.07397385309532815,0.10929410858304762,0.0769195556640625,
demo-cheap_bad-884000,cheap_bad,dynamic_hierarchy,91,hold_current,8a10e8ae1b76179381994d346801f3c3c53e941c3c9ad6b36f895d9096791c45,new_cheap-b098,new_cheap,98,-7,next_purchase,180,100,11.136,-1.6612571520721995,0.6031684918342821,-11.748042104704359,-9.986096177270047,-4.651175300774056,9.362528563421098,24.943005424854103,0.296875,0.3359375,0.6640625,256,-12.368702373898763,0.0,0.0,0.060336158331347305,0.10707445221826564,0.088134765625,0.0
demo-cheap_bad-884000,cheap_bad,static_hierarchy,119,hold_current,82a7f19f98d637b7cc6c9d31ecb05f0544eb6a4206d2773c38a7475ece7ee263,established_a-b000,established_a,0,119,first,180,100,18.0,7.346941718685618,0.14886936918598767,3.450371194104218,4.334580568654671,7.20484753984571,10.467661001847768,12.630967215748315,1.0,1.0,0.0,256,0.08634594287793948,0.0,0.0,0.059216504470417215,0.07260595775807678,0.0,
demo-cheap_bad-884000,cheap_bad,static_hierarchy,119,hold_current,82a7f19f98d637b7cc6c9d31ecb05f0544eb6a4206d2773c38a7475ece7ee263,established_a-b112,established_a,112,7,newest,180,100,28.080000000000002,-2.648569140238677,0.3606117063509873,-12.867688560394939,-9.516203121428582,-3.3628702205807066,5.9189906191553625,9.140599363003465,0.30859375,0.37890625,0.62109375,256,-19.97897467337865,0.0,0.0,0.14093455894764986,0.17330405533139973,0.0952301025390625,
demo-cheap_bad-884000,cheap_bad,static_hierarchy,119,hold_current,82a7f19f98d637b7cc6c9d31ecb05f0544eb6a4206d2773c38a7475ece7ee263,established_a-b126,established_a,126,-7,next_purchase,180,100,29.088,-3.7675606609662156,0.42440406083910837,-14.447520764140087,-11.739793519445302,-4.991352749287159,5.962780091803868,11.579398458229576,0.26953125,0.328125,0.671875,256,-24.54473458603748,0.0,0.0,0.1697356949690855,0.20777173925071268,0.0726470947265625,0.0
demo-cheap_bad-884000,cheap_bad,static_hierarchy,119,hold_current,82a7f19f98d637b7cc6c9d31ecb05f0544eb6a4206d2773c38a7475ece7ee263,established_b-b000,established_b,0,119,first,180,100,24.0,28.93064754185704,0.1740872015384811,23.830011009012168,25.494260442586388,28.811511571538333,32.55463064371408,34.56364948655477,1.0,1.0,0.0,256,20.253836944723584,0.0,0.0,0.07107677658002659,0.08676810597133457,0.0,
demo-cheap_bad-884000,cheap_bad,static_hierarchy,119,hold_current,82a7f19f98d637b7cc6c9d31ecb05f0544eb6a4206d2773c38a7475ece7ee263,established_b-b112,established_b,112,7,newest,180,100,37.44,7.4642271243141245,0.5686117652978273,-8.421547736427023,-3.468823761262822,6.946439130217179,19.252566230830837,27.930201262529906,0.78515625,0.86328125,0.13671875,256,-22.457238470014644,0.0,0.0,0.24862138133517264,0.29921465594328767,0.6164703369140625,
demo-cheap_bad-884000,cheap_bad,static_hierarchy,119,hold_current,82a7f19f98d637b7cc6c9d31ecb05f0544eb6a4206d2773c38a7475ece7ee263,established_b-b126,established_b,126,-7,next_purchase,180,100,38.784,7.533777777543028,0.5861979896889257,-8.03998820791395,-4.453558286305729,6.516960297538127,19.60588274941489,24.795795851464593,0.75390625,0.8125,0.1875,256,-20.905171548805995,0.0,0.0,0.23117140385333435,0.2843894932634903,0.5683746337890625,0.20905171548805995
demo-cheap_bad-884000,cheap_bad,static_hierarchy,119,hold_current,82a7f19f98d637b7cc6c9d31ecb05f0544eb6a4206d2773c38a7475ece7ee263,new_cheap-b070,new_cheap,70,49,first,180,100,9.728,-3.3759734806632613,0.18860827259380794,-7.947443986189196,-6.753125672164588,-4.029704947726069,0.5337960033785363,3.2611637921847723,0.12890625,0.16796875,0.83203125,256,-11.075722971820666,0.0,0.0,0.06035574734789855,0.07699749491157404,0.0166168212890625,
demo-cheap_bad-884000,cheap_bad,static_hierarchy,119,hold_current,82a7f19f98d637b7cc6c9d31ecb05f0544eb6a4206d2773c38a7475ece7ee263,new_cheap-b112,new_cheap,112,7,newest,180,100,12.48,-4.313233652718873,0.2465678196032621,-10.981874433050788,-9.155156390216941,-4.9666105087184,0.793007482766936,2.611037985785283,0.14453125,0.2109375,0.7890625,256,-14.306505968702337,0.0,0.0,0.07789160892620192,0.09993272315983465,0.0208892822265625,
demo-cheap_bad-884000,cheap_bad,static_hierarchy,119,hold_current,82a7f19f98d637b7cc6c9d31ecb05f0544eb6a4206d2773c38a7475ece7ee263,new_cheap-b126,new_cheap,126,-7,next_purchase,180,100,12.928,-5.928530972637038,0.2311611211645492,-11.548963954878454,-10.191628413543093,-6.606423364616329,-0.9294010397141186,1.9410191579915128,0.0625,0.0703125,0.9296875,256,-15.210537999786304,0.0,0.0,0.07236409928664785,0.09282007027149267,0.00390625,0.0
demo-cheap_bad-884000,cheap_bad,dynamic_hierarchy,119,hold_current,82a7f19f98d637b7cc6c9d31ecb05f0544eb6a4206d2773c38a7475ece7ee263,established_a-b000,established_a,0,119,first,180,100,18.0,5.818828217187988,0.1434707065867764,2.4487340297405273,3.2118149246277348,5.5005804908770966,8.656965402795409,12.11093131871402,1.0,1.0,0.0,256,0.08634594287793948,0.0,0.0,0.04503502861752431,0.05732482274310049,0.0,
demo-cheap_bad-884000,cheap_bad,dynamic_hierarchy,119,hold_current,82a7f19f98d637b7cc6c9d31ecb05f0544eb6a4206d2773c38a7475ece7ee263,established_a-b112,established_a,112,7,newest,180,100,28.080000000000002,-3.643994818348932,0.6961844555020337,-19.705782864970562,-15.677608784693422,-5.808421641578631,10.543619272370002,23.685450749928066,0.296875,0.3515625,0.6484375,256,-19.97897467337865,0.0,0.0,0.10455711830484013,0.1633497985502972,0.088134765625,
demo-cheap_bad-884000,cheap_bad,dynamic_hierarchy,119,hold_current,82a7f19f98d637b7cc6c9d31ecb05f0544eb6a4206d2773c38a7475ece7ee263,established_a-b126,established_a,126,-7,next_purchase,180,100,29.088,-3.2537167051416245,0.7909904732388703,-19.93855556081927,-15.739608227322066,-6.71060468527833,13.875414045881943,25.273580971694834,0.30859375,0.36328125,0.63671875,256,-24.54473458603748,0.0,0.0,0.14664126561828653,0.21291017880895857,0.0952301025390625,0.0
demo-cheap_bad-884000,cheap_bad,dynamic_hierarchy,119,hold_current,82a7f19f98d637b7cc6c9d31ecb05f0544eb6a4206d2773c38a7475ece7ee263,established_b-b000,established_b,0,119,first,180,100,24.0,27.597336694847034,0.19641710012879615,22.600501051615772,24.099652452604094,27.18087796136168,31.782513360493095,35.16654069930011,1.0,1.0,0.0,256,20.253836944723584,0.0,0.0,0.056630056354834445,0.07343499750123449,0.0,
demo-cheap_bad-884000,cheap_bad,dynamic_hierarchy,119,hold_current,82a7f19f98d637b7cc6c9d31ecb05f0544eb6a4206d2773c38a7475ece7ee263,established_b-b112,established_b,112,7,newest,180,100,37.44,6.192770795570804,1.0740661827721267,-18.391946066659898,-11.887162644053895,3.83148749888721,28.892438559142057,49.369831246110465,0.6015625,0.6484375,0.3515625,256,-22.457238470014644,0.0,0.0,0.19389822624089728,0.2865000926558545,0.36187744140625,
demo-cheap_bad-884000,cheap_bad,dynamic_hierarchy,119,hold_current,82a7f19f98d637b7cc6c9d31ecb05f0544eb6a4206d2773c38a7475ece7ee263,established_b-b126,established_b,126,-7,next_purchase,180,100,38.784,8.650075041441804,1.3002294831874925,-20.805322182888656,-13.93675234581755,5.104295002222461,40.926770048215204,57.608100848992,0.60546875,0.65625,0.34375,256,-20.905171548805995,0.0,0.0,0.18249551698834338,0.29555246590247797,0.3665924072265625,0.20905171548805995
demo-cheap_bad-884000,cheap_bad,dynamic_hierarchy,119,hold_current,82a7f19f98d637b7cc6c9d31ecb05f0544eb6a4206d2773c38a7475ece7ee263,new_cheap-b070,new_cheap,70,49,first,180,100,9.728,-2.727045925330286,0.2460192994887584,-8.268718807948032,-6.781775904426386,-3.4182024048604798,1.963627211001599,6.402849646619465,0.1953125,0.2421875,0.7578125,256,-11.075722971820666,0.0,0.0,0.06276591963127343,0.0834867704649038,0.03814697265625,
demo-cheap_bad-884000,cheap_bad,dynamic_hierarchy,119,hold_current,82a7f19f98d637b7cc6c9d31ecb05f0544eb6a4206d2773c38a7475ece7ee263,new_cheap-b112,new_cheap,112,7,newest,180,100,12.48,-2.758403724130547,0.3748865214337744,-10.469150972569452,-9.085385251072218,-4.110468528241704,5.385656573683473,11.696058819671824,0.28125,0.3203125,0.6796875,256,-14.306505968702337,0.0,0.0,0.08302335717267313,0.11548102244571791,0.0791015625,
demo-cheap_bad-884000,cheap_bad,dynamic_hierarchy,119,hold_current,82a7f19f98d637b7cc6c9d31ecb05f0544eb6a4206d2773c38a7475ece7ee263,new_cheap-b126,new_cheap,126,-7,next_purchase,180,100,12.928,-3.512681518143494,0.39291939004023646,-11.962046123731096,-10.265854207557648,-4.7767309156596856,3.958279887318346,12.414640313219818,0.23046875,0.28515625,0.71484375,256,-15.210537999786304,0.0,0.0,0.08382944345196622,0.11697856481642809,0.0531158447265625,0.0
demo-cheap_bad-884000,cheap_bad,dynamic_hierarchy,119,fixed_price,82a7f19f98d637b7cc6c9d31ecb05f0544eb6a4206d2773c38a7475ece7ee263,established_a-b000,established_a,0,119,first,180,100,18.0,8.249154158076653,0.19172602429207952,3.706945134282181,4.826669401043674,7.913795569619449,12.232300349789295,16.334639286957096,1.0,1.0,0.0,256,0.08634594287793948,0.0,0.0,0.06507514630941066,0.08162808215198714,0.0,
demo-cheap_bad-884000,cheap_bad,dynamic_hierarchy,119,fixed_price,82a7f19f98d637b7cc6c9d31ecb05f0544eb6a4206d2773c38a7475ece7ee263,established_a-b112,established_a,112,7,newest,180,100,28.080000000000002,11.449391068181523,0.8863082138233684,-8.334076755157234,-3.420579065965926,9.25373523442461,29.908262939808353,41.083333722904655,0.796875,0.83984375,0.16015625,256,-19.97897467337865,0.0,0.0,0.23912679375914517,0.31428365741560177,0.635009765625,
demo-cheap_bad-884000,cheap_bad,dynamic_hierarchy,119,fixed_price,82a7f19f98d637b7cc6c9d31ecb05f0544eb6a4206d2773c38a7475ece7ee263,established_a-b126,established_a,126,-7,next_purchase,180,100,29.088,16.94146335191831,1.040308735380927,-7.0641410513912,-0.9416673964202964,14.275536171220473,40.763951551659225,55.916824686995355,0.87890625,0.91796875,0.08203125,256,-24.54473458603748,0.0,0.0,0.3252389874084449,0.41486197937955793,0.7724761962890625,0.2454473458603748
demo-cheap_bad-884000,cheap_bad,dynamic_hierarchy,119,fixed_price,82a7f19f98d637b7cc6c9d31ecb05f0544eb6a4206d2773c38a7475ece7ee263,established_b-b000,established_b,0,119,first,180,100,24.0,32.07082432509722,0.26481547038198705,25.31788032681746,26.9626754853295,31.65984502206521,37.73933621611384,40.626532545504034,1.0,1.0,0.0,256,20.253836944723584,0.0,0.0,0.09432681244334404,0.11816987380373636,0.0,
demo-cheap_bad-884000,cheap_bad,dynamic_hierarchy,119,fixed_price,82a7f19f98d637b7cc6c9d31ecb05f0544eb6a4206d2773c38a7475ece7ee263,established_b-b112,established_b,112,7,newest,180,100,37.44,31.672114993203877,1.247398344709411,3.1811433754131944,10.128802086139942,28.244150194251738,61.83405497962116,75.2480118203713,0.984375,0.98828125,0.01171875,256,-22.457238470014644,0.0,0.0,0.4305979928015725,0.5412935346321852,0.968994140625,
demo-cheap_bad-884000,cheap_bad,dynamic_hierarchy,119,fixed_price,82a7f19f98d637b7cc6c9d31ecb05f0544eb6a4206d2773c38a7475ece7ee263,established_b-b126,established_b,126,-7,next_purchase,180,100,38.784,43.586730317467584,1.6942816601981976,1.5403114319790063,13.245072118111455,39.56426762334183,80.02706562096854,108.19545344488452,0.98046875,0.98828125,0.01171875,256,-20.905171548805995,0.0,0.0,0.49845388489024545,0.6449190186627358,0.9613189697265625,0.20905171548805995
demo-cheap_bad-884000,cheap_bad,dynamic_hierarchy,119,fixed_price,82a7f19f98d637b7cc6c9d31ecb05f0544eb6a4206d2773c38a7475ece7ee263,new_cheap-b070,new_cheap,70,49,first,180,100,9.728,1.0059431914840693,0.3070176099833163,-6.096064903057829,-4.495440928586101,0.3171138960516302,7.435738874423857,14.869502457770723,0.52734375,0.58984375,0.41015625,256,-11.075722971820666,0.0,0.0,0.09401125627392501,0.12081666163304736,0.2780914306640625,
demo-cheap_bad-884000,cheap_bad,dynamic_hierarchy,119,fixed_price,82a7f19f98d637b7cc6c9d31ecb05f0544eb6a4206d2773c38a7475ece7ee263,new_cheap-b112,new_cheap,112,7,newest,180,100,12.48,4.0380362274355495,0.5507701929318843,-7.058047878504663,-5.333601229888743,1.711320616081779,15.12218510653456,25.940434617584263,0.6328125,0.7109375,0.2890625,256,-14.306505968702337,0.0,0.0,0.1369857657477522,0.18344542196137886,0.40045166015625,
demo-cheap_bad-884000,cheap_bad,dynamic_hierarchy,119,fixed_price,82a7f19f98d637b7cc6c9d31ecb05f0544eb6a4206d2773c38a7475ece7ee263,new_cheap-b126,new_cheap,126,-7,next_purchase,180,100,12.928,5.416381509470898,0.6053613055760816,-8.492381177632522,-4.951162593919738,3.8718060776589063,17.01087599226333,28.603911024999114,0.6796875,0.7265625,0.2734375,256,-15.210537999786304,0.0,0.0,0.15453683715751299,0.20626919509257202,0.46197509765625,0.15210537999786303
demo-cheap_bad-884000,cheap_bad,dynamic_hierarchy,119,continue_recent_trend,82a7f19f98d637b7cc6c9d31ecb05f0544eb6a4206d2773c38a7475ece7ee263,established_a-b000,established_a,0,119,first,180,100,18.0,7.79979129639219,0.24480938641397537,2.5523466191074617,3.849108701973485,7.036064866548706,12.38196089457131,18.42901405668128,1.0,1.0,0.0,256,0.08634594287793948,0.0,0.0,0.05671114702459058,0.0771344535351425,0.0,
demo-cheap_bad-884000,cheap_bad,dynamic_hierarchy,119,continue_recent_trend,82a7f19f98d637b7cc6c9d31ecb05f0544eb6a4206d2773c38a7475ece7ee263,established_a-b112,established_a,112,7,newest,180,100,28.080000000000002,41.4839448271895,5.6759773300522935,-20.54929224620212,-13.623707003013456,13.898085815772703,112.20178097776495,343.5212466023652,0.70703125,0.76953125,0.23046875,256,-19.97897467337865,1.0,0.0,0.2565309119068958,0.6146291950056815,0.4998931884765625,
demo-cheap_bad-884000,cheap_bad,dynamic_hierarchy,119,continue_recent_trend,82a7f19f98d637b7cc6c9d31ecb05f0544eb6a4206d2773c38a7475ece7ee263,established_a-b126,established_a,126,-7,next_purchase,180,100,29.088,63.95502146448853,9.319346265142375,-21.662546898918666,-16.346035441000627,19.83792410557571,168.4714811490485,488.80185060989635,0.72265625,0.78125,0.21875,256,-24.54473458603748,0.0,0.0,0.3506428938880423,0.8849975605052601,0.5222320556640625,0.2454473458603748
demo-cheap_bad-884000,cheap_bad,dynamic_hierarchy,119,continue_recent_trend,82a7f19f98d637b7cc6c9d31ecb05f0544eb6a4206d2773c38a7475ece7ee263,established_b-b000,established_b,0,119,first,180,100,24.0,30.27511685943715,0.36780320512515896,22.915676958610497,24.788882771429268,28.855148791577285,37.84558240655661,47.23128981118201,1.0,1.0,0.0,256,20.253836944723584,0.0,0.0,0.07007021914214359,0.10021279914713567,0.0,
demo-cheap_bad-884000,cheap_bad,dynamic_hierarchy,119,continue_recent_trend,82a7f19f98d637b7cc6c9d31ecb05f0544eb6a4206d2773c38a7475ece7ee263,established_b-b112,established_b,112,7,newest,180,100,37.44,86.66611657985528,10.919923423307383,-22.702175458535944,-12.75965818926832,34.53565893238709,201.72289576160188,487.60804519631154,0.8046875,0.83203125,0.16796875,256,-22.457238470014644,1.0,0.0,0.446889959745436,1.0912335504986992,0.64752197265625,
demo-cheap_bad-884000,cheap_bad,dynamic_hierarchy,119,continue_recent_trend,82a7f19f98d637b7cc6c9d31ecb05f0544eb6a4206d2773c38a7475ece7ee263,established_b-b126,established_b,126,-7,next_purchase,180,100,38.784,124.94844301233789,16.990591531599463,-24.350614300605134,-11.919049310355328,46.08326297176214,276.0185521835979,754.020606180694,0.81640625,0.84375,0.15625,256,-20.905171548805995,1.0,0.0,0.5353002151683991,1.458536145611439,0.6665191650390625,0.20905171548805995
demo-cheap_bad-884000,cheap_bad,dynamic_hierarchy,119,continue_recent_trend,82a7f19f98d637b7cc6c9d31ecb05f0544eb6a4206d2773c38a7475ece7ee263,new_cheap-b070,new_cheap,70,49,first,180,100,9.728,3.7620717774287993,0.7589171103170383,-7.901971104965378,-5.926207646064001,-0.016145078570489524,17.67323057066298,38.63711808233827,0.5,0.6171875,0.3828125,256,-11.075722971820666,0.0,0.0,0.09146944966822773,0.14837794749249464,0.25,
demo-cheap_bad-884000,cheap_bad,dynamic_hierarchy,119,continue_recent_trend,82a7f19f98d637b7cc6c9d31ecb05f0544eb6a4206d2773c38a7475ece7ee263,new_cheap-b112,new_cheap,112,7,newest,180,100,12.48,17.351984226596777,2.566034198204264,-11.623296660011707,-8.214464321407707,3.7046596791397484,46.13668511584543,120.22558987331179,0.609375,0.69140625,0.30859375,256,-14.306505968702337,0.0,0.0,0.15297373181644744,0.31658490195299116,0.371337890625,
demo-cheap_bad-884000,cheap_bad,dynamic_hierarchy,119,continue_recent_trend,82a7f19f98d637b7cc6c9d31ecb05f0544eb6a4206d2773c38a7475ece7ee263,new_cheap-b126,new_cheap,126,-7,next_purchase,180,100,12.928,25.04645744071331,3.9947836064806825,-12.627592191015376,-8.975762743535922,6.010602994311688,60.826901907427356,196.35013524123713,0.640625,0.69921875,0.30078125,256,-15.210537999786304,0.0,0.0,0.17527726144447983,0.40256995440499616,0.410400390625,0.15210537999786303
